시도,시군구,읍면동,변전소,전력공급여유_2026,전력공급여유_2027,전력공급여유_2028,전력공급여유_2029,전력공급여유_2030,전력공급여유_2031,전력공급여유_2032,재생e_여유용량_MW,154kV_차단기_전체,154kV_차단기_사용중,154kV_차단기_사용예정,154kV_차단기_여유,345kV_차단기_전체,345kV_차단기_사용중,345kV_차단기_사용예정,345kV_차단기_여유
서울특별시,종로구,정릉동,미아,75,75,70,70,70,0,0,75,8.0,4.0,0.0,4.0,0.0,0.0,0.0,0.0
서울특별시,종로구,정릉동,미아,75,75,70,70,70,0,0,75,8.0,4.0,0.0,4.0,0.0,0.0,0.0,0.0
서울특별시,종로구,정릉동,미아,75,75,70,70,70,0,0,75,8.0,4.0,0.0,4.0,0.0,0.0,0.0,0.0
서울특별시,종로구,세종로,세종로,0,0,0,0,0,0,0,0,5.0,5.0,0.0,0.0,0.0,0.0,0.0,0.0
서울특별시,종로구,구기동,옥인,0,0,0,0,0,0,0,0,8.0,6.0,-3.0,5.0,0.0,0.0,0.0,0.0
서울특별시,종로구,와룡동,운니,0,0,0,0,0,0,0,0,5.0,5.0,-1.0,1.0,0.0,0.0,0.0,0.0
서울특별시,종로구,동숭동,원남,0,0,0,0,0,0,0,0,6.0,6.0,0.0,0.0,0.0,0.0,0.0,0.0
서울특별시,종로구,훈정동,종로,80,65,65,5,10,0,0,80,4.0,3.0,0.0,1.0,0.0,0.0,0.0,0.0
서울특별시,종로구,훈정동,종로,80,65,65,5,10,0,0,80,4.0,3.0,0.0,1.0,0.0,0.0,0.0,0.0
서울특별시,종로구,숭인동,중부,0,0,0,0,0,0,400,0,18.0,10.0,-1.0,9.0,0.0,0.0,0.0,0.0
서울특별시,종로구,숭인동,중부,0,0,0,0,0,0,400,0,18.0,10.0,-1.0,9.0,0.0,0.0,0.0,0.0
서울특별시,종로구,숭인동,중부,0,0,0,0,0,0,400,0,18.0,10.0,-1.0,9.0,0.0,0.0,0.0,0.0
서울특별시,종로구,숭인동,중부,0,0,0,0,0,0,400,0,18.0,10.0,-1.0,9.0,0.0,0.0,0.0,0.0
서울특별시,종로구,숭인동,중부,0,0,0,0,0,0,400,0,18.0,10.0,-1.0,9.0,0.0,0.0,0.0,0.0
서울특별시,종로구,숭인동,중부,0,0,0,0,0,0,400,0,18.0,10.0,-1.0,9.0,0.0,0.0,0.0,0.0
서울특별시,종로구,창신동,흥인,80,65,65,5,10,0,0,80,4.0,2.0,0.0,2.0,0.0,0.0,0.0,0.0
서울특별시,중구,하왕십리동,마장,80,65,65,5,10,0,0,80,,,,,,,,
서울특별시,중구,하왕십리동,마장,80,65,65,5,10,0,0,80,,,,,,,,
서울특별시,중구,을지로6가,방산,80,60,65,5,10,0,0,80,8.0,4.0,0.0,4.0,0.0,0.0,0.0,0.0
서울특별시,중구,정동,서소문,0,0,0,0,0,0,0,0,8.0,7.0,0.0,1.0,0.0,0.0,0.0,0.0
서울특별시,중구,중림동,순화,0,0,0,0,0,0,0,0,7.0,4.0,1.0,2.0,0.0,0.0,0.0,0.0
서울특별시,중구,신당동,신당,0,0,0,0,0,0,0,0,,,,,,,,
서울특별시,중구,을지로3가,종로,80,65,65,5,10,0,0,80,4.0,3.0,0.0,1.0,0.0,0.0,0.0,0.0
서울특별시,중구,을지로3가,종로,80,65,65,5,10,0,0,80,4.0,3.0,0.0,1.0,0.0,0.0,0.0,0.0
서울특별시,중구,만리동1가,중부,0,0,0,0,0,0,400,0,18.0,10.0,-1.0,9.0,0.0,0.0,0.0,0.0
서울특별시,중구,만리동1가,중부,0,0,0,0,0,0,400,0,18.0,10.0,-1.0,9.0,0.0,0.0,0.0,0.0
서울특별시,중구,만리동1가,중부,0,0,0,0,0,0,400,0,18.0,10.0,-1.0,9.0,0.0,0.0,0.0,0.0
서울특별시,중구,만리동1가,중부,0,0,0,0,0,0,400,0,18.0,10.0,-1.0,9.0,0.0,0.0,0.0,0.0
서울특별시,중구,만리동1가,중부,0,0,0,0,0,0,400,0,18.0,10.0,-1.0,9.0,0.0,0.0,0.0,0.0
서울특별시,중구,만리동1가,중부,0,0,0,0,0,0,400,0,18.0,10.0,-1.0,9.0,0.0,0.0,0.0,0.0
서울특별시,중구,예장동,중앙(SA),80,60,65,5,10,0,0,80,3.0,3.0,0.0,0.0,0.0,0.0,0.0,0.0
서울특별시,용산구,서빙고동,동빙고,0,0,0,0,0,0,0,0,8.0,5.0,0.0,3.0,0.0,0.0,0.0,0.0
서울특별시,용산구,도화동,마포,0,0,0,0,0,0,0,0,7.0,3.0,3.0,1.0,0.0,0.0,0.0,0.0
서울특별시,용산구,도화동,마포,0,0,0,0,0,0,0,0,7.0,3.0,3.0,1.0,0.0,0.0,0.0,0.0
서울특별시,용산구,청파동2가,아현,0,0,0,0,0,0,0,0,4.0,2.0,2.0,0.0,0.0,0.0,0.0,0.0
서울특별시,용산구,청파동2가,아현,0,0,0,0,0,0,0,0,4.0,2.0,2.0,0.0,0.0,0.0,0.0,0.0
서울특별시,용산구,원효로1가,용산,0,0,0,0,0,0,0,0,7.0,5.0,1.0,1.0,0.0,0.0,0.0,0.0
서울특별시,용산구,한남동,원효(건설중),0,0,0,0,0,0,545,0,,,,,,,,
서울특별시,용산구,한남동,전곡2S/S(건설중),0,0,0,0,0,0,545,0,,,,,,,,
서울특별시,용산구,갈월동,중부,0,0,0,0,0,0,400,0,18.0,10.0,-1.0,9.0,0.0,0.0,0.0,0.0
서울특별시,용산구,갈월동,중부,0,0,0,0,0,0,400,0,18.0,10.0,-1.0,9.0,0.0,0.0,0.0,0.0
서울특별시,용산구,갈월동,중부,0,0,0,0,0,0,400,0,18.0,10.0,-1.0,9.0,0.0,0.0,0.0,0.0
서울특별시,용산구,갈월동,중부,0,0,0,0,0,0,400,0,18.0,10.0,-1.0,9.0,0.0,0.0,0.0,0.0
서울특별시,용산구,갈월동,중부,0,0,0,0,0,0,400,0,18.0,10.0,-1.0,9.0,0.0,0.0,0.0,0.0
서울특별시,용산구,갈월동,중부,0,0,0,0,0,0,400,0,18.0,10.0,-1.0,9.0,0.0,0.0,0.0,0.0
서울특별시,용산구,이태원동,한남,45,20,0,0,0,0,0,45,8.0,2.0,2.0,4.0,0.0,0.0,0.0,0.0
서울특별시,용산구,이태원동,한남,45,20,0,0,0,0,0,45,8.0,2.0,2.0,4.0,0.0,0.0,0.0,0.0
서울특별시,성동구,용답동,군자 23kV 이동용 GIS,0,0,0,0,0,0,0,0,,,,,,,,
서울특별시,성동구,송정동,뚝도,30,30,25,15,15,10,10,30,8.0,4.0,0.0,4.0,0.0,0.0,0.0,0.0
서울특별시,성동구,마장동,마장,80,65,65,5,10,0,0,80,,,,,,,,
서울특별시,성동구,마장동,마장,80,65,65,5,10,0,0,80,,,,,,,,
서울특별시,성동구,성수동1가,미금,0,0,210,210,240,240,240,0,,,,,,,,
서울특별시,성동구,성수동1가,미금,0,0,210,210,240,240,240,0,,,,,,,,
서울특별시,성동구,성수동1가,미금,0,0,210,210,240,240,240,0,,,,,,,,
서울특별시,성동구,성수동1가,미금,0,0,210,210,240,240,240,0,,,,,,,,
서울특별시,성동구,성수동1가,미금,0,0,210,210,240,240,240,0,,,,,,,,
서울특별시,성동구,성수동1가,미금,0,0,210,210,240,240,240,0,,,,,,,,
서울특별시,성동구,성수동1가,미금,0,0,210,210,240,240,240,0,,,,,,,,
서울특별시,성동구,성수동1가,미금,0,0,210,210,240,240,240,0,,,,,,,,
서울특별시,성동구,성수동1가,성수,125,110,90,70,70,70,65,125,6.0,4.0,0.0,2.0,0.0,0.0,0.0,0.0
서울특별시,성동구,금호동1가,왕십리,80,65,65,5,10,0,0,80,8.0,3.0,4.0,1.0,0.0,0.0,0.0,0.0
서울특별시,성동구,옥수동,한남,45,20,0,0,0,0,0,45,8.0,2.0,2.0,4.0,0.0,0.0,0.0,0.0
서울특별시,성동구,옥수동,한남,45,20,0,0,0,0,0,45,8.0,2.0,2.0,4.0,0.0,0.0,0.0,0.0
서울특별시,광진구,광장동,광장,0,0,0,0,0,0,0,0,6.0,6.0,0.0,0.0,0.0,0.0,0.0,0.0
서울특별시,광진구,자양동,구의,0,0,0,0,0,0,0,0,8.0,4.0,0.0,4.0,0.0,0.0,0.0,0.0
서울특별시,광진구,자양동,동서울,0,0,0,0,0,0,0,0,13.0,9.0,0.0,4.0,0.0,0.0,0.0,0.0
서울특별시,광진구,자양동,동서울,0,0,0,0,0,0,0,0,13.0,9.0,0.0,4.0,0.0,0.0,0.0,0.0
서울특별시,광진구,자양동,동서울,0,0,0,0,0,0,0,0,13.0,9.0,0.0,4.0,0.0,0.0,0.0,0.0
서울특별시,광진구,자양동,동서울,0,0,0,0,0,0,0,0,13.0,9.0,0.0,4.0,0.0,0.0,0.0,0.0
서울특별시,광진구,자양동,동서울,0,0,0,0,0,0,0,0,13.0,9.0,0.0,4.0,0.0,0.0,0.0,0.0
서울특별시,광진구,자양동,동서울,0,0,0,0,0,0,0,0,13.0,9.0,0.0,4.0,0.0,0.0,0.0,0.0
서울특별시,광진구,중곡동,미금,0,0,210,210,240,240,240,0,,,,,,,,
서울특별시,광진구,중곡동,미금,0,0,210,210,240,240,240,0,,,,,,,,
서울특별시,광진구,중곡동,미금,0,0,210,210,240,240,240,0,,,,,,,,
서울특별시,광진구,중곡동,미금,0,0,210,210,240,240,240,0,,,,,,,,
서울특별시,광진구,중곡동,미금,0,0,210,210,240,240,240,0,,,,,,,,
서울특별시,광진구,중곡동,미금,0,0,210,210,240,240,240,0,,,,,,,,
서울특별시,광진구,중곡동,미금,0,0,210,210,240,240,240,0,,,,,,,,
서울특별시,광진구,중곡동,미금,0,0,210,210,240,240,240,0,,,,,,,,
서울특별시,광진구,중곡동,화양,0,0,0,0,0,0,0,0,8.0,8.0,0.0,0.0,0.0,0.0,0.0,0.0
서울특별시,동대문구,답십리동,용두,80,65,65,5,10,0,0,80,8.0,4.0,0.0,4.0,0.0,0.0,0.0,0.0
서울특별시,동대문구,청량리동,종암,80,65,65,5,10,0,0,80,4.0,3.0,0.0,1.0,0.0,0.0,0.0,0.0
서울특별시,동대문구,청량리동,종암,80,65,65,5,10,0,0,80,4.0,3.0,0.0,1.0,0.0,0.0,0.0,0.0
서울특별시,동대문구,이문동,휘경,80,65,65,5,10,0,0,80,8.0,6.0,0.0,2.0,0.0,0.0,0.0,0.0
서울특별시,중랑구,면목동,미금,0,0,210,210,240,240,240,0,,,,,,,,
서울특별시,중랑구,면목동,미금,0,0,210,210,240,240,240,0,,,,,,,,
서울특별시,중랑구,면목동,미금,0,0,210,210,240,240,240,0,,,,,,,,
서울특별시,중랑구,면목동,미금,0,0,210,210,240,240,240,0,,,,,,,,
서울특별시,중랑구,면목동,미금,0,0,210,210,240,240,240,0,,,,,,,,
서울특별시,중랑구,면목동,미금,0,0,210,210,240,240,240,0,,,,,,,,
서울특별시,중랑구,면목동,미금,0,0,210,210,240,240,240,0,,,,,,,,
서울특별시,중랑구,면목동,미금,0,0,210,210,240,240,240,0,,,,,,,,
서울특별시,중랑구,망우동,상봉,205,170,290,255,260,260,245,205,8.0,7.0,0.0,1.0,0.0,0.0,0.0,0.0
서울특별시,중랑구,망우동,신내,210,170,255,225,230,230,215,210,8.0,6.0,1.0,1.0,0.0,0.0,0.0,0.0
서울특별시,성북구,돈암동,돈암,135,145,100,90,95,0,0,135,8.0,3.0,0.0,5.0,0.0,0.0,0.0,0.0
서울특별시,성북구,상월곡동,미금,0,0,210,210,240,240,240,0,,,,,,,,
서울특별시,성북구,상월곡동,미금,0,0,210,210,240,240,240,0,,,,,,,,
서울특별시,성북구,상월곡동,미금,0,0,210,210,240,240,240,0,,,,,,,,
서울특별시,성북구,상월곡동,미금,0,0,210,210,240,240,240,0,,,,,,,,
서울특별시,성북구,상월곡동,미금,0,0,210,210,240,240,240,0,,,,,,,,
서울특별시,성북구,상월곡동,미금,0,0,210,210,240,240,240,0,,,,,,,,
서울특별시,성북구,상월곡동,미금,0,0,210,210,240,240,240,0,,,,,,,,
서울특별시,성북구,상월곡동,미금,0,0,210,210,240,240,240,0,,,,,,,,
서울특별시,성북구,길음동,미아,75,75,70,70,70,0,0,75,8.0,4.0,0.0,4.0,0.0,0.0,0.0,0.0
서울특별시,성북구,길음동,미아,75,75,70,70,70,0,0,75,8.0,4.0,0.0,4.0,0.0,0.0,0.0,0.0
서울특별시,성북구,길음동,미아,75,75,70,70,70,0,0,75,8.0,4.0,0.0,4.0,0.0,0.0,0.0,0.0
서울특별시,성북구,안암동5가,안암,0,0,0,0,0,0,0,0,8.0,8.0,0.0,0.0,0.0,0.0,0.0,0.0
서울특별시,성북구,보문동7가,장위,0,80,35,30,30,0,0,0,,,,,,,,
서울특별시,성북구,종암동,종암,80,65,65,5,10,0,0,80,4.0,3.0,0.0,1.0,0.0,0.0,0.0,0.0
서울특별시,성북구,종암동,종암,80,65,65,5,10,0,0,80,4.0,3.0,0.0,1.0,0.0,0.0,0.0,0.0
서울특별시,강북구,번동,노원,85,80,35,30,30,0,0,85,6.0,5.0,0.0,1.0,0.0,0.0,0.0,0.0
서울특별시,강북구,번동,노원,85,80,35,30,30,0,0,85,6.0,5.0,0.0,1.0,0.0,0.0,0.0,0.0
서울특별시,강북구,미아동,미아,75,75,70,70,70,0,0,75,8.0,4.0,0.0,4.0,0.0,0.0,0.0,0.0
서울특별시,강북구,미아동,미아,75,75,70,70,70,0,0,75,8.0,4.0,0.0,4.0,0.0,0.0,0.0,0.0
서울특별시,강북구,미아동,미아,75,75,70,70,70,0,0,75,8.0,4.0,0.0,4.0,0.0,0.0,0.0,0.0
서울특별시,강북구,수유동,수유,185,180,175,160,160,0,0,185,8.0,2.0,2.0,4.0,0.0,0.0,0.0,0.0
서울특별시,도봉구,도봉동,방학,455,415,450,120,180,0,0,455,8.0,4.0,0.0,4.0,0.0,0.0,0.0,0.0
서울특별시,도봉구,쌍문동,쌍문,185,180,175,160,160,0,0,185,8.0,6.0,0.0,2.0,0.0,0.0,0.0,0.0
서울특별시,도봉구,방학동,창동,415,440,440,135,200,0,0,415,8.0,7.0,0.0,1.0,0.0,0.0,0.0,0.0
서울특별시,노원구,공릉동,노원,85,80,35,30,30,0,0,85,6.0,5.0,0.0,1.0,0.0,0.0,0.0,0.0
서울특별시,노원구,공릉동,노원,85,80,35,30,30,0,0,85,6.0,5.0,0.0,1.0,0.0,0.0,0.0,0.0
서울특별시,노원구,공릉동,미금,0,0,210,210,240,240,240,0,,,,,,,,
서울특별시,노원구,공릉동,미금,0,0,210,210,240,240,240,0,,,,,,,,
서울특별시,노원구,공릉동,미금,0,0,210,210,240,240,240,0,,,,,,,,
서울특별시,노원구,공릉동,미금,0,0,210,210,240,240,240,0,,,,,,,,
서울특별시,노원구,공릉동,미금,0,0,210,210,240,240,240,0,,,,,,,,
서울특별시,노원구,공릉동,미금,0,0,210,210,240,240,240,0,,,,,,,,
서울특별시,노원구,공릉동,미금,0,0,210,210,240,240,240,0,,,,,,,,
서울특별시,노원구,공릉동,미금,0,0,210,210,240,240,240,0,,,,,,,,
서울특별시,노원구,상계동,상계,260,250,220,140,215,0,0,260,8.0,7.0,0.0,1.0,0.0,0.0,0.0,0.0
서울특별시,노원구,중계동,중계,140,125,275,255,315,315,315,140,8.0,2.0,1.0,5.0,0.0,0.0,0.0,0.0
서울특별시,은평구,신사동,녹번,0,0,0,0,0,0,0,0,6.0,4.0,4.0,-2.0,0.0,0.0,0.0,0.0
서울특별시,은평구,수색동,수색,0,0,0,0,0,0,0,0,8.0,6.0,0.0,2.0,0.0,0.0,0.0,0.0
서울특별시,은평구,수색동,수색,0,0,0,0,0,0,0,0,8.0,6.0,0.0,2.0,0.0,0.0,0.0,0.0
서울특별시,은평구,신사동,중부,0,0,0,0,0,0,400,0,18.0,10.0,-1.0,9.0,0.0,0.0,0.0,0.0
서울특별시,은평구,신사동,중부,0,0,0,0,0,0,400,0,18.0,10.0,-1.0,9.0,0.0,0.0,0.0,0.0
서울특별시,은평구,신사동,중부,0,0,0,0,0,0,400,0,18.0,10.0,-1.0,9.0,0.0,0.0,0.0,0.0
서울특별시,은평구,신사동,중부,0,0,0,0,0,0,400,0,18.0,10.0,-1.0,9.0,0.0,0.0,0.0,0.0
서울특별시,은평구,신사동,중부,0,0,0,0,0,0,400,0,18.0,10.0,-1.0,9.0,0.0,0.0,0.0,0.0
서울특별시,은평구,신사동,중부,0,0,0,0,0,0,400,0,18.0,10.0,-1.0,9.0,0.0,0.0,0.0,0.0
서울특별시,은평구,수색동,증산SA,0,0,0,0,0,0,0,0,,,,,,,,
서울특별시,서대문구,정동,서대문,0,0,0,0,0,0,0,0,6.0,6.0,0.0,0.0,0.0,0.0,0.0,0.0
서울특별시,서대문구,북가좌동,수색,0,0,0,0,0,0,0,0,8.0,6.0,0.0,2.0,0.0,0.0,0.0,0.0
서울특별시,서대문구,북가좌동,수색,0,0,0,0,0,0,0,0,8.0,6.0,0.0,2.0,0.0,0.0,0.0,0.0
서울특별시,서대문구,봉원동,신촌,0,0,0,0,0,0,0,0,4.0,4.0,0.0,0.0,0.0,0.0,0.0,0.0
서울특별시,서대문구,봉원동,신촌,0,0,0,0,0,0,0,0,4.0,4.0,0.0,0.0,0.0,0.0,0.0,0.0
서울특별시,서대문구,신촌동,연대,0,0,0,0,0,0,145,0,8.0,2.0,5.0,1.0,0.0,0.0,0.0,0.0
서울특별시,서대문구,신촌동,연대,0,0,0,0,0,0,145,0,8.0,2.0,5.0,1.0,0.0,0.0,0.0,0.0
서울특별시,서대문구,충정로2가,중부,0,0,0,0,0,0,400,0,18.0,10.0,-1.0,9.0,0.0,0.0,0.0,0.0
서울특별시,서대문구,충정로2가,중부,0,0,0,0,0,0,400,0,18.0,10.0,-1.0,9.0,0.0,0.0,0.0,0.0
서울특별시,서대문구,충정로2가,중부,0,0,0,0,0,0,400,0,18.0,10.0,-1.0,9.0,0.0,0.0,0.0,0.0
서울특별시,서대문구,충정로2가,중부,0,0,0,0,0,0,400,0,18.0,10.0,-1.0,9.0,0.0,0.0,0.0,0.0
서울특별시,서대문구,충정로2가,중부,0,0,0,0,0,0,400,0,18.0,10.0,-1.0,9.0,0.0,0.0,0.0,0.0
서울특별시,서대문구,충정로2가,중부,0,0,0,0,0,0,400,0,18.0,10.0,-1.0,9.0,0.0,0.0,0.0,0.0
서울특별시,서대문구,북아현동,현저,0,0,0,0,0,0,0,0,,,,,,,,
서울특별시,서대문구,북아현동,현저,0,0,0,0,0,0,0,0,,,,,,,,
서울특별시,마포구,가양동,가양,0,0,0,0,0,0,0,0,6.0,6.0,0.0,0.0,0.0,0.0,0.0,0.0
서울특별시,마포구,가양동,가양,0,0,0,0,0,0,0,0,6.0,6.0,0.0,0.0,0.0,0.0,0.0,0.0
서울특별시,마포구,망원동,당인리,0,0,0,0,0,0,0,0,6.0,6.0,0.0,0.0,0.0,0.0,0.0,0.0
서울특별시,마포구,등촌동,등촌,0,0,0,35,35,35,35,0,8.0,4.0,0.0,4.0,0.0,0.0,0.0,0.0
서울특별시,마포구,마곡동,마곡,0,0,0,0,0,0,0,0,8.0,5.0,2.0,1.0,0.0,0.0,0.0,0.0
서울특별시,마포구,마곡동,마곡,0,0,0,0,0,0,0,0,8.0,5.0,2.0,1.0,0.0,0.0,0.0,0.0
서울특별시,마포구,도화동,마포,0,0,0,0,0,0,0,0,7.0,3.0,3.0,1.0,0.0,0.0,0.0,0.0
서울특별시,마포구,도화동,마포,0,0,0,0,0,0,0,0,7.0,3.0,3.0,1.0,0.0,0.0,0.0,0.0
서울특별시,마포구,상암동,상암,0,0,0,0,0,0,0,0,8.0,8.0,0.0,0.0,0.0,0.0,0.0,0.0
서울특별시,마포구,대흥동,신촌,0,0,0,0,0,0,0,0,4.0,4.0,0.0,0.0,0.0,0.0,0.0,0.0
서울특별시,마포구,대흥동,신촌,0,0,0,0,0,0,0,0,4.0,4.0,0.0,0.0,0.0,0.0,0.0,0.0
서울특별시,마포구,공덕동,아현,0,0,0,0,0,0,0,0,4.0,2.0,2.0,0.0,0.0,0.0,0.0,0.0
서울특별시,마포구,공덕동,아현,0,0,0,0,0,0,0,0,4.0,2.0,2.0,0.0,0.0,0.0,0.0,0.0
서울특별시,마포구,연남동,연대,0,0,0,0,0,0,145,0,8.0,2.0,5.0,1.0,0.0,0.0,0.0,0.0
서울특별시,마포구,연남동,연대,0,0,0,0,0,0,145,0,8.0,2.0,5.0,1.0,0.0,0.0,0.0,0.0
서울특별시,마포구,아현동,중부,0,0,0,0,0,0,400,0,18.0,10.0,-1.0,9.0,0.0,0.0,0.0,0.0
서울특별시,마포구,아현동,중부,0,0,0,0,0,0,400,0,18.0,10.0,-1.0,9.0,0.0,0.0,0.0,0.0
서울특별시,마포구,아현동,중부,0,0,0,0,0,0,400,0,18.0,10.0,-1.0,9.0,0.0,0.0,0.0,0.0
서울특별시,마포구,아현동,중부,0,0,0,0,0,0,400,0,18.0,10.0,-1.0,9.0,0.0,0.0,0.0,0.0
서울특별시,마포구,아현동,중부,0,0,0,0,0,0,400,0,18.0,10.0,-1.0,9.0,0.0,0.0,0.0,0.0
서울특별시,마포구,아현동,중부,0,0,0,0,0,0,400,0,18.0,10.0,-1.0,9.0,0.0,0.0,0.0,0.0
서울특별시,마포구,공항동,화곡,0,0,0,0,0,0,0,0,11.0,8.0,3.0,0.0,0.0,0.0,0.0,0.0
서울특별시,마포구,공항동,화곡,0,0,0,0,0,0,0,0,11.0,8.0,3.0,0.0,0.0,0.0,0.0,0.0
서울특별시,양천구,목동,목동,0,0,0,0,0,0,0,0,9.0,9.0,0.0,0.0,0.0,0.0,0.0,0.0
서울특별시,양천구,목동,목동,0,0,0,0,0,0,0,0,9.0,9.0,0.0,0.0,0.0,0.0,0.0,0.0
서울특별시,양천구,신정동,북과천(건설중),0,0,0,0,0,0,0,0,,,,,,,,
서울특별시,양천구,신정동,북과천(건설중),0,0,0,0,0,0,0,0,,,,,,,,
서울특별시,양천구,신정동,신정,0,0,0,0,0,0,0,0,8.0,4.0,2.0,2.0,0.0,0.0,0.0,0.0
서울특별시,양천구,신월동,양천,0,0,0,0,0,0,0,0,6.0,4.0,0.0,2.0,0.0,0.0,0.0,0.0
서울특별시,양천구,신월동,양천,0,0,0,0,0,0,0,0,6.0,4.0,0.0,2.0,0.0,0.0,0.0,0.0
서울특별시,서울특별시강서구,마곡동,가양,0,0,0,0,0,0,0,0,6.0,6.0,0.0,0.0,0.0,0.0,0.0,0.0
서울특별시,서울특별시강서구,마곡동,가양,0,0,0,0,0,0,0,0,6.0,6.0,0.0,0.0,0.0,0.0,0.0,0.0
서울특별시,서울특별시강서구,마곡동,마곡,0,0,0,0,0,0,0,0,8.0,5.0,2.0,1.0,0.0,0.0,0.0,0.0
서울특별시,서울특별시강서구,마곡동,마곡,0,0,0,0,0,0,0,0,8.0,5.0,2.0,1.0,0.0,0.0,0.0,0.0
서울특별시,강서구,염창동,신부평,0,0,0,0,0,0,0,0,18.0,10.0,2.0,6.0,0.0,0.0,0.0,0.0
서울특별시,강서구,염창동,신부평,0,0,0,0,0,0,0,0,18.0,10.0,2.0,6.0,0.0,0.0,0.0,0.0
서울특별시,강서구,염창동,신부평,0,0,0,0,0,0,0,0,18.0,10.0,2.0,6.0,0.0,0.0,0.0,0.0
서울특별시,서울특별시강서구,내발산동,화곡,0,0,0,0,0,0,0,0,11.0,8.0,3.0,0.0,0.0,0.0,0.0,0.0
서울특별시,서울특별시강서구,내발산동,화곡,0,0,0,0,0,0,0,0,11.0,8.0,3.0,0.0,0.0,0.0,0.0,0.0
서울특별시,구로구,신도림동,구로,0,0,0,0,0,0,0,0,8.0,5.0,0.0,3.0,0.0,0.0,0.0,0.0
서울특별시,구로구,가리봉동,구로#2(건설중),0,0,0,0,0,0,0,0,,,,,,,,
서울특별시,구로구,가리봉동,구로#2(건설중),0,0,0,0,0,0,0,0,,,,,,,,
서울특별시,구로구,신도림동,신광명,0,0,0,0,0,0,0,0,19.0,12.0,0.0,7.0,0.0,0.0,0.0,0.0
서울특별시,구로구,신도림동,신광명,0,0,0,0,0,0,0,0,19.0,12.0,0.0,7.0,0.0,0.0,0.0,0.0
서울특별시,구로구,신도림동,신광명,0,0,0,0,0,0,0,0,19.0,12.0,0.0,7.0,0.0,0.0,0.0,0.0
서울특별시,구로구,신도림동,신광명,0,0,0,0,0,0,0,0,19.0,12.0,0.0,7.0,0.0,0.0,0.0,0.0
서울특별시,구로구,신도림동,신광명,0,0,0,0,0,0,0,0,19.0,12.0,0.0,7.0,0.0,0.0,0.0,0.0
서울특별시,구로구,신도림동,신광명,0,0,0,0,0,0,0,0,19.0,12.0,0.0,7.0,0.0,0.0,0.0,0.0
서울특별시,구로구,개봉동,오류,0,0,0,0,0,0,0,0,8.0,3.0,0.0,5.0,0.0,0.0,0.0,0.0
서울특별시,구로구,온수동,온수,0,0,0,0,0,0,0,0,8.0,4.0,3.0,1.0,0.0,0.0,0.0,0.0
서울특별시,구로구,천왕동,천왕,0,0,0,0,0,0,0,0,9.0,9.0,0.0,0.0,0.0,0.0,0.0,0.0
서울특별시,구로구,천왕동,천왕,0,0,0,0,0,0,0,0,9.0,9.0,0.0,0.0,0.0,0.0,0.0,0.0
서울특별시,구로구,천왕동,천왕,0,0,0,0,0,0,0,0,9.0,9.0,0.0,0.0,0.0,0.0,0.0,0.0
서울특별시,금천구,가산동,가산,0,0,0,0,0,0,0,0,0.0,0.0,0.0,0.0,0.0,0.0,0.0,0.0
서울특별시,금천구,가산동,구공,0,0,0,0,0,0,0,0,11.0,11.0,0.0,0.0,0.0,0.0,0.0,0.0
서울특별시,금천구,독산동,대방,0,0,0,0,0,40,40,0,8.0,4.0,0.0,4.0,0.0,0.0,0.0,0.0
서울특별시,금천구,독산동,독산,0,0,0,0,0,0,0,0,6.0,6.0,0.0,0.0,0.0,0.0,0.0,0.0
서울특별시,금천구,시흥동,시흥,0,0,0,0,0,0,0,0,5.0,5.0,0.0,0.0,0.0,0.0,0.0,0.0
서울특별시,금천구,시흥동,시흥,0,0,0,0,0,0,0,0,5.0,5.0,0.0,0.0,0.0,0.0,0.0,0.0
서울특별시,금천구,시흥동,시흥,0,0,0,0,0,0,0,0,5.0,5.0,0.0,0.0,0.0,0.0,0.0,0.0
서울특별시,금천구,가산동,신광명,0,0,0,0,0,0,0,0,19.0,12.0,0.0,7.0,0.0,0.0,0.0,0.0
서울특별시,금천구,가산동,신광명,0,0,0,0,0,0,0,0,19.0,12.0,0.0,7.0,0.0,0.0,0.0,0.0
서울특별시,금천구,가산동,신광명,0,0,0,0,0,0,0,0,19.0,12.0,0.0,7.0,0.0,0.0,0.0,0.0
서울특별시,금천구,가산동,신광명,0,0,0,0,0,0,0,0,19.0,12.0,0.0,7.0,0.0,0.0,0.0,0.0
서울특별시,금천구,가산동,신광명,0,0,0,0,0,0,0,0,19.0,12.0,0.0,7.0,0.0,0.0,0.0,0.0
서울특별시,금천구,가산동,신광명,0,0,0,0,0,0,0,0,19.0,12.0,0.0,7.0,0.0,0.0,0.0,0.0
서울특별시,영등포구,영등포동6가,구로#2(건설중),0,0,0,0,0,0,0,0,,,,,,,,
서울특별시,영등포구,영등포동6가,구로#2(건설중),0,0,0,0,0,0,0,0,,,,,,,,
서울특별시,영등포구,신길동,노들,0,0,0,0,0,75,75,0,6.0,2.0,2.0,2.0,0.0,0.0,0.0,0.0
서울특별시,영등포구,대림동,대림,0,0,0,0,0,40,40,0,4.0,3.0,0.0,1.0,0.0,0.0,0.0,0.0
서울특별시,영등포구,목동,목동,0,0,0,0,0,0,0,0,9.0,9.0,0.0,0.0,0.0,0.0,0.0,0.0
서울특별시,영등포구,목동,목동,0,0,0,0,0,0,0,0,9.0,9.0,0.0,0.0,0.0,0.0,0.0,0.0
서울특별시,영등포구,도림동,문래,0,0,0,0,0,0,0,0,0.0,0.0,0.0,0.0,0.0,0.0,0.0,0.0
서울특별시,영등포구,양평동,신광명,0,0,0,0,0,0,0,0,19.0,12.0,0.0,7.0,0.0,0.0,0.0,0.0
서울특별시,영등포구,양평동,신광명,0,0,0,0,0,0,0,0,19.0,12.0,0.0,7.0,0.0,0.0,0.0,0.0
서울특별시,영등포구,양평동,신광명,0,0,0,0,0,0,0,0,19.0,12.0,0.0,7.0,0.0,0.0,0.0,0.0
서울특별시,영등포구,양평동,신광명,0,0,0,0,0,0,0,0,19.0,12.0,0.0,7.0,0.0,0.0,0.0,0.0
서울특별시,영등포구,양평동,신광명,0,0,0,0,0,0,0,0,19.0,12.0,0.0,7.0,0.0,0.0,0.0,0.0
서울특별시,영등포구,양평동,신광명,0,0,0,0,0,0,0,0,19.0,12.0,0.0,7.0,0.0,0.0,0.0,0.0
서울특별시,영등포구,양화동,양천,0,0,0,0,0,0,0,0,6.0,4.0,0.0,2.0,0.0,0.0,0.0,0.0
서울특별시,영등포구,양화동,양천,0,0,0,0,0,0,0,0,6.0,4.0,0.0,2.0,0.0,0.0,0.0,0.0
서울특별시,영등포구,당산동4가,양평,0,0,0,0,0,0,0,0,8.0,4.0,3.0,1.0,0.0,0.0,0.0,0.0
서울특별시,영등포구,여의도동,여의,0,0,0,0,0,285,285,0,6.0,4.0,0.0,2.0,0.0,0.0,0.0,0.0
서울특별시,영등포구,영등포동2가,영오,0,0,0,0,0,0,0,0,4.0,4.0,0.0,0.0,0.0,0.0,0.0,0.0
서울특별시,영등포구,당산동,의사당,0,0,0,0,0,235,0,0,8.0,4.0,0.0,4.0,0.0,0.0,0.0,0.0
서울특별시,동작구,노량진동,노량진,0,0,0,0,0,140,140,0,4.0,3.0,0.0,1.0,0.0,0.0,0.0,0.0
서울특별시,동작구,동작동,사당,0,0,0,0,0,0,0,0,7.0,7.0,0.0,0.0,0.0,0.0,0.0,0.0
서울특별시,동작구,동작동,사당,0,0,0,0,0,0,0,0,7.0,7.0,0.0,0.0,0.0,0.0,0.0,0.0
서울특별시,동작구,동작동,사당,0,0,0,0,0,0,0,0,7.0,7.0,0.0,0.0,0.0,0.0,0.0,0.0
서울특별시,동작구,신대방동,신광명,0,0,0,0,0,0,0,0,19.0,12.0,0.0,7.0,0.0,0.0,0.0,0.0
서울특별시,동작구,신대방동,신광명,0,0,0,0,0,0,0,0,19.0,12.0,0.0,7.0,0.0,0.0,0.0,0.0
서울특별시,동작구,신대방동,신광명,0,0,0,0,0,0,0,0,19.0,12.0,0.0,7.0,0.0,0.0,0.0,0.0
서울특별시,동작구,신대방동,신광명,0,0,0,0,0,0,0,0,19.0,12.0,0.0,7.0,0.0,0.0,0.0,0.0
서울특별시,동작구,신대방동,신광명,0,0,0,0,0,0,0,0,19.0,12.0,0.0,7.0,0.0,0.0,0.0,0.0
서울특별시,동작구,신대방동,신광명,0,0,0,0,0,0,0,0,19.0,12.0,0.0,7.0,0.0,0.0,0.0,0.0
서울특별시,동작구,대방동,신길,0,0,0,0,0,30,30,0,6.0,4.0,0.0,2.0,0.0,0.0,0.0,0.0
서울특별시,동작구,대방동,신길,0,0,0,0,0,30,30,0,6.0,4.0,0.0,2.0,0.0,0.0,0.0,0.0
서울특별시,관악구,봉천동,봉천,0,0,0,0,0,0,0,0,6.0,5.0,1.0,0.0,0.0,0.0,0.0,0.0
서울특별시,관악구,남현동,사당,0,0,0,0,0,0,0,0,7.0,7.0,0.0,0.0,0.0,0.0,0.0,0.0
서울특별시,관악구,남현동,사당,0,0,0,0,0,0,0,0,7.0,7.0,0.0,0.0,0.0,0.0,0.0,0.0
서울특별시,관악구,남현동,사당,0,0,0,0,0,0,0,0,7.0,7.0,0.0,0.0,0.0,0.0,0.0,0.0
서울특별시,관악구,신림동,신길,0,0,0,0,0,30,30,0,6.0,4.0,0.0,2.0,0.0,0.0,0.0,0.0
서울특별시,관악구,신림동,신길,0,0,0,0,0,30,30,0,6.0,4.0,0.0,2.0,0.0,0.0,0.0,0.0
서울특별시,관악구,신림동,신림,0,0,0,0,0,0,90,0,8.0,2.0,1.0,5.0,0.0,0.0,0.0,0.0
서울특별시,관악구,신림동,신림,0,0,0,0,0,0,90,0,8.0,2.0,1.0,5.0,0.0,0.0,0.0,0.0
서울특별시,서초구,양재동,개포,0,0,0,0,0,0,350,0,8.0,7.0,0.0,1.0,0.0,0.0,0.0,0.0
서울특별시,서초구,서초동,교대,0,0,0,0,0,0,105,0,8.0,5.0,0.0,3.0,0.0,0.0,0.0,0.0
서울특별시,서초구,반포동,논일,0,0,0,0,0,0,0,0,8.0,6.0,0.0,2.0,0.0,0.0,0.0,0.0
서울특별시,서초구,잠원동,반포,0,0,0,0,0,0,0,0,5.0,4.0,0.0,1.0,0.0,0.0,0.0,0.0
서울특별시,서초구,방배동,사당,0,0,0,0,0,0,0,0,7.0,7.0,0.0,0.0,0.0,0.0,0.0,0.0
서울특별시,서초구,방배동,사당,0,0,0,0,0,0,0,0,7.0,7.0,0.0,0.0,0.0,0.0,0.0,0.0
서울특별시,서초구,방배동,사당,0,0,0,0,0,0,0,0,7.0,7.0,0.0,0.0,0.0,0.0,0.0,0.0
서울특별시,서초구,서초동,서초,0,0,0,0,0,0,170,0,7.0,3.0,0.0,4.0,0.0,0.0,0.0,0.0
서울특별시,서초구,내곡동,수서,0,0,0,0,0,0,0,0,8.0,8.0,0.0,0.0,0.0,0.0,0.0,0.0
서울특별시,서초구,내곡동,수서,0,0,0,0,0,0,0,0,8.0,8.0,0.0,0.0,0.0,0.0,0.0,0.0
서울특별시,서초구,내곡동,수서,0,0,0,0,0,0,0,0,8.0,8.0,0.0,0.0,0.0,0.0,0.0,0.0
서울특별시,서초구,신원동,신림,0,0,0,0,0,0,90,0,8.0,2.0,1.0,5.0,0.0,0.0,0.0,0.0
서울특별시,서초구,신원동,신림,0,0,0,0,0,0,90,0,8.0,2.0,1.0,5.0,0.0,0.0,0.0,0.0
서울특별시,서초구,내곡동,염곡,0,0,0,0,0,0,0,0,7.0,6.0,1.0,0.0,0.0,0.0,0.0,0.0
서울특별시,서초구,반포동,이수,0,0,0,0,0,0,120,0,5.0,3.0,0.0,2.0,0.0,0.0,0.0,0.0
서울특별시,강남구,논현동,논현,0,0,0,0,0,0,0,0,6.0,6.0,0.0,0.0,0.0,0.0,0.0,0.0
서울특별시,강남구,대치동,대치,0,0,0,0,0,0,0,0,4.0,4.0,0.0,0.0,0.0,0.0,0.0,0.0
서울특별시,강남구,도곡동,도곡,0,0,0,0,0,0,350,0,8.0,2.0,2.0,4.0,0.0,0.0,0.0,0.0
서울특별시,강남구,세곡동,동서울,0,0,0,0,0,0,0,0,13.0,9.0,0.0,4.0,0.0,0.0,0.0,0.0
서울특별시,강남구,세곡동,동서울,0,0,0,0,0,0,0,0,13.0,9.0,0.0,4.0,0.0,0.0,0.0,0.0
서울특별시,강남구,세곡동,동서울,0,0,0,0,0,0,0,0,13.0,9.0,0.0,4.0,0.0,0.0,0.0,0.0
서울특별시,강남구,세곡동,동서울,0,0,0,0,0,0,0,0,13.0,9.0,0.0,4.0,0.0,0.0,0.0,0.0
서울특별시,강남구,세곡동,동서울,0,0,0,0,0,0,0,0,13.0,9.0,0.0,4.0,0.0,0.0,0.0,0.0
서울특별시,강남구,세곡동,동서울,0,0,0,0,0,0,0,0,13.0,9.0,0.0,4.0,0.0,0.0,0.0,0.0
서울특별시,강남구,청담동,선릉,0,5,5,5,5,5,5,0,11.0,6.0,0.0,5.0,0.0,0.0,0.0,0.0
서울특별시,강남구,세곡동,수서,0,0,0,0,0,0,0,0,8.0,8.0,0.0,0.0,0.0,0.0,0.0,0.0
서울특별시,강남구,세곡동,수서,0,0,0,0,0,0,0,0,8.0,8.0,0.0,0.0,0.0,0.0,0.0,0.0
서울특별시,강남구,세곡동,수서,0,0,0,0,0,0,0,0,8.0,8.0,0.0,0.0,0.0,0.0,0.0,0.0
서울특별시,강남구,신사동,신사(SA),0,0,0,0,0,0,0,0,8.0,7.0,0.0,1.0,0.0,0.0,0.0,0.0
서울특별시,강남구,역삼동,역삼,0,0,0,0,0,0,0,0,6.0,5.0,0.0,1.0,0.0,0.0,0.0,0.0
서울특별시,강남구,삼성동,탄천,0,5,5,5,5,5,5,0,10.0,6.0,2.0,2.0,0.0,0.0,0.0,0.0
서울특별시,송파구,가락동,가락,0,0,0,0,0,0,0,0,7.0,7.0,0.0,0.0,0.0,0.0,0.0,0.0
서울특별시,송파구,가락동,가락,0,0,0,0,0,0,0,0,7.0,7.0,0.0,0.0,0.0,0.0,0.0,0.0
서울특별시,송파구,신천동,강동,0,0,0,0,0,0,0,0,9.0,8.0,0.0,1.0,0.0,0.0,0.0,0.0
서울특별시,송파구,신천동,강동,0,0,0,0,0,0,0,0,9.0,8.0,0.0,1.0,0.0,0.0,0.0,0.0
서울특별시,송파구,신천동,강동,0,0,0,0,0,0,0,0,9.0,8.0,0.0,1.0,0.0,0.0,0.0,0.0
서울특별시,송파구,장지동,동남,35,35,35,35,35,35,35,35,9.0,4.0,1.0,4.0,0.0,0.0,0.0,0.0
서울특별시,송파구,잠실동,동서울,0,0,0,0,0,0,0,0,13.0,9.0,0.0,4.0,0.0,0.0,0.0,0.0
서울특별시,송파구,잠실동,동서울,0,0,0,0,0,0,0,0,13.0,9.0,0.0,4.0,0.0,0.0,0.0,0.0
서울특별시,송파구,잠실동,동서울,0,0,0,0,0,0,0,0,13.0,9.0,0.0,4.0,0.0,0.0,0.0,0.0
서울특별시,송파구,잠실동,동서울,0,0,0,0,0,0,0,0,13.0,9.0,0.0,4.0,0.0,0.0,0.0,0.0
서울특별시,송파구,잠실동,동서울,0,0,0,0,0,0,0,0,13.0,9.0,0.0,4.0,0.0,0.0,0.0,0.0
서울특별시,송파구,잠실동,동서울,0,0,0,0,0,0,0,0,13.0,9.0,0.0,4.0,0.0,0.0,0.0,0.0
서울특별시,송파구,석촌동,석촌,0,0,0,0,0,0,0,0,9.0,4.0,0.0,5.0,0.0,0.0,0.0,0.0
서울특별시,송파구,거여동,송파,0,0,0,0,0,0,0,0,8.0,8.0,0.0,0.0,0.0,0.0,0.0,0.0
서울특별시,송파구,거여동,송파,0,0,0,0,0,0,0,0,8.0,8.0,0.0,0.0,0.0,0.0,0.0,0.0
서울특별시,송파구,문정동,수서,0,0,0,0,0,0,0,0,8.0,8.0,0.0,0.0,0.0,0.0,0.0,0.0
서울특별시,송파구,문정동,수서,0,0,0,0,0,0,0,0,8.0,8.0,0.0,0.0,0.0,0.0,0.0,0.0
서울특별시,송파구,문정동,수서,0,0,0,0,0,0,0,0,8.0,8.0,0.0,0.0,0.0,0.0,0.0,0.0
서울특별시,송파구,삼전동,잠실,0,0,0,0,0,0,0,0,8.0,8.0,0.0,0.0,0.0,0.0,0.0,0.0
서울특별시,송파구,풍납동,풍납,0,0,0,0,0,0,0,0,6.0,4.0,0.0,2.0,0.0,0.0,0.0,0.0
서울특별시,강동구,강일동,강동,0,0,0,0,0,0,0,0,9.0,8.0,0.0,1.0,0.0,0.0,0.0,0.0
서울특별시,강동구,강일동,강동,0,0,0,0,0,0,0,0,9.0,8.0,0.0,1.0,0.0,0.0,0.0,0.0
서울특별시,강동구,강일동,강동,0,0,0,0,0,0,0,0,9.0,8.0,0.0,1.0,0.0,0.0,0.0,0.0
서울특별시,강동구,명일동,동서울,0,0,0,0,0,0,0,0,13.0,9.0,0.0,4.0,0.0,0.0,0.0,0.0
서울특별시,강동구,명일동,동서울,0,0,0,0,0,0,0,0,13.0,9.0,0.0,4.0,0.0,0.0,0.0,0.0
서울특별시,강동구,명일동,동서울,0,0,0,0,0,0,0,0,13.0,9.0,0.0,4.0,0.0,0.0,0.0,0.0
서울특별시,강동구,명일동,동서울,0,0,0,0,0,0,0,0,13.0,9.0,0.0,4.0,0.0,0.0,0.0,0.0
서울특별시,강동구,명일동,동서울,0,0,0,0,0,0,0,0,13.0,9.0,0.0,4.0,0.0,0.0,0.0,0.0
서울특별시,강동구,명일동,동서울,0,0,0,0,0,0,0,0,13.0,9.0,0.0,4.0,0.0,0.0,0.0,0.0
서울특별시,강동구,천호동,천호,0,0,0,0,0,0,0,0,8.0,4.0,0.0,4.0,0.0,0.0,0.0,0.0
전남광주통합특별시,목포시,금화동,목포,560,570,570,580,505,500,495,560,8.0,4.0,1.0,3.0,0.0,0.0,0.0,0.0
전남광주통합특별시,목포시,금화동,목포,560,570,570,580,505,500,495,560,8.0,4.0,1.0,3.0,0.0,0.0,0.0,0.0
전남광주통합특별시,목포시,달동,북항,0,0,0,0,0,0,0,0,9.0,5.0,4.0,0.0,0.0,0.0,0.0,0.0
전남광주통합특별시,목포시,달동,북항,0,0,0,0,0,0,0,0,9.0,5.0,4.0,0.0,0.0,0.0,0.0,0.0
전남광주통합특별시,여수시,남면,소라,0,0,0,0,0,0,0,0,8.0,5.0,0.0,3.0,0.0,0.0,0.0,0.0
전남광주통합특별시,여수시,돌산읍,시종(건설중),0,0,0,0,0,0,0,0,,,,,,,,
전남광주통합특별시,여수시,돌산읍,시종(건설중),0,0,0,0,0,0,0,0,,,,,,,,
전남광주통합특별시,여수시,경호동,여수,0,0,0,0,0,0,0,0,8.0,4.0,1.0,3.0,0.0,0.0,0.0,0.0
전남광주통합특별시,여수시,봉계동,여천,0,0,0,0,0,0,0,0,20.0,20.0,0.0,0.0,0.0,0.0,0.0,0.0
전남광주통합특별시,여수시,낙포동,용성,0,0,0,0,0,0,0,0,16.0,14.0,2.0,0.0,0.0,0.0,0.0,0.0
전남광주통합특별시,여수시,율촌면,율촌,0,0,0,0,0,0,0,0,16.0,15.0,1.0,0.0,0.0,0.0,0.0,0.0
전남광주통합특별시,여수시,율촌면,율촌,0,0,0,0,0,0,0,0,16.0,15.0,1.0,0.0,0.0,0.0,0.0,0.0
전남광주통합특별시,여수시,소라면,화치,0,0,0,0,0,0,0,0,15.0,14.0,1.0,0.0,0.0,0.0,0.0,0.0
전남광주통합특별시,순천시,삼거동,광양,0,0,0,0,0,0,0,0,18.0,8.0,6.0,4.0,0.0,0.0,0.0,0.0
전남광주통합특별시,순천시,삼거동,광양,0,0,0,0,0,0,0,0,18.0,8.0,6.0,4.0,0.0,0.0,0.0,0.0
전남광주통합특별시,순천시,삼거동,광양,0,0,0,0,0,0,0,0,18.0,8.0,6.0,4.0,0.0,0.0,0.0,0.0
전남광주통합특별시,순천시,삼거동,광양,0,0,0,0,0,0,0,0,18.0,8.0,6.0,4.0,0.0,0.0,0.0,0.0
전남광주통합특별시,순천시,삼거동,광양,0,0,0,0,0,0,0,0,18.0,8.0,6.0,4.0,0.0,0.0,0.0,0.0
전남광주통합특별시,순천시,삼거동,광양,0,0,0,0,0,0,0,0,18.0,8.0,6.0,4.0,0.0,0.0,0.0,0.0
전남광주통합특별시,순천시,황전면,구례,60,410,415,385,415,405,405,60,8.0,2.0,1.0,5.0,0.0,0.0,0.0,0.0
전남광주통합특별시,순천시,황전면,구례,60,410,415,385,415,405,405,60,8.0,2.0,1.0,5.0,0.0,0.0,0.0,0.0
전남광주통합특별시,순천시,광양읍,백운,0,0,0,0,0,0,0,0,8.0,4.0,0.0,4.0,0.0,0.0,0.0,0.0
전남광주통합특별시,순천시,광양읍,백운,0,0,0,0,0,0,0,0,8.0,4.0,0.0,4.0,0.0,0.0,0.0,0.0
전남광주통합특별시,순천시,가곡동,서순천,0,0,0,0,0,0,0,0,8.0,8.0,0.0,0.0,0.0,0.0,0.0,0.0
전남광주통합특별시,순천시,해룡면,세풍,0,0,0,0,0,0,0,0,9.0,4.0,5.0,0.0,0.0,0.0,0.0,0.0
전남광주통합특별시,순천시,해룡면,세풍,0,0,0,0,0,0,0,0,9.0,4.0,5.0,0.0,0.0,0.0,0.0,0.0
전남광주통합특별시,순천시,가곡동,순천,0,0,0,0,0,0,0,0,8.0,6.0,2.0,0.0,0.0,0.0,0.0,0.0
전남광주통합특별시,순천시,서면,승주,0,0,0,0,0,0,0,0,9.0,8.0,1.0,0.0,0.0,0.0,0.0,0.0
전남광주통합특별시,순천시,서면,승주,0,0,0,0,0,0,0,0,9.0,8.0,1.0,0.0,0.0,0.0,0.0,0.0
전남광주통합특별시,순천시,해룡면,율촌,0,0,0,0,0,0,0,0,16.0,15.0,1.0,0.0,0.0,0.0,0.0,0.0
전남광주통합특별시,순천시,해룡면,율촌,0,0,0,0,0,0,0,0,16.0,15.0,1.0,0.0,0.0,0.0,0.0,0.0
전남광주통합특별시,나주시,경현동,154KV 나주,0,0,0,0,0,0,0,0,12.0,11.0,1.0,0.0,0.0,0.0,0.0,0.0
전남광주통합특별시,나주시,봉황면,금천,0,0,0,0,0,0,0,0,8.0,4.0,4.0,0.0,0.0,0.0,0.0,0.0
전남광주통합특별시,나주시,봉황면,금천,0,0,0,0,0,0,0,0,8.0,4.0,4.0,0.0,0.0,0.0,0.0,0.0
전남광주통합특별시,나주시,동강면,엄다,0,0,0,0,0,0,0,0,8.0,6.0,2.0,0.0,0.0,0.0,0.0,0.0
전남광주통합특별시,나주시,동강면,엄다,0,0,0,0,0,0,0,0,8.0,6.0,2.0,0.0,0.0,0.0,0.0,0.0
전남광주통합특별시,나주시,동강면,엄다,0,0,0,0,0,0,0,0,8.0,6.0,2.0,0.0,0.0,0.0,0.0,0.0
전남광주통합특별시,나주시,공산면,왕곡,0,0,0,0,0,0,0,0,8.0,5.0,2.0,1.0,0.0,0.0,0.0,0.0
전남광주통합특별시,광양시,황금동,광양,0,0,0,0,0,0,0,0,18.0,8.0,6.0,4.0,0.0,0.0,0.0,0.0
전남광주통합특별시,광양시,황금동,광양,0,0,0,0,0,0,0,0,18.0,8.0,6.0,4.0,0.0,0.0,0.0,0.0
전남광주통합특별시,광양시,황금동,광양,0,0,0,0,0,0,0,0,18.0,8.0,6.0,4.0,0.0,0.0,0.0,0.0
전남광주통합특별시,광양시,황금동,광양,0,0,0,0,0,0,0,0,18.0,8.0,6.0,4.0,0.0,0.0,0.0,0.0
전남광주통합특별시,광양시,황금동,광양,0,0,0,0,0,0,0,0,18.0,8.0,6.0,4.0,0.0,0.0,0.0,0.0
전남광주통합특별시,광양시,황금동,광양,0,0,0,0,0,0,0,0,18.0,8.0,6.0,4.0,0.0,0.0,0.0,0.0
전남광주통합특별시,광양시,황길동,광양항,0,0,0,0,0,0,0,0,,,,,,,,
전남광주통합특별시,광양시,광영동,백운,0,0,0,0,0,0,0,0,8.0,4.0,0.0,4.0,0.0,0.0,0.0,0.0
전남광주통합특별시,광양시,광영동,백운,0,0,0,0,0,0,0,0,8.0,4.0,0.0,4.0,0.0,0.0,0.0,0.0
전남광주통합특별시,광양시,광양읍,세풍,0,0,0,0,0,0,0,0,9.0,4.0,5.0,0.0,0.0,0.0,0.0,0.0
전남광주통합특별시,광양시,광양읍,세풍,0,0,0,0,0,0,0,0,9.0,4.0,5.0,0.0,0.0,0.0,0.0,0.0
전남광주통합특별시,광양시,금호동,태금,0,0,0,0,0,0,0,0,8.0,8.0,0.0,0.0,0.0,0.0,0.0,0.0
전남광주통합특별시,광양시,진상면,하동(SA),0,0,0,0,0,0,0,0,8.0,8.0,0.0,0.0,0.0,0.0,0.0,0.0
전남광주통합특별시,광양시,진상면,하동(SA),0,0,0,0,0,0,0,0,8.0,8.0,0.0,0.0,0.0,0.0,0.0,0.0
전남광주통합특별시,광양시,진상면,하동(SA),0,0,0,0,0,0,0,0,8.0,8.0,0.0,0.0,0.0,0.0,0.0,0.0
전남광주통합특별시,동구,계림동,계림,0,0,0,0,0,0,0,0,15.0,11.0,4.0,0.0,0.0,0.0,0.0,0.0
전남광주통합특별시,동구,계림동,계림,0,0,0,0,0,0,0,0,15.0,11.0,4.0,0.0,0.0,0.0,0.0,0.0
전남광주통합특별시,동구,계림동,계림,0,0,0,0,0,0,0,0,15.0,11.0,4.0,0.0,0.0,0.0,0.0,0.0
전남광주통합특별시,동구,내남동,소태,0,0,0,0,0,0,0,0,8.0,2.0,6.0,0.0,0.0,0.0,0.0,0.0
전남광주통합특별시,동구,내남동,소태,0,0,0,0,0,0,0,0,8.0,2.0,6.0,0.0,0.0,0.0,0.0,0.0
전남광주통합특별시,동구,지산동,충장,0,0,0,0,0,0,0,0,8.0,6.0,0.0,2.0,0.0,0.0,0.0,0.0
전남광주통합특별시,동구,지산동,충장,0,0,0,0,0,0,0,0,8.0,6.0,0.0,2.0,0.0,0.0,0.0,0.0
전남광주통합특별시,동구,지산동,충장,0,0,0,0,0,0,0,0,8.0,6.0,0.0,2.0,0.0,0.0,0.0,0.0
전남광주통합특별시,동구,지산동,충장,0,0,0,0,0,0,0,0,8.0,6.0,0.0,2.0,0.0,0.0,0.0,0.0
전남광주통합특별시,서구,금호동,매월,0,175,175,150,0,0,170,0,8.0,4.0,0.0,4.0,0.0,0.0,0.0,0.0
전남광주통합특별시,서구,금호동,매월,0,175,175,150,0,0,170,0,8.0,4.0,0.0,4.0,0.0,0.0,0.0,0.0
전남광주통합특별시,서구,유촌동,북광주,0,0,0,0,55,40,45,0,8.0,4.0,0.0,4.0,0.0,0.0,0.0,0.0
전남광주통합특별시,서구,유촌동,북광주,0,0,0,0,55,40,45,0,8.0,4.0,0.0,4.0,0.0,0.0,0.0,0.0
전남광주통합특별시,서구,유촌동,북광주,0,0,0,0,55,40,45,0,8.0,4.0,0.0,4.0,0.0,0.0,0.0,0.0
전남광주통합특별시,서구,양동,충장,0,0,0,0,0,0,0,0,8.0,6.0,0.0,2.0,0.0,0.0,0.0,0.0
전남광주통합특별시,서구,양동,충장,0,0,0,0,0,0,0,0,8.0,6.0,0.0,2.0,0.0,0.0,0.0,0.0
전남광주통합특별시,서구,양동,충장,0,0,0,0,0,0,0,0,8.0,6.0,0.0,2.0,0.0,0.0,0.0,0.0
전남광주통합특별시,서구,양동,충장,0,0,0,0,0,0,0,0,8.0,6.0,0.0,2.0,0.0,0.0,0.0,0.0
전남광주통합특별시,서구,광천동,화정,0,165,160,155,0,0,175,0,8.0,4.0,1.0,3.0,0.0,0.0,0.0,0.0
전남광주통합특별시,남구,구소동,금천,0,0,0,0,0,0,0,0,8.0,4.0,4.0,0.0,0.0,0.0,0.0,0.0
전남광주통합특별시,남구,구소동,금천,0,0,0,0,0,0,0,0,8.0,4.0,4.0,0.0,0.0,0.0,0.0,0.0
전남광주통합특별시,남구,노대동,남광주,0,0,0,0,0,0,0,0,8.0,6.0,2.0,0.0,0.0,0.0,0.0,0.0
전남광주통합특별시,남구,대지동,매월,0,175,175,150,0,0,170,0,8.0,4.0,0.0,4.0,0.0,0.0,0.0,0.0
전남광주통합특별시,남구,대지동,매월,0,175,175,150,0,0,170,0,8.0,4.0,0.0,4.0,0.0,0.0,0.0,0.0
전남광주통합특별시,남구,방림동,소태,0,0,0,0,0,0,0,0,8.0,2.0,6.0,0.0,0.0,0.0,0.0,0.0
전남광주통합특별시,남구,방림동,소태,0,0,0,0,0,0,0,0,8.0,2.0,6.0,0.0,0.0,0.0,0.0,0.0
전남광주통합특별시,남구,백운동,충장,0,0,0,0,0,0,0,0,8.0,6.0,0.0,2.0,0.0,0.0,0.0,0.0
전남광주통합특별시,남구,백운동,충장,0,0,0,0,0,0,0,0,8.0,6.0,0.0,2.0,0.0,0.0,0.0,0.0
전남광주통합특별시,남구,백운동,충장,0,0,0,0,0,0,0,0,8.0,6.0,0.0,2.0,0.0,0.0,0.0,0.0
전남광주통합특별시,남구,백운동,충장,0,0,0,0,0,0,0,0,8.0,6.0,0.0,2.0,0.0,0.0,0.0,0.0
전남광주통합특별시,북구,각화동,계림,0,0,0,0,0,0,0,0,15.0,11.0,4.0,0.0,0.0,0.0,0.0,0.0
전남광주통합특별시,북구,각화동,계림,0,0,0,0,0,0,0,0,15.0,11.0,4.0,0.0,0.0,0.0,0.0,0.0
전남광주통합특별시,북구,각화동,계림,0,0,0,0,0,0,0,0,15.0,11.0,4.0,0.0,0.0,0.0,0.0,0.0
전남광주통합특별시,북구,대전면,담양,120,100,105,100,105,105,175,120,12.0,5.0,1.0,6.0,0.0,0.0,0.0,0.0
전남광주통합특별시,북구,대전면,담양,120,100,105,100,105,105,175,120,12.0,5.0,1.0,6.0,0.0,0.0,0.0,0.0
전남광주통합특별시,북구,동림동,북광주,0,0,0,0,55,40,45,0,8.0,4.0,0.0,4.0,0.0,0.0,0.0,0.0
전남광주통합특별시,북구,동림동,북광주,0,0,0,0,55,40,45,0,8.0,4.0,0.0,4.0,0.0,0.0,0.0,0.0
전남광주통합특별시,북구,동림동,북광주,0,0,0,0,55,40,45,0,8.0,4.0,0.0,4.0,0.0,0.0,0.0,0.0
전남광주통합특별시,북구,매곡동,일곡,0,0,0,0,0,0,0,0,10.0,8.0,2.0,0.0,0.0,0.0,0.0,0.0
전남광주통합특별시,북구,진원면,장성,0,0,0,0,0,0,0,0,8.0,6.0,2.0,0.0,0.0,0.0,0.0,0.0
전남광주통합특별시,북구,진원면,장성,0,0,0,0,0,0,0,0,8.0,6.0,2.0,0.0,0.0,0.0,0.0,0.0
전남광주통합특별시,북구,대촌동,첨단,0,380,375,225,415,130,110,0,,,,,,,,
전남광주통합특별시,북구,대촌동,첨단,0,380,375,225,415,130,110,0,,,,,,,,
전남광주통합특별시,북구,대촌동,첨단,0,380,375,225,415,130,110,0,,,,,,,,
전남광주통합특별시,북구,임동,충장,0,0,0,0,0,0,0,0,8.0,6.0,0.0,2.0,0.0,0.0,0.0,0.0
전남광주통합특별시,북구,임동,충장,0,0,0,0,0,0,0,0,8.0,6.0,0.0,2.0,0.0,0.0,0.0,0.0
전남광주통합특별시,북구,임동,충장,0,0,0,0,0,0,0,0,8.0,6.0,0.0,2.0,0.0,0.0,0.0,0.0
전남광주통합특별시,북구,임동,충장,0,0,0,0,0,0,0,0,8.0,6.0,0.0,2.0,0.0,0.0,0.0,0.0
전남광주통합특별시,광산구,남산동,덕림,0,0,0,0,0,0,0,0,8.0,4.0,4.0,0.0,0.0,0.0,0.0,0.0
전남광주통합특별시,광산구,남산동,덕림,0,0,0,0,0,0,0,0,8.0,4.0,4.0,0.0,0.0,0.0,0.0,0.0
전남광주통합특별시,광산구,남산동,덕림,0,0,0,0,0,0,0,0,8.0,4.0,4.0,0.0,0.0,0.0,0.0,0.0
전남광주통합특별시,광산구,동림동,북광주,0,0,0,0,55,40,45,0,8.0,4.0,0.0,4.0,0.0,0.0,0.0,0.0
전남광주통합특별시,광산구,동림동,북광주,0,0,0,0,55,40,45,0,8.0,4.0,0.0,4.0,0.0,0.0,0.0,0.0
전남광주통합특별시,광산구,동림동,북광주,0,0,0,0,55,40,45,0,8.0,4.0,0.0,4.0,0.0,0.0,0.0,0.0
전남광주통합특별시,광산구,도덕동,송정,135,250,250,20,425,360,0,135,8.0,5.0,2.0,1.0,0.0,0.0,0.0,0.0
전남광주통합특별시,광산구,수완동,수완,130,280,275,435,450,445,0,130,8.0,5.0,2.0,1.0,0.0,0.0,0.0,0.0
전남광주통합특별시,광산구,산정동,첨단,0,380,375,225,415,130,110,0,,,,,,,,
전남광주통합특별시,광산구,산정동,첨단,0,380,375,225,415,130,110,0,,,,,,,,
전남광주통합특별시,광산구,산정동,첨단,0,380,375,225,415,130,110,0,,,,,,,,
전남광주통합특별시,광산구,고룡동,하남,0,0,0,0,0,0,0,0,14.0,11.0,3.0,0.0,0.0,0.0,0.0,0.0
전남광주통합특별시,광산구,도천동,흑석,130,210,210,405,370,310,0,130,8.0,6.0,0.0,2.0,0.0,0.0,0.0,0.0
전남광주통합특별시,담양군,고서면,계림,0,0,0,0,0,0,0,0,15.0,11.0,4.0,0.0,0.0,0.0,0.0,0.0
전남광주통합특별시,담양군,고서면,계림,0,0,0,0,0,0,0,0,15.0,11.0,4.0,0.0,0.0,0.0,0.0,0.0
전남광주통합특별시,담양군,고서면,계림,0,0,0,0,0,0,0,0,15.0,11.0,4.0,0.0,0.0,0.0,0.0,0.0
전남광주통합특별시,담양군,가사문학면,담양,120,100,105,100,105,105,175,120,12.0,5.0,1.0,6.0,0.0,0.0,0.0,0.0
전남광주통합특별시,담양군,가사문학면,담양,120,100,105,100,105,105,175,120,12.0,5.0,1.0,6.0,0.0,0.0,0.0,0.0
전남광주통합특별시,곡성군,겸면,곡성,0,440,440,405,960,530,465,0,12.0,8.0,4.0,0.0,0.0,0.0,0.0,0.0
전남광주통합특별시,곡성군,옥과면,순창,610,690,715,550,565,460,450,610,8.0,4.0,0.0,4.0,0.0,0.0,0.0,0.0
전남광주통합특별시,곡성군,옥과면,순창,610,690,715,550,565,460,450,610,8.0,4.0,0.0,4.0,0.0,0.0,0.0,0.0
전남광주통합특별시,곡성군,목사동면,승주,0,0,0,0,0,0,0,0,9.0,8.0,1.0,0.0,0.0,0.0,0.0,0.0
전남광주통합특별시,곡성군,목사동면,승주,0,0,0,0,0,0,0,0,9.0,8.0,1.0,0.0,0.0,0.0,0.0,0.0
전남광주통합특별시,구례군,간전면,구례,60,410,415,385,415,405,405,60,8.0,2.0,1.0,5.0,0.0,0.0,0.0,0.0
전남광주통합특별시,구례군,간전면,구례,60,410,415,385,415,405,405,60,8.0,2.0,1.0,5.0,0.0,0.0,0.0,0.0
전남광주통합특별시,고흥군,포두면,고흥,0,0,0,0,0,0,0,0,8.0,6.0,2.0,0.0,0.0,0.0,0.0,0.0
전남광주통합특별시,고흥군,포두면,고흥,0,0,0,0,0,0,0,0,8.0,6.0,2.0,0.0,0.0,0.0,0.0,0.0
전남광주통합특별시,고흥군,고흥읍,광양,0,0,0,0,0,0,0,0,18.0,8.0,6.0,4.0,0.0,0.0,0.0,0.0
전남광주통합특별시,고흥군,고흥읍,광양,0,0,0,0,0,0,0,0,18.0,8.0,6.0,4.0,0.0,0.0,0.0,0.0
전남광주통합특별시,고흥군,고흥읍,광양,0,0,0,0,0,0,0,0,18.0,8.0,6.0,4.0,0.0,0.0,0.0,0.0
전남광주통합특별시,고흥군,고흥읍,광양,0,0,0,0,0,0,0,0,18.0,8.0,6.0,4.0,0.0,0.0,0.0,0.0
전남광주통합특별시,고흥군,고흥읍,광양,0,0,0,0,0,0,0,0,18.0,8.0,6.0,4.0,0.0,0.0,0.0,0.0
전남광주통합특별시,고흥군,고흥읍,광양,0,0,0,0,0,0,0,0,18.0,8.0,6.0,4.0,0.0,0.0,0.0,0.0
전남광주통합특별시,고흥군,포두면,득량(건설중),0,0,0,0,0,0,0,0,,,,,,,,
전남광주통합특별시,고흥군,포두면,득량(건설중),0,0,0,0,0,0,0,0,,,,,,,,
전남광주통합특별시,고흥군,과역면,벌교,0,0,0,0,0,0,0,0,8.0,6.0,2.0,0.0,0.0,0.0,0.0,0.0
전남광주통합특별시,고흥군,과역면,벌교,0,0,0,0,0,0,0,0,8.0,6.0,2.0,0.0,0.0,0.0,0.0,0.0
전남광주통합특별시,고흥군,과역면,포두(건설중),0,0,0,0,0,0,0,0,,,,,,,,
전남광주통합특별시,보성군,보성읍,광양,0,0,0,0,0,0,0,0,18.0,8.0,6.0,4.0,0.0,0.0,0.0,0.0
전남광주통합특별시,보성군,보성읍,광양,0,0,0,0,0,0,0,0,18.0,8.0,6.0,4.0,0.0,0.0,0.0,0.0
전남광주통합특별시,보성군,보성읍,광양,0,0,0,0,0,0,0,0,18.0,8.0,6.0,4.0,0.0,0.0,0.0,0.0
전남광주통합특별시,보성군,보성읍,광양,0,0,0,0,0,0,0,0,18.0,8.0,6.0,4.0,0.0,0.0,0.0,0.0
전남광주통합특별시,보성군,보성읍,광양,0,0,0,0,0,0,0,0,18.0,8.0,6.0,4.0,0.0,0.0,0.0,0.0
전남광주통합특별시,보성군,보성읍,광양,0,0,0,0,0,0,0,0,18.0,8.0,6.0,4.0,0.0,0.0,0.0,0.0
전남광주통합특별시,보성군,득량면,득량(건설중),0,0,0,0,0,0,0,0,,,,,,,,
전남광주통합특별시,보성군,득량면,득량(건설중),0,0,0,0,0,0,0,0,,,,,,,,
전남광주통합특별시,보성군,벌교읍,벌교,0,0,0,0,0,0,0,0,8.0,6.0,2.0,0.0,0.0,0.0,0.0,0.0
전남광주통합특별시,보성군,벌교읍,벌교,0,0,0,0,0,0,0,0,8.0,6.0,2.0,0.0,0.0,0.0,0.0,0.0
전남광주통합특별시,보성군,노동면,보성,0,0,0,0,0,0,0,0,8.0,3.0,5.0,0.0,0.0,0.0,0.0,0.0
전남광주통합특별시,보성군,노동면,보성,0,0,0,0,0,0,0,0,8.0,3.0,5.0,0.0,0.0,0.0,0.0,0.0
전남광주통합특별시,화순군,남면,화순,0,650,650,585,0,0,315,0,12.0,6.0,5.0,1.0,0.0,0.0,0.0,0.0
전남광주통합특별시,장흥군,노동면,보성,0,0,0,0,0,0,0,0,8.0,3.0,5.0,0.0,0.0,0.0,0.0,0.0
전남광주통합특별시,장흥군,노동면,보성,0,0,0,0,0,0,0,0,8.0,3.0,5.0,0.0,0.0,0.0,0.0,0.0
전남광주통합특별시,해남군,북일면,남창,0,0,0,0,0,0,0,0,13.0,6.0,7.0,0.0,0.0,0.0,0.0,0.0
전남광주통합특별시,해남군,마산면,해남,0,0,0,0,0,0,0,0,13.0,7.0,6.0,0.0,0.0,0.0,0.0,0.0
전남광주통합특별시,해남군,문내면,화원,0,0,0,0,0,0,0,0,11.0,10.0,1.0,0.0,0.0,0.0,0.0,0.0
전남광주통합특별시,영암군,일로읍,남악,810,820,820,820,820,820,820,810,8.0,4.0,4.0,0.0,0.0,0.0,0.0,0.0
전남광주통합특별시,영암군,일로읍,남악,810,820,820,820,820,820,820,810,8.0,4.0,4.0,0.0,0.0,0.0,0.0,0.0
전남광주통합특별시,영암군,삼호읍,대불,0,0,0,0,0,0,0,0,12.0,10.0,2.0,0.0,0.0,0.0,0.0,0.0
전남광주통합특별시,영암군,삼호읍,삼호,0,0,0,0,0,0,0,0,8.0,6.0,2.0,0.0,0.0,0.0,0.0,0.0
전남광주통합특별시,영암군,시종면,시종(건설중),0,0,0,0,0,0,0,0,,,,,,,,
전남광주통합특별시,영암군,시종면,시종(건설중),0,0,0,0,0,0,0,0,,,,,,,,
전남광주통합특별시,영암군,군서면,영암,0,0,0,0,0,0,0,0,12.0,6.0,2.0,4.0,0.0,0.0,0.0,0.0
전남광주통합특별시,무안군,삼향읍,남악,810,820,820,820,820,820,820,810,8.0,4.0,4.0,0.0,0.0,0.0,0.0,0.0
전남광주통합특별시,무안군,삼향읍,남악,810,820,820,820,820,820,820,810,8.0,4.0,4.0,0.0,0.0,0.0,0.0,0.0
전남광주통합특별시,무안군,몽탄면,목포,560,570,570,580,505,500,495,560,8.0,4.0,1.0,3.0,0.0,0.0,0.0,0.0
전남광주통합특별시,무안군,몽탄면,목포,560,570,570,580,505,500,495,560,8.0,4.0,1.0,3.0,0.0,0.0,0.0,0.0
전남광주통합특별시,무안군,운남면,서운남S/Y,0,0,0,0,0,0,0,0,,,,,,,,
전남광주통합특별시,무안군,운남면,서운남S/Y,0,0,0,0,0,0,0,0,,,,,,,,
전남광주통합특별시,무안군,몽탄면,엄다,0,0,0,0,0,0,0,0,8.0,6.0,2.0,0.0,0.0,0.0,0.0,0.0
전남광주통합특별시,무안군,몽탄면,엄다,0,0,0,0,0,0,0,0,8.0,6.0,2.0,0.0,0.0,0.0,0.0,0.0
전남광주통합특별시,무안군,몽탄면,엄다,0,0,0,0,0,0,0,0,8.0,6.0,2.0,0.0,0.0,0.0,0.0,0.0
전남광주통합특별시,무안군,망운면,운남,0,0,0,0,0,0,0,0,10.0,6.0,4.0,0.0,0.0,0.0,0.0,0.0
전남광주통합특별시,무안군,망운면,운남,0,0,0,0,0,0,0,0,10.0,6.0,4.0,0.0,0.0,0.0,0.0,0.0
전남광주통합특별시,함평군,나산면,덕림,0,0,0,0,0,0,0,0,8.0,4.0,4.0,0.0,0.0,0.0,0.0,0.0
전남광주통합특별시,함평군,나산면,덕림,0,0,0,0,0,0,0,0,8.0,4.0,4.0,0.0,0.0,0.0,0.0,0.0
전남광주통합특별시,함평군,나산면,덕림,0,0,0,0,0,0,0,0,8.0,4.0,4.0,0.0,0.0,0.0,0.0,0.0
전남광주통합특별시,함평군,손불면,엄다,0,0,0,0,0,0,0,0,8.0,6.0,2.0,0.0,0.0,0.0,0.0,0.0
전남광주통합특별시,함평군,손불면,엄다,0,0,0,0,0,0,0,0,8.0,6.0,2.0,0.0,0.0,0.0,0.0,0.0
전남광주통합특별시,함평군,손불면,엄다,0,0,0,0,0,0,0,0,8.0,6.0,2.0,0.0,0.0,0.0,0.0,0.0
전남광주통합특별시,영광군,영광읍,남고창(건설중),0,0,575,685,720,800,800,0,,,,,,,,
전남광주통합특별시,영광군,영광읍,남고창(건설중),0,0,575,685,720,800,800,0,,,,,,,,
전남광주통합특별시,영광군,군서면,서영광(건설중),0,570,870,910,1155,1475,1445,0,,,,,,,,
전남광주통합특별시,영광군,군남면,영광,0,0,0,0,0,0,0,0,10.0,8.0,2.0,0.0,0.0,0.0,0.0,0.0
전남광주통합특별시,영광군,법성면,홍농,0,0,0,0,0,0,0,0,4.0,4.0,0.0,0.0,0.0,0.0,0.0,0.0
전남광주통합특별시,장성군,삼서면,덕림,0,0,0,0,0,0,0,0,8.0,4.0,4.0,0.0,0.0,0.0,0.0,0.0
전남광주통합특별시,장성군,삼서면,덕림,0,0,0,0,0,0,0,0,8.0,4.0,4.0,0.0,0.0,0.0,0.0,0.0
전남광주통합특별시,장성군,삼서면,덕림,0,0,0,0,0,0,0,0,8.0,4.0,4.0,0.0,0.0,0.0,0.0,0.0
전남광주통합특별시,장성군,광산동,장성,0,0,0,0,0,0,0,0,8.0,6.0,2.0,0.0,0.0,0.0,0.0,0.0
전남광주통합특별시,장성군,광산동,장성,0,0,0,0,0,0,0,0,8.0,6.0,2.0,0.0,0.0,0.0,0.0,0.0
전남광주통합특별시,장성군,남면,첨단,0,380,375,225,415,130,110,0,,,,,,,,
전남광주통합특별시,장성군,남면,첨단,0,380,375,225,415,130,110,0,,,,,,,,
전남광주통합특별시,장성군,남면,첨단,0,380,375,225,415,130,110,0,,,,,,,,
전남광주통합특별시,완도군,금당면,고흥,0,0,0,0,0,0,0,0,8.0,6.0,2.0,0.0,0.0,0.0,0.0,0.0
전남광주통합특별시,완도군,금당면,고흥,0,0,0,0,0,0,0,0,8.0,6.0,2.0,0.0,0.0,0.0,0.0,0.0
전남광주통합특별시,완도군,고금면,완도,0,0,0,0,0,0,0,0,8.0,2.0,6.0,0.0,0.0,0.0,0.0,0.0
전남광주통합특별시,진도군,고군면,진도,0,0,0,0,0,0,0,0,9.0,6.0,3.0,0.0,0.0,0.0,0.0,0.0
전남광주통합특별시,신안군,압해읍,북항,0,0,0,0,0,0,0,0,9.0,5.0,4.0,0.0,0.0,0.0,0.0,0.0
전남광주통합특별시,신안군,압해읍,북항,0,0,0,0,0,0,0,0,9.0,5.0,4.0,0.0,0.0,0.0,0.0,0.0
전남광주통합특별시,신안군,증도면,서운남S/Y,0,0,0,0,0,0,0,0,,,,,,,,
전남광주통합특별시,신안군,증도면,서운남S/Y,0,0,0,0,0,0,0,0,,,,,,,,
전남광주통합특별시,신안군,비금면,안좌 (154KV),0,0,0,0,0,0,0,0,10.0,8.0,2.0,0.0,0.0,0.0,0.0,0.0
전남광주통합특별시,신안군,임자면,운남,0,0,0,0,0,0,0,0,10.0,6.0,4.0,0.0,0.0,0.0,0.0,0.0
전남광주통합특별시,신안군,임자면,운남,0,0,0,0,0,0,0,0,10.0,6.0,4.0,0.0,0.0,0.0,0.0,0.0
전남광주통합특별시,신안군,안좌면,운남#2(건설중),1095,935,935,950,840,1340,1335,1095,,,,,,,,
부산광역시,중구,동광동2가,서부산,0,0,0,0,0,0,0,0,22.0,15.0,5.0,2.0,0.0,0.0,0.0,0.0
부산광역시,중구,동광동2가,서부산,0,0,0,0,0,0,0,0,22.0,15.0,5.0,2.0,0.0,0.0,0.0,0.0
부산광역시,중구,동광동2가,서부산,0,0,0,0,0,0,0,0,22.0,15.0,5.0,2.0,0.0,0.0,0.0,0.0
부산광역시,중구,동광동2가,서부산,0,0,0,0,0,0,0,0,22.0,15.0,5.0,2.0,0.0,0.0,0.0,0.0
부산광역시,중구,동광동2가,서부산,0,0,0,0,0,0,0,0,22.0,15.0,5.0,2.0,0.0,0.0,0.0,0.0
부산광역시,서구,서대신동3가,부민,0,0,0,0,0,0,0,0,5.0,4.0,1.0,0.0,0.0,0.0,0.0,0.0
부산광역시,서구,서대신동3가,부민,0,0,0,0,0,0,0,0,5.0,4.0,1.0,0.0,0.0,0.0,0.0,0.0
부산광역시,서구,서대신동3가,부민,0,0,0,0,0,0,0,0,5.0,4.0,1.0,0.0,0.0,0.0,0.0,0.0
부산광역시,서구,남부민동,부산,0,0,0,0,0,0,0,0,8.0,7.0,1.0,0.0,0.0,0.0,0.0,0.0
부산광역시,서구,남부민동,부산,0,0,0,0,0,0,0,0,8.0,7.0,1.0,0.0,0.0,0.0,0.0,0.0
부산광역시,서구,동대신동1가,서부산,0,0,0,0,0,0,0,0,22.0,15.0,5.0,2.0,0.0,0.0,0.0,0.0
부산광역시,서구,동대신동1가,서부산,0,0,0,0,0,0,0,0,22.0,15.0,5.0,2.0,0.0,0.0,0.0,0.0
부산광역시,서구,동대신동1가,서부산,0,0,0,0,0,0,0,0,22.0,15.0,5.0,2.0,0.0,0.0,0.0,0.0
부산광역시,서구,동대신동1가,서부산,0,0,0,0,0,0,0,0,22.0,15.0,5.0,2.0,0.0,0.0,0.0,0.0
부산광역시,서구,동대신동1가,서부산,0,0,0,0,0,0,0,0,22.0,15.0,5.0,2.0,0.0,0.0,0.0,0.0
부산광역시,동구,범일동,범일,0,0,0,25,15,0,0,0,8.0,4.0,1.0,3.0,0.0,0.0,0.0,0.0
부산광역시,동구,범일동,범일,0,0,0,25,15,0,0,0,8.0,4.0,1.0,3.0,0.0,0.0,0.0,0.0
부산광역시,동구,범일동,범일,0,0,0,25,15,0,0,0,8.0,4.0,1.0,3.0,0.0,0.0,0.0,0.0
부산광역시,동구,동대신동3가,부민,0,0,0,0,0,0,0,0,5.0,4.0,1.0,0.0,0.0,0.0,0.0,0.0
부산광역시,동구,동대신동3가,부민,0,0,0,0,0,0,0,0,5.0,4.0,1.0,0.0,0.0,0.0,0.0,0.0
부산광역시,동구,동대신동3가,부민,0,0,0,0,0,0,0,0,5.0,4.0,1.0,0.0,0.0,0.0,0.0,0.0
부산광역시,동구,중앙동4가,부산,0,0,0,0,0,0,0,0,8.0,7.0,1.0,0.0,0.0,0.0,0.0,0.0
부산광역시,동구,중앙동4가,부산,0,0,0,0,0,0,0,0,8.0,7.0,1.0,0.0,0.0,0.0,0.0,0.0
부산광역시,부산광역시동구,초량동,부산항(건설중),0,0,0,110,105,95,75,0,,,,,,,,
부산광역시,동구,초량동,서부산,0,0,0,0,0,0,0,0,22.0,15.0,5.0,2.0,0.0,0.0,0.0,0.0
부산광역시,동구,초량동,서부산,0,0,0,0,0,0,0,0,22.0,15.0,5.0,2.0,0.0,0.0,0.0,0.0
부산광역시,동구,초량동,서부산,0,0,0,0,0,0,0,0,22.0,15.0,5.0,2.0,0.0,0.0,0.0,0.0
부산광역시,동구,초량동,서부산,0,0,0,0,0,0,0,0,22.0,15.0,5.0,2.0,0.0,0.0,0.0,0.0
부산광역시,동구,초량동,서부산,0,0,0,0,0,0,0,0,22.0,15.0,5.0,2.0,0.0,0.0,0.0,0.0
부산광역시,동구,수정동,수정,0,0,0,0,0,0,0,0,6.0,6.0,0.0,0.0,0.0,0.0,0.0,0.0
부산광역시,영도구,대교동1가,서부산,0,0,0,0,0,0,0,0,22.0,15.0,5.0,2.0,0.0,0.0,0.0,0.0
부산광역시,영도구,대교동1가,서부산,0,0,0,0,0,0,0,0,22.0,15.0,5.0,2.0,0.0,0.0,0.0,0.0
부산광역시,영도구,대교동1가,서부산,0,0,0,0,0,0,0,0,22.0,15.0,5.0,2.0,0.0,0.0,0.0,0.0
부산광역시,영도구,대교동1가,서부산,0,0,0,0,0,0,0,0,22.0,15.0,5.0,2.0,0.0,0.0,0.0,0.0
부산광역시,영도구,대교동1가,서부산,0,0,0,0,0,0,0,0,22.0,15.0,5.0,2.0,0.0,0.0,0.0,0.0
부산광역시,영도구,동삼동,영도,140,0,0,0,0,0,0,140,6.0,3.0,2.0,1.0,0.0,0.0,0.0,0.0
부산광역시,부산진구,가야동,개금,185,0,0,0,0,0,0,185,8.0,6.0,1.0,1.0,0.0,0.0,0.0,0.0
부산광역시,부산진구,가야동,개금,185,0,0,0,0,0,0,185,8.0,6.0,1.0,1.0,0.0,0.0,0.0,0.0
부산광역시,부산진구,초읍동,미남,0,0,0,0,0,0,0,0,8.0,8.0,0.0,0.0,0.0,0.0,0.0,0.0
부산광역시,부산진구,초읍동,미남,0,0,0,0,0,0,0,0,8.0,8.0,0.0,0.0,0.0,0.0,0.0,0.0
부산광역시,부산진구,초읍동,미남,0,0,0,0,0,0,0,0,8.0,8.0,0.0,0.0,0.0,0.0,0.0,0.0
부산광역시,부산진구,초읍동,미남,0,0,0,0,0,0,0,0,8.0,8.0,0.0,0.0,0.0,0.0,0.0,0.0
부산광역시,부산진구,전포동,범일,0,0,0,25,15,0,0,0,8.0,4.0,1.0,3.0,0.0,0.0,0.0,0.0
부산광역시,부산진구,전포동,범일,0,0,0,25,15,0,0,0,8.0,4.0,1.0,3.0,0.0,0.0,0.0,0.0
부산광역시,부산진구,전포동,범일,0,0,0,25,15,0,0,0,8.0,4.0,1.0,3.0,0.0,0.0,0.0,0.0
부산광역시,부산진구,당감동,범천,190,0,0,0,0,0,0,190,,,,,,,,
부산광역시,부산진구,범전동,서면,0,0,0,0,0,0,0,0,7.0,7.0,0.0,0.0,0.0,0.0,0.0,0.0
부산광역시,부산진구,양정동,양정,0,0,0,0,0,0,0,0,8.0,6.0,1.0,1.0,0.0,0.0,0.0,0.0
부산광역시,부산진구,양정동,양정,0,0,0,0,0,0,0,0,8.0,6.0,1.0,1.0,0.0,0.0,0.0,0.0
부산광역시,동래구,명륜동,동래,0,0,0,0,0,0,0,0,6.0,4.0,1.0,1.0,0.0,0.0,0.0,0.0
부산광역시,동래구,명장동,명장(SA),0,0,0,0,0,0,0,0,8.0,6.0,0.0,2.0,0.0,0.0,0.0,0.0
부산광역시,동래구,명장동,명장(SA),0,0,0,0,0,0,0,0,8.0,6.0,0.0,2.0,0.0,0.0,0.0,0.0
부산광역시,동래구,명장동,명장(SA),0,0,0,0,0,0,0,0,8.0,6.0,0.0,2.0,0.0,0.0,0.0,0.0
부산광역시,동래구,사직동,미남,0,0,0,0,0,0,0,0,8.0,8.0,0.0,0.0,0.0,0.0,0.0,0.0
부산광역시,동래구,사직동,미남,0,0,0,0,0,0,0,0,8.0,8.0,0.0,0.0,0.0,0.0,0.0,0.0
부산광역시,동래구,사직동,미남,0,0,0,0,0,0,0,0,8.0,8.0,0.0,0.0,0.0,0.0,0.0,0.0
부산광역시,동래구,사직동,미남,0,0,0,0,0,0,0,0,8.0,8.0,0.0,0.0,0.0,0.0,0.0,0.0
부산광역시,동래구,명장동,신양산,45,0,0,0,0,0,0,45,12.0,10.0,0.0,2.0,0.0,0.0,0.0,0.0
부산광역시,동래구,명장동,신양산,45,0,0,0,0,0,0,45,12.0,10.0,0.0,2.0,0.0,0.0,0.0,0.0
부산광역시,동래구,명장동,신양산,45,0,0,0,0,0,0,45,12.0,10.0,0.0,2.0,0.0,0.0,0.0,0.0
부산광역시,동래구,명장동,신양산,45,0,0,0,0,0,0,45,12.0,10.0,0.0,2.0,0.0,0.0,0.0,0.0
부산광역시,동래구,명장동,신양산,45,0,0,0,0,0,0,45,12.0,10.0,0.0,2.0,0.0,0.0,0.0,0.0
부산광역시,동래구,안락동,연산,0,0,0,0,0,0,0,0,12.0,4.0,0.0,8.0,0.0,0.0,0.0,0.0
부산광역시,동래구,안락동,연산,0,0,0,0,0,0,0,0,12.0,4.0,0.0,8.0,0.0,0.0,0.0,0.0
부산광역시,동래구,안락동,연산,0,0,0,0,0,0,0,0,12.0,4.0,0.0,8.0,0.0,0.0,0.0,0.0
부산광역시,남구,대연동,대연,0,0,0,0,0,0,0,0,8.0,8.0,0.0,0.0,0.0,0.0,0.0,0.0
부산광역시,남구,대연동,대연,0,0,0,0,0,0,0,0,8.0,8.0,0.0,0.0,0.0,0.0,0.0,0.0
부산광역시,남구,문현동,범일,0,0,0,25,15,0,0,0,8.0,4.0,1.0,3.0,0.0,0.0,0.0,0.0
부산광역시,남구,문현동,범일,0,0,0,25,15,0,0,0,8.0,4.0,1.0,3.0,0.0,0.0,0.0,0.0
부산광역시,남구,문현동,범일,0,0,0,25,15,0,0,0,8.0,4.0,1.0,3.0,0.0,0.0,0.0,0.0
부산광역시,남구,감만동,용호,0,0,0,0,0,0,0,0,8.0,5.0,1.0,2.0,0.0,0.0,0.0,0.0
부산광역시,북구,구포동,구포,0,0,0,0,0,0,0,0,8.0,7.0,1.0,0.0,0.0,0.0,0.0,0.0
부산광역시,북구,초읍동,미남,0,0,0,0,0,0,0,0,8.0,8.0,0.0,0.0,0.0,0.0,0.0,0.0
부산광역시,북구,초읍동,미남,0,0,0,0,0,0,0,0,8.0,8.0,0.0,0.0,0.0,0.0,0.0,0.0
부산광역시,북구,초읍동,미남,0,0,0,0,0,0,0,0,8.0,8.0,0.0,0.0,0.0,0.0,0.0,0.0
부산광역시,북구,초읍동,미남,0,0,0,0,0,0,0,0,8.0,8.0,0.0,0.0,0.0,0.0,0.0,0.0
부산광역시,북구,금곡동,북부산,0,0,0,0,0,0,0,0,17.0,9.0,2.0,6.0,0.0,0.0,0.0,0.0
부산광역시,북구,금곡동,북부산,0,0,0,0,0,0,0,0,17.0,9.0,2.0,6.0,0.0,0.0,0.0,0.0
부산광역시,북구,금곡동,북부산,0,0,0,0,0,0,0,0,17.0,9.0,2.0,6.0,0.0,0.0,0.0,0.0
부산광역시,북구,금곡동,호포,0,0,0,0,0,35,0,0,8.0,5.0,1.0,2.0,0.0,0.0,0.0,0.0
부산광역시,북구,금곡동,호포,0,0,0,0,0,35,0,0,8.0,5.0,1.0,2.0,0.0,0.0,0.0,0.0
부산광역시,해운대구,반송동,명장(SA),0,0,0,0,0,0,0,0,8.0,6.0,0.0,2.0,0.0,0.0,0.0,0.0
부산광역시,해운대구,반송동,명장(SA),0,0,0,0,0,0,0,0,8.0,6.0,0.0,2.0,0.0,0.0,0.0,0.0
부산광역시,해운대구,반송동,명장(SA),0,0,0,0,0,0,0,0,8.0,6.0,0.0,2.0,0.0,0.0,0.0,0.0
부산광역시,해운대구,반여동,석대(건설중),0,0,0,505,475,440,390,0,,,,,,,,
부산광역시,해운대구,우동,수영,0,0,0,0,0,0,0,0,8.0,5.0,1.0,2.0,0.0,0.0,0.0,0.0
부산광역시,해운대구,송정동,시랑,0,0,0,0,0,0,0,0,5.0,4.0,0.0,1.0,0.0,0.0,0.0,0.0
부산광역시,해운대구,송정동,시랑,0,0,0,0,0,0,0,0,5.0,4.0,0.0,1.0,0.0,0.0,0.0,0.0
부산광역시,해운대구,반송동,신양산,45,0,0,0,0,0,0,45,12.0,10.0,0.0,2.0,0.0,0.0,0.0,0.0
부산광역시,해운대구,반송동,신양산,45,0,0,0,0,0,0,45,12.0,10.0,0.0,2.0,0.0,0.0,0.0,0.0
부산광역시,해운대구,반송동,신양산,45,0,0,0,0,0,0,45,12.0,10.0,0.0,2.0,0.0,0.0,0.0,0.0
부산광역시,해운대구,반송동,신양산,45,0,0,0,0,0,0,45,12.0,10.0,0.0,2.0,0.0,0.0,0.0,0.0
부산광역시,해운대구,반송동,신양산,45,0,0,0,0,0,0,45,12.0,10.0,0.0,2.0,0.0,0.0,0.0,0.0
부산광역시,해운대구,안락동,연산,0,0,0,0,0,0,0,0,12.0,4.0,0.0,8.0,0.0,0.0,0.0,0.0
부산광역시,해운대구,안락동,연산,0,0,0,0,0,0,0,0,12.0,4.0,0.0,8.0,0.0,0.0,0.0,0.0
부산광역시,해운대구,안락동,연산,0,0,0,0,0,0,0,0,12.0,4.0,0.0,8.0,0.0,0.0,0.0,0.0
부산광역시,해운대구,우동,우동,0,0,0,0,0,0,0,0,7.0,5.0,1.0,1.0,0.0,0.0,0.0,0.0
부산광역시,해운대구,우동,우동,0,0,0,0,0,0,0,0,7.0,5.0,1.0,1.0,0.0,0.0,0.0,0.0
부산광역시,해운대구,우동,정보,0,0,0,0,0,0,0,0,12.0,3.0,0.0,9.0,0.0,0.0,0.0,0.0
부산광역시,해운대구,좌동,좌동(SA),0,0,0,0,0,0,0,0,8.0,4.0,4.0,0.0,0.0,0.0,0.0,0.0
부산광역시,사하구,구평동,다대,45,0,0,0,0,0,0,45,8.0,5.0,2.0,1.0,0.0,0.0,0.0,0.0
부산광역시,사하구,감천동,부민,0,0,0,0,0,0,0,0,5.0,4.0,1.0,0.0,0.0,0.0,0.0,0.0
부산광역시,사하구,감천동,부민,0,0,0,0,0,0,0,0,5.0,4.0,1.0,0.0,0.0,0.0,0.0,0.0
부산광역시,사하구,감천동,부민,0,0,0,0,0,0,0,0,5.0,4.0,1.0,0.0,0.0,0.0,0.0,0.0
부산광역시,사하구,괴정동,서부산,0,0,0,0,0,0,0,0,22.0,15.0,5.0,2.0,0.0,0.0,0.0,0.0
부산광역시,사하구,괴정동,서부산,0,0,0,0,0,0,0,0,22.0,15.0,5.0,2.0,0.0,0.0,0.0,0.0
부산광역시,사하구,괴정동,서부산,0,0,0,0,0,0,0,0,22.0,15.0,5.0,2.0,0.0,0.0,0.0,0.0
부산광역시,사하구,괴정동,서부산,0,0,0,0,0,0,0,0,22.0,15.0,5.0,2.0,0.0,0.0,0.0,0.0
부산광역시,사하구,괴정동,서부산,0,0,0,0,0,0,0,0,22.0,15.0,5.0,2.0,0.0,0.0,0.0,0.0
부산광역시,사하구,괴정동,신평,140,0,0,0,0,0,0,140,12.0,6.0,3.0,3.0,0.0,0.0,0.0,0.0
부산광역시,사하구,구평동,장림,50,0,0,0,0,0,0,50,8.0,4.0,3.0,1.0,0.0,0.0,0.0,0.0
부산광역시,금정구,구서동,구서,0,0,0,0,0,0,0,0,6.0,6.0,0.0,0.0,0.0,0.0,0.0,0.0
부산광역시,금정구,구서동,노포,0,0,0,0,0,0,0,0,12.0,7.0,2.0,3.0,0.0,0.0,0.0,0.0
부산광역시,금정구,금사동,명장(SA),0,0,0,0,0,0,0,0,8.0,6.0,0.0,2.0,0.0,0.0,0.0,0.0
부산광역시,금정구,금사동,명장(SA),0,0,0,0,0,0,0,0,8.0,6.0,0.0,2.0,0.0,0.0,0.0,0.0
부산광역시,금정구,금사동,명장(SA),0,0,0,0,0,0,0,0,8.0,6.0,0.0,2.0,0.0,0.0,0.0,0.0
부산광역시,금정구,선동,명지,0,240,0,0,0,0,0,0,7.0,5.0,0.0,2.0,0.0,0.0,0.0,0.0
부산광역시,금정구,선동,명지,0,240,0,0,0,0,0,0,7.0,5.0,0.0,2.0,0.0,0.0,0.0,0.0
부산광역시,금정구,금사동,신양산,45,0,0,0,0,0,0,45,12.0,10.0,0.0,2.0,0.0,0.0,0.0,0.0
부산광역시,금정구,금사동,신양산,45,0,0,0,0,0,0,45,12.0,10.0,0.0,2.0,0.0,0.0,0.0,0.0
부산광역시,금정구,금사동,신양산,45,0,0,0,0,0,0,45,12.0,10.0,0.0,2.0,0.0,0.0,0.0,0.0
부산광역시,금정구,금사동,신양산,45,0,0,0,0,0,0,45,12.0,10.0,0.0,2.0,0.0,0.0,0.0,0.0
부산광역시,금정구,금사동,신양산,45,0,0,0,0,0,0,45,12.0,10.0,0.0,2.0,0.0,0.0,0.0,0.0
부산광역시,강서구,식만동,김해(SA),0,0,0,0,0,0,0,0,,,,,,,,
부산광역시,강서구,식만동,김해(SA),0,0,0,0,0,0,0,0,,,,,,,,
부산광역시,강서구,송정동,녹공,0,0,0,0,0,0,0,0,9.0,6.0,3.0,0.0,0.0,0.0,0.0,0.0
부산광역시,강서구,송정동,녹공,0,0,0,0,0,0,0,0,9.0,6.0,3.0,0.0,0.0,0.0,0.0,0.0
부산광역시,강서구,녹산동,녹산,0,0,0,0,0,0,0,0,9.0,8.0,2.0,-1.0,0.0,0.0,0.0,0.0
부산광역시,부산광역시강서구,강동동,델타(건설중),0,0,0,0,0,0,0,0,,,,,,,,
부산광역시,강서구,명지동,명지,0,240,0,0,0,0,0,0,7.0,5.0,0.0,2.0,0.0,0.0,0.0,0.0
부산광역시,강서구,명지동,명지,0,240,0,0,0,0,0,0,7.0,5.0,0.0,2.0,0.0,0.0,0.0,0.0
부산광역시,강서구,구랑동,미음,0,0,0,0,0,0,0,0,8.0,8.0,0.0,0.0,0.0,0.0,0.0,0.0
부산광역시,부산광역시강서구,생곡동,세산,0,0,0,0,0,0,0,0,8.0,4.0,4.0,0.0,0.0,0.0,0.0,0.0
부산광역시,강서구,명지동,순아,0,240,0,0,0,0,0,0,8.0,4.0,2.0,2.0,0.0,0.0,0.0,0.0
부산광역시,강서구,신호동,어방,0,0,0,0,0,0,0,0,,,,,,,,
부산광역시,강서구,신호동,어방,0,0,0,0,0,0,0,0,,,,,,,,
부산광역시,강서구,눌차동,용원,0,30,0,0,0,0,0,0,12.0,5.0,4.0,3.0,0.0,0.0,0.0,0.0
부산광역시,강서구,지사동,지사,0,190,0,0,0,0,0,0,12.0,4.0,5.0,3.0,0.0,0.0,0.0,0.0
부산광역시,연제구,거제동,미남,0,0,0,0,0,0,0,0,8.0,8.0,0.0,0.0,0.0,0.0,0.0,0.0
부산광역시,연제구,거제동,미남,0,0,0,0,0,0,0,0,8.0,8.0,0.0,0.0,0.0,0.0,0.0,0.0
부산광역시,연제구,거제동,미남,0,0,0,0,0,0,0,0,8.0,8.0,0.0,0.0,0.0,0.0,0.0,0.0
부산광역시,연제구,거제동,미남,0,0,0,0,0,0,0,0,8.0,8.0,0.0,0.0,0.0,0.0,0.0,0.0
부산광역시,연제구,연산동,연산,0,0,0,0,0,0,0,0,12.0,4.0,0.0,8.0,0.0,0.0,0.0,0.0
부산광역시,연제구,연산동,연산,0,0,0,0,0,0,0,0,12.0,4.0,0.0,8.0,0.0,0.0,0.0,0.0
부산광역시,연제구,연산동,연산,0,0,0,0,0,0,0,0,12.0,4.0,0.0,8.0,0.0,0.0,0.0,0.0
부산광역시,수영구,광안동,대연,0,0,0,0,0,0,0,0,8.0,8.0,0.0,0.0,0.0,0.0,0.0,0.0
부산광역시,수영구,광안동,대연,0,0,0,0,0,0,0,0,8.0,8.0,0.0,0.0,0.0,0.0,0.0,0.0
부산광역시,수영구,망미동,신양산,45,0,0,0,0,0,0,45,12.0,10.0,0.0,2.0,0.0,0.0,0.0,0.0
부산광역시,수영구,망미동,신양산,45,0,0,0,0,0,0,45,12.0,10.0,0.0,2.0,0.0,0.0,0.0,0.0
부산광역시,수영구,망미동,신양산,45,0,0,0,0,0,0,45,12.0,10.0,0.0,2.0,0.0,0.0,0.0,0.0
부산광역시,수영구,망미동,신양산,45,0,0,0,0,0,0,45,12.0,10.0,0.0,2.0,0.0,0.0,0.0,0.0
부산광역시,수영구,망미동,신양산,45,0,0,0,0,0,0,45,12.0,10.0,0.0,2.0,0.0,0.0,0.0,0.0
부산광역시,수영구,우동,우동,0,0,0,0,0,0,0,0,7.0,5.0,1.0,1.0,0.0,0.0,0.0,0.0
부산광역시,수영구,우동,우동,0,0,0,0,0,0,0,0,7.0,5.0,1.0,1.0,0.0,0.0,0.0,0.0
부산광역시,사상구,주례동,개금,185,0,0,0,0,0,0,185,8.0,6.0,1.0,1.0,0.0,0.0,0.0,0.0
부산광역시,사상구,주례동,개금,185,0,0,0,0,0,0,185,8.0,6.0,1.0,1.0,0.0,0.0,0.0,0.0
부산광역시,사상구,감전동,덕포,230,0,0,0,0,0,0,230,8.0,4.0,0.0,4.0,0.0,0.0,0.0,0.0
부산광역시,사상구,모라동,모라,265,0,0,0,0,0,0,265,8.0,4.0,0.0,4.0,0.0,0.0,0.0,0.0
부산광역시,사상구,삼락동,북부산,0,0,0,0,0,0,0,0,17.0,9.0,2.0,6.0,0.0,0.0,0.0,0.0
부산광역시,사상구,삼락동,북부산,0,0,0,0,0,0,0,0,17.0,9.0,2.0,6.0,0.0,0.0,0.0,0.0
부산광역시,사상구,삼락동,북부산,0,0,0,0,0,0,0,0,17.0,9.0,2.0,6.0,0.0,0.0,0.0,0.0
부산광역시,사상구,엄궁동,엄궁,170,0,0,0,0,0,0,170,8.0,6.0,1.0,1.0,0.0,0.0,0.0,0.0
부산광역시,사상구,감전동,학장,175,0,0,0,0,0,0,175,8.0,5.0,2.0,1.0,0.0,0.0,0.0,0.0
부산광역시,기장군,기장읍,기장,0,0,0,0,0,0,0,0,,,,,,,,
부산광역시,기장군,장안읍,명례,0,0,0,0,55,95,165,0,8.0,7.0,0.0,1.0,0.0,0.0,0.0,0.0
부산광역시,기장군,장안읍,명례,0,0,0,0,55,95,165,0,8.0,7.0,0.0,1.0,0.0,0.0,0.0,0.0
부산광역시,기장군,기장읍,시랑,0,0,0,0,0,0,0,0,5.0,4.0,0.0,1.0,0.0,0.0,0.0,0.0
부산광역시,기장군,기장읍,시랑,0,0,0,0,0,0,0,0,5.0,4.0,0.0,1.0,0.0,0.0,0.0,0.0
부산광역시,기장군,기장읍,신양산,45,0,0,0,0,0,0,45,12.0,10.0,0.0,2.0,0.0,0.0,0.0,0.0
부산광역시,기장군,기장읍,신양산,45,0,0,0,0,0,0,45,12.0,10.0,0.0,2.0,0.0,0.0,0.0,0.0
부산광역시,기장군,기장읍,신양산,45,0,0,0,0,0,0,45,12.0,10.0,0.0,2.0,0.0,0.0,0.0,0.0
부산광역시,기장군,기장읍,신양산,45,0,0,0,0,0,0,45,12.0,10.0,0.0,2.0,0.0,0.0,0.0,0.0
부산광역시,기장군,기장읍,신양산,45,0,0,0,0,0,0,45,12.0,10.0,0.0,2.0,0.0,0.0,0.0,0.0
부산광역시,기장군,일광읍,장안,0,0,0,0,0,0,0,0,8.0,5.0,3.0,0.0,0.0,0.0,0.0,0.0
부산광역시,기장군,일광읍,장안,0,0,0,0,0,0,0,0,8.0,5.0,3.0,0.0,0.0,0.0,0.0,0.0
부산광역시,기장군,정관읍,정관,0,0,0,0,0,0,0,0,12.0,6.0,0.0,6.0,0.0,0.0,0.0,0.0
대구광역시,중구,남산동,내당,0,0,245,240,230,225,110,0,8.0,6.0,0.0,2.0,0.0,0.0,0.0,0.0
대구광역시,중구,남산동,내당,0,0,245,240,230,225,110,0,8.0,6.0,0.0,2.0,0.0,0.0,0.0,0.0
대구광역시,중구,대봉동,동인,0,0,0,0,0,0,0,0,6.0,6.0,0.0,0.0,0.0,0.0,0.0,0.0
대구광역시,중구,고성동3가,서침산,0,0,0,0,0,0,0,0,4.0,2.0,2.0,0.0,0.0,0.0,0.0,0.0
대구광역시,중구,고성동3가,서침산,0,0,0,0,0,0,0,0,4.0,2.0,2.0,0.0,0.0,0.0,0.0,0.0
대구광역시,동구,신암동,공평,0,0,185,185,155,110,60,0,10.0,4.0,0.0,6.0,0.0,0.0,0.0,0.0
대구광역시,동구,덕곡동,구암,0,0,0,0,0,0,0,0,8.0,8.0,0.0,0.0,0.0,0.0,0.0,0.0
대구광역시,동구,덕곡동,구암,0,0,0,0,0,0,0,0,8.0,8.0,0.0,0.0,0.0,0.0,0.0,0.0
대구광역시,동구,각산동,반야월,370,240,300,300,285,275,220,370,11.0,4.0,4.0,3.0,0.0,0.0,0.0,0.0
대구광역시,동구,각산동,반야월,370,240,300,300,285,275,220,370,11.0,4.0,4.0,3.0,0.0,0.0,0.0,0.0
대구광역시,동구,내동,봉무,0,425,500,475,485,435,415,0,12.0,4.0,0.0,8.0,0.0,0.0,0.0,0.0
대구광역시,동구,입석동,산격,0,65,100,95,65,45,25,0,6.0,4.0,0.0,2.0,0.0,0.0,0.0,0.0
대구광역시,동구,입석동,산격,0,65,100,95,65,45,25,0,6.0,4.0,0.0,2.0,0.0,0.0,0.0,0.0
대구광역시,동구,중대동,신경산,0,0,0,0,0,0,0,0,11.0,11.0,0.0,0.0,0.0,0.0,0.0,0.0
대구광역시,동구,중대동,신경산,0,0,0,0,0,0,0,0,11.0,11.0,0.0,0.0,0.0,0.0,0.0,0.0
대구광역시,동구,중대동,신경산,0,0,0,0,0,0,0,0,11.0,11.0,0.0,0.0,0.0,0.0,0.0,0.0
대구광역시,동구,중대동,신경산,0,0,0,0,0,0,0,0,11.0,11.0,0.0,0.0,0.0,0.0,0.0,0.0
대구광역시,동구,중대동,신경산,0,0,0,0,0,0,0,0,11.0,11.0,0.0,0.0,0.0,0.0,0.0,0.0
대구광역시,대구광역시동구,율암동,신서E/C,370,610,630,595,585,540,605,370,,,,,,,,
대구광역시,동구,둔산동,안심,400,375,425,405,395,385,375,400,8.0,6.0,0.0,2.0,0.0,0.0,0.0,0.0
대구광역시,동구,둔산동,안심,400,375,425,405,395,385,375,400,8.0,6.0,0.0,2.0,0.0,0.0,0.0,0.0
대구광역시,동구,와촌면,와촌E/C,655,670,680,680,660,655,640,655,8.0,4.0,0.0,4.0,0.0,0.0,0.0,0.0
대구광역시,동구,와촌면,와촌E/C,655,670,680,680,660,655,640,655,8.0,4.0,0.0,4.0,0.0,0.0,0.0,0.0
대구광역시,동구,와촌면,와촌E/C,655,670,680,680,660,655,640,655,8.0,4.0,0.0,4.0,0.0,0.0,0.0,0.0
대구광역시,동구,검사동,효목,450,320,420,405,390,385,160,450,,,,,,,,
대구광역시,동구,검사동,효목,450,320,420,405,390,385,160,450,,,,,,,,
대구광역시,서구,내당동,내당,0,0,245,240,230,225,110,0,8.0,6.0,0.0,2.0,0.0,0.0,0.0,0.0
대구광역시,서구,내당동,내당,0,0,245,240,230,225,110,0,8.0,6.0,0.0,2.0,0.0,0.0,0.0,0.0
대구광역시,서구,중리동,와룡,0,0,0,0,0,0,0,0,4.0,4.0,0.0,0.0,0.0,0.0,0.0,0.0
대구광역시,서구,상리동,팔달,0,65,275,245,270,250,210,0,,,,,,,,
대구광역시,서구,상리동,팔달,0,65,275,245,270,250,210,0,,,,,,,,
대구광역시,남구,대명동,봉덕,0,0,0,0,0,0,0,0,7.0,6.0,1.0,0.0,0.0,0.0,0.0,0.0
대구광역시,남구,대명동,봉덕,0,0,0,0,0,0,0,0,7.0,6.0,1.0,0.0,0.0,0.0,0.0,0.0
대구광역시,북구,검단동,검단,0,70,100,95,65,45,25,0,8.0,4.0,0.0,4.0,0.0,0.0,0.0,0.0
대구광역시,북구,관음동,관음,0,60,285,255,280,260,215,0,8.0,5.0,0.0,3.0,0.0,0.0,0.0,0.0
대구광역시,북구,구암동,구암,0,0,0,0,0,0,0,0,8.0,8.0,0.0,0.0,0.0,0.0,0.0,0.0
대구광역시,북구,구암동,구암,0,0,0,0,0,0,0,0,8.0,8.0,0.0,0.0,0.0,0.0,0.0,0.0
대구광역시,북구,산격동,산격,0,65,100,95,65,45,25,0,6.0,4.0,0.0,2.0,0.0,0.0,0.0,0.0
대구광역시,북구,산격동,산격,0,65,100,95,65,45,25,0,6.0,4.0,0.0,2.0,0.0,0.0,0.0,0.0
대구광역시,북구,노원동3가,서침산,0,0,0,0,0,0,0,0,4.0,2.0,2.0,0.0,0.0,0.0,0.0,0.0
대구광역시,북구,노원동3가,서침산,0,0,0,0,0,0,0,0,4.0,2.0,2.0,0.0,0.0,0.0,0.0,0.0
대구광역시,북구,연경동,신경산,0,0,0,0,0,0,0,0,11.0,11.0,0.0,0.0,0.0,0.0,0.0,0.0
대구광역시,북구,연경동,신경산,0,0,0,0,0,0,0,0,11.0,11.0,0.0,0.0,0.0,0.0,0.0,0.0
대구광역시,북구,연경동,신경산,0,0,0,0,0,0,0,0,11.0,11.0,0.0,0.0,0.0,0.0,0.0,0.0
대구광역시,북구,연경동,신경산,0,0,0,0,0,0,0,0,11.0,11.0,0.0,0.0,0.0,0.0,0.0,0.0
대구광역시,북구,연경동,신경산,0,0,0,0,0,0,0,0,11.0,11.0,0.0,0.0,0.0,0.0,0.0,0.0
대구광역시,북구,대현동,침산,0,0,100,95,65,45,25,0,,,,,,,,
대구광역시,북구,금호동,팔달,0,65,275,245,270,250,210,0,,,,,,,,
대구광역시,북구,금호동,팔달,0,65,275,245,270,250,210,0,,,,,,,,
대구광역시,수성구,가천동,남대구,0,0,265,255,245,235,110,0,8.0,4.0,2.0,2.0,0.0,0.0,0.0,0.0
대구광역시,수성구,매호동,노변,135,160,210,210,195,190,155,135,8.0,6.0,0.0,2.0,0.0,0.0,0.0,0.0
대구광역시,수성구,성동,반야월,370,240,300,300,285,275,220,370,11.0,4.0,4.0,3.0,0.0,0.0,0.0,0.0
대구광역시,수성구,성동,반야월,370,240,300,300,285,275,220,370,11.0,4.0,4.0,3.0,0.0,0.0,0.0,0.0
대구광역시,수성구,상동,봉덕,0,0,0,0,0,0,0,0,7.0,6.0,1.0,0.0,0.0,0.0,0.0,0.0
대구광역시,수성구,상동,봉덕,0,0,0,0,0,0,0,0,7.0,6.0,1.0,0.0,0.0,0.0,0.0,0.0
대구광역시,수성구,노변동,시지(SA),375,180,410,390,370,355,315,375,8.0,4.0,0.0,4.0,0.0,0.0,0.0,0.0
대구광역시,수성구,고모동,신경산,0,0,0,0,0,0,0,0,11.0,11.0,0.0,0.0,0.0,0.0,0.0,0.0
대구광역시,수성구,고모동,신경산,0,0,0,0,0,0,0,0,11.0,11.0,0.0,0.0,0.0,0.0,0.0,0.0
대구광역시,수성구,고모동,신경산,0,0,0,0,0,0,0,0,11.0,11.0,0.0,0.0,0.0,0.0,0.0,0.0
대구광역시,수성구,고모동,신경산,0,0,0,0,0,0,0,0,11.0,11.0,0.0,0.0,0.0,0.0,0.0,0.0
대구광역시,수성구,고모동,신경산,0,0,0,0,0,0,0,0,11.0,11.0,0.0,0.0,0.0,0.0,0.0,0.0
대구광역시,수성구,고모동,안심,400,375,425,405,395,385,375,400,8.0,6.0,0.0,2.0,0.0,0.0,0.0,0.0
대구광역시,수성구,고모동,안심,400,375,425,405,395,385,375,400,8.0,6.0,0.0,2.0,0.0,0.0,0.0,0.0
대구광역시,수성구,만촌동,효목,450,320,420,405,390,385,160,450,,,,,,,,
대구광역시,수성구,만촌동,효목,450,320,420,405,390,385,160,450,,,,,,,,
대구광역시,달서구,호산동,강창,0,0,0,0,0,0,0,0,8.0,8.0,0.0,0.0,0.0,0.0,0.0,0.0
대구광역시,달서구,파호동,고령,0,0,0,0,0,0,0,0,18.0,13.0,4.0,1.0,0.0,0.0,0.0,0.0
대구광역시,달서구,파호동,고령,0,0,0,0,0,0,0,0,18.0,13.0,4.0,1.0,0.0,0.0,0.0,0.0
대구광역시,달서구,파호동,고령,0,0,0,0,0,0,0,0,18.0,13.0,4.0,1.0,0.0,0.0,0.0,0.0
대구광역시,달서구,다사읍,다사,90,60,270,240,260,240,205,90,12.0,5.0,0.0,7.0,0.0,0.0,0.0,0.0
대구광역시,달서구,다사읍,다사,90,60,270,240,260,240,205,90,12.0,5.0,0.0,7.0,0.0,0.0,0.0,0.0
대구광역시,달서구,갈산동,달서,105,70,95,105,115,110,85,105,0.0,0.0,0.0,0.0,0.0,0.0,0.0,0.0
대구광역시,달서구,화원읍,달성,0,0,0,0,0,0,0,0,8.0,8.0,0.0,0.0,0.0,0.0,0.0,0.0
대구광역시,달서구,화원읍,달성,0,0,0,0,0,0,0,0,8.0,8.0,0.0,0.0,0.0,0.0,0.0,0.0
대구광역시,달서구,두류동,두류,0,0,245,240,230,225,135,0,8.0,4.0,1.0,3.0,0.0,0.0,0.0,0.0
대구광역시,달서구,도원동,상인(SA),0,0,0,0,0,0,0,0,8.0,4.0,2.0,2.0,0.0,0.0,0.0,0.0
대구광역시,달서구,용산동,성서,195,195,150,105,105,70,95,195,8.0,7.0,0.0,1.0,0.0,0.0,0.0,0.0
대구광역시,달서구,본동,월배,120,80,320,315,330,320,305,120,8.0,4.0,0.0,4.0,0.0,0.0,0.0,0.0
대구광역시,달성군,화원읍,고령,0,0,0,0,0,0,0,0,18.0,13.0,4.0,1.0,0.0,0.0,0.0,0.0
대구광역시,달성군,화원읍,고령,0,0,0,0,0,0,0,0,18.0,13.0,4.0,1.0,0.0,0.0,0.0,0.0
대구광역시,달성군,화원읍,고령,0,0,0,0,0,0,0,0,18.0,13.0,4.0,1.0,0.0,0.0,0.0,0.0
대구광역시,달성군,구지면,구지,0,0,0,0,0,0,0,0,8.0,7.0,1.0,0.0,0.0,0.0,0.0,0.0
대구광역시,달성군,논공읍,논공,0,0,0,0,0,0,0,0,12.0,7.0,5.0,0.0,0.0,0.0,0.0,0.0
대구광역시,달성군,다사읍,다사,90,60,270,240,260,240,205,90,12.0,5.0,0.0,7.0,0.0,0.0,0.0,0.0
대구광역시,달성군,다사읍,다사,90,60,270,240,260,240,205,90,12.0,5.0,0.0,7.0,0.0,0.0,0.0,0.0
대구광역시,달성군,옥포읍,달성,0,0,0,0,0,0,0,0,8.0,8.0,0.0,0.0,0.0,0.0,0.0,0.0
대구광역시,달성군,옥포읍,달성,0,0,0,0,0,0,0,0,8.0,8.0,0.0,0.0,0.0,0.0,0.0,0.0
대구광역시,달성군,가창면,동구지(건설중),0,465,350,315,285,255,215,0,,,,,,,,
대구광역시,달성군,화원읍,명곡,535,525,125,85,85,60,80,535,,,,,,,,
대구광역시,달성군,유가읍,유가,605,570,880,605,615,415,585,605,8.0,5.0,0.0,3.0,0.0,0.0,0.0,0.0
대구광역시,달성군,유가읍,유가,605,570,880,605,615,415,585,605,8.0,5.0,0.0,3.0,0.0,0.0,0.0,0.0
대구광역시,달성군,현풍읍,현풍(SA),615,530,0,0,0,0,0,615,8.0,4.0,0.0,4.0,0.0,0.0,0.0,0.0
대구광역시,군위군,삼국유사면,군위,0,0,0,0,0,0,0,0,8.0,4.0,4.0,0.0,0.0,0.0,0.0,0.0
대구광역시,군위군,소보면,산동,0,0,0,0,0,245,245,0,11.0,5.0,4.0,2.0,0.0,0.0,0.0,0.0
대구광역시,군위군,소보면,산동,0,0,0,0,0,245,245,0,11.0,5.0,4.0,2.0,0.0,0.0,0.0,0.0
인천광역시,중구,신흥동1가,남인천,0,0,0,0,0,25,25,0,,,,,,,,
인천광역시,중구,북성동1가,송월,0,0,0,0,0,35,35,0,,,,,,,,
인천광역시,중구,답동,신가좌,0,0,0,0,0,0,0,0,14.0,12.0,2.0,0.0,0.0,0.0,0.0,0.0
인천광역시,중구,답동,신가좌,0,0,0,0,0,0,0,0,14.0,12.0,2.0,0.0,0.0,0.0,0.0,0.0
인천광역시,중구,답동,신가좌,0,0,0,0,0,0,0,0,14.0,12.0,2.0,0.0,0.0,0.0,0.0,0.0
인천광역시,중구,답동,신가좌,0,0,0,0,0,0,0,0,14.0,12.0,2.0,0.0,0.0,0.0,0.0,0.0
인천광역시,중구,답동,신가좌,0,0,0,0,0,0,0,0,14.0,12.0,2.0,0.0,0.0,0.0,0.0,0.0
인천광역시,중구,답동,신가좌,0,0,0,0,0,0,0,0,14.0,12.0,2.0,0.0,0.0,0.0,0.0,0.0
인천광역시,중구,답동,신가좌,0,0,0,0,0,0,0,0,14.0,12.0,2.0,0.0,0.0,0.0,0.0,0.0
인천광역시,동구,만석동,송현,0,0,0,0,0,35,35,0,,,,,,,,
인천광역시,동구,만석동,송현,0,0,0,0,0,35,35,0,,,,,,,,
인천광역시,동구,만석동,신가좌,0,0,0,0,0,0,0,0,14.0,12.0,2.0,0.0,0.0,0.0,0.0,0.0
인천광역시,동구,만석동,신가좌,0,0,0,0,0,0,0,0,14.0,12.0,2.0,0.0,0.0,0.0,0.0,0.0
인천광역시,동구,만석동,신가좌,0,0,0,0,0,0,0,0,14.0,12.0,2.0,0.0,0.0,0.0,0.0,0.0
인천광역시,동구,만석동,신가좌,0,0,0,0,0,0,0,0,14.0,12.0,2.0,0.0,0.0,0.0,0.0,0.0
인천광역시,동구,만석동,신가좌,0,0,0,0,0,0,0,0,14.0,12.0,2.0,0.0,0.0,0.0,0.0,0.0
인천광역시,동구,만석동,신가좌,0,0,0,0,0,0,0,0,14.0,12.0,2.0,0.0,0.0,0.0,0.0,0.0
인천광역시,동구,만석동,신가좌,0,0,0,0,0,0,0,0,14.0,12.0,2.0,0.0,0.0,0.0,0.0,0.0
인천광역시,동구,숭의동,인천,0,0,0,0,0,0,0,0,7.0,5.0,2.0,0.0,0.0,0.0,0.0,0.0
인천광역시,동구,숭의동,인천,0,0,0,0,0,0,0,0,7.0,5.0,2.0,0.0,0.0,0.0,0.0,0.0
인천광역시,미추홀구,관교동,관교,0,0,0,0,0,0,0,0,8.0,5.0,2.0,1.0,0.0,0.0,0.0,0.0
인천광역시,미추홀구,관교동,관교,0,0,0,0,0,0,0,0,8.0,5.0,2.0,1.0,0.0,0.0,0.0,0.0
인천광역시,미추홀구,숭의동,신가좌,0,0,0,0,0,0,0,0,14.0,12.0,2.0,0.0,0.0,0.0,0.0,0.0
인천광역시,미추홀구,숭의동,신가좌,0,0,0,0,0,0,0,0,14.0,12.0,2.0,0.0,0.0,0.0,0.0,0.0
인천광역시,미추홀구,숭의동,신가좌,0,0,0,0,0,0,0,0,14.0,12.0,2.0,0.0,0.0,0.0,0.0,0.0
인천광역시,미추홀구,숭의동,신가좌,0,0,0,0,0,0,0,0,14.0,12.0,2.0,0.0,0.0,0.0,0.0,0.0
인천광역시,미추홀구,숭의동,신가좌,0,0,0,0,0,0,0,0,14.0,12.0,2.0,0.0,0.0,0.0,0.0,0.0
인천광역시,미추홀구,숭의동,신가좌,0,0,0,0,0,0,0,0,14.0,12.0,2.0,0.0,0.0,0.0,0.0,0.0
인천광역시,미추홀구,숭의동,신가좌,0,0,0,0,0,0,0,0,14.0,12.0,2.0,0.0,0.0,0.0,0.0,0.0
인천광역시,미추홀구,도화동,신현,0,0,0,0,0,0,0,0,8.0,7.0,1.0,0.0,0.0,0.0,0.0,0.0
인천광역시,미추홀구,도화동,신현,0,0,0,0,0,0,0,0,8.0,7.0,1.0,0.0,0.0,0.0,0.0,0.0
인천광역시,미추홀구,숭의동,인천,0,0,0,0,0,0,0,0,7.0,5.0,2.0,0.0,0.0,0.0,0.0,0.0
인천광역시,미추홀구,숭의동,인천,0,0,0,0,0,0,0,0,7.0,5.0,2.0,0.0,0.0,0.0,0.0,0.0
인천광역시,미추홀구,주안동,주안,0,0,0,0,0,0,0,0,8.0,5.0,0.0,3.0,0.0,0.0,0.0,0.0
인천광역시,미추홀구,주안동,주안,0,0,0,0,0,0,0,0,8.0,5.0,0.0,3.0,0.0,0.0,0.0,0.0
인천광역시,미추홀구,주안동,주안,0,0,0,0,0,0,0,0,8.0,5.0,0.0,3.0,0.0,0.0,0.0,0.0
인천광역시,미추홀구,용현동,학익,0,0,0,0,0,25,25,0,8.0,4.0,0.0,4.0,0.0,0.0,0.0,0.0
인천광역시,연수구,선학동,남동,0,0,0,0,0,0,0,0,9.0,9.0,0.0,0.0,0.0,0.0,0.0,0.0
인천광역시,연수구,선학동,남동,0,0,0,0,0,0,0,0,9.0,9.0,0.0,0.0,0.0,0.0,0.0,0.0
인천광역시,연수구,송도동,동송도,0,0,0,0,0,0,0,0,10.0,6.0,4.0,0.0,0.0,0.0,0.0,0.0
인천광역시,연수구,송도동,북송도,0,0,0,0,0,0,0,0,8.0,4.0,2.0,2.0,0.0,0.0,0.0,0.0
인천광역시,연수구,송도동,서송도,0,0,0,0,0,0,0,0,,,,,,,,
인천광역시,연수구,송도동,송도,0,0,0,0,0,0,0,0,9.0,8.0,1.0,0.0,0.0,0.0,0.0,0.0
인천광역시,연수구,동춘동,송도#6(건설중),0,0,0,0,0,0,0,0,,,,,,,,
인천광역시,연수구,옥련동,신가좌,0,0,0,0,0,0,0,0,14.0,12.0,2.0,0.0,0.0,0.0,0.0,0.0
인천광역시,연수구,옥련동,신가좌,0,0,0,0,0,0,0,0,14.0,12.0,2.0,0.0,0.0,0.0,0.0,0.0
인천광역시,연수구,옥련동,신가좌,0,0,0,0,0,0,0,0,14.0,12.0,2.0,0.0,0.0,0.0,0.0,0.0
인천광역시,연수구,옥련동,신가좌,0,0,0,0,0,0,0,0,14.0,12.0,2.0,0.0,0.0,0.0,0.0,0.0
인천광역시,연수구,옥련동,신가좌,0,0,0,0,0,0,0,0,14.0,12.0,2.0,0.0,0.0,0.0,0.0,0.0
인천광역시,연수구,옥련동,신가좌,0,0,0,0,0,0,0,0,14.0,12.0,2.0,0.0,0.0,0.0,0.0,0.0
인천광역시,연수구,옥련동,신가좌,0,0,0,0,0,0,0,0,14.0,12.0,2.0,0.0,0.0,0.0,0.0,0.0
인천광역시,연수구,옥련동,신송도,0,0,0,0,0,0,0,0,,,,,,,,
인천광역시,연수구,송도동,아암(건설중),0,0,0,0,0,0,0,0,,,,,,,,
인천광역시,연수구,동춘동,연수,0,0,0,0,0,0,0,0,8.0,6.0,2.0,0.0,0.0,0.0,0.0,0.0
인천광역시,남동구,고잔동,고잔,0,0,0,0,0,35,35,0,8.0,4.0,0.0,4.0,0.0,0.0,0.0,0.0
인천광역시,남동구,구월동,관교,0,0,0,0,0,0,0,0,8.0,5.0,2.0,1.0,0.0,0.0,0.0,0.0
인천광역시,남동구,구월동,관교,0,0,0,0,0,0,0,0,8.0,5.0,2.0,1.0,0.0,0.0,0.0,0.0
인천광역시,남동구,남촌동,구월(건설중),0,0,0,0,0,35,35,0,,,,,,,,
인천광역시,남동구,남촌동,남동,0,0,0,0,0,0,0,0,9.0,9.0,0.0,0.0,0.0,0.0,0.0,0.0
인천광역시,남동구,남촌동,남동,0,0,0,0,0,0,0,0,9.0,9.0,0.0,0.0,0.0,0.0,0.0,0.0
인천광역시,남동구,논현동,도림,0,0,0,0,0,35,35,0,12.0,6.0,0.0,6.0,0.0,0.0,0.0,0.0
인천광역시,남동구,논현동,도림,0,0,0,0,0,35,35,0,12.0,6.0,0.0,6.0,0.0,0.0,0.0,0.0
인천광역시,남동구,고잔동,동춘,0,0,0,0,0,0,0,0,8.0,6.0,2.0,0.0,0.0,0.0,0.0,0.0
인천광역시,남동구,구월동,만수,0,0,0,0,0,0,0,0,8.0,7.0,0.0,1.0,0.0,0.0,0.0,0.0
인천광역시,남동구,장수동,소래,0,5,0,0,0,0,0,0,8.0,4.0,0.0,4.0,0.0,0.0,0.0,0.0
인천광역시,남동구,장수동,소래,0,5,0,0,0,0,0,0,8.0,4.0,0.0,4.0,0.0,0.0,0.0,0.0
인천광역시,남동구,장수동,소래,0,5,0,0,0,0,0,0,8.0,4.0,0.0,4.0,0.0,0.0,0.0,0.0
인천광역시,남동구,구월동,신가좌,0,0,0,0,0,0,0,0,14.0,12.0,2.0,0.0,0.0,0.0,0.0,0.0
인천광역시,남동구,구월동,신가좌,0,0,0,0,0,0,0,0,14.0,12.0,2.0,0.0,0.0,0.0,0.0,0.0
인천광역시,남동구,구월동,신가좌,0,0,0,0,0,0,0,0,14.0,12.0,2.0,0.0,0.0,0.0,0.0,0.0
인천광역시,남동구,구월동,신가좌,0,0,0,0,0,0,0,0,14.0,12.0,2.0,0.0,0.0,0.0,0.0,0.0
인천광역시,남동구,구월동,신가좌,0,0,0,0,0,0,0,0,14.0,12.0,2.0,0.0,0.0,0.0,0.0,0.0
인천광역시,남동구,구월동,신가좌,0,0,0,0,0,0,0,0,14.0,12.0,2.0,0.0,0.0,0.0,0.0,0.0
인천광역시,남동구,구월동,신가좌,0,0,0,0,0,0,0,0,14.0,12.0,2.0,0.0,0.0,0.0,0.0,0.0
인천광역시,남동구,논현동,오봉,0,0,0,0,0,35,35,0,12.0,8.0,0.0,4.0,0.0,0.0,0.0,0.0
인천광역시,남동구,간석동,주안,0,0,0,0,0,0,0,0,8.0,5.0,0.0,3.0,0.0,0.0,0.0,0.0
인천광역시,남동구,간석동,주안,0,0,0,0,0,0,0,0,8.0,5.0,0.0,3.0,0.0,0.0,0.0,0.0
인천광역시,남동구,간석동,주안,0,0,0,0,0,0,0,0,8.0,5.0,0.0,3.0,0.0,0.0,0.0,0.0
인천광역시,부평구,부평동,갈산,0,0,0,0,0,0,0,0,11.0,7.0,4.0,0.0,0.0,0.0,0.0,0.0
인천광역시,부평구,구산동,부개,0,0,0,0,0,0,0,0,8.0,6.0,0.0,2.0,0.0,0.0,0.0,0.0
인천광역시,부평구,구산동,부개,0,0,0,0,0,0,0,0,8.0,6.0,0.0,2.0,0.0,0.0,0.0,0.0
인천광역시,부평구,부평동,부흥,0,0,0,0,0,0,0,0,8.0,6.0,0.0,2.0,0.0,0.0,0.0,0.0
인천광역시,부평구,십정동,신가좌,0,0,0,0,0,0,0,0,14.0,12.0,2.0,0.0,0.0,0.0,0.0,0.0
인천광역시,부평구,십정동,신가좌,0,0,0,0,0,0,0,0,14.0,12.0,2.0,0.0,0.0,0.0,0.0,0.0
인천광역시,부평구,십정동,신가좌,0,0,0,0,0,0,0,0,14.0,12.0,2.0,0.0,0.0,0.0,0.0,0.0
인천광역시,부평구,십정동,신가좌,0,0,0,0,0,0,0,0,14.0,12.0,2.0,0.0,0.0,0.0,0.0,0.0
인천광역시,부평구,십정동,신가좌,0,0,0,0,0,0,0,0,14.0,12.0,2.0,0.0,0.0,0.0,0.0,0.0
인천광역시,부평구,십정동,신가좌,0,0,0,0,0,0,0,0,14.0,12.0,2.0,0.0,0.0,0.0,0.0,0.0
인천광역시,부평구,십정동,신가좌,0,0,0,0,0,0,0,0,14.0,12.0,2.0,0.0,0.0,0.0,0.0,0.0
인천광역시,부평구,청천동,신부평,0,0,0,0,0,0,0,0,18.0,10.0,2.0,6.0,0.0,0.0,0.0,0.0
인천광역시,부평구,청천동,신부평,0,0,0,0,0,0,0,0,18.0,10.0,2.0,6.0,0.0,0.0,0.0,0.0
인천광역시,부평구,청천동,신부평,0,0,0,0,0,0,0,0,18.0,10.0,2.0,6.0,0.0,0.0,0.0,0.0
인천광역시,부평구,십정동,주안,0,0,0,0,0,0,0,0,8.0,5.0,0.0,3.0,0.0,0.0,0.0,0.0
인천광역시,부평구,십정동,주안,0,0,0,0,0,0,0,0,8.0,5.0,0.0,3.0,0.0,0.0,0.0,0.0
인천광역시,부평구,십정동,주안,0,0,0,0,0,0,0,0,8.0,5.0,0.0,3.0,0.0,0.0,0.0,0.0
인천광역시,부평구,청천동,청천,0,0,0,0,0,0,0,0,5.0,4.0,1.0,0.0,0.0,0.0,0.0,0.0
인천광역시,부평구,청천동,청천,0,0,0,0,0,0,0,0,5.0,4.0,1.0,0.0,0.0,0.0,0.0,0.0
인천광역시,계양구,둑실동,계양,0,0,0,0,0,0,75,0,8.0,6.0,0.0,2.0,0.0,0.0,0.0,0.0
인천광역시,계양구,둑실동,계양,0,0,0,0,0,0,75,0,8.0,6.0,0.0,2.0,0.0,0.0,0.0,0.0
인천광역시,계양구,둑실동,계양,0,0,0,0,0,0,75,0,8.0,6.0,0.0,2.0,0.0,0.0,0.0,0.0
인천광역시,계양구,효성동,신부평,0,0,0,0,0,0,0,0,18.0,10.0,2.0,6.0,0.0,0.0,0.0,0.0
인천광역시,계양구,효성동,신부평,0,0,0,0,0,0,0,0,18.0,10.0,2.0,6.0,0.0,0.0,0.0,0.0
인천광역시,계양구,효성동,신부평,0,0,0,0,0,0,0,0,18.0,10.0,2.0,6.0,0.0,0.0,0.0,0.0
인천광역시,계양구,계산동,임학,0,0,0,0,0,0,0,0,,,,,,,,
인천광역시,계양구,서운동,중동,0,0,0,0,0,0,0,0,14.0,14.0,0.0,0.0,0.0,0.0,0.0,0.0
인천광역시,계양구,서운동,중동,0,0,0,0,0,0,0,0,14.0,14.0,0.0,0.0,0.0,0.0,0.0,0.0
인천광역시,계양구,효성동,청천,0,0,0,0,0,0,0,0,5.0,4.0,1.0,0.0,0.0,0.0,0.0,0.0
인천광역시,계양구,효성동,청천,0,0,0,0,0,0,0,0,5.0,4.0,1.0,0.0,0.0,0.0,0.0,0.0
인천광역시,서구,검암동,경서,0,0,0,0,0,0,0,0,,,,,,,,
인천광역시,서구,둑실동,계양,0,0,0,0,0,0,75,0,8.0,6.0,0.0,2.0,0.0,0.0,0.0,0.0
인천광역시,서구,둑실동,계양,0,0,0,0,0,0,75,0,8.0,6.0,0.0,2.0,0.0,0.0,0.0,0.0
인천광역시,서구,둑실동,계양,0,0,0,0,0,0,75,0,8.0,6.0,0.0,2.0,0.0,0.0,0.0,0.0
인천광역시,서구,불로동,김포,0,0,0,0,0,0,430,0,8.0,4.0,3.0,1.0,0.0,0.0,0.0,0.0
인천광역시,서구,불로동,김포,0,0,0,0,0,0,430,0,8.0,4.0,3.0,1.0,0.0,0.0,0.0,0.0
인천광역시,서구,가정동,마전(건설중),0,0,0,0,0,0,75,0,,,,,,,,
인천광역시,서구,가정동,북인천,0,0,0,0,0,0,0,0,,,,,,,,
인천광역시,서구,당하동,불로,0,0,0,0,0,0,100,0,,,,,,,,
인천광역시,서구,검암동,서청라(건설중),0,0,0,0,0,0,0,0,,,,,,,,
인천광역시,서구,송현동,송현,0,0,0,0,0,35,35,0,,,,,,,,
인천광역시,서구,송현동,송현,0,0,0,0,0,35,35,0,,,,,,,,
인천광역시,서구,가좌동,신가좌,0,0,0,0,0,0,0,0,14.0,12.0,2.0,0.0,0.0,0.0,0.0,0.0
인천광역시,서구,가좌동,신가좌,0,0,0,0,0,0,0,0,14.0,12.0,2.0,0.0,0.0,0.0,0.0,0.0
인천광역시,서구,가좌동,신가좌,0,0,0,0,0,0,0,0,14.0,12.0,2.0,0.0,0.0,0.0,0.0,0.0
인천광역시,서구,가좌동,신가좌,0,0,0,0,0,0,0,0,14.0,12.0,2.0,0.0,0.0,0.0,0.0,0.0
인천광역시,서구,가좌동,신가좌,0,0,0,0,0,0,0,0,14.0,12.0,2.0,0.0,0.0,0.0,0.0,0.0
인천광역시,서구,가좌동,신가좌,0,0,0,0,0,0,0,0,14.0,12.0,2.0,0.0,0.0,0.0,0.0,0.0
인천광역시,서구,가좌동,신가좌,0,0,0,0,0,0,0,0,14.0,12.0,2.0,0.0,0.0,0.0,0.0,0.0
인천광역시,서구,가좌동,신현,0,0,0,0,0,0,0,0,8.0,7.0,1.0,0.0,0.0,0.0,0.0,0.0
인천광역시,서구,가좌동,신현,0,0,0,0,0,0,0,0,8.0,7.0,1.0,0.0,0.0,0.0,0.0,0.0
인천광역시,서구,금곡동,양촌,0,0,0,0,0,0,0,0,9.0,8.0,0.0,1.0,0.0,0.0,0.0,0.0
인천광역시,서구,금곡동,양촌,0,0,0,0,0,0,0,0,9.0,8.0,0.0,1.0,0.0,0.0,0.0,0.0
인천광역시,서구,오류동,왕길,0,0,0,0,0,0,0,0,,,,,,,,
인천광역시,서구,석남동,원창,0,0,0,0,0,0,0,0,,,,,,,,
인천광역시,서구,대곡동,장기,0,0,0,0,0,0,0,0,6.0,4.0,2.0,0.0,0.0,0.0,0.0,0.0
인천광역시,서구,대곡동,장기,0,0,0,0,0,0,0,0,6.0,4.0,2.0,0.0,0.0,0.0,0.0,0.0
인천광역시,서구,청라동,청라,0,0,0,0,0,0,0,0,,,,,,,,
인천광역시,강화군,강화읍,강화,0,0,0,0,0,0,0,0,6.0,4.0,2.0,0.0,0.0,0.0,0.0,0.0
인천광역시,강화군,교동면,서강화,0,0,0,0,0,0,0,0,8.0,2.0,2.0,4.0,0.0,0.0,0.0,0.0
대전광역시,대전광역시동구,가오동,남대전,0,0,0,0,0,0,0,0,,,,,,,,
대전광역시,동구,내탑동,동대전,185,0,0,0,0,0,0,185,8.0,7.0,0.0,1.0,0.0,0.0,0.0,0.0
대전광역시,동구,용계동,신계룡,0,0,0,0,0,0,0,0,16.0,10.0,0.0,6.0,0.0,0.0,0.0,0.0
대전광역시,동구,용계동,신계룡,0,0,0,0,0,0,0,0,16.0,10.0,0.0,6.0,0.0,0.0,0.0,0.0
대전광역시,동구,용계동,신계룡,0,0,0,0,0,0,0,0,16.0,10.0,0.0,6.0,0.0,0.0,0.0,0.0
대전광역시,동구,용계동,신계룡,0,0,0,0,0,0,0,0,16.0,10.0,0.0,6.0,0.0,0.0,0.0,0.0
대전광역시,동구,용계동,신계룡,0,0,0,0,0,0,0,0,16.0,10.0,0.0,6.0,0.0,0.0,0.0,0.0
대전광역시,동구,용계동,신계룡,0,0,0,0,0,0,0,0,16.0,10.0,0.0,6.0,0.0,0.0,0.0,0.0
대전광역시,동구,대동,신흥,0,0,0,0,0,0,0,0,8.0,6.0,0.0,2.0,0.0,0.0,0.0,0.0
대전광역시,동구,가양동,용운,0,0,0,0,0,0,0,0,8.0,4.0,0.0,4.0,0.0,0.0,0.0,0.0
대전광역시,중구,태평동,신계룡,0,0,0,0,0,0,0,0,16.0,10.0,0.0,6.0,0.0,0.0,0.0,0.0
대전광역시,중구,태평동,신계룡,0,0,0,0,0,0,0,0,16.0,10.0,0.0,6.0,0.0,0.0,0.0,0.0
대전광역시,중구,태평동,신계룡,0,0,0,0,0,0,0,0,16.0,10.0,0.0,6.0,0.0,0.0,0.0,0.0
대전광역시,중구,태평동,신계룡,0,0,0,0,0,0,0,0,16.0,10.0,0.0,6.0,0.0,0.0,0.0,0.0
대전광역시,중구,태평동,신계룡,0,0,0,0,0,0,0,0,16.0,10.0,0.0,6.0,0.0,0.0,0.0,0.0
대전광역시,중구,태평동,신계룡,0,0,0,0,0,0,0,0,16.0,10.0,0.0,6.0,0.0,0.0,0.0,0.0
대전광역시,대전광역시중구,태평동,유천,0,0,0,0,0,0,0,0,,,,,,,,
대전광역시,서구,가수원동,가수원,0,0,0,0,0,0,0,0,8.0,5.0,0.0,3.0,0.0,0.0,0.0,0.0
대전광역시,서구,둔산동,둔산,30,0,0,0,0,0,0,30,8.0,5.0,0.0,3.0,0.0,0.0,0.0,0.0
대전광역시,서구,갈마동,둔지,190,0,0,0,0,0,0,190,8.0,3.0,0.0,5.0,0.0,0.0,0.0,0.0
대전광역시,서구,내동,서대전,0,0,0,0,0,0,0,0,8.0,5.0,0.0,3.0,0.0,0.0,0.0,0.0
대전광역시,서구,평촌동,세종,265,365,360,310,0,0,0,265,18.0,10.0,0.0,8.0,0.0,0.0,0.0,0.0
대전광역시,서구,평촌동,세종,265,365,360,310,0,0,0,265,18.0,10.0,0.0,8.0,0.0,0.0,0.0,0.0
대전광역시,서구,평촌동,세종,265,365,360,310,0,0,0,265,18.0,10.0,0.0,8.0,0.0,0.0,0.0,0.0
대전광역시,서구,평촌동,세종,265,365,360,310,0,0,0,265,18.0,10.0,0.0,8.0,0.0,0.0,0.0,0.0
대전광역시,서구,가수원동,신계룡,0,0,0,0,0,0,0,0,16.0,10.0,0.0,6.0,0.0,0.0,0.0,0.0
대전광역시,서구,가수원동,신계룡,0,0,0,0,0,0,0,0,16.0,10.0,0.0,6.0,0.0,0.0,0.0,0.0
대전광역시,서구,가수원동,신계룡,0,0,0,0,0,0,0,0,16.0,10.0,0.0,6.0,0.0,0.0,0.0,0.0
대전광역시,서구,가수원동,신계룡,0,0,0,0,0,0,0,0,16.0,10.0,0.0,6.0,0.0,0.0,0.0,0.0
대전광역시,서구,가수원동,신계룡,0,0,0,0,0,0,0,0,16.0,10.0,0.0,6.0,0.0,0.0,0.0,0.0
대전광역시,서구,가수원동,신계룡,0,0,0,0,0,0,0,0,16.0,10.0,0.0,6.0,0.0,0.0,0.0,0.0
대전광역시,서구,월평동,청양,0,0,0,0,0,0,0,0,12.0,6.0,0.0,6.0,0.0,0.0,0.0,0.0
대전광역시,서구,월평동,청양,0,0,0,0,0,0,0,0,12.0,6.0,0.0,6.0,0.0,0.0,0.0,0.0
대전광역시,서구,월평동,청양,0,0,0,0,0,0,0,0,12.0,6.0,0.0,6.0,0.0,0.0,0.0,0.0
대전광역시,서구,월평동,청양,0,0,0,0,0,0,0,0,12.0,6.0,0.0,6.0,0.0,0.0,0.0,0.0
대전광역시,서구,월평동,청양,0,0,0,0,0,0,0,0,12.0,6.0,0.0,6.0,0.0,0.0,0.0,0.0
대전광역시,서구,월평동,청양,0,0,0,0,0,0,0,0,12.0,6.0,0.0,6.0,0.0,0.0,0.0,0.0
대전광역시,유성구,가정동,대덕,220,0,0,0,0,0,0,220,8.0,6.0,0.0,2.0,0.0,0.0,0.0,0.0
대전광역시,유성구,관평동,덕진,30,0,0,0,0,0,0,30,12.0,10.0,0.0,2.0,0.0,0.0,0.0,0.0
대전광역시,유성구,구룡동,둔곡,205,115,115,105,0,0,0,205,8.0,5.0,0.0,3.0,0.0,0.0,0.0,0.0
대전광역시,유성구,탑립동,세종,265,365,360,310,0,0,0,265,18.0,10.0,0.0,8.0,0.0,0.0,0.0,0.0
대전광역시,유성구,탑립동,세종,265,365,360,310,0,0,0,265,18.0,10.0,0.0,8.0,0.0,0.0,0.0,0.0
대전광역시,유성구,탑립동,세종,265,365,360,310,0,0,0,265,18.0,10.0,0.0,8.0,0.0,0.0,0.0,0.0
대전광역시,유성구,탑립동,세종,265,365,360,310,0,0,0,265,18.0,10.0,0.0,8.0,0.0,0.0,0.0,0.0
대전광역시,유성구,금탄동,송강,205,115,120,105,0,0,0,205,8.0,4.0,3.0,1.0,0.0,0.0,0.0,0.0
대전광역시,유성구,세동,신계룡,0,0,0,0,0,0,0,0,16.0,10.0,0.0,6.0,0.0,0.0,0.0,0.0
대전광역시,유성구,세동,신계룡,0,0,0,0,0,0,0,0,16.0,10.0,0.0,6.0,0.0,0.0,0.0,0.0
대전광역시,유성구,세동,신계룡,0,0,0,0,0,0,0,0,16.0,10.0,0.0,6.0,0.0,0.0,0.0,0.0
대전광역시,유성구,세동,신계룡,0,0,0,0,0,0,0,0,16.0,10.0,0.0,6.0,0.0,0.0,0.0,0.0
대전광역시,유성구,세동,신계룡,0,0,0,0,0,0,0,0,16.0,10.0,0.0,6.0,0.0,0.0,0.0,0.0
대전광역시,유성구,세동,신계룡,0,0,0,0,0,0,0,0,16.0,10.0,0.0,6.0,0.0,0.0,0.0,0.0
대전광역시,유성구,죽동,용계(건설중),0,0,0,0,0,0,0,0,,,,,,,,
대전광역시,유성구,갑동,유성,30,0,0,0,0,0,0,30,8.0,5.0,0.0,3.0,0.0,0.0,0.0,0.0
대전광역시,유성구,봉명동,청양,0,0,0,0,0,0,0,0,12.0,6.0,0.0,6.0,0.0,0.0,0.0,0.0
대전광역시,유성구,봉명동,청양,0,0,0,0,0,0,0,0,12.0,6.0,0.0,6.0,0.0,0.0,0.0,0.0
대전광역시,유성구,봉명동,청양,0,0,0,0,0,0,0,0,12.0,6.0,0.0,6.0,0.0,0.0,0.0,0.0
대전광역시,유성구,봉명동,청양,0,0,0,0,0,0,0,0,12.0,6.0,0.0,6.0,0.0,0.0,0.0,0.0
대전광역시,유성구,봉명동,청양,0,0,0,0,0,0,0,0,12.0,6.0,0.0,6.0,0.0,0.0,0.0,0.0
대전광역시,유성구,봉명동,청양,0,0,0,0,0,0,0,0,12.0,6.0,0.0,6.0,0.0,0.0,0.0,0.0
대전광역시,대덕구,대화동,대화,0,0,0,0,0,0,0,0,8.0,8.0,0.0,0.0,0.0,0.0,0.0,0.0
대전광역시,대덕구,석봉동,세종,265,365,360,310,0,0,0,265,18.0,10.0,0.0,8.0,0.0,0.0,0.0,0.0
대전광역시,대덕구,석봉동,세종,265,365,360,310,0,0,0,265,18.0,10.0,0.0,8.0,0.0,0.0,0.0,0.0
대전광역시,대덕구,석봉동,세종,265,365,360,310,0,0,0,265,18.0,10.0,0.0,8.0,0.0,0.0,0.0,0.0
대전광역시,대덕구,석봉동,세종,265,365,360,310,0,0,0,265,18.0,10.0,0.0,8.0,0.0,0.0,0.0,0.0
대전광역시,대덕구,신대동,신일,245,175,180,165,0,0,0,245,8.0,8.0,-1.0,1.0,0.0,0.0,0.0,0.0
대전광역시,대덕구,갈전동,신탄진,130,60,60,45,0,0,0,130,10.0,6.0,2.0,2.0,0.0,0.0,0.0,0.0
대전광역시,대덕구,장동,청양,0,0,0,0,0,0,0,0,12.0,6.0,0.0,6.0,0.0,0.0,0.0,0.0
대전광역시,대덕구,장동,청양,0,0,0,0,0,0,0,0,12.0,6.0,0.0,6.0,0.0,0.0,0.0,0.0
대전광역시,대덕구,장동,청양,0,0,0,0,0,0,0,0,12.0,6.0,0.0,6.0,0.0,0.0,0.0,0.0
대전광역시,대덕구,장동,청양,0,0,0,0,0,0,0,0,12.0,6.0,0.0,6.0,0.0,0.0,0.0,0.0
대전광역시,대덕구,장동,청양,0,0,0,0,0,0,0,0,12.0,6.0,0.0,6.0,0.0,0.0,0.0,0.0
대전광역시,대덕구,장동,청양,0,0,0,0,0,0,0,0,12.0,6.0,0.0,6.0,0.0,0.0,0.0,0.0
울산광역시,중구,남외동,북울산,0,0,0,0,95,105,115,0,8.0,4.0,1.0,3.0,0.0,0.0,0.0,0.0
울산광역시,중구,남외동,북울산,0,0,0,0,95,105,115,0,8.0,4.0,1.0,3.0,0.0,0.0,0.0,0.0
울산광역시,중구,다운동,태화,0,0,0,0,140,150,160,0,8.0,4.0,0.0,4.0,0.0,0.0,0.0,0.0
울산광역시,중구,반구동,효문,0,0,0,0,135,240,415,0,8.0,4.0,3.0,1.0,0.0,0.0,0.0,0.0
울산광역시,중구,반구동,효문,0,0,0,0,135,240,415,0,8.0,4.0,3.0,1.0,0.0,0.0,0.0,0.0
울산광역시,남구,두왕동,두왕,0,0,0,0,55,100,175,0,8.0,4.0,0.0,4.0,0.0,0.0,0.0,0.0
울산광역시,남구,두왕동,두왕,0,0,0,0,55,100,175,0,8.0,4.0,0.0,4.0,0.0,0.0,0.0,0.0
울산광역시,남구,달동,매암,0,0,0,0,0,0,0,0,8.0,7.0,1.0,0.0,0.0,0.0,0.0,0.0
울산광역시,울산광역시남구,용연동,성암개폐소,0,0,0,0,0,0,0,0,,,,,,,,
울산광역시,남구,신정동,옥동,0,0,0,0,0,0,0,0,10.0,4.0,2.0,4.0,0.0,0.0,0.0,0.0
울산광역시,남구,고사동,용연,0,0,0,0,0,0,0,0,11.0,11.0,0.0,0.0,0.0,0.0,0.0,0.0
울산광역시,남구,매암동,울산,0,0,0,0,0,0,0,0,15.0,15.0,0.0,0.0,0.0,0.0,0.0,0.0
울산광역시,동구,방어동,방어진,0,0,0,0,0,0,0,0,8.0,8.0,0.0,0.0,0.0,0.0,0.0,0.0
울산광역시,동구,방어동,방어진,0,0,0,0,0,0,0,0,8.0,8.0,0.0,0.0,0.0,0.0,0.0,0.0
울산광역시,동구,주전동,산하,740,135,125,495,475,350,330,740,8.0,4.0,0.0,4.0,0.0,0.0,0.0,0.0
울산광역시,동구,주전동,산하,740,135,125,495,475,350,330,740,8.0,4.0,0.0,4.0,0.0,0.0,0.0,0.0
울산광역시,북구,달천동,매곡,20,10,5,15,95,105,115,20,12.0,4.0,0.0,8.0,0.0,0.0,0.0,0.0
울산광역시,북구,염포동,방어진,0,0,0,0,0,0,0,0,8.0,8.0,0.0,0.0,0.0,0.0,0.0,0.0
울산광역시,북구,염포동,방어진,0,0,0,0,0,0,0,0,8.0,8.0,0.0,0.0,0.0,0.0,0.0,0.0
울산광역시,북구,가대동,북울산,0,0,0,0,95,105,115,0,8.0,4.0,1.0,3.0,0.0,0.0,0.0,0.0
울산광역시,북구,가대동,북울산,0,0,0,0,95,105,115,0,8.0,4.0,1.0,3.0,0.0,0.0,0.0,0.0
울산광역시,북구,구유동,산하,740,135,125,495,475,350,330,740,8.0,4.0,0.0,4.0,0.0,0.0,0.0,0.0
울산광역시,북구,구유동,산하,740,135,125,495,475,350,330,740,8.0,4.0,0.0,4.0,0.0,0.0,0.0,0.0
울산광역시,북구,명촌동,효문,0,0,0,0,135,240,415,0,8.0,4.0,3.0,1.0,0.0,0.0,0.0,0.0
울산광역시,북구,명촌동,효문,0,0,0,0,135,240,415,0,8.0,4.0,3.0,1.0,0.0,0.0,0.0,0.0
울산광역시,울주군,온산읍,당월,0,0,0,0,0,0,0,0,8.0,5.0,2.0,1.0,0.0,0.0,0.0,0.0
울산광역시,울주군,청량읍,두왕,0,0,0,0,55,100,175,0,8.0,4.0,0.0,4.0,0.0,0.0,0.0,0.0
울산광역시,울주군,청량읍,두왕,0,0,0,0,55,100,175,0,8.0,4.0,0.0,4.0,0.0,0.0,0.0,0.0
울산광역시,울주군,서생면,명례,0,0,0,0,55,95,165,0,8.0,7.0,0.0,1.0,0.0,0.0,0.0,0.0
울산광역시,울주군,서생면,명례,0,0,0,0,55,95,165,0,8.0,7.0,0.0,1.0,0.0,0.0,0.0,0.0
울산광역시,울주군,삼남읍,반천,0,0,0,130,200,150,135,0,8.0,5.0,0.0,3.0,0.0,0.0,0.0,0.0
울산광역시,울주군,삼남읍,언양,0,0,0,0,310,265,265,0,10.0,8.0,0.0,2.0,0.0,0.0,0.0,0.0
울산광역시,울주군,삼남읍,언양,0,0,0,0,310,265,265,0,10.0,8.0,0.0,2.0,0.0,0.0,0.0,0.0
울산광역시,울주군,온산읍,온산,0,0,0,0,0,0,0,0,9.0,9.0,0.0,0.0,0.0,0.0,0.0,0.0
울산광역시,울주군,언양읍,울주,0,0,0,0,0,0,0,0,15.0,12.0,0.0,3.0,0.0,0.0,0.0,0.0
울산광역시,울주군,웅촌면,웅촌,0,0,0,0,110,105,105,0,11.0,6.0,0.0,5.0,0.0,0.0,0.0,0.0
울산광역시,울주군,서생면,장안,0,0,0,0,0,0,0,0,8.0,5.0,3.0,0.0,0.0,0.0,0.0,0.0
울산광역시,울주군,서생면,장안,0,0,0,0,0,0,0,0,8.0,5.0,3.0,0.0,0.0,0.0,0.0,0.0
울산광역시,울주군,두서면,직동,0,0,0,0,0,0,0,0,8.0,4.0,0.0,4.0,0.0,0.0,0.0,0.0
울산광역시,울주군,온산읍,처용,0,0,0,0,0,0,0,0,,,,,,,,
세종특별자치시,세종시,용호동,동세종(건설중),0,255,590,535,0,0,0,0,,,,,,,,
세종특별자치시,세종특별자치시,부강면,부강,125,60,55,45,0,0,0,125,8.0,6.0,0.0,2.0,0.0,0.0,0.0,0.0
세종특별자치시,세종시,전의면,북세종(건설중),0,0,505,460,0,0,0,0,,,,,,,,
세종특별자치시,세종특별자치시,가람동,서세종,0,0,0,0,0,0,0,0,8.0,6.0,2.0,0.0,0.0,0.0,0.0,0.0
세종특별자치시,세종특별자치시,보람동,세종,265,365,360,310,0,0,0,265,18.0,10.0,0.0,8.0,0.0,0.0,0.0,0.0
세종특별자치시,세종특별자치시,보람동,세종,265,365,360,310,0,0,0,265,18.0,10.0,0.0,8.0,0.0,0.0,0.0,0.0
세종특별자치시,세종특별자치시,보람동,세종,265,365,360,310,0,0,0,265,18.0,10.0,0.0,8.0,0.0,0.0,0.0,0.0
세종특별자치시,세종특별자치시,보람동,세종,265,365,360,310,0,0,0,265,18.0,10.0,0.0,8.0,0.0,0.0,0.0,0.0
세종특별자치시,세종특별자치시,연기면,월산,260,250,355,270,0,0,0,260,8.0,6.0,0.0,2.0,0.0,0.0,0.0,0.0
세종특별자치시,세종특별자치시,소정면,전의,195,185,160,215,190,80,0,195,8.0,7.0,0.0,1.0,0.0,0.0,0.0,0.0
세종특별자치시,세종특별자치시,연서면,조치원,240,235,385,290,0,0,0,240,12.0,7.0,0.0,5.0,0.0,0.0,0.0,0.0
경기도,수원시장안구,상광교동,우만,0,0,0,0,0,0,50,0,8.0,4.0,0.0,4.0,0.0,0.0,0.0,0.0
경기도,수원시장안구,상광교동,우만,0,0,0,0,0,0,50,0,8.0,4.0,0.0,4.0,0.0,0.0,0.0,0.0
경기도,수원시장안구,송죽동,율전,0,0,0,0,0,0,0,0,9.0,9.0,0.0,0.0,0.0,0.0,0.0,0.0
경기도,수원시장안구,송죽동,율전,0,0,0,0,0,0,0,0,9.0,9.0,0.0,0.0,0.0,0.0,0.0,0.0
경기도,수원시장안구,왕곡동,의왕,0,0,0,0,0,0,0,0,11.0,9.0,0.0,2.0,0.0,0.0,0.0,0.0
경기도,수원시장안구,왕곡동,의왕,0,0,0,0,0,0,0,0,11.0,9.0,0.0,2.0,0.0,0.0,0.0,0.0
경기도,수원시장안구,왕곡동,의왕,0,0,0,0,0,0,0,0,11.0,9.0,0.0,2.0,0.0,0.0,0.0,0.0
경기도,수원시권선구,오목천동,권선(건설중),0,0,0,0,0,0,300,0,,,,,,,,
경기도,수원시권선구,대황교동,남수원,0,0,0,0,0,0,280,0,,,,,,,,
경기도,수원시권선구,대황교동,남수원,0,0,0,0,0,0,280,0,,,,,,,,
경기도,수원시권선구,대황교동,남수원,0,0,0,0,0,0,280,0,,,,,,,,
경기도,수원시권선구,평동,당수(건설중),0,0,0,0,0,0,50,0,,,,,,,,
경기도,수원시권선구,매송면,봉담,65,65,65,40,35,40,270,65,8.0,4.0,0.0,4.0,0.0,0.0,0.0,0.0
경기도,수원시권선구,매송면,봉담,65,65,65,40,35,40,270,65,8.0,4.0,0.0,4.0,0.0,0.0,0.0,0.0
경기도,수원시권선구,구운동,서수원,0,0,0,0,0,0,50,0,9.0,8.0,1.0,0.0,0.0,0.0,0.0,0.0
경기도,수원시권선구,구운동,서수원,0,0,0,0,0,0,50,0,9.0,8.0,1.0,0.0,0.0,0.0,0.0,0.0
경기도,수원시권선구,고색동,호매실,0,0,0,0,0,0,0,0,7.0,2.0,4.0,1.0,0.0,0.0,0.0,0.0
경기도,수원시팔달구,매향동,우만,0,0,0,0,0,0,50,0,8.0,4.0,0.0,4.0,0.0,0.0,0.0,0.0
경기도,수원시팔달구,매향동,우만,0,0,0,0,0,0,50,0,8.0,4.0,0.0,4.0,0.0,0.0,0.0,0.0
경기도,수원시팔달구,고등동,율전,0,0,0,0,0,0,0,0,9.0,9.0,0.0,0.0,0.0,0.0,0.0,0.0
경기도,수원시팔달구,고등동,율전,0,0,0,0,0,0,0,0,9.0,9.0,0.0,0.0,0.0,0.0,0.0,0.0
경기도,수원시영통구,망포동,농서,0,0,0,0,0,0,0,0,12.0,8.0,1.0,3.0,0.0,0.0,0.0,0.0
경기도,수원시영통구,망포동,농서,0,0,0,0,0,0,0,0,12.0,8.0,1.0,3.0,0.0,0.0,0.0,0.0
경기도,수원시영통구,매탄동,동수원#2(건설중),0,0,0,0,0,0,150,0,,,,,,,,
경기도,수원시영통구,영통동,신갈,0,0,0,0,0,0,50,0,,,,,,,,
경기도,수원시영통구,영통동,신갈,0,0,0,0,0,0,50,0,,,,,,,,
경기도,수원시영통구,이의동,이의,0,0,0,0,0,0,0,0,12.0,9.0,1.0,2.0,0.0,0.0,0.0,0.0
경기도,성남시수정구,금토동,동판교,0,0,0,0,0,0,0,0,12.0,9.0,0.0,3.0,0.0,0.0,0.0,0.0
경기도,성남시수정구,금토동,동판교,0,0,0,0,0,0,0,0,12.0,9.0,0.0,3.0,0.0,0.0,0.0,0.0
경기도,성남시수정구,고등동,중원,0,0,0,0,0,0,0,0,8.0,4.0,0.0,4.0,0.0,0.0,0.0,0.0
경기도,성남시수정구,고등동,중원,0,0,0,0,0,0,0,0,8.0,4.0,0.0,4.0,0.0,0.0,0.0,0.0
경기도,성남시중원구,갈현동,성현,0,0,0,0,0,0,0,0,15.0,13.0,0.0,2.0,0.0,0.0,0.0,0.0
경기도,성남시중원구,갈현동,성현,0,0,0,0,0,0,0,0,15.0,13.0,0.0,2.0,0.0,0.0,0.0,0.0
경기도,성남시중원구,도촌동,야탑,0,0,0,0,0,0,0,0,7.0,4.0,0.0,3.0,0.0,0.0,0.0,0.0
경기도,성남시중원구,도촌동,야탑,0,0,0,0,0,0,0,0,7.0,4.0,0.0,3.0,0.0,0.0,0.0,0.0
경기도,성남시중원구,성남동,중원,0,0,0,0,0,0,0,0,8.0,4.0,0.0,4.0,0.0,0.0,0.0,0.0
경기도,성남시중원구,성남동,중원,0,0,0,0,0,0,0,0,8.0,4.0,0.0,4.0,0.0,0.0,0.0,0.0
경기도,성남시분당구,백현동,동판교,0,0,0,0,0,0,0,0,12.0,9.0,0.0,3.0,0.0,0.0,0.0,0.0
경기도,성남시분당구,백현동,동판교,0,0,0,0,0,0,0,0,12.0,9.0,0.0,3.0,0.0,0.0,0.0,0.0
경기도,성남시분당구,분당동,분당,0,0,0,0,0,0,0,0,14.0,14.0,-6.0,6.0,0.0,0.0,0.0,0.0
경기도,성남시분당구,대장동,서판교,0,0,0,0,0,0,0,0,8.0,6.0,1.0,1.0,0.0,0.0,0.0,0.0
경기도,성남시분당구,야탑동,야탑,0,0,0,0,0,0,0,0,7.0,4.0,0.0,3.0,0.0,0.0,0.0,0.0
경기도,성남시분당구,야탑동,야탑,0,0,0,0,0,0,0,0,7.0,4.0,0.0,3.0,0.0,0.0,0.0,0.0
경기도,성남시분당구,궁내동,정자,0,0,0,0,0,0,0,0,8.0,7.0,1.0,0.0,0.0,0.0,0.0,0.0
경기도,성남시분당구,구미동,죽전,0,0,0,0,0,0,0,0,8.0,4.0,2.0,2.0,0.0,0.0,0.0,0.0
경기도,성남시분당구,구미동,죽전,0,0,0,0,0,0,0,0,8.0,4.0,2.0,2.0,0.0,0.0,0.0,0.0
경기도,성남시분당구,구미동,죽전,0,0,0,0,0,0,0,0,8.0,4.0,2.0,2.0,0.0,0.0,0.0,0.0
경기도,의정부시,용현동,가능(건설중),0,0,0,0,0,120,120,0,,,,,,,,
경기도,의정부시,금오동,금오,0,0,0,0,0,0,0,0,11.0,6.0,1.0,4.0,0.0,0.0,0.0,0.0
경기도,의정부시,가능동,녹양,0,0,0,0,0,0,0,0,6.0,4.0,0.0,2.0,0.0,0.0,0.0,0.0
경기도,의정부시,가능동,녹양,0,0,0,0,0,0,0,0,6.0,4.0,0.0,2.0,0.0,0.0,0.0,0.0
경기도,의정부시,장암동,도봉,0,0,0,0,0,0,0,0,,,,,,,,
경기도,의정부시,고산동,용현,0,0,0,0,0,0,0,0,12.0,6.0,1.0,5.0,0.0,0.0,0.0,0.0
경기도,안양시만안구,박달동,서안양,0,0,0,0,0,0,0,0,8.0,4.0,3.0,1.0,0.0,0.0,0.0,0.0
경기도,안양시만안구,박달동,서안양,0,0,0,0,0,0,0,0,8.0,4.0,3.0,1.0,0.0,0.0,0.0,0.0
경기도,안양시만안구,안양동,안양,0,0,0,0,0,0,0,0,12.0,4.0,2.0,6.0,0.0,0.0,0.0,0.0
경기도,안양시동안구,관양동,관양,150,150,150,150,150,150,150,150,8.0,6.0,0.0,2.0,0.0,0.0,0.0,0.0
경기도,안양시동안구,평촌동,동안양,0,0,0,0,0,0,0,0,7.0,7.0,0.0,0.0,0.0,0.0,0.0,0.0
경기도,안양시동안구,평촌동,동안양,0,0,0,0,0,0,0,0,7.0,7.0,0.0,0.0,0.0,0.0,0.0,0.0
경기도,안양시동안구,비산동,안양2C/C,0,0,0,150,150,150,150,0,,,,,,,,
경기도,안양시동안구,비산동,안양2C/C,0,0,0,150,150,150,150,0,,,,,,,,
경기도,안양시동안구,비산동,평촌,0,0,0,0,0,0,0,0,,,,,,,,
경기도,,고강동,고강,0,0,0,0,0,0,0,0,8.0,5.0,3.0,0.0,0.0,0.0,0.0,0.0
경기도,,도당동,도당,0,0,0,0,0,0,0,0,8.0,5.0,3.0,0.0,0.0,0.0,0.0,0.0
경기도,,부개동,부개,0,0,0,0,0,0,0,0,8.0,6.0,0.0,2.0,0.0,0.0,0.0,0.0
경기도,,부개동,부개,0,0,0,0,0,0,0,0,8.0,6.0,0.0,2.0,0.0,0.0,0.0,0.0
경기도,,내동,부천,0,0,0,0,0,0,0,0,11.0,11.0,1.0,-1.0,0.0,0.0,0.0,0.0
경기도,,괴안동,역곡,0,0,0,0,0,0,0,0,8.0,2.0,5.0,1.0,0.0,0.0,0.0,0.0
경기도,,상동,원미,0,0,0,0,0,0,0,0,8.0,5.0,3.0,0.0,0.0,0.0,0.0,0.0
경기도,,내동,중동,0,0,0,0,0,0,0,0,14.0,14.0,0.0,0.0,0.0,0.0,0.0,0.0
경기도,,내동,중동,0,0,0,0,0,0,0,0,14.0,14.0,0.0,0.0,0.0,0.0,0.0,0.0
경기도,,옥길동,천왕,0,0,0,0,0,0,0,0,9.0,9.0,0.0,0.0,0.0,0.0,0.0,0.0
경기도,,옥길동,천왕,0,0,0,0,0,0,0,0,9.0,9.0,0.0,0.0,0.0,0.0,0.0,0.0
경기도,,옥길동,천왕,0,0,0,0,0,0,0,0,9.0,9.0,0.0,0.0,0.0,0.0,0.0,0.0
경기도,광명시,광명동,광명,0,0,0,0,0,40,40,0,6.0,5.0,0.0,1.0,0.0,0.0,0.0,0.0
경기도,광명시,옥길동,광일(건설중),0,0,0,0,0,0,0,0,,,,,,,,
경기도,광명시,가학동,남광명1(건설중),0,0,0,0,0,0,0,0,,,,,,,,
경기도,광명시,노온사동,시흥,0,0,0,0,0,0,0,0,5.0,5.0,0.0,0.0,0.0,0.0,0.0,0.0
경기도,광명시,노온사동,시흥,0,0,0,0,0,0,0,0,5.0,5.0,0.0,0.0,0.0,0.0,0.0,0.0
경기도,광명시,노온사동,시흥,0,0,0,0,0,0,0,0,5.0,5.0,0.0,0.0,0.0,0.0,0.0,0.0
경기도,광명시,광명동,신광명,0,0,0,0,0,0,0,0,19.0,12.0,0.0,7.0,0.0,0.0,0.0,0.0
경기도,광명시,광명동,신광명,0,0,0,0,0,0,0,0,19.0,12.0,0.0,7.0,0.0,0.0,0.0,0.0
경기도,광명시,광명동,신광명,0,0,0,0,0,0,0,0,19.0,12.0,0.0,7.0,0.0,0.0,0.0,0.0
경기도,광명시,광명동,신광명,0,0,0,0,0,0,0,0,19.0,12.0,0.0,7.0,0.0,0.0,0.0,0.0
경기도,광명시,광명동,신광명,0,0,0,0,0,0,0,0,19.0,12.0,0.0,7.0,0.0,0.0,0.0,0.0
경기도,광명시,광명동,신광명,0,0,0,0,0,0,0,0,19.0,12.0,0.0,7.0,0.0,0.0,0.0,0.0
경기도,광명시,옥길동,천왕,0,0,0,0,0,0,0,0,9.0,9.0,0.0,0.0,0.0,0.0,0.0,0.0
경기도,광명시,옥길동,천왕,0,0,0,0,0,0,0,0,9.0,9.0,0.0,0.0,0.0,0.0,0.0,0.0
경기도,광명시,옥길동,천왕,0,0,0,0,0,0,0,0,9.0,9.0,0.0,0.0,0.0,0.0,0.0,0.0
경기도,광명시,하안동,학온(건설중),0,0,0,0,0,0,0,0,,,,,,,,
경기도,평택시,도일동,도일(건설중),0,0,0,0,0,0,0,0,,,,,,,,
경기도,평택시,신장동,동평택(SA),0,0,0,0,0,0,0,0,8.0,2.0,2.0,4.0,0.0,0.0,0.0,0.0
경기도,평택시,신평면,만호,0,0,0,0,0,0,0,0,12.0,6.0,0.0,6.0,0.0,0.0,0.0,0.0
경기도,평택시,가재동,방여울,0,0,0,0,0,0,0,0,,,,,,,,
경기도,평택시,장안동,북장안,0,0,0,0,0,0,0,0,,,,,,,,
경기도,평택시,가재동,북평택(건설중),0,0,0,5,0,0,0,0,,,,,,,,
경기도,평택시,현덕면,북현덕,0,0,0,0,0,0,0,0,,,,,,,,
경기도,평택시,서탄면,서탄(건설중),0,0,0,0,0,0,0,0,,,,,,,,
경기도,평택시,통복동,소사벌,0,0,0,0,0,0,0,0,8.0,2.0,2.0,4.0,0.0,0.0,0.0,0.0
경기도,평택시,통복동,소사벌,0,0,0,0,0,0,0,0,8.0,2.0,2.0,4.0,0.0,0.0,0.0,0.0
경기도,평택시,장안동,송탄,0,0,0,0,0,0,0,0,,,,,,,,
경기도,평택시,서탄면,오산,0,0,0,0,0,0,0,0,8.0,8.0,0.0,0.0,0.0,0.0,0.0,0.0
경기도,평택시,서탄면,오산,0,0,0,0,0,0,0,0,8.0,8.0,0.0,0.0,0.0,0.0,0.0,0.0
경기도,평택시,포승읍,원정,0,0,0,0,0,0,0,0,12.0,5.0,0.0,7.0,0.0,0.0,0.0,0.0
경기도,평택시,청북읍,율북,0,0,0,0,0,0,0,0,,,,,,,,
경기도,평택시,독곡동,진위,0,0,0,0,0,0,0,0,12.0,5.0,0.0,7.0,0.0,0.0,0.0,0.0
경기도,평택시,독곡동,진위,0,0,0,0,0,0,0,0,12.0,5.0,0.0,7.0,0.0,0.0,0.0,0.0
경기도,평택시,오성면,청북,0,0,0,0,0,0,0,0,11.0,8.0,2.0,1.0,0.0,0.0,0.0,0.0
경기도,평택시,군문동,추팔,0,0,0,0,0,0,0,0,8.0,8.0,0.0,0.0,0.0,0.0,0.0,0.0
경기도,평택시,팽성읍,팽성,80,0,0,0,0,0,0,80,12.0,2.0,2.0,8.0,0.0,0.0,0.0,0.0
경기도,평택시,현덕면,포승,0,0,0,0,0,0,0,0,8.0,6.0,0.0,2.0,0.0,0.0,0.0,0.0
경기도,평택시,현덕면,현덕(건설중),0,0,0,0,0,0,0,0,,,,,,,,
경기도,평택시,고덕면,희곡,0,0,0,0,0,0,0,0,,,,,,,,
경기도,동두천시,걸산동,동두천,0,0,0,0,0,0,0,0,8.0,4.0,2.0,2.0,0.0,0.0,0.0,0.0
경기도,동두천시,걸산동,동두천,0,0,0,0,0,0,0,0,8.0,4.0,2.0,2.0,0.0,0.0,0.0,0.0
경기도,안산시상록구,사사동,남군포,0,0,0,0,0,0,0,0,10.0,9.0,1.0,0.0,0.0,0.0,0.0,0.0
경기도,안산시상록구,사사동,남군포,0,0,0,0,0,0,0,0,10.0,9.0,1.0,0.0,0.0,0.0,0.0,0.0
경기도,안산시상록구,사사동,남군포,0,0,0,0,0,0,0,0,10.0,9.0,1.0,0.0,0.0,0.0,0.0,0.0
경기도,안산시상록구,사동,남안산,150,150,150,150,150,150,150,150,8.0,4.0,1.0,3.0,0.0,0.0,0.0,0.0
경기도,안산시상록구,부곡동,북안산,330,300,300,300,295,340,285,330,8.0,4.0,0.0,4.0,0.0,0.0,0.0,0.0
경기도,안산시상록구,부곡동,북안산,330,300,300,300,295,340,285,330,8.0,4.0,0.0,4.0,0.0,0.0,0.0,0.0
경기도,안산시상록구,부곡동,북안산,330,300,300,300,295,340,285,330,8.0,4.0,0.0,4.0,0.0,0.0,0.0,0.0
경기도,안산시상록구,이동,성포,685,660,510,665,650,690,640,685,8.0,5.0,2.0,1.0,0.0,0.0,0.0,0.0
경기도,안산시상록구,이동,성포,685,660,510,665,650,690,640,685,8.0,5.0,2.0,1.0,0.0,0.0,0.0,0.0
경기도,안산시상록구,건건동,일동,0,0,0,0,0,0,0,0,8.0,8.0,0.0,0.0,0.0,0.0,0.0,0.0
경기도,안산시단원구,목내동,목내,0,0,0,0,0,0,0,0,8.0,7.0,1.0,0.0,0.0,0.0,0.0,0.0
경기도,안산시단원구,신길동,반월,250,220,220,225,215,220,200,250,10.0,8.0,0.0,2.0,0.0,0.0,0.0,0.0
경기도,안산시단원구,와동,북안산,330,300,300,300,295,340,285,330,8.0,4.0,0.0,4.0,0.0,0.0,0.0,0.0
경기도,안산시단원구,와동,북안산,330,300,300,300,295,340,285,330,8.0,4.0,0.0,4.0,0.0,0.0,0.0,0.0
경기도,안산시단원구,와동,북안산,330,300,300,300,295,340,285,330,8.0,4.0,0.0,4.0,0.0,0.0,0.0,0.0
경기도,안산시단원구,대부남동,사강,0,0,0,0,0,400,400,0,8.0,5.0,2.0,1.0,0.0,0.0,0.0,0.0
경기도,안산시단원구,대부남동,사강,0,0,0,0,0,400,400,0,8.0,5.0,2.0,1.0,0.0,0.0,0.0,0.0
경기도,안산시단원구,성곡동,성곡,0,0,0,0,0,0,0,0,8.0,4.0,4.0,0.0,0.0,0.0,0.0,0.0
경기도,안산시단원구,고잔동,성포,685,660,510,665,650,690,640,685,8.0,5.0,2.0,1.0,0.0,0.0,0.0,0.0
경기도,안산시단원구,고잔동,성포,685,660,510,665,650,690,640,685,8.0,5.0,2.0,1.0,0.0,0.0,0.0,0.0
,,,신시화,0,0,0,0,0,0,0,0,10.0,5.0,3.0,2.0,0.0,0.0,0.0,0.0
경기도,안산시단원구,초지동,안산,0,0,0,0,0,0,0,0,9.0,8.0,1.0,0.0,0.0,0.0,0.0,0.0
경기도,안산시단원구,선부동,원곡,250,220,220,225,215,220,200,250,12.0,4.0,0.0,8.0,0.0,0.0,0.0,0.0
경기도,안산시단원구,선부동,원곡,250,220,220,225,215,220,200,250,12.0,4.0,0.0,8.0,0.0,0.0,0.0,0.0
경기도,고양시덕양구,관산동,고양,0,0,0,0,0,0,0,0,8.0,4.0,4.0,0.0,0.0,0.0,0.0,0.0
경기도,고양시덕양구,관산동,고양,0,0,0,0,0,0,0,0,8.0,4.0,4.0,0.0,0.0,0.0,0.0,0.0
경기도,고양시덕양구,관산동,고양,0,0,0,0,0,0,0,0,8.0,4.0,4.0,0.0,0.0,0.0,0.0,0.0
경기도,고양시덕양구,내유동,금촌,0,0,0,0,0,0,0,0,,,,,,,,
경기도,고양시덕양구,내유동,금촌,0,0,0,0,0,0,0,0,,,,,,,,
경기도,고양시덕양구,강매동,능곡,0,0,0,0,0,0,0,0,8.0,6.0,2.0,0.0,0.0,0.0,0.0,0.0
경기도,고양시덕양구,주교동,신덕은,0,0,0,0,0,0,25,0,16.0,10.0,0.0,6.0,0.0,0.0,0.0,0.0
경기도,고양시덕양구,주교동,신덕은,0,0,0,0,0,0,25,0,16.0,10.0,0.0,6.0,0.0,0.0,0.0,0.0
경기도,고양시덕양구,주교동,신덕은,0,0,0,0,0,0,25,0,16.0,10.0,0.0,6.0,0.0,0.0,0.0,0.0
경기도,고양시덕양구,주교동,신덕은,0,0,0,0,0,0,25,0,16.0,10.0,0.0,6.0,0.0,0.0,0.0,0.0
경기도,고양시덕양구,원당동,양주,0,0,0,0,0,0,0,0,,,,,,,,
경기도,고양시덕양구,원당동,양주,0,0,0,0,0,0,0,0,,,,,,,,
경기도,고양시덕양구,원당동,양주,0,0,0,0,0,0,0,0,,,,,,,,
경기도,고양시덕양구,선유동,원흥,0,0,0,0,0,0,0,0,8.0,6.0,2.0,0.0,0.0,0.0,0.0,0.0
경기도,고양시덕양구,내곡동,일산,0,0,0,0,0,0,0,0,16.0,16.0,0.0,0.0,0.0,0.0,0.0,0.0
경기도,고양시덕양구,내곡동,일산,0,0,0,0,0,0,0,0,16.0,16.0,0.0,0.0,0.0,0.0,0.0,0.0
경기도,고양시덕양구,내곡동,일산,0,0,0,0,0,0,0,0,16.0,16.0,0.0,0.0,0.0,0.0,0.0,0.0
경기도,고양시덕양구,성사동,지도,0,0,0,0,0,0,0,0,8.0,4.0,0.0,4.0,0.0,0.0,0.0,0.0
경기도,고양시덕양구,도내동,창릉(건설중),0,0,0,0,0,0,0,0,,,,,,,,
경기도,고양시일산동구,문봉동,고양,0,0,0,0,0,0,0,0,8.0,4.0,4.0,0.0,0.0,0.0,0.0,0.0
경기도,고양시일산동구,문봉동,고양,0,0,0,0,0,0,0,0,8.0,4.0,4.0,0.0,0.0,0.0,0.0,0.0
경기도,고양시일산동구,문봉동,고양,0,0,0,0,0,0,0,0,8.0,4.0,4.0,0.0,0.0,0.0,0.0,0.0
경기도,고양시일산동구,백석동,대곡(건설중),0,0,0,0,0,0,0,0,,,,,,,,
경기도,고양시일산동구,백석동,서일산(건설중),0,0,0,0,0,0,0,0,,,,,,,,
경기도,고양시일산동구,백석동,서일산(건설중),0,0,0,0,0,0,0,0,,,,,,,,
경기도,고양시일산동구,설문동,송포,0,0,0,0,0,0,0,0,8.0,4.0,4.0,0.0,0.0,0.0,0.0,0.0
경기도,고양시일산동구,설문동,송포,0,0,0,0,0,0,0,0,8.0,4.0,4.0,0.0,0.0,0.0,0.0,0.0
경기도,고양시일산동구,식사동,신덕은,0,0,0,0,0,0,25,0,16.0,10.0,0.0,6.0,0.0,0.0,0.0,0.0
경기도,고양시일산동구,식사동,신덕은,0,0,0,0,0,0,25,0,16.0,10.0,0.0,6.0,0.0,0.0,0.0,0.0
경기도,고양시일산동구,식사동,신덕은,0,0,0,0,0,0,25,0,16.0,10.0,0.0,6.0,0.0,0.0,0.0,0.0
경기도,고양시일산동구,식사동,신덕은,0,0,0,0,0,0,25,0,16.0,10.0,0.0,6.0,0.0,0.0,0.0,0.0
경기도,고양시일산동구,백석동,일산,0,0,0,0,0,0,0,0,16.0,16.0,0.0,0.0,0.0,0.0,0.0,0.0
경기도,고양시일산동구,백석동,일산,0,0,0,0,0,0,0,0,16.0,16.0,0.0,0.0,0.0,0.0,0.0,0.0
경기도,고양시일산동구,백석동,일산,0,0,0,0,0,0,0,0,16.0,16.0,0.0,0.0,0.0,0.0,0.0,0.0
경기도,고양시일산서구,식사동,고양,0,0,0,0,0,0,0,0,8.0,4.0,4.0,0.0,0.0,0.0,0.0,0.0
경기도,고양시일산서구,식사동,고양,0,0,0,0,0,0,0,0,8.0,4.0,4.0,0.0,0.0,0.0,0.0,0.0
경기도,고양시일산서구,식사동,고양,0,0,0,0,0,0,0,0,8.0,4.0,4.0,0.0,0.0,0.0,0.0,0.0
경기도,고양시일산서구,가좌동,덕이,0,0,0,0,0,0,0,0,12.0,4.0,0.0,8.0,0.0,0.0,0.0,0.0
경기도,고양시일산서구,대화동,서일산(건설중),0,0,0,0,0,0,0,0,,,,,,,,
경기도,고양시일산서구,대화동,서일산(건설중),0,0,0,0,0,0,0,0,,,,,,,,
경기도,고양시일산서구,대화동,송포,0,0,0,0,0,0,0,0,8.0,4.0,4.0,0.0,0.0,0.0,0.0,0.0
경기도,고양시일산서구,대화동,송포,0,0,0,0,0,0,0,0,8.0,4.0,4.0,0.0,0.0,0.0,0.0,0.0
경기도,고양시일산서구,일산동,신덕은,0,0,0,0,0,0,25,0,16.0,10.0,0.0,6.0,0.0,0.0,0.0,0.0
경기도,고양시일산서구,일산동,신덕은,0,0,0,0,0,0,25,0,16.0,10.0,0.0,6.0,0.0,0.0,0.0,0.0
경기도,고양시일산서구,일산동,신덕은,0,0,0,0,0,0,25,0,16.0,10.0,0.0,6.0,0.0,0.0,0.0,0.0
경기도,고양시일산서구,일산동,신덕은,0,0,0,0,0,0,25,0,16.0,10.0,0.0,6.0,0.0,0.0,0.0,0.0
경기도,고양시일산서구,산황동,일산,0,0,0,0,0,0,0,0,16.0,16.0,0.0,0.0,0.0,0.0,0.0,0.0
경기도,고양시일산서구,산황동,일산,0,0,0,0,0,0,0,0,16.0,16.0,0.0,0.0,0.0,0.0,0.0,0.0
경기도,고양시일산서구,산황동,일산,0,0,0,0,0,0,0,0,16.0,16.0,0.0,0.0,0.0,0.0,0.0,0.0
경기도,고양시일산서구,법곳동,호수,0,0,0,0,0,0,0,0,12.0,6.0,0.0,6.0,0.0,0.0,0.0,0.0
경기도,과천시,갈현동,과천,0,0,0,0,0,0,0,0,8.0,6.0,2.0,0.0,0.0,0.0,0.0,0.0
경기도,과천시,막계동,북과천(건설중),0,0,0,0,0,0,0,0,,,,,,,,
경기도,과천시,막계동,북과천(건설중),0,0,0,0,0,0,0,0,,,,,,,,
경기도,구리시,교문동,구리(SA),0,0,0,0,0,0,0,0,,,,,,,,
경기도,구리시,사노동,미금,0,0,210,210,240,240,240,0,,,,,,,,
경기도,구리시,사노동,미금,0,0,210,210,240,240,240,0,,,,,,,,
경기도,구리시,사노동,미금,0,0,210,210,240,240,240,0,,,,,,,,
경기도,구리시,사노동,미금,0,0,210,210,240,240,240,0,,,,,,,,
경기도,구리시,사노동,미금,0,0,210,210,240,240,240,0,,,,,,,,
경기도,구리시,사노동,미금,0,0,210,210,240,240,240,0,,,,,,,,
경기도,구리시,사노동,미금,0,0,210,210,240,240,240,0,,,,,,,,
경기도,구리시,사노동,미금,0,0,210,210,240,240,240,0,,,,,,,,
경기도,구리시,갈매동,별내,0,0,0,0,0,0,0,0,12.0,6.0,0.0,6.0,0.0,0.0,0.0,0.0
경기도,구리시,갈매동,별내,0,0,0,0,0,0,0,0,12.0,6.0,0.0,6.0,0.0,0.0,0.0,0.0
경기도,구리시,사노동,진건,0,0,0,0,25,25,25,0,8.0,4.0,0.0,4.0,0.0,0.0,0.0,0.0
경기도,구리시,사노동,진건,0,0,0,0,25,25,25,0,8.0,4.0,0.0,4.0,0.0,0.0,0.0,0.0
경기도,남양주시,진건읍,남양주1(건설중),0,0,0,0,90,90,90,0,,,,,,,,
경기도,남양주시,내촌면,내촌,0,0,0,0,245,245,245,0,12.0,4.0,0.0,8.0,0.0,0.0,0.0,0.0
경기도,남양주시,내촌면,내촌,0,0,0,0,245,245,245,0,12.0,4.0,0.0,8.0,0.0,0.0,0.0,0.0
경기도,남양주시,내촌면,내촌,0,0,0,0,245,245,245,0,12.0,4.0,0.0,8.0,0.0,0.0,0.0,0.0
경기도,남양주시,삼패동,덕소,0,0,0,0,0,0,0,0,,,,,,,,
경기도,남양주시,수동면,마석,0,0,0,0,0,0,0,0,8.0,6.0,2.0,0.0,0.0,0.0,0.0,0.0
경기도,남양주시,호평동,미금,0,0,210,210,240,240,240,0,,,,,,,,
경기도,남양주시,호평동,미금,0,0,210,210,240,240,240,0,,,,,,,,
경기도,남양주시,호평동,미금,0,0,210,210,240,240,240,0,,,,,,,,
경기도,남양주시,호평동,미금,0,0,210,210,240,240,240,0,,,,,,,,
경기도,남양주시,호평동,미금,0,0,210,210,240,240,240,0,,,,,,,,
경기도,남양주시,호평동,미금,0,0,210,210,240,240,240,0,,,,,,,,
경기도,남양주시,호평동,미금,0,0,210,210,240,240,240,0,,,,,,,,
경기도,남양주시,호평동,미금,0,0,210,210,240,240,240,0,,,,,,,,
경기도,남양주시,별내동,별내,0,0,0,0,0,0,0,0,12.0,6.0,0.0,6.0,0.0,0.0,0.0,0.0
경기도,남양주시,별내동,별내,0,0,0,0,0,0,0,0,12.0,6.0,0.0,6.0,0.0,0.0,0.0,0.0
경기도,남양주시,와부읍,양정,0,0,0,0,0,0,0,0,8.0,6.0,1.0,1.0,0.0,0.0,0.0,0.0
경기도,남양주시,와부읍,양정,0,0,0,0,0,0,0,0,8.0,6.0,1.0,1.0,0.0,0.0,0.0,0.0
경기도,남양주시,진건읍,왕숙(건설중),0,0,0,0,220,220,220,0,,,,,,,,
경기도,남양주시,다산동,진건,0,0,0,0,25,25,25,0,8.0,4.0,0.0,4.0,0.0,0.0,0.0,0.0
경기도,남양주시,다산동,진건,0,0,0,0,25,25,25,0,8.0,4.0,0.0,4.0,0.0,0.0,0.0,0.0
경기도,남양주시,오남읍,진접,0,0,0,0,0,0,0,0,8.0,2.0,2.0,4.0,0.0,0.0,0.0,0.0
경기도,남양주시,화도읍,평내(건설중),0,0,0,0,0,0,0,0,,,,,,,,
경기도,남양주시,화도읍,평내(건설중),0,0,0,0,0,0,0,0,,,,,,,,
경기도,남양주시,수석동,현저,0,0,0,0,0,0,0,0,,,,,,,,
경기도,남양주시,수석동,현저,0,0,0,0,0,0,0,0,,,,,,,,
경기도,남양주시,진접읍,회천,0,0,0,0,0,0,325,0,,,,,,,,
경기도,남양주시,진접읍,회천,0,0,0,0,0,0,325,0,,,,,,,,
경기도,오산시,금암동,금암,200,200,200,200,200,200,200,200,,,,,,,,
경기도,오산시,서랑동,남수원,0,0,0,0,0,0,280,0,,,,,,,,
경기도,오산시,서랑동,남수원,0,0,0,0,0,0,280,0,,,,,,,,
경기도,오산시,서랑동,남수원,0,0,0,0,0,0,280,0,,,,,,,,
경기도,오산시,부산동,동탄,0,0,0,0,0,0,0,0,8.0,4.0,0.0,4.0,0.0,0.0,0.0,0.0
경기도,오산시,부산동,동탄,0,0,0,0,0,0,0,0,8.0,4.0,0.0,4.0,0.0,0.0,0.0,0.0
경기도,오산시,능동,병점,0,0,0,0,0,0,400,0,12.0,6.0,1.0,5.0,0.0,0.0,0.0,0.0
경기도,오산시,능동,병점,0,0,0,0,0,0,400,0,12.0,6.0,1.0,5.0,0.0,0.0,0.0,0.0
경기도,오산시,방교동,삼미,0,600,600,600,600,600,600,0,12.0,9.0,0.0,3.0,0.0,0.0,0.0,0.0
경기도,오산시,방교동,삼미,0,600,600,600,600,600,600,0,12.0,9.0,0.0,3.0,0.0,0.0,0.0,0.0
경기도,오산시,금암동,세교,0,200,200,200,200,200,200,0,8.0,4.0,2.0,2.0,0.0,0.0,0.0,0.0
경기도,오산시,가장동,오산,0,0,0,0,0,0,0,0,8.0,8.0,0.0,0.0,0.0,0.0,0.0,0.0
경기도,오산시,가장동,오산,0,0,0,0,0,0,0,0,8.0,8.0,0.0,0.0,0.0,0.0,0.0,0.0
경기도,오산시,서랑동,중동탄,0,0,0,0,0,0,0,0,,,,,,,,
경기도,오산시,서랑동,중동탄,0,0,0,0,0,0,0,0,,,,,,,,
경기도,오산시,갈곶동,진위,0,0,0,0,0,0,0,0,12.0,5.0,0.0,7.0,0.0,0.0,0.0,0.0
경기도,오산시,갈곶동,진위,0,0,0,0,0,0,0,0,12.0,5.0,0.0,7.0,0.0,0.0,0.0,0.0
경기도,시흥시,과림동,과림(건설중),0,0,0,0,0,0,0,0,,,,,,,,
경기도,시흥시,물왕동,광석(건설중),475,475,480,450,430,425,420,475,,,,,,,,
경기도,시흥시,정왕동,남시화,0,0,0,0,0,0,0,0,8.0,5.0,1.0,2.0,0.0,0.0,0.0,0.0
경기도,시흥시,정왕동,남정왕,0,0,0,0,0,0,0,0,8.0,8.0,0.0,0.0,0.0,0.0,0.0,0.0
경기도,시흥시,도창동,도림,0,0,0,0,0,35,35,0,12.0,6.0,0.0,6.0,0.0,0.0,0.0,0.0
경기도,시흥시,도창동,도림,0,0,0,0,0,35,35,0,12.0,6.0,0.0,6.0,0.0,0.0,0.0,0.0
경기도,시흥시,정왕동,동시화,0,0,0,0,0,0,0,0,8.0,4.0,0.0,4.0,0.0,0.0,0.0,0.0
경기도,시흥시,산현동,배곧(건설중),0,0,65,65,65,65,65,0,,,,,,,,
경기도,시흥시,광석동,북시화,0,0,0,0,0,0,0,0,,,,,,,,
경기도,시흥시,금이동,북안산,330,300,300,300,295,340,285,330,8.0,4.0,0.0,4.0,0.0,0.0,0.0,0.0
경기도,시흥시,금이동,북안산,330,300,300,300,295,340,285,330,8.0,4.0,0.0,4.0,0.0,0.0,0.0,0.0
경기도,시흥시,금이동,북안산,330,300,300,300,295,340,285,330,8.0,4.0,0.0,4.0,0.0,0.0,0.0,0.0
경기도,시흥시,논곡동,서안양,0,0,0,0,0,0,0,0,8.0,4.0,3.0,1.0,0.0,0.0,0.0,0.0
경기도,시흥시,논곡동,서안양,0,0,0,0,0,0,0,0,8.0,4.0,3.0,1.0,0.0,0.0,0.0,0.0
경기도,시흥시,계수동,소래,0,5,0,0,0,0,0,0,8.0,4.0,0.0,4.0,0.0,0.0,0.0,0.0
경기도,시흥시,계수동,소래,0,5,0,0,0,0,0,0,8.0,4.0,0.0,4.0,0.0,0.0,0.0,0.0
경기도,시흥시,계수동,소래,0,5,0,0,0,0,0,0,8.0,4.0,0.0,4.0,0.0,0.0,0.0,0.0
경기도,시흥시,정왕동,시화,0,0,0,0,0,0,0,0,8.0,8.0,0.0,0.0,0.0,0.0,0.0,0.0
경기도,시흥시,과림동,시흥,0,0,0,0,0,0,0,0,5.0,5.0,0.0,0.0,0.0,0.0,0.0,0.0
경기도,시흥시,과림동,시흥,0,0,0,0,0,0,0,0,5.0,5.0,0.0,0.0,0.0,0.0,0.0,0.0
경기도,시흥시,과림동,시흥,0,0,0,0,0,0,0,0,5.0,5.0,0.0,0.0,0.0,0.0,0.0,0.0
경기도,시흥시,대야동,신광명,0,0,0,0,0,0,0,0,19.0,12.0,0.0,7.0,0.0,0.0,0.0,0.0
경기도,시흥시,대야동,신광명,0,0,0,0,0,0,0,0,19.0,12.0,0.0,7.0,0.0,0.0,0.0,0.0
경기도,시흥시,대야동,신광명,0,0,0,0,0,0,0,0,19.0,12.0,0.0,7.0,0.0,0.0,0.0,0.0
경기도,시흥시,대야동,신광명,0,0,0,0,0,0,0,0,19.0,12.0,0.0,7.0,0.0,0.0,0.0,0.0
경기도,시흥시,대야동,신광명,0,0,0,0,0,0,0,0,19.0,12.0,0.0,7.0,0.0,0.0,0.0,0.0
경기도,시흥시,대야동,신광명,0,0,0,0,0,0,0,0,19.0,12.0,0.0,7.0,0.0,0.0,0.0,0.0
경기도,시흥시,거모동,원곡,250,220,220,225,215,220,200,250,12.0,4.0,0.0,8.0,0.0,0.0,0.0,0.0
경기도,시흥시,거모동,원곡,250,220,220,225,215,220,200,250,12.0,4.0,0.0,8.0,0.0,0.0,0.0,0.0
경기도,시흥시,월곶동,정왕,65,65,65,65,65,65,65,65,8.0,2.0,4.0,2.0,0.0,0.0,0.0,0.0
경기도,시흥시,정왕동,중시화,0,0,0,0,0,0,0,0,8.0,4.0,4.0,0.0,0.0,0.0,0.0,0.0
경기도,군포시,건건동,남군포,0,0,0,0,0,0,0,0,10.0,9.0,1.0,0.0,0.0,0.0,0.0,0.0
경기도,군포시,건건동,남군포,0,0,0,0,0,0,0,0,10.0,9.0,1.0,0.0,0.0,0.0,0.0,0.0
경기도,군포시,건건동,남군포,0,0,0,0,0,0,0,0,10.0,9.0,1.0,0.0,0.0,0.0,0.0,0.0
경기도,군포시,금정동,산본,0,0,0,0,0,150,150,0,8.0,6.0,2.0,0.0,0.0,0.0,0.0,0.0
경기도,군포시,당정동,의왕,0,0,0,0,0,0,0,0,11.0,9.0,0.0,2.0,0.0,0.0,0.0,0.0
경기도,군포시,당정동,의왕,0,0,0,0,0,0,0,0,11.0,9.0,0.0,2.0,0.0,0.0,0.0,0.0
경기도,군포시,당정동,의왕,0,0,0,0,0,0,0,0,11.0,9.0,0.0,2.0,0.0,0.0,0.0,0.0
경기도,의왕시,초평동,남군포,0,0,0,0,0,0,0,0,10.0,9.0,1.0,0.0,0.0,0.0,0.0,0.0
경기도,의왕시,초평동,남군포,0,0,0,0,0,0,0,0,10.0,9.0,1.0,0.0,0.0,0.0,0.0,0.0
경기도,의왕시,초평동,남군포,0,0,0,0,0,0,0,0,10.0,9.0,1.0,0.0,0.0,0.0,0.0,0.0
경기도,의왕시,내손동,동안양,0,0,0,0,0,0,0,0,7.0,7.0,0.0,0.0,0.0,0.0,0.0,0.0
경기도,의왕시,내손동,동안양,0,0,0,0,0,0,0,0,7.0,7.0,0.0,0.0,0.0,0.0,0.0,0.0
경기도,의왕시,월암동,서수원,0,0,0,0,0,0,50,0,9.0,8.0,1.0,0.0,0.0,0.0,0.0,0.0
경기도,의왕시,월암동,서수원,0,0,0,0,0,0,50,0,9.0,8.0,1.0,0.0,0.0,0.0,0.0,0.0
경기도,의왕시,내손동,안양2C/C,0,0,0,150,150,150,150,0,,,,,,,,
경기도,의왕시,내손동,안양2C/C,0,0,0,150,150,150,150,0,,,,,,,,
경기도,의왕시,초평동,왕송(건설중),0,0,0,0,0,50,50,0,,,,,,,,
경기도,의왕시,고천동,의왕,0,0,0,0,0,0,0,0,11.0,9.0,0.0,2.0,0.0,0.0,0.0,0.0
경기도,의왕시,고천동,의왕,0,0,0,0,0,0,0,0,11.0,9.0,0.0,2.0,0.0,0.0,0.0,0.0
경기도,의왕시,고천동,의왕,0,0,0,0,0,0,0,0,11.0,9.0,0.0,2.0,0.0,0.0,0.0,0.0
경기도,하남시,감이동,가락,0,0,0,0,0,0,0,0,7.0,7.0,0.0,0.0,0.0,0.0,0.0,0.0
경기도,하남시,감이동,가락,0,0,0,0,0,0,0,0,7.0,7.0,0.0,0.0,0.0,0.0,0.0,0.0
경기도,하남시,광암동,강동,0,0,0,0,0,0,0,0,9.0,8.0,0.0,1.0,0.0,0.0,0.0,0.0
경기도,하남시,광암동,강동,0,0,0,0,0,0,0,0,9.0,8.0,0.0,1.0,0.0,0.0,0.0,0.0
경기도,하남시,광암동,강동,0,0,0,0,0,0,0,0,9.0,8.0,0.0,1.0,0.0,0.0,0.0,0.0
경기도,하남시,춘궁동,교산(건설중),0,0,0,0,0,0,0,0,,,,,,,,
경기도,하남시,천현동,동서울,0,0,0,0,0,0,0,0,13.0,9.0,0.0,4.0,0.0,0.0,0.0,0.0
경기도,하남시,천현동,동서울,0,0,0,0,0,0,0,0,13.0,9.0,0.0,4.0,0.0,0.0,0.0,0.0
경기도,하남시,천현동,동서울,0,0,0,0,0,0,0,0,13.0,9.0,0.0,4.0,0.0,0.0,0.0,0.0
경기도,하남시,천현동,동서울,0,0,0,0,0,0,0,0,13.0,9.0,0.0,4.0,0.0,0.0,0.0,0.0
경기도,하남시,천현동,동서울,0,0,0,0,0,0,0,0,13.0,9.0,0.0,4.0,0.0,0.0,0.0,0.0
경기도,하남시,천현동,동서울,0,0,0,0,0,0,0,0,13.0,9.0,0.0,4.0,0.0,0.0,0.0,0.0
경기도,하남시,풍산동,상일,0,0,0,0,0,0,0,0,11.0,6.0,0.0,5.0,0.0,0.0,0.0,0.0
경기도,하남시,감일동,송파,0,0,0,0,0,0,0,0,8.0,8.0,0.0,0.0,0.0,0.0,0.0,0.0
경기도,하남시,감일동,송파,0,0,0,0,0,0,0,0,8.0,8.0,0.0,0.0,0.0,0.0,0.0,0.0
경기도,하남시,교산동,신장,0,0,0,0,0,0,0,0,8.0,7.0,0.0,1.0,0.0,0.0,0.0,0.0
경기도,하남시,감북동,위례,25,25,25,25,25,25,25,25,8.0,6.0,1.0,1.0,0.0,0.0,0.0,0.0
경기도,용인시처인구,포곡읍,고림(건설중),0,0,0,0,0,0,285,0,,,,,,,,
경기도,용인시처인구,김량장동,곤지암,0,0,0,0,0,0,0,0,12.0,10.0,0.0,2.0,0.0,0.0,0.0,0.0
경기도,용인시처인구,김량장동,곤지암,0,0,0,0,0,0,0,0,12.0,10.0,0.0,2.0,0.0,0.0,0.0,0.0
경기도,용인시처인구,김량장동,곤지암,0,0,0,0,0,0,0,0,12.0,10.0,0.0,2.0,0.0,0.0,0.0,0.0
경기도,용인시처인구,김량장동,곤지암,0,0,0,0,0,0,0,0,12.0,10.0,0.0,2.0,0.0,0.0,0.0,0.0
경기도,용인시처인구,김량장동,곤지암,0,0,0,0,0,0,0,0,12.0,10.0,0.0,2.0,0.0,0.0,0.0,0.0
경기도,용인시처인구,남사읍,남사,0,0,0,0,0,0,0,0,12.0,6.0,0.0,6.0,0.0,0.0,0.0,0.0
경기도,용인시처인구,이동읍,덕성,0,0,0,0,0,0,0,0,8.0,4.0,2.0,2.0,0.0,0.0,0.0,0.0
경기도,용인시처인구,삼가동,동백,0,0,0,0,0,0,0,0,8.0,5.0,0.0,3.0,0.0,0.0,0.0,0.0
경기도,용인시처인구,삼가동,동백,0,0,0,0,0,0,0,0,8.0,5.0,0.0,3.0,0.0,0.0,0.0,0.0
경기도,용인시처인구,모현읍,모현,0,0,0,0,0,0,0,0,8.0,6.0,0.0,2.0,0.0,0.0,0.0,0.0
경기도,용인시처인구,남사읍,북리(건설중),0,0,0,0,0,0,0,0,,,,,,,,
경기도,용인시처인구,백암면,삼죽,0,0,0,0,0,0,0,0,12.0,3.0,2.0,7.0,0.0,0.0,0.0,0.0
경기도,용인시처인구,백암면,삼죽,0,0,0,0,0,0,0,0,12.0,3.0,2.0,7.0,0.0,0.0,0.0,0.0
경기도,용인시처인구,백암면,삼죽,0,0,0,0,0,0,0,0,12.0,3.0,2.0,7.0,0.0,0.0,0.0,0.0
경기도,용인시처인구,양지면,오천,0,0,0,0,0,0,100,0,8.0,4.0,2.0,2.0,0.0,0.0,0.0,0.0
경기도,용인시처인구,양지면,오천,0,0,0,0,0,0,100,0,8.0,4.0,2.0,2.0,0.0,0.0,0.0,0.0
경기도,용인시처인구,양지면,오천,0,0,0,0,0,0,100,0,8.0,4.0,2.0,2.0,0.0,0.0,0.0,0.0
경기도,용인시처인구,고림동,용인,0,0,0,0,0,0,0,0,8.0,8.0,0.0,0.0,0.0,0.0,0.0,0.0
경기도,용인시기흥구,공세동,기흥,0,0,0,0,0,0,0,0,7.0,4.0,2.0,1.0,0.0,0.0,0.0,0.0
경기도,용인시기흥구,농서동,농서,0,0,0,0,0,0,0,0,12.0,8.0,1.0,3.0,0.0,0.0,0.0,0.0
경기도,용인시기흥구,농서동,농서,0,0,0,0,0,0,0,0,12.0,8.0,1.0,3.0,0.0,0.0,0.0,0.0
경기도,용인시기흥구,동백동,동백,0,0,0,0,0,0,0,0,8.0,5.0,0.0,3.0,0.0,0.0,0.0,0.0
경기도,용인시기흥구,동백동,동백,0,0,0,0,0,0,0,0,8.0,5.0,0.0,3.0,0.0,0.0,0.0,0.0
경기도,용인시기흥구,구갈동,마북,0,0,0,0,0,0,0,0,12.0,6.0,4.0,2.0,0.0,0.0,0.0,0.0
경기도,용인시기흥구,고매동,북동탄,0,0,0,0,0,0,0,0,8.0,8.0,0.0,0.0,0.0,0.0,0.0,0.0
경기도,용인시기흥구,고매동,북동탄,0,0,0,0,0,0,0,0,8.0,8.0,0.0,0.0,0.0,0.0,0.0,0.0
경기도,용인시기흥구,신갈동,북신갈(건설중),0,0,0,0,0,0,0,0,,,,,,,,
경기도,용인시기흥구,하갈동,신갈,0,0,0,0,0,0,50,0,,,,,,,,
경기도,용인시기흥구,하갈동,신갈,0,0,0,0,0,0,50,0,,,,,,,,
경기도,용인시기흥구,지곡동,신용인,0,0,0,0,0,0,0,0,14.0,14.0,0.0,0.0,0.0,0.0,0.0,0.0
경기도,용인시기흥구,보정동,죽전,0,0,0,0,0,0,0,0,8.0,4.0,2.0,2.0,0.0,0.0,0.0,0.0
경기도,용인시기흥구,보정동,죽전,0,0,0,0,0,0,0,0,8.0,4.0,2.0,2.0,0.0,0.0,0.0,0.0
경기도,용인시기흥구,보정동,죽전,0,0,0,0,0,0,0,0,8.0,4.0,2.0,2.0,0.0,0.0,0.0,0.0
경기도,용인시기흥구,영덕동,흥덕,0,0,0,0,0,0,0,0,12.0,2.0,3.0,7.0,0.0,0.0,0.0,0.0
경기도,용인시수지구,상현동,수지,0,0,0,0,0,0,0,0,8.0,4.0,0.0,4.0,0.0,0.0,0.0,0.0
경기도,용인시수지구,고기동,신봉,0,0,0,0,0,0,0,0,12.0,6.0,0.0,6.0,0.0,0.0,0.0,0.0
경기도,용인시수지구,죽전동,죽전,0,0,0,0,0,0,0,0,8.0,4.0,2.0,2.0,0.0,0.0,0.0,0.0
경기도,용인시수지구,죽전동,죽전,0,0,0,0,0,0,0,0,8.0,4.0,2.0,2.0,0.0,0.0,0.0,0.0
경기도,용인시수지구,죽전동,죽전,0,0,0,0,0,0,0,0,8.0,4.0,2.0,2.0,0.0,0.0,0.0,0.0
경기도,파주시,광탄면,금촌,0,0,0,0,0,0,0,0,,,,,,,,
경기도,파주시,광탄면,금촌,0,0,0,0,0,0,0,0,,,,,,,,
경기도,파주시,적성면,남면,0,0,0,0,0,0,0,0,12.0,4.0,0.0,8.0,0.0,0.0,0.0,0.0
경기도,파주시,적성면,남면,0,0,0,0,0,0,0,0,12.0,4.0,0.0,8.0,0.0,0.0,0.0,0.0
경기도,파주시,야동동,문발,0,0,0,0,0,0,0,0,8.0,8.0,0.0,0.0,0.0,0.0,0.0,0.0
경기도,파주시,문산읍,문산,0,0,0,0,0,0,0,0,8.0,8.0,0.0,0.0,0.0,0.0,0.0,0.0
경기도,파주시,광적면,백석,0,0,0,0,0,0,0,0,6.0,6.0,0.0,0.0,0.0,0.0,0.0,0.0
경기도,파주시,광적면,백석,0,0,0,0,0,0,0,0,6.0,6.0,0.0,0.0,0.0,0.0,0.0,0.0
경기도,파주시,법원읍,선유,0,0,0,0,0,0,50,0,8.0,2.0,3.0,3.0,0.0,0.0,0.0,0.0
경기도,파주시,금촌동,신덕은,0,0,0,0,0,0,25,0,16.0,10.0,0.0,6.0,0.0,0.0,0.0,0.0
경기도,파주시,금촌동,신덕은,0,0,0,0,0,0,25,0,16.0,10.0,0.0,6.0,0.0,0.0,0.0,0.0
경기도,파주시,금촌동,신덕은,0,0,0,0,0,0,25,0,16.0,10.0,0.0,6.0,0.0,0.0,0.0,0.0
경기도,파주시,금촌동,신덕은,0,0,0,0,0,0,25,0,16.0,10.0,0.0,6.0,0.0,0.0,0.0,0.0
경기도,파주시,적성면,양주,0,0,0,0,0,0,0,0,,,,,,,,
경기도,파주시,적성면,양주,0,0,0,0,0,0,0,0,,,,,,,,
경기도,파주시,적성면,양주,0,0,0,0,0,0,0,0,,,,,,,,
경기도,파주시,군내면,용정,0,0,0,0,240,240,240,0,8.0,4.0,0.0,4.0,0.0,0.0,0.0,0.0
경기도,파주시,군내면,용정,0,0,0,0,240,240,240,0,8.0,4.0,0.0,4.0,0.0,0.0,0.0,0.0
경기도,파주시,다율동,운정,0,0,0,0,0,0,0,0,,,,,,,,
경기도,파주시,서패동,운정#2(건설중),0,0,0,0,0,0,0,0,,,,,,,,
경기도,파주시,진서면,월롱,0,0,0,0,0,0,50,0,12.0,8.0,3.0,1.0,0.0,0.0,0.0,0.0
경기도,이천시,장호원읍,가남,0,0,0,0,0,0,0,0,8.0,4.0,0.0,4.0,0.0,0.0,0.0,0.0
경기도,이천시,장호원읍,가남,0,0,0,0,0,0,0,0,8.0,4.0,0.0,4.0,0.0,0.0,0.0,0.0
경기도,이천시,부발읍,곤지암,0,0,0,0,0,0,0,0,12.0,10.0,0.0,2.0,0.0,0.0,0.0,0.0
경기도,이천시,부발읍,곤지암,0,0,0,0,0,0,0,0,12.0,10.0,0.0,2.0,0.0,0.0,0.0,0.0
경기도,이천시,부발읍,곤지암,0,0,0,0,0,0,0,0,12.0,10.0,0.0,2.0,0.0,0.0,0.0,0.0
경기도,이천시,부발읍,곤지암,0,0,0,0,0,0,0,0,12.0,10.0,0.0,2.0,0.0,0.0,0.0,0.0
경기도,이천시,부발읍,곤지암,0,0,0,0,0,0,0,0,12.0,10.0,0.0,2.0,0.0,0.0,0.0,0.0
경기도,이천시,부발읍,부발(건설중),0,0,0,0,0,0,0,0,,,,,,,,
경기도,이천시,백암면,삼죽,0,0,0,0,0,0,0,0,12.0,3.0,2.0,7.0,0.0,0.0,0.0,0.0
경기도,이천시,백암면,삼죽,0,0,0,0,0,0,0,0,12.0,3.0,2.0,7.0,0.0,0.0,0.0,0.0
경기도,이천시,백암면,삼죽,0,0,0,0,0,0,0,0,12.0,3.0,2.0,7.0,0.0,0.0,0.0,0.0
경기도,이천시,마장면,오천,0,0,0,0,0,0,100,0,8.0,4.0,2.0,2.0,0.0,0.0,0.0,0.0
경기도,이천시,마장면,오천,0,0,0,0,0,0,100,0,8.0,4.0,2.0,2.0,0.0,0.0,0.0,0.0
경기도,이천시,마장면,오천,0,0,0,0,0,0,100,0,8.0,4.0,2.0,2.0,0.0,0.0,0.0,0.0
경기도,이천시,고담동,율현,0,0,0,0,0,0,0,0,12.0,8.0,0.0,4.0,0.0,0.0,0.0,0.0
경기도,이천시,갈산동,이천,0,0,0,0,0,0,0,0,11.0,11.0,0.0,0.0,0.0,0.0,0.0,0.0
경기도,이천시,갈산동,이천,0,0,0,0,0,0,0,0,11.0,11.0,0.0,0.0,0.0,0.0,0.0,0.0
경기도,안성시,가사동,남안성,0,0,0,0,0,0,0,0,6.0,2.0,0.0,4.0,0.0,0.0,0.0,0.0
경기도,안성시,삼죽면,삼죽,0,0,0,0,0,0,0,0,12.0,3.0,2.0,7.0,0.0,0.0,0.0,0.0
경기도,안성시,삼죽면,삼죽,0,0,0,0,0,0,0,0,12.0,3.0,2.0,7.0,0.0,0.0,0.0,0.0
경기도,안성시,삼죽면,삼죽,0,0,0,0,0,0,0,0,12.0,3.0,2.0,7.0,0.0,0.0,0.0,0.0
경기도,안성시,계동,서운,0,0,0,0,0,0,0,0,,,,,,,,
경기도,안성시,공도읍,소사벌,0,0,0,0,0,0,0,0,8.0,2.0,2.0,4.0,0.0,0.0,0.0,0.0
경기도,안성시,공도읍,소사벌,0,0,0,0,0,0,0,0,8.0,2.0,2.0,4.0,0.0,0.0,0.0,0.0
경기도,안성시,고삼면,안성,0,0,0,0,250,250,250,0,8.0,8.0,0.0,0.0,0.0,0.0,0.0,0.0
경기도,안성시,원곡면,지문(건설중),0,0,0,0,0,0,0,0,,,,,,,,
경기도,안성시,양성면,추곡,0,0,0,0,0,0,0,0,,,,,,,,
경기도,김포시,감정동,걸포(건설중),0,0,0,0,0,0,430,0,,,,,,,,
경기도,김포시,풍무동,계양,0,0,0,0,0,0,75,0,8.0,6.0,0.0,2.0,0.0,0.0,0.0,0.0
경기도,김포시,풍무동,계양,0,0,0,0,0,0,75,0,8.0,6.0,0.0,2.0,0.0,0.0,0.0,0.0
경기도,김포시,풍무동,계양,0,0,0,0,0,0,75,0,8.0,6.0,0.0,2.0,0.0,0.0,0.0,0.0
경기도,김포시,감정동,김포,0,0,0,0,0,0,430,0,8.0,4.0,3.0,1.0,0.0,0.0,0.0,0.0
경기도,김포시,감정동,김포,0,0,0,0,0,0,430,0,8.0,4.0,3.0,1.0,0.0,0.0,0.0,0.0
경기도,김포시,통진읍,북통진(건설중),0,0,0,0,0,0,0,0,,,,,,,,
경기도,김포시,구래동,소래,0,5,0,0,0,0,0,0,8.0,4.0,0.0,4.0,0.0,0.0,0.0,0.0
경기도,김포시,구래동,소래,0,5,0,0,0,0,0,0,8.0,4.0,0.0,4.0,0.0,0.0,0.0,0.0
경기도,김포시,구래동,소래,0,5,0,0,0,0,0,0,8.0,4.0,0.0,4.0,0.0,0.0,0.0,0.0
경기도,김포시,구래동,신김포,0,0,0,0,0,0,230,0,16.0,8.0,5.0,3.0,0.0,0.0,0.0,0.0
경기도,김포시,양촌읍,양곡,0,0,0,0,0,0,0,0,7.0,6.0,1.0,0.0,0.0,0.0,0.0,0.0
경기도,김포시,대곶면,양촌,0,0,0,0,0,0,0,0,9.0,8.0,0.0,1.0,0.0,0.0,0.0,0.0
경기도,김포시,대곶면,양촌,0,0,0,0,0,0,0,0,9.0,8.0,0.0,1.0,0.0,0.0,0.0,0.0
경기도,김포시,양촌읍,월곶(건설중),0,0,0,0,0,0,0,0,,,,,,,,
경기도,김포시,운양동,장기,0,0,0,0,0,0,0,0,6.0,4.0,2.0,0.0,0.0,0.0,0.0,0.0
경기도,김포시,운양동,장기,0,0,0,0,0,0,0,0,6.0,4.0,2.0,0.0,0.0,0.0,0.0,0.0
경기도,김포시,대곶면,통진,0,0,0,0,0,0,0,0,12.0,3.0,7.0,2.0,0.0,0.0,0.0,0.0
경기도,김포시,양촌읍,학운(건설중),0,0,0,0,0,0,95,0,,,,,,,,
경기도,화성시,양감면,구문천,0,0,0,0,0,250,250,0,12.0,5.0,0.0,7.0,0.0,0.0,0.0,0.0
경기도,화성시,기안동,남수원,0,0,0,0,0,0,280,0,,,,,,,,
경기도,화성시,기안동,남수원,0,0,0,0,0,0,280,0,,,,,,,,
경기도,화성시,기안동,남수원,0,0,0,0,0,0,280,0,,,,,,,,
경기도,화성시,비봉면,남양,0,0,0,0,0,400,400,0,12.0,4.0,0.0,8.0,0.0,0.0,0.0,0.0
경기도,화성시,장안면,동송산,0,0,0,0,0,250,250,0,,,,,,,,
경기도,화성시,장지동,동탄,0,0,0,0,0,0,0,0,8.0,4.0,0.0,4.0,0.0,0.0,0.0,0.0
경기도,화성시,장지동,동탄,0,0,0,0,0,0,0,0,8.0,4.0,0.0,4.0,0.0,0.0,0.0,0.0
경기도,화성시,마도면,마도,0,0,0,0,0,250,250,0,8.0,4.0,0.0,4.0,0.0,0.0,0.0,0.0
경기도,화성시,양감면,발안,0,0,0,0,0,0,0,0,8.0,8.0,0.0,0.0,0.0,0.0,0.0,0.0
경기도,화성시,기산동,병점,0,0,0,0,0,0,400,0,12.0,6.0,1.0,5.0,0.0,0.0,0.0,0.0
경기도,화성시,기산동,병점,0,0,0,0,0,0,400,0,12.0,6.0,1.0,5.0,0.0,0.0,0.0,0.0
경기도,화성시,매송면,봉담,65,65,65,40,35,40,270,65,8.0,4.0,0.0,4.0,0.0,0.0,0.0,0.0
경기도,화성시,매송면,봉담,65,65,65,40,35,40,270,65,8.0,4.0,0.0,4.0,0.0,0.0,0.0,0.0
경기도,화성시,영천동,북동탄,0,0,0,0,0,0,0,0,8.0,8.0,0.0,0.0,0.0,0.0,0.0,0.0
경기도,화성시,영천동,북동탄,0,0,0,0,0,0,0,0,8.0,8.0,0.0,0.0,0.0,0.0,0.0,0.0
경기도,화성시,서신면,사강,0,0,0,0,0,400,400,0,8.0,5.0,2.0,1.0,0.0,0.0,0.0,0.0
경기도,화성시,서신면,사강,0,0,0,0,0,400,400,0,8.0,5.0,2.0,1.0,0.0,0.0,0.0,0.0
경기도,화성시,금곡동,삼미,0,600,600,600,600,600,600,0,12.0,9.0,0.0,3.0,0.0,0.0,0.0,0.0
경기도,화성시,금곡동,삼미,0,600,600,600,600,600,600,0,12.0,9.0,0.0,3.0,0.0,0.0,0.0,0.0
경기도,화성시,우정읍,수촌,0,0,0,0,0,250,250,0,8.0,4.0,0.0,4.0,0.0,0.0,0.0,0.0
경기도,화성시,매송면,양감(건설중),0,0,0,0,0,205,195,0,,,,,,,,
경기도,화성시,팔탄면,장덕,0,0,0,0,0,250,250,0,7.0,5.0,2.0,0.0,0.0,0.0,0.0,0.0
경기도,화성시,목동,중동탄,0,0,0,0,0,0,0,0,,,,,,,,
경기도,화성시,목동,중동탄,0,0,0,0,0,0,0,0,,,,,,,,
경기도,화성시,정남면,향남,0,0,0,0,0,0,0,0,8.0,4.0,0.0,4.0,0.0,0.0,0.0,0.0
경기도,화성시,새솔동,화성,0,0,0,0,0,250,250,0,10.0,10.0,0.0,0.0,0.0,0.0,0.0,0.0
경기도,광주시,경안동,곤지암,0,0,0,0,0,0,0,0,12.0,10.0,0.0,2.0,0.0,0.0,0.0,0.0
경기도,광주시,경안동,곤지암,0,0,0,0,0,0,0,0,12.0,10.0,0.0,2.0,0.0,0.0,0.0,0.0
경기도,광주시,경안동,곤지암,0,0,0,0,0,0,0,0,12.0,10.0,0.0,2.0,0.0,0.0,0.0,0.0
경기도,광주시,경안동,곤지암,0,0,0,0,0,0,0,0,12.0,10.0,0.0,2.0,0.0,0.0,0.0,0.0
경기도,광주시,경안동,곤지암,0,0,0,0,0,0,0,0,12.0,10.0,0.0,2.0,0.0,0.0,0.0,0.0
경기도,광주시,남한산성면,번천(건설중),0,0,0,0,0,0,0,0,,,,,,,,
경기도,광주시,곤지암읍,봉현(건설중),0,0,0,0,0,0,0,0,,,,,,,,
경기도,광주시,목현동,성현,0,0,0,0,0,0,0,0,15.0,13.0,0.0,2.0,0.0,0.0,0.0,0.0
경기도,광주시,목현동,성현,0,0,0,0,0,0,0,0,15.0,13.0,0.0,2.0,0.0,0.0,0.0,0.0
경기도,광주시,도척면,오천,0,0,0,0,0,0,100,0,8.0,4.0,2.0,2.0,0.0,0.0,0.0,0.0
경기도,광주시,도척면,오천,0,0,0,0,0,0,100,0,8.0,4.0,2.0,2.0,0.0,0.0,0.0,0.0
경기도,광주시,도척면,오천,0,0,0,0,0,0,100,0,8.0,4.0,2.0,2.0,0.0,0.0,0.0,0.0
경기도,광주시,목동,오포,0,0,0,0,0,0,0,0,12.0,4.0,0.0,8.0,0.0,0.0,0.0,0.0
경기도,광주시,곤지암읍,초월,0,0,0,0,0,0,0,0,7.0,4.0,2.0,1.0,0.0,0.0,0.0,0.0
경기도,양주시,남면,남면,0,0,0,0,0,0,0,0,12.0,4.0,0.0,8.0,0.0,0.0,0.0,0.0
경기도,양주시,남면,남면,0,0,0,0,0,0,0,0,12.0,4.0,0.0,8.0,0.0,0.0,0.0,0.0
경기도,양주시,광사동,녹양,0,0,0,0,0,0,0,0,6.0,4.0,0.0,2.0,0.0,0.0,0.0,0.0
경기도,양주시,광사동,녹양,0,0,0,0,0,0,0,0,6.0,4.0,0.0,2.0,0.0,0.0,0.0,0.0
경기도,양주시,덕계동,덕계,0,0,0,0,0,0,0,0,6.0,4.0,2.0,0.0,0.0,0.0,0.0,0.0
경기도,양주시,봉양동,동두천,0,0,0,0,0,0,0,0,8.0,4.0,2.0,2.0,0.0,0.0,0.0,0.0
경기도,양주시,봉양동,동두천,0,0,0,0,0,0,0,0,8.0,4.0,2.0,2.0,0.0,0.0,0.0,0.0
경기도,양주시,광적면,백석,0,0,0,0,0,0,0,0,6.0,6.0,0.0,0.0,0.0,0.0,0.0,0.0
경기도,양주시,광적면,백석,0,0,0,0,0,0,0,0,6.0,6.0,0.0,0.0,0.0,0.0,0.0,0.0
경기도,양주시,소흘읍,송우,0,0,0,0,0,0,0,0,4.0,4.0,0.0,0.0,0.0,0.0,0.0,0.0
경기도,양주시,소흘읍,송우,0,0,0,0,0,0,0,0,4.0,4.0,0.0,0.0,0.0,0.0,0.0,0.0
경기도,양주시,장흥면,양주,0,0,0,0,0,0,0,0,,,,,,,,
경기도,양주시,장흥면,양주,0,0,0,0,0,0,0,0,,,,,,,,
경기도,양주시,장흥면,양주,0,0,0,0,0,0,0,0,,,,,,,,
경기도,양주시,고암동,옥정,0,0,0,0,280,280,280,0,8.0,6.0,0.0,2.0,0.0,0.0,0.0,0.0
경기도,양주시,은현면,은남(건설중),0,0,0,0,0,0,0,0,,,,,,,,
경기도,양주시,마전동,평내(건설중),0,0,0,0,0,0,0,0,,,,,,,,
경기도,양주시,마전동,평내(건설중),0,0,0,0,0,0,0,0,,,,,,,,
경기도,양주시,산북동,회천,0,0,0,0,0,0,325,0,,,,,,,,
경기도,양주시,산북동,회천,0,0,0,0,0,0,325,0,,,,,,,,
경기도,포천시,내촌면,내촌,0,0,0,0,245,245,245,0,12.0,4.0,0.0,8.0,0.0,0.0,0.0,0.0
경기도,포천시,내촌면,내촌,0,0,0,0,245,245,245,0,12.0,4.0,0.0,8.0,0.0,0.0,0.0,0.0
경기도,포천시,내촌면,내촌,0,0,0,0,245,245,245,0,12.0,4.0,0.0,8.0,0.0,0.0,0.0,0.0
경기도,포천시,가산면,송우,0,0,0,0,0,0,0,0,4.0,4.0,0.0,0.0,0.0,0.0,0.0,0.0
경기도,포천시,가산면,송우,0,0,0,0,0,0,0,0,4.0,4.0,0.0,0.0,0.0,0.0,0.0,0.0
경기도,포천시,창수면,연일(건설중),0,0,0,0,0,580,580,0,,,,,,,,
경기도,포천시,군내면,용정,0,0,0,0,240,240,240,0,8.0,4.0,0.0,4.0,0.0,0.0,0.0,0.0
경기도,포천시,군내면,용정,0,0,0,0,240,240,240,0,8.0,4.0,0.0,4.0,0.0,0.0,0.0,0.0
경기도,포천시,관인면,운천,0,0,0,0,625,625,625,0,8.0,6.0,0.0,2.0,0.0,0.0,0.0,0.0
경기도,포천시,내촌면,진목(건설중),0,0,0,235,235,235,235,0,,,,,,,,
경기도,포천시,신북면,포천,0,0,0,0,410,410,410,0,0.0,0.0,0.0,0.0,0.0,0.0,0.0,0.0
경기도,여주시,가남읍,가남,0,0,0,0,0,0,0,0,8.0,4.0,0.0,4.0,0.0,0.0,0.0,0.0
경기도,여주시,가남읍,가남,0,0,0,0,0,0,0,0,8.0,4.0,0.0,4.0,0.0,0.0,0.0,0.0
경기도,여주시,상동,곤지암,0,0,0,0,0,0,0,0,12.0,10.0,0.0,2.0,0.0,0.0,0.0,0.0
경기도,여주시,상동,곤지암,0,0,0,0,0,0,0,0,12.0,10.0,0.0,2.0,0.0,0.0,0.0,0.0
경기도,여주시,상동,곤지암,0,0,0,0,0,0,0,0,12.0,10.0,0.0,2.0,0.0,0.0,0.0,0.0
경기도,여주시,상동,곤지암,0,0,0,0,0,0,0,0,12.0,10.0,0.0,2.0,0.0,0.0,0.0,0.0
경기도,여주시,상동,곤지암,0,0,0,0,0,0,0,0,12.0,10.0,0.0,2.0,0.0,0.0,0.0,0.0
경기도,여주시,가남읍,신해(건설중),0,0,0,0,0,0,0,0,,,,,,,,
경기도,여주시,가업동,여주,0,0,0,0,0,0,805,0,7.0,5.0,0.0,2.0,0.0,0.0,0.0,0.0
경기도,여주시,금사면,이천,0,0,0,0,0,0,0,0,11.0,11.0,0.0,0.0,0.0,0.0,0.0,0.0
경기도,여주시,금사면,이천,0,0,0,0,0,0,0,0,11.0,11.0,0.0,0.0,0.0,0.0,0.0,0.0
경기도,연천군,미산면,백학,0,0,0,0,0,0,0,0,12.0,4.0,0.0,8.0,0.0,0.0,0.0,0.0
경기도,연천군,군남면,전곡,0,0,0,0,560,560,560,0,11.0,4.0,1.0,6.0,0.0,0.0,0.0,0.0
경기도,가평군,가평읍,가평,0,0,0,0,0,0,270,0,8.0,5.0,2.0,1.0,0.0,0.0,0.0,0.0
경기도,가평군,상면,내촌,0,0,0,0,245,245,245,0,12.0,4.0,0.0,8.0,0.0,0.0,0.0,0.0
경기도,가평군,상면,내촌,0,0,0,0,245,245,245,0,12.0,4.0,0.0,8.0,0.0,0.0,0.0,0.0
경기도,가평군,상면,내촌,0,0,0,0,245,245,245,0,12.0,4.0,0.0,8.0,0.0,0.0,0.0,0.0
경기도,가평군,설악면,미금,0,0,210,210,240,240,240,0,,,,,,,,
경기도,가평군,설악면,미금,0,0,210,210,240,240,240,0,,,,,,,,
경기도,가평군,설악면,미금,0,0,210,210,240,240,240,0,,,,,,,,
경기도,가평군,설악면,미금,0,0,210,210,240,240,240,0,,,,,,,,
경기도,가평군,설악면,미금,0,0,210,210,240,240,240,0,,,,,,,,
경기도,가평군,설악면,미금,0,0,210,210,240,240,240,0,,,,,,,,
경기도,가평군,설악면,미금,0,0,210,210,240,240,240,0,,,,,,,,
경기도,가평군,설악면,미금,0,0,210,210,240,240,240,0,,,,,,,,
경기도,가평군,설악면,서종,410,410,410,410,410,410,410,410,8.0,4.0,0.0,4.0,0.0,0.0,0.0,0.0
경기도,가평군,설악면,서종,410,410,410,410,410,410,410,410,8.0,4.0,0.0,4.0,0.0,0.0,0.0,0.0
경기도,가평군,설악면,서홍천,80,235,245,310,325,330,325,80,12.0,2.0,2.0,8.0,0.0,0.0,0.0,0.0
경기도,가평군,설악면,서홍천,80,235,245,310,325,330,325,80,12.0,2.0,2.0,8.0,0.0,0.0,0.0,0.0
경기도,가평군,설악면,서홍천,80,235,245,310,325,330,325,80,12.0,2.0,2.0,8.0,0.0,0.0,0.0,0.0
경기도,양평군,양평읍,곤지암,0,0,0,0,0,0,0,0,12.0,10.0,0.0,2.0,0.0,0.0,0.0,0.0
경기도,양평군,양평읍,곤지암,0,0,0,0,0,0,0,0,12.0,10.0,0.0,2.0,0.0,0.0,0.0,0.0
경기도,양평군,양평읍,곤지암,0,0,0,0,0,0,0,0,12.0,10.0,0.0,2.0,0.0,0.0,0.0,0.0
경기도,양평군,양평읍,곤지암,0,0,0,0,0,0,0,0,12.0,10.0,0.0,2.0,0.0,0.0,0.0,0.0
경기도,양평군,양평읍,곤지암,0,0,0,0,0,0,0,0,12.0,10.0,0.0,2.0,0.0,0.0,0.0,0.0
경기도,양평군,서종면,동서울,0,0,0,0,0,0,0,0,13.0,9.0,0.0,4.0,0.0,0.0,0.0,0.0
경기도,양평군,서종면,동서울,0,0,0,0,0,0,0,0,13.0,9.0,0.0,4.0,0.0,0.0,0.0,0.0
경기도,양평군,서종면,동서울,0,0,0,0,0,0,0,0,13.0,9.0,0.0,4.0,0.0,0.0,0.0,0.0
경기도,양평군,서종면,동서울,0,0,0,0,0,0,0,0,13.0,9.0,0.0,4.0,0.0,0.0,0.0,0.0
경기도,양평군,서종면,동서울,0,0,0,0,0,0,0,0,13.0,9.0,0.0,4.0,0.0,0.0,0.0,0.0
경기도,양평군,서종면,동서울,0,0,0,0,0,0,0,0,13.0,9.0,0.0,4.0,0.0,0.0,0.0,0.0
경기도,양평군,서종면,서종,410,410,410,410,410,410,410,410,8.0,4.0,0.0,4.0,0.0,0.0,0.0,0.0
경기도,양평군,서종면,서종,410,410,410,410,410,410,410,410,8.0,4.0,0.0,4.0,0.0,0.0,0.0,0.0
경기도,양평군,강상면,용문(SA),0,0,0,0,0,0,0,0,4.0,4.0,0.0,0.0,0.0,0.0,0.0,0.0
경기도,양평군,개군면,지제,0,0,120,120,625,745,750,0,8.0,6.0,0.0,2.0,0.0,0.0,0.0,0.0
충청북도,청주시상당구,영동,남청주,0,0,0,0,0,0,0,0,20.0,20.0,0.0,0.0,0.0,0.0,0.0,0.0
충청북도,청주시상당구,영동,남청주,0,0,0,0,0,0,0,0,20.0,20.0,0.0,0.0,0.0,0.0,0.0,0.0
충청북도,청주시상당구,영동,남청주,0,0,0,0,0,0,0,0,20.0,20.0,0.0,0.0,0.0,0.0,0.0,0.0
충청북도,청주시상당구,영동,남청주,0,0,0,0,0,0,0,0,20.0,20.0,0.0,0.0,0.0,0.0,0.0,0.0
충청북도,청주시상당구,영동,남청주,0,0,0,0,0,0,0,0,20.0,20.0,0.0,0.0,0.0,0.0,0.0,0.0
충청북도,청주시상당구,낭성면,동청주(건설중),0,0,0,0,0,0,0,0,,,,,,,,
충청북도,청주시상당구,대성동,사직,0,0,0,0,0,0,0,0,8.0,4.0,2.0,2.0,0.0,0.0,0.0,0.0
충청북도,청주시상당구,대성동,사직,0,0,0,0,0,0,0,0,8.0,4.0,2.0,2.0,0.0,0.0,0.0,0.0
충청북도,청주시상당구,명암동,율량,0,0,0,0,0,0,0,0,7.0,4.0,2.0,1.0,0.0,0.0,0.0,0.0
충청북도,청주시상당구,명암동,율량,0,0,0,0,0,0,0,0,7.0,4.0,2.0,1.0,0.0,0.0,0.0,0.0
충청북도,청주시상당구,가덕면,청주,0,0,0,0,0,0,0,0,12.0,10.0,-1.0,3.0,0.0,0.0,0.0,0.0
충청북도,청주시상당구,가덕면,청주,0,0,0,0,0,0,0,0,12.0,10.0,-1.0,3.0,0.0,0.0,0.0,0.0
충청북도,청주시상당구,미원면,초정,0,0,0,0,0,0,0,0,7.0,4.0,2.0,1.0,0.0,0.0,0.0,0.0
충청북도,청주시상당구,미원면,초정,0,0,0,0,0,0,0,0,7.0,4.0,2.0,1.0,0.0,0.0,0.0,0.0
충청북도,청주시서원구,사창동,남청주,0,0,0,0,0,0,0,0,20.0,20.0,0.0,0.0,0.0,0.0,0.0,0.0
충청북도,청주시서원구,사창동,남청주,0,0,0,0,0,0,0,0,20.0,20.0,0.0,0.0,0.0,0.0,0.0,0.0
충청북도,청주시서원구,사창동,남청주,0,0,0,0,0,0,0,0,20.0,20.0,0.0,0.0,0.0,0.0,0.0,0.0
충청북도,청주시서원구,사창동,남청주,0,0,0,0,0,0,0,0,20.0,20.0,0.0,0.0,0.0,0.0,0.0,0.0
충청북도,청주시서원구,사창동,남청주,0,0,0,0,0,0,0,0,20.0,20.0,0.0,0.0,0.0,0.0,0.0,0.0
충청북도,청주시서원구,모충동,사직,0,0,0,0,0,0,0,0,8.0,4.0,2.0,2.0,0.0,0.0,0.0,0.0
충청북도,청주시서원구,모충동,사직,0,0,0,0,0,0,0,0,8.0,4.0,2.0,2.0,0.0,0.0,0.0,0.0
충청북도,청주시서원구,개신동,죽림,0,0,0,0,0,0,0,0,8.0,8.0,0.0,0.0,0.0,0.0,0.0,0.0
충청북도,청주시서원구,분평동,청주,0,0,0,0,0,0,0,0,12.0,10.0,-1.0,3.0,0.0,0.0,0.0,0.0
충청북도,청주시서원구,분평동,청주,0,0,0,0,0,0,0,0,12.0,10.0,-1.0,3.0,0.0,0.0,0.0,0.0
충청북도,청주시흥덕구,옥산면,국사,0,0,0,0,0,120,100,0,12.0,7.0,0.0,5.0,0.0,0.0,0.0,0.0
충청북도,청주시흥덕구,운천동,남청주,0,0,0,0,0,0,0,0,20.0,20.0,0.0,0.0,0.0,0.0,0.0,0.0
충청북도,청주시흥덕구,운천동,남청주,0,0,0,0,0,0,0,0,20.0,20.0,0.0,0.0,0.0,0.0,0.0,0.0
충청북도,청주시흥덕구,운천동,남청주,0,0,0,0,0,0,0,0,20.0,20.0,0.0,0.0,0.0,0.0,0.0,0.0
충청북도,청주시흥덕구,운천동,남청주,0,0,0,0,0,0,0,0,20.0,20.0,0.0,0.0,0.0,0.0,0.0,0.0
충청북도,청주시흥덕구,운천동,남청주,0,0,0,0,0,0,0,0,20.0,20.0,0.0,0.0,0.0,0.0,0.0,0.0
충청북도,청주시흥덕구,신성동,도계2S/S(건설중),0,0,0,0,0,0,0,0,,,,,,,,
충청북도,청주시흥덕구,신성동,도계2S/S(건설중),0,0,0,0,0,0,0,0,,,,,,,,
충청북도,청주시흥덕구,오송읍,북오송,0,0,0,0,0,0,0,0,8.0,4.0,0.0,4.0,0.0,0.0,0.0,0.0
충청북도,청주시흥덕구,복대동,북청주,0,0,345,285,265,210,225,0,12.0,12.0,-3.0,3.0,0.0,0.0,0.0,0.0
충청북도,청주시흥덕구,복대동,북청주,0,0,345,285,265,210,225,0,12.0,12.0,-3.0,3.0,0.0,0.0,0.0,0.0
충청북도,청주시흥덕구,신성동,서오창(건설중),0,0,0,0,0,0,0,0,,,,,,,,
충청북도,청주시흥덕구,신성동,서오창(건설중),0,0,0,0,0,0,0,0,,,,,,,,
충청북도,청주시흥덕구,가경동,서청주,0,0,0,0,0,0,0,0,7.0,7.0,0.0,0.0,0.0,0.0,0.0,0.0
충청북도,청주시흥덕구,옥산면,신진천,0,0,0,0,0,0,0,0,17.0,15.0,2.0,0.0,0.0,0.0,0.0,0.0
충청북도,청주시흥덕구,옥산면,신진천,0,0,0,0,0,0,0,0,17.0,15.0,2.0,0.0,0.0,0.0,0.0,0.0
충청북도,청주시흥덕구,옥산면,신진천,0,0,0,0,0,0,0,0,17.0,15.0,2.0,0.0,0.0,0.0,0.0,0.0
충청북도,청주시흥덕구,옥산면,신진천,0,0,0,0,0,0,0,0,17.0,15.0,2.0,0.0,0.0,0.0,0.0,0.0
충청북도,청주시흥덕구,옥산면,신진천,0,0,0,0,0,0,0,0,17.0,15.0,2.0,0.0,0.0,0.0,0.0,0.0
충청북도,청주시흥덕구,옥산면,신진천,0,0,0,0,0,0,0,0,17.0,15.0,2.0,0.0,0.0,0.0,0.0,0.0
충청북도,청주시흥덕구,오송읍,신청주,0,0,0,0,0,0,0,0,,,,,,,,
충청북도,청주시흥덕구,오송읍,오송,0,0,0,0,0,0,0,0,12.0,7.0,3.0,2.0,0.0,0.0,0.0,0.0
충청북도,청주시청원구,우암동,남청주,0,0,0,0,0,0,0,0,20.0,20.0,0.0,0.0,0.0,0.0,0.0,0.0
충청북도,청주시청원구,우암동,남청주,0,0,0,0,0,0,0,0,20.0,20.0,0.0,0.0,0.0,0.0,0.0,0.0
충청북도,청주시청원구,우암동,남청주,0,0,0,0,0,0,0,0,20.0,20.0,0.0,0.0,0.0,0.0,0.0,0.0
충청북도,청주시청원구,우암동,남청주,0,0,0,0,0,0,0,0,20.0,20.0,0.0,0.0,0.0,0.0,0.0,0.0
충청북도,청주시청원구,우암동,남청주,0,0,0,0,0,0,0,0,20.0,20.0,0.0,0.0,0.0,0.0,0.0,0.0
충청북도,청주시청원구,오창읍,도계2S/S(건설중),0,0,0,0,0,0,0,0,,,,,,,,
충청북도,청주시청원구,오창읍,도계2S/S(건설중),0,0,0,0,0,0,0,0,,,,,,,,
충청북도,청주시청원구,오동동,북청주,0,0,345,285,265,210,225,0,12.0,12.0,-3.0,3.0,0.0,0.0,0.0,0.0
충청북도,청주시청원구,오동동,북청주,0,0,345,285,265,210,225,0,12.0,12.0,-3.0,3.0,0.0,0.0,0.0,0.0
충청북도,청주시청원구,오창읍,서오창(건설중),0,0,0,0,0,0,0,0,,,,,,,,
충청북도,청주시청원구,오창읍,서오창(건설중),0,0,0,0,0,0,0,0,,,,,,,,
충청북도,청주시청원구,오창읍,신진천,0,0,0,0,0,0,0,0,17.0,15.0,2.0,0.0,0.0,0.0,0.0,0.0
충청북도,청주시청원구,오창읍,신진천,0,0,0,0,0,0,0,0,17.0,15.0,2.0,0.0,0.0,0.0,0.0,0.0
충청북도,청주시청원구,오창읍,신진천,0,0,0,0,0,0,0,0,17.0,15.0,2.0,0.0,0.0,0.0,0.0,0.0
충청북도,청주시청원구,오창읍,신진천,0,0,0,0,0,0,0,0,17.0,15.0,2.0,0.0,0.0,0.0,0.0,0.0
충청북도,청주시청원구,오창읍,신진천,0,0,0,0,0,0,0,0,17.0,15.0,2.0,0.0,0.0,0.0,0.0,0.0
충청북도,청주시청원구,오창읍,신진천,0,0,0,0,0,0,0,0,17.0,15.0,2.0,0.0,0.0,0.0,0.0,0.0
충청북도,청주시청원구,오창읍,오창,0,0,0,0,0,0,0,0,8.0,8.0,-1.0,1.0,0.0,0.0,0.0,0.0
충청북도,청주시청원구,오창읍,오창,0,0,0,0,0,0,0,0,8.0,8.0,-1.0,1.0,0.0,0.0,0.0,0.0
충청북도,청주시청원구,내덕동,율량,0,0,0,0,0,0,0,0,7.0,4.0,2.0,1.0,0.0,0.0,0.0,0.0
충청북도,청주시청원구,내덕동,율량,0,0,0,0,0,0,0,0,7.0,4.0,2.0,1.0,0.0,0.0,0.0,0.0
충청북도,청주시청원구,내수읍,초정,0,0,0,0,0,0,0,0,7.0,4.0,2.0,1.0,0.0,0.0,0.0,0.0
충청북도,청주시청원구,내수읍,초정,0,0,0,0,0,0,0,0,7.0,4.0,2.0,1.0,0.0,0.0,0.0,0.0
충청북도,충주시,앙성면,감곡,0,0,0,0,0,0,0,0,8.0,8.0,0.0,0.0,0.0,0.0,0.0,0.0
충청북도,충주시,앙성면,감곡,0,0,0,0,0,0,0,0,8.0,8.0,0.0,0.0,0.0,0.0,0.0,0.0
충청북도,충주시,금가면,금가(건설중),0,625,675,685,750,795,775,0,,,,,,,,
충청북도,충주시,동량면,북충주,760,520,465,260,415,555,500,760,12.0,4.0,3.0,5.0,0.0,0.0,0.0,0.0
충청북도,충주시,노은면,서충주(건설중),0,375,335,220,305,385,350,0,,,,,,,,
충청북도,충주시,문화동,신충주,0,0,0,0,0,0,0,0,16.0,16.0,0.0,0.0,0.0,0.0,0.0,0.0
충청북도,충주시,문화동,신충주,0,0,0,0,0,0,0,0,16.0,16.0,0.0,0.0,0.0,0.0,0.0,0.0
충청북도,충주시,문화동,신충주,0,0,0,0,0,0,0,0,16.0,16.0,0.0,0.0,0.0,0.0,0.0,0.0
충청북도,충주시,신니면,음성,0,0,1015,585,910,945,975,0,10.0,9.0,0.0,1.0,0.0,0.0,0.0,0.0
충청북도,충주시,신니면,음성,0,0,1015,585,910,945,975,0,10.0,9.0,0.0,1.0,0.0,0.0,0.0,0.0
충청북도,충주시,살미면,장연,30,30,30,30,30,30,25,30,6.0,4.0,1.0,1.0,0.0,0.0,0.0,0.0
충청북도,충주시,살미면,장연,30,30,30,30,30,30,25,30,6.0,4.0,1.0,1.0,0.0,0.0,0.0,0.0
충청북도,충주시,교현동,충주,170,160,150,140,130,440,440,170,11.0,9.0,0.0,2.0,0.0,0.0,0.0,0.0
충청북도,충주시,가주동,풍동,575,505,530,460,555,545,535,575,7.0,4.0,0.0,3.0,0.0,0.0,0.0,0.0
충청북도,제천시,금성면,왕암,825,905,930,940,965,1335,1445,825,12.0,8.0,3.0,1.0,0.0,0.0,0.0,0.0
충청북도,제천시,강제동,제천,165,165,180,185,215,445,440,165,7.0,4.0,0.0,3.0,0.0,0.0,0.0,0.0
충청북도,보은군,산외면,보은,0,0,0,0,0,450,470,0,7.0,3.0,2.0,2.0,0.0,0.0,0.0,0.0
충청북도,옥천군,군북면,옥천,0,0,0,0,0,0,0,0,8.0,8.0,0.0,0.0,0.0,0.0,0.0,0.0
충청북도,영동군,매곡면,영동,0,0,0,0,0,370,490,0,6.0,3.0,2.0,1.0,0.0,0.0,0.0,0.0
충청북도,증평군,증평읍,남청주,0,0,0,0,0,0,0,0,20.0,20.0,0.0,0.0,0.0,0.0,0.0,0.0
충청북도,증평군,증평읍,남청주,0,0,0,0,0,0,0,0,20.0,20.0,0.0,0.0,0.0,0.0,0.0,0.0
충청북도,증평군,증평읍,남청주,0,0,0,0,0,0,0,0,20.0,20.0,0.0,0.0,0.0,0.0,0.0,0.0
충청북도,증평군,증평읍,남청주,0,0,0,0,0,0,0,0,20.0,20.0,0.0,0.0,0.0,0.0,0.0,0.0
충청북도,증평군,증평읍,남청주,0,0,0,0,0,0,0,0,20.0,20.0,0.0,0.0,0.0,0.0,0.0,0.0
충청북도,증평군,도안면,사리,0,0,0,0,0,0,0,0,11.0,7.0,0.0,4.0,0.0,0.0,0.0,0.0
충청북도,증평군,도안면,사리,0,0,0,0,0,0,0,0,11.0,7.0,0.0,4.0,0.0,0.0,0.0,0.0
충청북도,진천군,광혜원면,광혜원,0,0,0,0,0,0,0,0,8.0,8.0,-2.0,2.0,0.0,0.0,0.0,0.0
충청북도,진천군,광혜원면,광혜원,0,0,0,0,0,0,0,0,8.0,8.0,-2.0,2.0,0.0,0.0,0.0,0.0
충청북도,진천군,덕산면,덕산,100,0,355,405,0,360,360,100,12.0,5.0,2.0,5.0,0.0,0.0,0.0,0.0
충청북도,진천군,진천읍,신진천,0,0,0,0,0,0,0,0,17.0,15.0,2.0,0.0,0.0,0.0,0.0,0.0
충청북도,진천군,진천읍,신진천,0,0,0,0,0,0,0,0,17.0,15.0,2.0,0.0,0.0,0.0,0.0,0.0
충청북도,진천군,진천읍,신진천,0,0,0,0,0,0,0,0,17.0,15.0,2.0,0.0,0.0,0.0,0.0,0.0
충청북도,진천군,진천읍,신진천,0,0,0,0,0,0,0,0,17.0,15.0,2.0,0.0,0.0,0.0,0.0,0.0
충청북도,진천군,진천읍,신진천,0,0,0,0,0,0,0,0,17.0,15.0,2.0,0.0,0.0,0.0,0.0,0.0
충청북도,진천군,진천읍,신진천,0,0,0,0,0,0,0,0,17.0,15.0,2.0,0.0,0.0,0.0,0.0,0.0
충청북도,진천군,문백면,오창,0,0,0,0,0,0,0,0,8.0,8.0,-1.0,1.0,0.0,0.0,0.0,0.0
충청북도,진천군,문백면,오창,0,0,0,0,0,0,0,0,8.0,8.0,-1.0,1.0,0.0,0.0,0.0,0.0
충청북도,진천군,덕산읍,이월(건설중),0,0,0,125,100,95,90,0,,,,,,,,
충청북도,진천군,이월면,진천,0,0,220,270,260,310,300,0,8.0,8.0,-2.0,2.0,0.0,0.0,0.0,0.0
충청북도,괴산군,감물면,괴산,0,0,0,0,475,0,0,0,6.0,2.0,1.0,3.0,0.0,0.0,0.0,0.0
충청북도,괴산군,청천면,사담(건설중),0,0,0,270,260,310,300,0,,,,,,,,
충청북도,괴산군,문광면,사리,0,0,0,0,0,0,0,0,11.0,7.0,0.0,4.0,0.0,0.0,0.0,0.0
충청북도,괴산군,문광면,사리,0,0,0,0,0,0,0,0,11.0,7.0,0.0,4.0,0.0,0.0,0.0,0.0
충청북도,괴산군,괴산읍,신충주,0,0,0,0,0,0,0,0,16.0,16.0,0.0,0.0,0.0,0.0,0.0,0.0
충청북도,괴산군,괴산읍,신충주,0,0,0,0,0,0,0,0,16.0,16.0,0.0,0.0,0.0,0.0,0.0,0.0
충청북도,괴산군,괴산읍,신충주,0,0,0,0,0,0,0,0,16.0,16.0,0.0,0.0,0.0,0.0,0.0,0.0
충청북도,괴산군,감물면,장연,30,30,30,30,30,30,25,30,6.0,4.0,1.0,1.0,0.0,0.0,0.0,0.0
충청북도,괴산군,감물면,장연,30,30,30,30,30,30,25,30,6.0,4.0,1.0,1.0,0.0,0.0,0.0,0.0
충청북도,음성군,감곡면,감곡,0,0,0,0,0,0,0,0,8.0,8.0,0.0,0.0,0.0,0.0,0.0,0.0
충청북도,음성군,감곡면,감곡,0,0,0,0,0,0,0,0,8.0,8.0,0.0,0.0,0.0,0.0,0.0,0.0
충청북도,음성군,대소면,광혜원,0,0,0,0,0,0,0,0,8.0,8.0,-2.0,2.0,0.0,0.0,0.0,0.0
충청북도,음성군,대소면,광혜원,0,0,0,0,0,0,0,0,8.0,8.0,-2.0,2.0,0.0,0.0,0.0,0.0
충청북도,음성군,금왕읍,금왕,0,0,0,0,0,0,0,0,7.0,7.0,0.0,0.0,0.0,0.0,0.0,0.0
충청북도,음성군,맹동면,남음성,90,95,420,395,0,355,355,90,8.0,4.0,1.0,3.0,0.0,0.0,0.0,0.0
충청북도,음성군,맹동면,성본,0,0,0,0,0,0,0,0,,,,,,,,
충청북도,음성군,맹동면,신진천,0,0,0,0,0,0,0,0,17.0,15.0,2.0,0.0,0.0,0.0,0.0,0.0
충청북도,음성군,맹동면,신진천,0,0,0,0,0,0,0,0,17.0,15.0,2.0,0.0,0.0,0.0,0.0,0.0
충청북도,음성군,맹동면,신진천,0,0,0,0,0,0,0,0,17.0,15.0,2.0,0.0,0.0,0.0,0.0,0.0
충청북도,음성군,맹동면,신진천,0,0,0,0,0,0,0,0,17.0,15.0,2.0,0.0,0.0,0.0,0.0,0.0
충청북도,음성군,맹동면,신진천,0,0,0,0,0,0,0,0,17.0,15.0,2.0,0.0,0.0,0.0,0.0,0.0
충청북도,음성군,맹동면,신진천,0,0,0,0,0,0,0,0,17.0,15.0,2.0,0.0,0.0,0.0,0.0,0.0
충청북도,음성군,음성읍,신충주,0,0,0,0,0,0,0,0,16.0,16.0,0.0,0.0,0.0,0.0,0.0,0.0
충청북도,음성군,음성읍,신충주,0,0,0,0,0,0,0,0,16.0,16.0,0.0,0.0,0.0,0.0,0.0,0.0
충청북도,음성군,음성읍,신충주,0,0,0,0,0,0,0,0,16.0,16.0,0.0,0.0,0.0,0.0,0.0,0.0
충청북도,음성군,소이면,음성,0,0,1015,585,910,945,975,0,10.0,9.0,0.0,1.0,0.0,0.0,0.0,0.0
충청북도,음성군,소이면,음성,0,0,1015,585,910,945,975,0,10.0,9.0,0.0,1.0,0.0,0.0,0.0,0.0
충청북도,단양군,가곡면,단양,0,0,0,0,0,0,0,0,13.0,12.0,1.0,0.0,0.0,0.0,0.0,0.0
충청남도,천안시동남구,동면,동천안,0,0,0,0,0,495,0,0,8.0,4.0,0.0,4.0,0.0,0.0,0.0,0.0
충청남도,천안시동남구,문화동,신진천,0,0,0,0,0,0,0,0,17.0,15.0,2.0,0.0,0.0,0.0,0.0,0.0
충청남도,천안시동남구,문화동,신진천,0,0,0,0,0,0,0,0,17.0,15.0,2.0,0.0,0.0,0.0,0.0,0.0
충청남도,천안시동남구,문화동,신진천,0,0,0,0,0,0,0,0,17.0,15.0,2.0,0.0,0.0,0.0,0.0,0.0
충청남도,천안시동남구,문화동,신진천,0,0,0,0,0,0,0,0,17.0,15.0,2.0,0.0,0.0,0.0,0.0,0.0
충청남도,천안시동남구,문화동,신진천,0,0,0,0,0,0,0,0,17.0,15.0,2.0,0.0,0.0,0.0,0.0,0.0
충청남도,천안시동남구,문화동,신진천,0,0,0,0,0,0,0,0,17.0,15.0,2.0,0.0,0.0,0.0,0.0,0.0
충청남도,천안시동남구,대흥동,아산,0,60,110,0,0,0,0,0,18.0,8.0,0.0,10.0,0.0,0.0,0.0,0.0
충청남도,천안시동남구,대흥동,아산,0,60,110,0,0,0,0,0,18.0,8.0,0.0,10.0,0.0,0.0,0.0,0.0
충청남도,천안시동남구,대흥동,아산,0,60,110,0,0,0,0,0,18.0,8.0,0.0,10.0,0.0,0.0,0.0,0.0
충청남도,천안시동남구,구룡동,천안,0,0,0,0,0,0,0,0,8.0,6.0,2.0,0.0,0.0,0.0,0.0,0.0
충청남도,천안시동남구,구룡동,천안,0,0,0,0,0,0,0,0,8.0,6.0,2.0,0.0,0.0,0.0,0.0,0.0
충청남도,천안시동남구,광덕면,풍세,0,0,0,0,0,0,0,0,7.0,4.0,3.0,0.0,0.0,0.0,0.0,0.0
충청남도,천안시서북구,성환읍,둔포,0,0,0,0,0,0,0,0,8.0,6.0,2.0,0.0,0.0,0.0,0.0,0.0
충청남도,천안시서북구,성환읍,둔포,0,0,0,0,0,0,0,0,8.0,6.0,2.0,0.0,0.0,0.0,0.0,0.0
충청남도,천안시서북구,백석동,불당,0,0,0,0,0,0,0,0,8.0,6.0,2.0,0.0,0.0,0.0,0.0,0.0
충청남도,천안시서북구,두정동,서천안,0,0,0,0,0,0,0,0,12.0,11.0,0.0,1.0,0.0,0.0,0.0,0.0
충청남도,천안시서북구,성거읍,성거,0,0,0,0,0,490,0,0,12.0,4.0,2.0,6.0,0.0,0.0,0.0,0.0
충청남도,천안시서북구,성성동,신온양,0,0,0,0,0,0,0,0,12.0,4.0,3.0,5.0,0.0,0.0,0.0,0.0
충청남도,천안시서북구,성성동,신온양,0,0,0,0,0,0,0,0,12.0,4.0,3.0,5.0,0.0,0.0,0.0,0.0
충청남도,천안시서북구,신당동,신진천,0,0,0,0,0,0,0,0,17.0,15.0,2.0,0.0,0.0,0.0,0.0,0.0
충청남도,천안시서북구,신당동,신진천,0,0,0,0,0,0,0,0,17.0,15.0,2.0,0.0,0.0,0.0,0.0,0.0
충청남도,천안시서북구,신당동,신진천,0,0,0,0,0,0,0,0,17.0,15.0,2.0,0.0,0.0,0.0,0.0,0.0
충청남도,천안시서북구,신당동,신진천,0,0,0,0,0,0,0,0,17.0,15.0,2.0,0.0,0.0,0.0,0.0,0.0
충청남도,천안시서북구,신당동,신진천,0,0,0,0,0,0,0,0,17.0,15.0,2.0,0.0,0.0,0.0,0.0,0.0
충청남도,천안시서북구,신당동,신진천,0,0,0,0,0,0,0,0,17.0,15.0,2.0,0.0,0.0,0.0,0.0,0.0
충청남도,천안시서북구,와촌동,아산,0,60,110,0,0,0,0,0,18.0,8.0,0.0,10.0,0.0,0.0,0.0,0.0
충청남도,천안시서북구,와촌동,아산,0,60,110,0,0,0,0,0,18.0,8.0,0.0,10.0,0.0,0.0,0.0,0.0
충청남도,천안시서북구,와촌동,아산,0,60,110,0,0,0,0,0,18.0,8.0,0.0,10.0,0.0,0.0,0.0,0.0
충청남도,천안시서북구,쌍용동,장재,0,0,0,0,0,0,0,0,8.0,8.0,0.0,0.0,0.0,0.0,0.0,0.0
충청남도,천안시서북구,성정동,천안,0,0,0,0,0,0,0,0,8.0,6.0,2.0,0.0,0.0,0.0,0.0,0.0
충청남도,천안시서북구,성정동,천안,0,0,0,0,0,0,0,0,8.0,6.0,2.0,0.0,0.0,0.0,0.0,0.0
충청남도,천안시서북구,차암동,한샘,0,0,0,0,0,0,0,0,12.0,8.0,2.0,2.0,0.0,0.0,0.0,0.0
충청남도,공주시,검상동,공주,275,140,80,0,0,0,0,275,9.0,4.0,0.0,5.0,0.0,0.0,0.0,0.0
충청남도,공주시,송선동,남공주(건설중),470,0,0,0,0,0,0,470,,,,,,,,
충청남도,공주시,사곡면,신풍,0,0,0,0,0,0,0,0,8.0,4.0,0.0,4.0,0.0,0.0,0.0,0.0
충청남도,공주시,반죽동,청양,0,0,0,0,0,0,0,0,12.0,6.0,0.0,6.0,0.0,0.0,0.0,0.0
충청남도,공주시,반죽동,청양,0,0,0,0,0,0,0,0,12.0,6.0,0.0,6.0,0.0,0.0,0.0,0.0
충청남도,공주시,반죽동,청양,0,0,0,0,0,0,0,0,12.0,6.0,0.0,6.0,0.0,0.0,0.0,0.0
충청남도,공주시,반죽동,청양,0,0,0,0,0,0,0,0,12.0,6.0,0.0,6.0,0.0,0.0,0.0,0.0
충청남도,공주시,반죽동,청양,0,0,0,0,0,0,0,0,12.0,6.0,0.0,6.0,0.0,0.0,0.0,0.0
충청남도,공주시,반죽동,청양,0,0,0,0,0,0,0,0,12.0,6.0,0.0,6.0,0.0,0.0,0.0,0.0
충청남도,보령시,고남면,관창,0,0,0,0,0,0,0,0,8.0,6.0,0.0,2.0,0.0,0.0,0.0,0.0
충청남도,보령시,내항동,대천,690,680,475,520,495,680,640,690,,,,,,,,
충청남도,보령시,죽정동,청양,0,0,0,0,0,0,0,0,12.0,6.0,0.0,6.0,0.0,0.0,0.0,0.0
충청남도,보령시,죽정동,청양,0,0,0,0,0,0,0,0,12.0,6.0,0.0,6.0,0.0,0.0,0.0,0.0
충청남도,보령시,죽정동,청양,0,0,0,0,0,0,0,0,12.0,6.0,0.0,6.0,0.0,0.0,0.0,0.0
충청남도,보령시,죽정동,청양,0,0,0,0,0,0,0,0,12.0,6.0,0.0,6.0,0.0,0.0,0.0,0.0
충청남도,보령시,죽정동,청양,0,0,0,0,0,0,0,0,12.0,6.0,0.0,6.0,0.0,0.0,0.0,0.0
충청남도,보령시,죽정동,청양,0,0,0,0,0,0,0,0,12.0,6.0,0.0,6.0,0.0,0.0,0.0,0.0
충청남도,아산시,선장면,도고(건설중),0,0,0,0,0,0,0,0,,,,,,,,
충청남도,아산시,둔포면,둔포,0,0,0,0,0,0,0,0,8.0,6.0,2.0,0.0,0.0,0.0,0.0,0.0
충청남도,아산시,둔포면,둔포,0,0,0,0,0,0,0,0,8.0,6.0,2.0,0.0,0.0,0.0,0.0,0.0
충청남도,아산시,음봉면,북아산,0,0,0,0,0,0,0,0,,,,,,,,
충청남도,아산시,도고면,서산2S/S(건설중),0,0,0,0,0,0,0,0,,,,,,,,
충청남도,아산시,둔포면,석곡,0,0,0,0,0,0,0,0,8.0,4.0,0.0,4.0,0.0,0.0,0.0,0.0
충청남도,아산시,영인면,신온양,0,0,0,0,0,0,0,0,12.0,4.0,3.0,5.0,0.0,0.0,0.0,0.0
충청남도,아산시,영인면,신온양,0,0,0,0,0,0,0,0,12.0,4.0,3.0,5.0,0.0,0.0,0.0,0.0
충청남도,아산시,선장면,신창(건설중),15,20,75,0,0,0,0,15,,,,,,,,
충청남도,아산시,송악면,아산,0,60,110,0,0,0,0,0,18.0,8.0,0.0,10.0,0.0,0.0,0.0,0.0
충청남도,아산시,송악면,아산,0,60,110,0,0,0,0,0,18.0,8.0,0.0,10.0,0.0,0.0,0.0,0.0
충청남도,아산시,송악면,아산,0,60,110,0,0,0,0,0,18.0,8.0,0.0,10.0,0.0,0.0,0.0,0.0
충청남도,아산시,배방읍,온양,0,0,0,0,0,0,0,0,,,,,,,,
충청남도,아산시,선장면,인주,0,0,0,0,0,0,0,0,7.0,6.0,0.0,1.0,0.0,0.0,0.0,0.0
충청남도,아산시,탕정면,탕정,0,0,0,0,0,0,0,0,12.0,11.0,1.0,0.0,0.0,0.0,0.0,0.0
충청남도,아산시,도고면,풍세#2(건설중),0,0,0,0,0,0,0,0,,,,,,,,
충청남도,서산시,대산읍,대산,0,0,0,0,0,0,0,0,16.0,16.0,0.0,0.0,0.0,0.0,0.0,0.0
충청남도,서산시,부석면,부석(건설중),0,0,0,0,0,1150,1100,0,,,,,,,,
충청남도,서산시,온석동,서산,745,720,835,750,775,780,755,745,12.0,10.0,-4.0,6.0,0.0,0.0,0.0,0.0
충청남도,서산시,성연면,성연,0,0,0,0,0,0,0,0,7.0,5.0,2.0,0.0,0.0,0.0,0.0,0.0
충청남도,서산시,예천동,신당진,0,390,375,345,0,0,0,0,18.0,5.0,2.0,11.0,0.0,0.0,0.0,0.0
충청남도,서산시,예천동,신당진,0,390,375,345,0,0,0,0,18.0,5.0,2.0,11.0,0.0,0.0,0.0,0.0
충청남도,서산시,성연면,신성연1(건설중),455,335,0,0,0,0,0,455,,,,,,,,
충청남도,서산시,인지면,태안,435,375,505,480,530,1135,1075,435,10.0,6.0,2.0,2.0,0.0,0.0,0.0,0.0
충청남도,서산시,인지면,태안,435,375,505,480,530,1135,1075,435,10.0,6.0,2.0,2.0,0.0,0.0,0.0,0.0
충청남도,서산시,인지면,태안,435,375,505,480,530,1135,1075,435,10.0,6.0,2.0,2.0,0.0,0.0,0.0,0.0
충청남도,서산시,인지면,태안,435,375,505,480,530,1135,1075,435,10.0,6.0,2.0,2.0,0.0,0.0,0.0,0.0
충청남도,서산시,인지면,태안,435,375,505,480,530,1135,1075,435,10.0,6.0,2.0,2.0,0.0,0.0,0.0,0.0
충청남도,서산시,고북면,해미,405,825,810,900,865,645,655,405,8.0,2.0,4.0,2.0,0.0,0.0,0.0,0.0
충청남도,논산시,강산동,논산,605,590,505,330,330,515,505,605,8.0,6.0,0.0,2.0,0.0,0.0,0.0,0.0
충청남도,논산시,화지동,신계룡,0,0,0,0,0,0,0,0,16.0,10.0,0.0,6.0,0.0,0.0,0.0,0.0
충청남도,논산시,화지동,신계룡,0,0,0,0,0,0,0,0,16.0,10.0,0.0,6.0,0.0,0.0,0.0,0.0
충청남도,논산시,화지동,신계룡,0,0,0,0,0,0,0,0,16.0,10.0,0.0,6.0,0.0,0.0,0.0,0.0
충청남도,논산시,화지동,신계룡,0,0,0,0,0,0,0,0,16.0,10.0,0.0,6.0,0.0,0.0,0.0,0.0
충청남도,논산시,화지동,신계룡,0,0,0,0,0,0,0,0,16.0,10.0,0.0,6.0,0.0,0.0,0.0,0.0
충청남도,논산시,화지동,신계룡,0,0,0,0,0,0,0,0,16.0,10.0,0.0,6.0,0.0,0.0,0.0,0.0
충청남도,논산시,연무읍,연무(건설중),0,0,0,0,0,770,735,0,,,,,,,,
충청남도,논산시,가야곡면,은진,295,0,0,0,0,0,0,295,12.0,6.0,0.0,6.0,0.0,0.0,0.0,0.0
충청남도,계룡시,금암동,두마,0,0,0,0,0,0,0,0,8.0,4.0,0.0,4.0,0.0,0.0,0.0,0.0
충청남도,계룡시,금암동,신계룡,0,0,0,0,0,0,0,0,16.0,10.0,0.0,6.0,0.0,0.0,0.0,0.0
충청남도,계룡시,금암동,신계룡,0,0,0,0,0,0,0,0,16.0,10.0,0.0,6.0,0.0,0.0,0.0,0.0
충청남도,계룡시,금암동,신계룡,0,0,0,0,0,0,0,0,16.0,10.0,0.0,6.0,0.0,0.0,0.0,0.0
충청남도,계룡시,금암동,신계룡,0,0,0,0,0,0,0,0,16.0,10.0,0.0,6.0,0.0,0.0,0.0,0.0
충청남도,계룡시,금암동,신계룡,0,0,0,0,0,0,0,0,16.0,10.0,0.0,6.0,0.0,0.0,0.0,0.0
충청남도,계룡시,금암동,신계룡,0,0,0,0,0,0,0,0,16.0,10.0,0.0,6.0,0.0,0.0,0.0,0.0
충청남도,당진시,순성면,당진,525,425,440,410,450,425,425,525,12.0,5.0,2.0,5.0,0.0,0.0,0.0,0.0
충청남도,당진시,고대면,석문,0,0,0,0,0,0,75,0,8.0,5.0,3.0,0.0,0.0,0.0,0.0,0.0
충청남도,당진시,송산면,송악,0,0,0,0,0,0,0,0,11.0,8.0,3.0,0.0,0.0,0.0,0.0,0.0
충청남도,당진시,구룡동,신당진,0,390,375,345,0,0,0,0,18.0,5.0,2.0,11.0,0.0,0.0,0.0,0.0
충청남도,당진시,구룡동,신당진,0,390,375,345,0,0,0,0,18.0,5.0,2.0,11.0,0.0,0.0,0.0,0.0
충청남도,당진시,용연동,신송산,165,165,165,280,290,290,290,165,18.0,0.0,5.0,13.0,0.0,0.0,0.0,0.0
충청남도,당진시,대덕동,태안,435,375,505,480,530,1135,1075,435,10.0,6.0,2.0,2.0,0.0,0.0,0.0,0.0
충청남도,당진시,대덕동,태안,435,375,505,480,530,1135,1075,435,10.0,6.0,2.0,2.0,0.0,0.0,0.0,0.0
충청남도,당진시,대덕동,태안,435,375,505,480,530,1135,1075,435,10.0,6.0,2.0,2.0,0.0,0.0,0.0,0.0
충청남도,당진시,대덕동,태안,435,375,505,480,530,1135,1075,435,10.0,6.0,2.0,2.0,0.0,0.0,0.0,0.0
충청남도,당진시,대덕동,태안,435,375,505,480,530,1135,1075,435,10.0,6.0,2.0,2.0,0.0,0.0,0.0,0.0
충청남도,당진시,우강면,합덕,0,435,420,325,0,0,0,0,8.0,6.0,1.0,1.0,0.0,0.0,0.0,0.0
충청남도,금산군,금산읍,금산,0,0,0,0,0,0,0,0,7.0,5.0,2.0,0.0,0.0,0.0,0.0,0.0
충청남도,금산군,군북면,추부,0,0,0,0,0,630,680,0,8.0,4.0,0.0,4.0,0.0,0.0,0.0,0.0
충청남도,부여군,구룡면,부여,615,680,545,335,335,495,730,615,12.0,4.0,0.0,8.0,0.0,0.0,0.0,0.0
충청남도,부여군,임천면,옥산,425,475,600,455,440,715,605,425,8.0,6.0,0.0,2.0,0.0,0.0,0.0,0.0
충청남도,서천군,기산면,장항,0,0,415,420,395,420,360,0,12.0,5.0,2.0,5.0,0.0,0.0,0.0,0.0
충청남도,청양군,남양면,청양,0,0,0,0,0,0,0,0,12.0,6.0,0.0,6.0,0.0,0.0,0.0,0.0
충청남도,청양군,남양면,청양,0,0,0,0,0,0,0,0,12.0,6.0,0.0,6.0,0.0,0.0,0.0,0.0
충청남도,청양군,남양면,청양,0,0,0,0,0,0,0,0,12.0,6.0,0.0,6.0,0.0,0.0,0.0,0.0
충청남도,청양군,남양면,청양,0,0,0,0,0,0,0,0,12.0,6.0,0.0,6.0,0.0,0.0,0.0,0.0
충청남도,청양군,남양면,청양,0,0,0,0,0,0,0,0,12.0,6.0,0.0,6.0,0.0,0.0,0.0,0.0
충청남도,청양군,남양면,청양,0,0,0,0,0,0,0,0,12.0,6.0,0.0,6.0,0.0,0.0,0.0,0.0
충청남도,홍성군,결성면,은하,0,0,0,0,0,0,560,0,8.0,4.0,1.0,3.0,0.0,0.0,0.0,0.0
충청남도,홍성군,홍성읍,태안,435,375,505,480,530,1135,1075,435,10.0,6.0,2.0,2.0,0.0,0.0,0.0,0.0
충청남도,홍성군,홍성읍,태안,435,375,505,480,530,1135,1075,435,10.0,6.0,2.0,2.0,0.0,0.0,0.0,0.0
충청남도,홍성군,홍성읍,태안,435,375,505,480,530,1135,1075,435,10.0,6.0,2.0,2.0,0.0,0.0,0.0,0.0
충청남도,홍성군,홍성읍,태안,435,375,505,480,530,1135,1075,435,10.0,6.0,2.0,2.0,0.0,0.0,0.0,0.0
충청남도,홍성군,홍성읍,태안,435,375,505,480,530,1135,1075,435,10.0,6.0,2.0,2.0,0.0,0.0,0.0,0.0
충청남도,홍성군,갈산면,홍성,505,610,620,570,500,515,430,505,12.0,8.0,2.0,2.0,0.0,0.0,0.0,0.0
충청남도,예산군,예산읍,서예산(건설중),520,550,0,0,0,440,390,520,,,,,,,,
충청남도,예산군,고덕면,예산,0,45,80,200,0,0,0,0,12.0,8.0,0.0,4.0,0.0,0.0,0.0,0.0
충청남도,예산군,광시면,응봉,255,45,80,200,185,210,170,255,8.0,4.0,0.0,4.0,0.0,0.0,0.0,0.0
충청남도,예산군,예산읍,태안,435,375,505,480,530,1135,1075,435,10.0,6.0,2.0,2.0,0.0,0.0,0.0,0.0
충청남도,예산군,예산읍,태안,435,375,505,480,530,1135,1075,435,10.0,6.0,2.0,2.0,0.0,0.0,0.0,0.0
충청남도,예산군,예산읍,태안,435,375,505,480,530,1135,1075,435,10.0,6.0,2.0,2.0,0.0,0.0,0.0,0.0
충청남도,예산군,예산읍,태안,435,375,505,480,530,1135,1075,435,10.0,6.0,2.0,2.0,0.0,0.0,0.0,0.0
충청남도,예산군,예산읍,태안,435,375,505,480,530,1135,1075,435,10.0,6.0,2.0,2.0,0.0,0.0,0.0,0.0
충청남도,태안군,고남면,안면,415,440,585,555,615,755,760,415,8.0,4.0,3.0,1.0,0.0,0.0,0.0,0.0
충청남도,태안군,근흥면,태안,435,375,505,480,530,1135,1075,435,10.0,6.0,2.0,2.0,0.0,0.0,0.0,0.0
충청남도,태안군,근흥면,태안,435,375,505,480,530,1135,1075,435,10.0,6.0,2.0,2.0,0.0,0.0,0.0,0.0
충청남도,태안군,근흥면,태안,435,375,505,480,530,1135,1075,435,10.0,6.0,2.0,2.0,0.0,0.0,0.0,0.0
충청남도,태안군,근흥면,태안,435,375,505,480,530,1135,1075,435,10.0,6.0,2.0,2.0,0.0,0.0,0.0,0.0
충청남도,태안군,근흥면,태안,435,375,505,480,530,1135,1075,435,10.0,6.0,2.0,2.0,0.0,0.0,0.0,0.0
경상북도,포항시남구,연일읍,남포항,145,45,405,400,405,405,405,145,6.0,4.0,0.0,2.0,0.0,0.0,0.0,0.0
경상북도,포항시남구,연일읍,남포항,145,45,405,400,405,405,405,145,6.0,4.0,0.0,2.0,0.0,0.0,0.0,0.0
경상북도,포항시남구,대송면,대송,155,50,435,445,470,550,605,155,13.0,4.0,1.0,8.0,0.0,0.0,0.0,0.0
경상북도,포항시남구,구룡포읍,상정,100,90,80,70,60,50,50,100,8.0,5.0,2.0,1.0,0.0,0.0,0.0,0.0
경상북도,포항시남구,대송면,영일,585,415,580,610,625,670,670,585,10.0,7.0,0.0,3.0,0.0,0.0,0.0,0.0
경상북도,포항시남구,인덕동,죽정,100,90,80,70,60,50,50,100,,,,,,,,
경상북도,포항시남구,괴동동,포항,0,0,0,0,0,0,0,0,,,,,,,,
경상북도,포항시남구,흥해읍,흥해,140,45,530,455,610,700,680,140,15.0,11.0,3.0,1.0,0.0,0.0,0.0,0.0
경상북도,포항시남구,흥해읍,흥해,140,45,530,455,610,700,680,140,15.0,11.0,3.0,1.0,0.0,0.0,0.0,0.0
경상북도,포항시북구,득량동,남포항,145,45,405,400,405,405,405,145,6.0,4.0,0.0,2.0,0.0,0.0,0.0,0.0
경상북도,포항시북구,득량동,남포항,145,45,405,400,405,405,405,145,6.0,4.0,0.0,2.0,0.0,0.0,0.0,0.0
경상북도,포항시북구,장성동,북포항,140,45,400,395,400,400,395,140,7.0,5.0,0.0,2.0,0.0,0.0,0.0,0.0
경상북도,포항시북구,신광면,서포항,135,45,450,380,525,610,590,135,,,,,,,,
경상북도,포항시북구,기계면,청하,0,0,0,0,0,0,0,0,10.0,6.0,4.0,0.0,0.0,0.0,0.0,0.0
경상북도,포항시북구,송라면,흥해,140,45,530,455,610,700,680,140,15.0,11.0,3.0,1.0,0.0,0.0,0.0,0.0
경상북도,포항시북구,송라면,흥해,140,45,530,455,610,700,680,140,15.0,11.0,3.0,1.0,0.0,0.0,0.0,0.0
경상북도,경주시,건천읍,건천,325,320,325,325,335,335,335,325,12.0,7.0,0.0,5.0,0.0,0.0,0.0,0.0
경상북도,경주시,서면,아화,410,350,395,430,445,500,520,410,8.0,6.0,1.0,1.0,0.0,0.0,0.0,0.0
경상북도,경주시,서면,아화,410,350,395,430,445,500,520,410,8.0,6.0,1.0,1.0,0.0,0.0,0.0,0.0
경상북도,경주시,서면,아화,410,350,395,430,445,500,520,410,8.0,6.0,1.0,1.0,0.0,0.0,0.0,0.0
경상북도,경주시,서면,아화,410,350,395,430,445,500,520,410,8.0,6.0,1.0,1.0,0.0,0.0,0.0,0.0
경상북도,경주시,감포읍,양북,205,170,175,320,315,315,315,205,12.0,2.0,2.0,8.0,0.0,0.0,0.0,0.0
경상북도,경주시,강동면,왕신,0,0,0,0,0,0,0,0,10.0,4.0,6.0,0.0,0.0,0.0,0.0,0.0
경상북도,경주시,외동읍,외동,0,0,0,0,40,45,35,0,8.0,4.0,1.0,3.0,0.0,0.0,0.0,0.0
경상북도,경주시,문무대왕면,입실,0,0,0,0,75,160,245,0,7.0,4.0,0.0,3.0,0.0,0.0,0.0,0.0
경상북도,김천시,감천면,금릉,0,0,0,0,0,0,0,0,8.0,6.0,2.0,0.0,0.0,0.0,0.0,0.0
경상북도,김천시,교동,김천,0,0,0,0,0,0,0,0,0.0,0.0,0.0,0.0,0.0,0.0,0.0,0.0
경상북도,김천시,남면,농소,300,305,285,255,265,365,340,300,8.0,4.0,0.0,4.0,0.0,0.0,0.0,0.0
경상북도,김천시,감문면,어모,300,300,295,285,290,280,270,300,12.0,6.0,0.0,6.0,0.0,0.0,0.0,0.0
경상북도,안동시,길안면,동안동,0,0,0,0,685,690,570,0,6.0,5.0,0.0,1.0,0.0,0.0,0.0,0.0
경상북도,안동시,길안면,동안동,0,0,0,0,685,690,570,0,6.0,5.0,0.0,1.0,0.0,0.0,0.0,0.0
경상북도,안동시,녹전면,봉화,0,0,0,0,295,315,310,0,8.0,6.0,1.0,1.0,0.0,0.0,0.0,0.0
경상북도,안동시,녹전면,봉화,0,0,0,0,295,315,310,0,8.0,6.0,1.0,1.0,0.0,0.0,0.0,0.0
경상북도,안동시,남후면,안동,0,0,0,0,0,0,0,0,8.0,7.0,1.0,0.0,0.0,0.0,0.0,0.0
경상북도,안동시,남후면,풍산,250,245,330,275,380,410,340,250,7.0,4.0,1.0,2.0,0.0,0.0,0.0,0.0
경상북도,안동시,남후면,풍산,250,245,330,275,380,410,340,250,7.0,4.0,1.0,2.0,0.0,0.0,0.0,0.0
경상북도,안동시,풍천면,풍천,220,230,325,290,315,365,425,220,,,,,,,,
경상북도,안동시,풍천면,풍천,220,230,325,290,315,365,425,220,,,,,,,,
경상북도,구미시,도개면,고아,0,0,0,0,0,120,95,0,8.0,6.0,0.0,2.0,0.0,0.0,0.0,0.0
경상북도,구미시,공단동,광평,0,0,0,0,0,0,0,0,11.0,10.0,1.0,0.0,0.0,0.0,0.0,0.0
경상북도,구미시,고아읍,구미,0,0,0,0,0,0,0,0,14.0,12.0,2.0,0.0,0.0,0.0,0.0,0.0
경상북도,구미시,금전동,금전,0,0,0,0,0,0,0,0,14.0,8.0,6.0,0.0,0.0,0.0,0.0,0.0
경상북도,구미시,공단동,남구미,0,0,0,0,0,0,0,0,12.0,11.0,1.0,0.0,0.0,0.0,0.0,0.0
경상북도,구미시,공단동,남구미,0,0,0,0,0,0,0,0,12.0,11.0,1.0,0.0,0.0,0.0,0.0,0.0
경상북도,구미시,공단동,남인동,200,200,200,195,200,205,200,200,,,,,,,,
경상북도,구미시,산동읍,도중,0,0,0,0,0,210,205,0,8.0,5.0,1.0,2.0,0.0,0.0,0.0,0.0
경상북도,구미시,산동면,산동,0,0,0,0,0,245,245,0,11.0,5.0,4.0,2.0,0.0,0.0,0.0,0.0
경상북도,구미시,산동면,산동,0,0,0,0,0,245,245,0,11.0,5.0,4.0,2.0,0.0,0.0,0.0,0.0
경상북도,구미시,구포동,인동,395,400,405,395,390,395,380,395,,,,,,,,
경상북도,영주시,장수면,신영주,0,0,0,0,0,0,0,0,13.0,11.0,2.0,0.0,0.0,0.0,0.0,0.0
경상북도,영주시,가흥동,쌍림,270,290,300,320,315,325,410,270,9.0,4.0,0.0,5.0,0.0,0.0,0.0,0.0
경상북도,영주시,가흥동,쌍림,270,290,300,320,315,325,410,270,9.0,4.0,0.0,5.0,0.0,0.0,0.0,0.0
경상북도,영주시,가흥동,쌍림,270,290,300,320,315,325,410,270,9.0,4.0,0.0,5.0,0.0,0.0,0.0,0.0
경상북도,영주시,상줄동,아화,410,350,395,430,445,500,520,410,8.0,6.0,1.0,1.0,0.0,0.0,0.0,0.0
경상북도,영주시,상줄동,아화,410,350,395,430,445,500,520,410,8.0,6.0,1.0,1.0,0.0,0.0,0.0,0.0
경상북도,영주시,상줄동,아화,410,350,395,430,445,500,520,410,8.0,6.0,1.0,1.0,0.0,0.0,0.0,0.0
경상북도,영주시,상줄동,아화,410,350,395,430,445,500,520,410,8.0,6.0,1.0,1.0,0.0,0.0,0.0,0.0
경상북도,영주시,단산면,영주(SA),0,0,0,0,250,250,285,0,12.0,9.0,0.0,3.0,0.0,0.0,0.0,0.0
경상북도,영주시,단산면,영주(SA),0,0,0,0,250,250,285,0,12.0,9.0,0.0,3.0,0.0,0.0,0.0,0.0
경상북도,영주시,이산면,풍기(건설중),0,0,0,0,0,330,600,0,,,,,,,,
경상북도,영천시,고경면,고경(건설중),305,295,295,305,295,285,275,305,,,,,,,,
경상북도,영천시,괴연동,금호,355,330,360,365,365,365,365,355,12.0,4.0,0.0,8.0,0.0,0.0,0.0,0.0
경상북도,영천시,조교동,신경산,0,0,0,0,0,0,0,0,11.0,11.0,0.0,0.0,0.0,0.0,0.0,0.0
경상북도,영천시,조교동,신경산,0,0,0,0,0,0,0,0,11.0,11.0,0.0,0.0,0.0,0.0,0.0,0.0
경상북도,영천시,조교동,신경산,0,0,0,0,0,0,0,0,11.0,11.0,0.0,0.0,0.0,0.0,0.0,0.0
경상북도,영천시,조교동,신경산,0,0,0,0,0,0,0,0,11.0,11.0,0.0,0.0,0.0,0.0,0.0,0.0
경상북도,영천시,조교동,신경산,0,0,0,0,0,0,0,0,11.0,11.0,0.0,0.0,0.0,0.0,0.0,0.0
경상북도,영천시,북안면,아화,410,350,395,430,445,500,520,410,8.0,6.0,1.0,1.0,0.0,0.0,0.0,0.0
경상북도,영천시,북안면,아화,410,350,395,430,445,500,520,410,8.0,6.0,1.0,1.0,0.0,0.0,0.0,0.0
경상북도,영천시,북안면,아화,410,350,395,430,445,500,520,410,8.0,6.0,1.0,1.0,0.0,0.0,0.0,0.0
경상북도,영천시,북안면,아화,410,350,395,430,445,500,520,410,8.0,6.0,1.0,1.0,0.0,0.0,0.0,0.0
경상북도,영천시,청통면,와촌E/C,655,670,680,680,660,655,640,655,8.0,4.0,0.0,4.0,0.0,0.0,0.0,0.0
경상북도,영천시,청통면,와촌E/C,655,670,680,680,660,655,640,655,8.0,4.0,0.0,4.0,0.0,0.0,0.0,0.0
경상북도,영천시,청통면,와촌E/C,655,670,680,680,660,655,640,655,8.0,4.0,0.0,4.0,0.0,0.0,0.0,0.0
경상북도,영천시,청통면,청통,710,680,690,690,670,665,650,710,9.0,8.0,0.0,1.0,0.0,0.0,0.0,0.0
경상북도,상주시,가장동,상주,0,0,0,0,0,330,295,0,12.0,6.0,4.0,2.0,0.0,0.0,0.0,0.0
경상북도,상주시,영순면,점촌,0,0,50,0,0,235,415,0,7.0,7.0,0.0,0.0,0.0,0.0,0.0,0.0
경상북도,상주시,영순면,점촌,0,0,50,0,0,235,415,0,7.0,7.0,0.0,0.0,0.0,0.0,0.0,0.0
경상북도,상주시,거동동,청리,0,0,0,0,0,290,395,0,12.0,5.0,2.0,5.0,0.0,0.0,0.0,0.0
경상북도,상주시,내서면,화동,0,0,0,0,0,400,365,0,,,,,,,,
경상북도,문경시,가은읍,문경,0,0,60,0,0,280,285,0,10.0,2.0,8.0,0.0,0.0,0.0,0.0,0.0
경상북도,문경시,유천면,예천,0,0,0,0,0,335,600,0,8.0,4.0,0.0,4.0,0.0,0.0,0.0,0.0
경상북도,문경시,유천면,예천,0,0,0,0,0,335,600,0,8.0,4.0,0.0,4.0,0.0,0.0,0.0,0.0
경상북도,문경시,공평동,점촌,0,0,50,0,0,235,415,0,7.0,7.0,0.0,0.0,0.0,0.0,0.0,0.0
경상북도,문경시,공평동,점촌,0,0,50,0,0,235,415,0,7.0,7.0,0.0,0.0,0.0,0.0,0.0,0.0
경상북도,경산시,금강동,경산,340,125,550,540,505,470,375,340,8.0,5.0,0.0,3.0,0.0,0.0,0.0,0.0
경상북도,경산시,삼남동,신경산,0,0,0,0,0,0,0,0,11.0,11.0,0.0,0.0,0.0,0.0,0.0,0.0
경상북도,경산시,삼남동,신경산,0,0,0,0,0,0,0,0,11.0,11.0,0.0,0.0,0.0,0.0,0.0,0.0
경상북도,경산시,삼남동,신경산,0,0,0,0,0,0,0,0,11.0,11.0,0.0,0.0,0.0,0.0,0.0,0.0
경상북도,경산시,삼남동,신경산,0,0,0,0,0,0,0,0,11.0,11.0,0.0,0.0,0.0,0.0,0.0,0.0
경상북도,경산시,삼남동,신경산,0,0,0,0,0,0,0,0,11.0,11.0,0.0,0.0,0.0,0.0,0.0,0.0
경상북도,경산시,와촌면,와촌E/C,655,670,680,680,660,655,640,655,8.0,4.0,0.0,4.0,0.0,0.0,0.0,0.0
경상북도,경산시,와촌면,와촌E/C,655,670,680,680,660,655,640,655,8.0,4.0,0.0,4.0,0.0,0.0,0.0,0.0
경상북도,경산시,와촌면,와촌E/C,655,670,680,680,660,655,640,655,8.0,4.0,0.0,4.0,0.0,0.0,0.0,0.0
경상북도,경산시,갑제동,자인,0,130,640,620,575,520,335,0,7.0,4.0,2.0,1.0,0.0,0.0,0.0,0.0
경상북도,경산시,압량읍,진량,0,0,0,0,0,0,0,0,8.0,3.0,5.0,0.0,0.0,0.0,0.0,0.0
경상북도,의성군,점곡면,동안동,0,0,0,0,685,690,570,0,6.0,5.0,0.0,1.0,0.0,0.0,0.0,0.0
경상북도,의성군,점곡면,동안동,0,0,0,0,685,690,570,0,6.0,5.0,0.0,1.0,0.0,0.0,0.0,0.0
경상북도,의성군,구천면,안계,280,230,250,265,270,265,270,280,8.0,4.0,0.0,4.0,0.0,0.0,0.0,0.0
경상북도,의성군,가음면,의성,0,285,350,345,370,370,370,0,,,,,,,,
경상북도,청송군,부남면,진보,0,0,0,0,0,0,0,0,,,,,,,,
경상북도,청송군,부남면,진보,0,0,0,0,0,0,0,0,,,,,,,,
경상북도,영양군,청기면,영양(건설중),0,0,245,280,210,380,465,0,,,,,,,,
경상북도,영양군,석보면,진보,0,0,0,0,0,0,0,0,,,,,,,,
경상북도,영양군,석보면,진보,0,0,0,0,0,0,0,0,,,,,,,,
경상북도,영덕군,강구면,영덕,0,0,0,0,1485,1535,1430,0,12.0,7.0,4.0,1.0,0.0,0.0,0.0,0.0
경상북도,청도군,각남면,청도,0,0,0,0,0,0,0,0,4.0,4.0,0.0,0.0,0.0,0.0,0.0,0.0
경상북도,고령군,우곡면,고령,0,0,0,0,0,0,0,0,18.0,13.0,4.0,1.0,0.0,0.0,0.0,0.0
경상북도,고령군,우곡면,고령,0,0,0,0,0,0,0,0,18.0,13.0,4.0,1.0,0.0,0.0,0.0,0.0
경상북도,고령군,우곡면,고령,0,0,0,0,0,0,0,0,18.0,13.0,4.0,1.0,0.0,0.0,0.0,0.0
경상북도,고령군,다산면,다산,185,190,135,90,90,60,85,185,5.0,4.0,0.0,1.0,0.0,0.0,0.0,0.0
경상북도,고령군,운수면,북다산,190,195,150,100,100,70,95,190,,,,,,,,
경상북도,고령군,개진면,쌍림,270,290,300,320,315,325,410,270,9.0,4.0,0.0,5.0,0.0,0.0,0.0,0.0
경상북도,고령군,개진면,쌍림,270,290,300,320,315,325,410,270,9.0,4.0,0.0,5.0,0.0,0.0,0.0,0.0
경상북도,고령군,개진면,쌍림,270,290,300,320,315,325,410,270,9.0,4.0,0.0,5.0,0.0,0.0,0.0,0.0
경상북도,성주군,대가면,북성주(건설중),295,295,285,260,275,345,330,295,,,,,,,,
경상북도,성주군,가천면,성주,290,290,280,260,270,335,325,290,8.0,4.0,0.0,4.0,0.0,0.0,0.0,0.0
경상북도,성주군,용암면,아화,410,350,395,430,445,500,520,410,8.0,6.0,1.0,1.0,0.0,0.0,0.0,0.0
경상북도,성주군,용암면,아화,410,350,395,430,445,500,520,410,8.0,6.0,1.0,1.0,0.0,0.0,0.0,0.0
경상북도,성주군,용암면,아화,410,350,395,430,445,500,520,410,8.0,6.0,1.0,1.0,0.0,0.0,0.0,0.0
경상북도,성주군,용암면,아화,410,350,395,430,445,500,520,410,8.0,6.0,1.0,1.0,0.0,0.0,0.0,0.0
경상북도,칠곡군,약목면,남구미,0,0,0,0,0,0,0,0,12.0,11.0,1.0,0.0,0.0,0.0,0.0,0.0
경상북도,칠곡군,약목면,남구미,0,0,0,0,0,0,0,0,12.0,11.0,1.0,0.0,0.0,0.0,0.0,0.0
경상북도,칠곡군,석적읍,약목(건설중),0,0,0,0,0,730,725,0,,,,,,,,
경상북도,칠곡군,왜관읍,왜관,85,55,265,235,255,240,200,85,8.0,4.0,0.0,4.0,0.0,0.0,0.0,0.0
경상북도,칠곡군,가산면,칠곡,255,255,260,260,265,265,260,255,9.0,5.0,1.0,3.0,0.0,0.0,0.0,0.0
경상북도,예천군,감천면,예천,0,0,0,0,0,335,600,0,8.0,4.0,0.0,4.0,0.0,0.0,0.0,0.0
경상북도,예천군,감천면,예천,0,0,0,0,0,335,600,0,8.0,4.0,0.0,4.0,0.0,0.0,0.0,0.0
경상북도,예천군,보문면,풍산,250,245,330,275,380,410,340,250,7.0,4.0,1.0,2.0,0.0,0.0,0.0,0.0
경상북도,예천군,보문면,풍산,250,245,330,275,380,410,340,250,7.0,4.0,1.0,2.0,0.0,0.0,0.0,0.0
경상북도,예천군,용문면,풍천,220,230,325,290,315,365,425,220,,,,,,,,
경상북도,예천군,용문면,풍천,220,230,325,290,315,365,425,220,,,,,,,,
경상북도,봉화군,명호면,봉화,0,0,0,0,295,315,310,0,8.0,6.0,1.0,1.0,0.0,0.0,0.0,0.0
경상북도,봉화군,명호면,봉화,0,0,0,0,295,315,310,0,8.0,6.0,1.0,1.0,0.0,0.0,0.0,0.0
경상북도,봉화군,상운면,봉화#2(건설중),0,0,0,0,0,0,365,0,,,,,,,,
경상북도,봉화군,봉화읍,영주(SA),0,0,0,0,250,250,285,0,12.0,9.0,0.0,3.0,0.0,0.0,0.0,0.0
경상북도,봉화군,봉화읍,영주(SA),0,0,0,0,250,250,285,0,12.0,9.0,0.0,3.0,0.0,0.0,0.0,0.0
경상북도,울진군,근남면,울진,0,0,0,0,0,0,0,0,11.0,6.0,1.0,4.0,0.0,0.0,0.0,0.0
경상북도,울진군,근남면,평해,0,0,0,0,0,0,0,0,,,,,,,,
경상남도,창원시의창구,용동,내곡(건설중),0,0,0,0,250,250,250,0,,,,,,,,
경상남도,창원시의창구,북면,동읍,0,0,0,115,110,70,60,0,12.0,6.0,0.0,6.0,0.0,0.0,0.0,0.0
경상남도,창원시의창구,북면,동읍,0,0,0,115,110,70,60,0,12.0,6.0,0.0,6.0,0.0,0.0,0.0,0.0
경상남도,창원시의창구,용지동,신김해,0,0,0,40,90,0,0,0,26.0,20.0,0.0,6.0,0.0,0.0,0.0,0.0
경상남도,창원시의창구,용지동,신김해,0,0,0,40,90,0,0,0,26.0,20.0,0.0,6.0,0.0,0.0,0.0,0.0
경상남도,창원시의창구,용지동,신김해,0,0,0,40,90,0,0,0,26.0,20.0,0.0,6.0,0.0,0.0,0.0,0.0
경상남도,창원시의창구,용지동,신김해,0,0,0,40,90,0,0,0,26.0,20.0,0.0,6.0,0.0,0.0,0.0,0.0
경상남도,창원시의창구,용지동,신김해,0,0,0,40,90,0,0,0,26.0,20.0,0.0,6.0,0.0,0.0,0.0,0.0
경상남도,창원시의창구,북동,신마산,0,0,0,0,0,0,0,0,26.0,20.0,0.0,6.0,0.0,0.0,0.0,0.0
경상남도,창원시의창구,북동,신마산,0,0,0,0,0,0,0,0,26.0,20.0,0.0,6.0,0.0,0.0,0.0,0.0
경상남도,창원시의창구,북동,신마산,0,0,0,0,0,0,0,0,26.0,20.0,0.0,6.0,0.0,0.0,0.0,0.0
경상남도,창원시의창구,북동,신마산,0,0,0,0,0,0,0,0,26.0,20.0,0.0,6.0,0.0,0.0,0.0,0.0
경상남도,창원시의창구,북동,신마산,0,0,0,0,0,0,0,0,26.0,20.0,0.0,6.0,0.0,0.0,0.0,0.0
경상남도,창원시의창구,북동,신마산,0,0,0,0,0,0,0,0,26.0,20.0,0.0,6.0,0.0,0.0,0.0,0.0
경상남도,창원시의창구,사림동,신월,0,0,0,0,0,0,0,0,7.0,4.0,0.0,3.0,0.0,0.0,0.0,0.0
경상남도,창원시의창구,사림동,신월,0,0,0,0,0,0,0,0,7.0,4.0,0.0,3.0,0.0,0.0,0.0,0.0
경상남도,창원시의창구,도계동,의창(SA),0,0,0,0,0,0,0,0,8.0,4.0,0.0,4.0,0.0,0.0,0.0,0.0
경상남도,창원시의창구,동정동,차룡,220,180,170,170,185,170,170,220,6.0,4.0,0.0,2.0,0.0,0.0,0.0,0.0
경상남도,창원시의창구,내리동,창공,0,0,0,0,0,0,0,0,12.0,8.0,0.0,4.0,0.0,0.0,0.0,0.0
경상남도,창원시의창구,내리동,창공,0,0,0,0,0,0,0,0,12.0,8.0,0.0,4.0,0.0,0.0,0.0,0.0
경상남도,창원시성산구,남산동,삼정(SA),0,0,0,40,85,50,40,0,,,,,,,,
경상남도,창원시성산구,토월동,신김해,0,0,0,40,90,0,0,0,26.0,20.0,0.0,6.0,0.0,0.0,0.0,0.0
경상남도,창원시성산구,토월동,신김해,0,0,0,40,90,0,0,0,26.0,20.0,0.0,6.0,0.0,0.0,0.0,0.0
경상남도,창원시성산구,토월동,신김해,0,0,0,40,90,0,0,0,26.0,20.0,0.0,6.0,0.0,0.0,0.0,0.0
경상남도,창원시성산구,토월동,신김해,0,0,0,40,90,0,0,0,26.0,20.0,0.0,6.0,0.0,0.0,0.0,0.0
경상남도,창원시성산구,토월동,신김해,0,0,0,40,90,0,0,0,26.0,20.0,0.0,6.0,0.0,0.0,0.0,0.0
경상남도,창원시성산구,사파동,신월,0,0,0,0,0,0,0,0,7.0,4.0,0.0,3.0,0.0,0.0,0.0,0.0
경상남도,창원시성산구,사파동,신월,0,0,0,0,0,0,0,0,7.0,4.0,0.0,3.0,0.0,0.0,0.0,0.0
경상남도,창원시성산구,가음동,안민,245,0,0,0,0,0,0,245,12.0,6.0,0.0,6.0,0.0,0.0,0.0,0.0
경상남도,창원시성산구,완암동,완암,0,0,0,0,0,0,0,0,8.0,8.0,0.0,0.0,0.0,0.0,0.0,0.0
경상남도,창원시성산구,귀산동,월림,0,0,0,0,0,0,0,0,12.0,7.0,2.0,3.0,0.0,0.0,0.0,0.0
경상남도,창원시성산구,내동,창공,0,0,0,0,0,0,0,0,12.0,8.0,0.0,4.0,0.0,0.0,0.0,0.0
경상남도,창원시성산구,내동,창공,0,0,0,0,0,0,0,0,12.0,8.0,0.0,4.0,0.0,0.0,0.0,0.0
경상남도,창원시마산합포구,월포동,서마산,0,0,0,0,0,0,0,0,7.0,2.0,2.0,3.0,0.0,0.0,0.0,0.0
경상남도,창원시마산합포구,대외동,신마산,0,0,0,0,0,0,0,0,26.0,20.0,0.0,6.0,0.0,0.0,0.0,0.0
경상남도,창원시마산합포구,대외동,신마산,0,0,0,0,0,0,0,0,26.0,20.0,0.0,6.0,0.0,0.0,0.0,0.0
경상남도,창원시마산합포구,대외동,신마산,0,0,0,0,0,0,0,0,26.0,20.0,0.0,6.0,0.0,0.0,0.0,0.0
경상남도,창원시마산합포구,대외동,신마산,0,0,0,0,0,0,0,0,26.0,20.0,0.0,6.0,0.0,0.0,0.0,0.0
경상남도,창원시마산합포구,대외동,신마산,0,0,0,0,0,0,0,0,26.0,20.0,0.0,6.0,0.0,0.0,0.0,0.0
경상남도,창원시마산합포구,대외동,신마산,0,0,0,0,0,0,0,0,26.0,20.0,0.0,6.0,0.0,0.0,0.0,0.0
경상남도,창원시마산합포구,진전면,진동,0,0,0,0,0,0,0,0,,,,,,,,
경상남도,창원시마산회원구,구암동,마산,0,0,0,0,0,0,0,0,9.0,4.0,0.0,5.0,0.0,0.0,0.0,0.0
경상남도,창원시마산회원구,봉암동,수출,0,0,0,0,0,0,0,0,8.0,4.0,0.0,4.0,0.0,0.0,0.0,0.0
경상남도,창원시마산회원구,구암동,신마산,0,0,0,0,0,0,0,0,26.0,20.0,0.0,6.0,0.0,0.0,0.0,0.0
경상남도,창원시마산회원구,구암동,신마산,0,0,0,0,0,0,0,0,26.0,20.0,0.0,6.0,0.0,0.0,0.0,0.0
경상남도,창원시마산회원구,구암동,신마산,0,0,0,0,0,0,0,0,26.0,20.0,0.0,6.0,0.0,0.0,0.0,0.0
경상남도,창원시마산회원구,구암동,신마산,0,0,0,0,0,0,0,0,26.0,20.0,0.0,6.0,0.0,0.0,0.0,0.0
경상남도,창원시마산회원구,구암동,신마산,0,0,0,0,0,0,0,0,26.0,20.0,0.0,6.0,0.0,0.0,0.0,0.0
경상남도,창원시마산회원구,구암동,신마산,0,0,0,0,0,0,0,0,26.0,20.0,0.0,6.0,0.0,0.0,0.0,0.0
경상남도,창원시마산회원구,내서읍,중리,0,0,65,215,250,205,250,0,11.0,4.0,0.0,7.0,0.0,0.0,0.0,0.0
경상남도,창원시마산회원구,내서읍,중리,0,0,65,215,250,205,250,0,11.0,4.0,0.0,7.0,0.0,0.0,0.0,0.0
경상남도,창원시진해구,가주동,녹공,0,0,0,0,0,0,0,0,9.0,6.0,3.0,0.0,0.0,0.0,0.0,0.0
경상남도,창원시진해구,가주동,녹공,0,0,0,0,0,0,0,0,9.0,6.0,3.0,0.0,0.0,0.0,0.0,0.0
경상남도,창원시진해구,수도동,마천(SA),0,0,0,0,0,0,0,0,6.0,6.0,0.0,0.0,0.0,0.0,0.0,0.0
경상남도,창원시진해구,석동,신김해,0,0,0,40,90,0,0,0,26.0,20.0,0.0,6.0,0.0,0.0,0.0,0.0
경상남도,창원시진해구,석동,신김해,0,0,0,40,90,0,0,0,26.0,20.0,0.0,6.0,0.0,0.0,0.0,0.0
경상남도,창원시진해구,석동,신김해,0,0,0,40,90,0,0,0,26.0,20.0,0.0,6.0,0.0,0.0,0.0,0.0
경상남도,창원시진해구,석동,신김해,0,0,0,40,90,0,0,0,26.0,20.0,0.0,6.0,0.0,0.0,0.0,0.0
경상남도,창원시진해구,석동,신김해,0,0,0,40,90,0,0,0,26.0,20.0,0.0,6.0,0.0,0.0,0.0,0.0
경상남도,창원시진해구,경화동,진해(SA),0,0,0,165,180,120,90,0,8.0,7.0,0.0,1.0,0.0,0.0,0.0,0.0
경상남도,진주시,정촌면,개양(SA),0,0,0,80,0,85,90,0,12.0,9.0,0.0,3.0,0.0,0.0,0.0,0.0
경상남도,진주시,금산면,동진주,0,0,0,0,0,0,0,0,8.0,4.0,0.0,4.0,0.0,0.0,0.0,0.0
경상남도,진주시,사봉면,사봉,0,0,0,245,255,255,255,0,10.0,4.0,0.0,6.0,0.0,0.0,0.0,0.0
경상남도,진주시,귀곡동,이현,0,0,0,0,0,0,0,0,8.0,2.0,2.0,4.0,0.0,0.0,0.0,0.0
경상남도,진주시,대곡면,진주,100,75,0,35,50,45,45,100,8.0,5.0,3.0,0.0,0.0,0.0,0.0,0.0
경상남도,통영시,사량면,삼천포,0,0,0,0,0,0,0,0,,,,,,,,
경상남도,통영시,사량면,삼천포,0,0,0,0,0,0,0,0,,,,,,,,
경상남도,통영시,광도면,안정,0,0,0,0,0,0,0,0,8.0,8.0,0.0,0.0,0.0,0.0,0.0,0.0
경상남도,통영시,도남동,통영,0,0,0,0,0,0,0,0,8.0,4.0,0.0,4.0,0.0,0.0,0.0,0.0
경상남도,사천시,내동면,사남(SA),0,0,105,105,100,100,120,0,10.0,3.0,3.0,4.0,0.0,0.0,0.0,0.0
경상남도,사천시,곤양면,사천(SA),0,0,0,0,0,0,0,0,8.0,8.0,0.0,0.0,0.0,0.0,0.0,0.0
경상남도,사천시,궁지동,삼천포,0,0,0,0,0,0,0,0,,,,,,,,
경상남도,사천시,궁지동,삼천포,0,0,0,0,0,0,0,0,,,,,,,,
경상남도,사천시,곤명면,하동(SA),0,0,0,0,0,0,0,0,8.0,8.0,0.0,0.0,0.0,0.0,0.0,0.0
경상남도,사천시,곤명면,하동(SA),0,0,0,0,0,0,0,0,8.0,8.0,0.0,0.0,0.0,0.0,0.0,0.0
경상남도,사천시,곤명면,하동(SA),0,0,0,0,0,0,0,0,8.0,8.0,0.0,0.0,0.0,0.0,0.0,0.0
경상남도,김해시,강동,김해(SA),0,0,0,0,0,0,0,0,,,,,,,,
경상남도,김해시,강동,김해(SA),0,0,0,0,0,0,0,0,,,,,,,,
경상남도,김해시,동읍,동읍,0,0,0,115,110,70,60,0,12.0,6.0,0.0,6.0,0.0,0.0,0.0,0.0
경상남도,김해시,동읍,동읍,0,0,0,115,110,70,60,0,12.0,6.0,0.0,6.0,0.0,0.0,0.0,0.0
경상남도,김해시,상동면,매리,55,0,45,0,0,95,45,55,,,,,,,,
경상남도,김해시,상동면,매리,55,0,45,0,0,95,45,55,,,,,,,,
경상남도,김해시,삼계동,삼계(SA),0,0,0,0,0,0,0,0,,,,,,,,
경상남도,김해시,동상동,신김해,0,0,0,40,90,0,0,0,26.0,20.0,0.0,6.0,0.0,0.0,0.0,0.0
경상남도,김해시,동상동,신김해,0,0,0,40,90,0,0,0,26.0,20.0,0.0,6.0,0.0,0.0,0.0,0.0
경상남도,김해시,동상동,신김해,0,0,0,40,90,0,0,0,26.0,20.0,0.0,6.0,0.0,0.0,0.0,0.0
경상남도,김해시,동상동,신김해,0,0,0,40,90,0,0,0,26.0,20.0,0.0,6.0,0.0,0.0,0.0,0.0
경상남도,김해시,동상동,신김해,0,0,0,40,90,0,0,0,26.0,20.0,0.0,6.0,0.0,0.0,0.0,0.0
경상남도,김해시,명법동,어방,0,0,0,0,0,0,0,0,,,,,,,,
경상남도,김해시,명법동,어방,0,0,0,0,0,0,0,0,,,,,,,,
경상남도,김해시,관동동,장유(SA),0,0,0,0,0,0,0,0,8.0,4.0,0.0,4.0,0.0,0.0,0.0,0.0
경상남도,김해시,신문동,주촌(SA),0,0,0,30,30,0,0,0,8.0,4.0,0.0,4.0,0.0,0.0,0.0,0.0
경상남도,김해시,진례면,진례(SA),0,0,0,30,65,40,30,0,8.0,4.0,0.0,4.0,0.0,0.0,0.0,0.0
경상남도,김해시,진영읍,진영,0,0,0,0,0,0,0,0,11.0,9.0,0.0,2.0,0.0,0.0,0.0,0.0
경상남도,김해시,한림면,한림정,0,0,0,30,65,0,0,0,12.0,4.0,0.0,8.0,0.0,0.0,0.0,0.0
경상남도,밀양시,부북면,밀양(SA),0,0,0,0,0,0,0,0,8.0,4.0,0.0,4.0,0.0,0.0,0.0,0.0
경상남도,밀양시,삼랑진읍,수산,0,0,0,30,30,0,0,0,12.0,4.0,0.0,8.0,0.0,0.0,0.0,0.0
경상남도,밀양시,하남읍,신김해,0,0,0,40,90,0,0,0,26.0,20.0,0.0,6.0,0.0,0.0,0.0,0.0
경상남도,밀양시,하남읍,신김해,0,0,0,40,90,0,0,0,26.0,20.0,0.0,6.0,0.0,0.0,0.0,0.0
경상남도,밀양시,하남읍,신김해,0,0,0,40,90,0,0,0,26.0,20.0,0.0,6.0,0.0,0.0,0.0,0.0
경상남도,밀양시,하남읍,신김해,0,0,0,40,90,0,0,0,26.0,20.0,0.0,6.0,0.0,0.0,0.0,0.0
경상남도,밀양시,하남읍,신김해,0,0,0,40,90,0,0,0,26.0,20.0,0.0,6.0,0.0,0.0,0.0,0.0
경상남도,밀양시,내일동,신마산,0,0,0,0,0,0,0,0,26.0,20.0,0.0,6.0,0.0,0.0,0.0,0.0
경상남도,밀양시,내일동,신마산,0,0,0,0,0,0,0,0,26.0,20.0,0.0,6.0,0.0,0.0,0.0,0.0
경상남도,밀양시,내일동,신마산,0,0,0,0,0,0,0,0,26.0,20.0,0.0,6.0,0.0,0.0,0.0,0.0
경상남도,밀양시,내일동,신마산,0,0,0,0,0,0,0,0,26.0,20.0,0.0,6.0,0.0,0.0,0.0,0.0
경상남도,밀양시,내일동,신마산,0,0,0,0,0,0,0,0,26.0,20.0,0.0,6.0,0.0,0.0,0.0,0.0
경상남도,밀양시,내일동,신마산,0,0,0,0,0,0,0,0,26.0,20.0,0.0,6.0,0.0,0.0,0.0,0.0
경상남도,밀양시,초동면,초동,0,0,0,0,0,0,0,0,8.0,8.0,0.0,0.0,0.0,0.0,0.0,0.0
경상남도,거제시,사등면,거제,0,0,0,0,0,0,0,0,12.0,10.0,0.0,2.0,0.0,0.0,0.0,0.0
경상남도,거제시,연초면,사등(건설중),0,0,0,0,0,0,45,0,,,,,,,,
경상남도,거제시,두모동,아주(SA),0,0,0,0,0,0,0,0,8.0,4.0,2.0,2.0,0.0,0.0,0.0,0.0
경상남도,양산시,상동면,매리,55,0,45,0,0,95,45,55,,,,,,,,
경상남도,양산시,상동면,매리,55,0,45,0,0,95,45,55,,,,,,,,
경상남도,양산시,교동,물금,0,0,0,0,0,35,0,0,8.0,6.0,0.0,2.0,0.0,0.0,0.0,0.0
경상남도,양산시,다방동,북부산,0,0,0,0,0,0,0,0,17.0,9.0,2.0,6.0,0.0,0.0,0.0,0.0
경상남도,양산시,다방동,북부산,0,0,0,0,0,0,0,0,17.0,9.0,2.0,6.0,0.0,0.0,0.0,0.0
경상남도,양산시,다방동,북부산,0,0,0,0,0,0,0,0,17.0,9.0,2.0,6.0,0.0,0.0,0.0,0.0
경상남도,양산시,덕계동,산막,0,0,0,0,0,65,0,0,9.0,7.0,1.0,1.0,0.0,0.0,0.0,0.0
경상남도,양산시,덕계동,서창,0,0,0,0,115,110,105,0,11.0,5.0,1.0,5.0,0.0,0.0,0.0,0.0
경상남도,양산시,상북면,석계,0,0,0,0,300,335,400,0,,,,,,,,
경상남도,양산시,교동,양산,0,0,0,0,0,65,0,0,,,,,,,,
경상남도,양산시,하북면,언양,0,0,0,0,310,265,265,0,10.0,8.0,0.0,2.0,0.0,0.0,0.0,0.0
경상남도,양산시,하북면,언양,0,0,0,0,310,265,265,0,10.0,8.0,0.0,2.0,0.0,0.0,0.0,0.0
경상남도,양산시,동면,호포,0,0,0,0,0,35,0,0,8.0,5.0,1.0,2.0,0.0,0.0,0.0,0.0
경상남도,양산시,동면,호포,0,0,0,0,0,35,0,0,8.0,5.0,1.0,2.0,0.0,0.0,0.0,0.0
경상남도,의령군,의령읍,구룡(>구룡SA로 이관),255,315,0,240,255,245,250,255,,,,,,,,
경상남도,함안군,군북면,가야(SA),0,0,0,0,0,0,0,0,10.0,8.0,2.0,0.0,0.0,0.0,0.0,0.0
경상남도,함안군,대산면,군북(건설중),0,0,0,0,0,0,0,0,,,,,,,,
경상남도,함안군,가야읍,신마산,0,0,0,0,0,0,0,0,26.0,20.0,0.0,6.0,0.0,0.0,0.0,0.0
경상남도,함안군,가야읍,신마산,0,0,0,0,0,0,0,0,26.0,20.0,0.0,6.0,0.0,0.0,0.0,0.0
경상남도,함안군,가야읍,신마산,0,0,0,0,0,0,0,0,26.0,20.0,0.0,6.0,0.0,0.0,0.0,0.0
경상남도,함안군,가야읍,신마산,0,0,0,0,0,0,0,0,26.0,20.0,0.0,6.0,0.0,0.0,0.0,0.0
경상남도,함안군,가야읍,신마산,0,0,0,0,0,0,0,0,26.0,20.0,0.0,6.0,0.0,0.0,0.0,0.0
경상남도,함안군,가야읍,신마산,0,0,0,0,0,0,0,0,26.0,20.0,0.0,6.0,0.0,0.0,0.0,0.0
경상남도,함안군,산인면,중리,0,0,65,215,250,205,250,0,11.0,4.0,0.0,7.0,0.0,0.0,0.0,0.0
경상남도,함안군,산인면,중리,0,0,65,215,250,205,250,0,11.0,4.0,0.0,7.0,0.0,0.0,0.0,0.0
경상남도,함안군,대산면,칠서,0,0,195,180,160,135,150,0,,,,,,,,
경상남도,창녕군,도천면,북창녕(건설중),0,0,0,0,210,170,220,0,,,,,,,,
경상남도,창녕군,부곡면,신마산,0,0,0,0,0,0,0,0,26.0,20.0,0.0,6.0,0.0,0.0,0.0,0.0
경상남도,창녕군,부곡면,신마산,0,0,0,0,0,0,0,0,26.0,20.0,0.0,6.0,0.0,0.0,0.0,0.0
경상남도,창녕군,부곡면,신마산,0,0,0,0,0,0,0,0,26.0,20.0,0.0,6.0,0.0,0.0,0.0,0.0
경상남도,창녕군,부곡면,신마산,0,0,0,0,0,0,0,0,26.0,20.0,0.0,6.0,0.0,0.0,0.0,0.0
경상남도,창녕군,부곡면,신마산,0,0,0,0,0,0,0,0,26.0,20.0,0.0,6.0,0.0,0.0,0.0,0.0
경상남도,창녕군,부곡면,신마산,0,0,0,0,0,0,0,0,26.0,20.0,0.0,6.0,0.0,0.0,0.0,0.0
경상남도,창녕군,대합면,유가,605,570,880,605,615,415,585,605,8.0,5.0,0.0,3.0,0.0,0.0,0.0,0.0
경상남도,창녕군,대합면,유가,605,570,880,605,615,415,585,605,8.0,5.0,0.0,3.0,0.0,0.0,0.0,0.0
경상남도,창녕군,계성면,창녕,230,170,250,240,230,200,220,230,6.0,6.0,0.0,0.0,0.0,0.0,0.0,0.0
경상남도,고성군,개천면,고성,0,0,0,0,0,0,0,0,8.0,4.0,0.0,4.0,0.0,0.0,0.0,0.0
경상남도,남해군,남해읍,광양,0,0,0,0,0,0,0,0,18.0,8.0,6.0,4.0,0.0,0.0,0.0,0.0
경상남도,남해군,남해읍,광양,0,0,0,0,0,0,0,0,18.0,8.0,6.0,4.0,0.0,0.0,0.0,0.0
경상남도,남해군,남해읍,광양,0,0,0,0,0,0,0,0,18.0,8.0,6.0,4.0,0.0,0.0,0.0,0.0
경상남도,남해군,남해읍,광양,0,0,0,0,0,0,0,0,18.0,8.0,6.0,4.0,0.0,0.0,0.0,0.0
경상남도,남해군,남해읍,광양,0,0,0,0,0,0,0,0,18.0,8.0,6.0,4.0,0.0,0.0,0.0,0.0
경상남도,남해군,남해읍,광양,0,0,0,0,0,0,0,0,18.0,8.0,6.0,4.0,0.0,0.0,0.0,0.0
경상남도,남해군,고현면,남해,0,0,0,0,150,210,180,0,6.0,2.0,2.0,2.0,0.0,0.0,0.0,0.0
경상남도,하동군,하동읍,광양,0,0,0,0,0,0,0,0,18.0,8.0,6.0,4.0,0.0,0.0,0.0,0.0
경상남도,하동군,하동읍,광양,0,0,0,0,0,0,0,0,18.0,8.0,6.0,4.0,0.0,0.0,0.0,0.0
경상남도,하동군,하동읍,광양,0,0,0,0,0,0,0,0,18.0,8.0,6.0,4.0,0.0,0.0,0.0,0.0
경상남도,하동군,하동읍,광양,0,0,0,0,0,0,0,0,18.0,8.0,6.0,4.0,0.0,0.0,0.0,0.0
경상남도,하동군,하동읍,광양,0,0,0,0,0,0,0,0,18.0,8.0,6.0,4.0,0.0,0.0,0.0,0.0
경상남도,하동군,하동읍,광양,0,0,0,0,0,0,0,0,18.0,8.0,6.0,4.0,0.0,0.0,0.0,0.0
경상남도,하동군,진교면,금남(건설중),0,0,0,0,150,210,180,0,,,,,,,,
경상남도,하동군,북천면,하동(SA),0,0,0,0,0,0,0,0,8.0,8.0,0.0,0.0,0.0,0.0,0.0,0.0
경상남도,하동군,북천면,하동(SA),0,0,0,0,0,0,0,0,8.0,8.0,0.0,0.0,0.0,0.0,0.0,0.0
경상남도,하동군,북천면,하동(SA),0,0,0,0,0,0,0,0,8.0,8.0,0.0,0.0,0.0,0.0,0.0,0.0
경상남도,산청군,금서면,산청,0,0,0,0,0,0,0,0,8.0,2.0,2.0,4.0,0.0,0.0,0.0,0.0
경상남도,산청군,금서면,산청,0,0,0,0,0,0,0,0,8.0,2.0,2.0,4.0,0.0,0.0,0.0,0.0
경상남도,함양군,마천면,함양,225,240,0,265,230,235,240,225,,,,,,,,
경상남도,거창군,가북면,거창,0,0,0,0,0,0,0,0,8.0,4.0,0.0,4.0,0.0,0.0,0.0,0.0
경상남도,합천군,가회면,산청,0,0,0,0,0,0,0,0,8.0,2.0,2.0,4.0,0.0,0.0,0.0,0.0
경상남도,합천군,가회면,산청,0,0,0,0,0,0,0,0,8.0,2.0,2.0,4.0,0.0,0.0,0.0,0.0
경상남도,합천군,덕곡면,쌍림,270,290,300,320,315,325,410,270,9.0,4.0,0.0,5.0,0.0,0.0,0.0,0.0
경상남도,합천군,덕곡면,쌍림,270,290,300,320,315,325,410,270,9.0,4.0,0.0,5.0,0.0,0.0,0.0,0.0
경상남도,합천군,덕곡면,쌍림,270,290,300,320,315,325,410,270,9.0,4.0,0.0,5.0,0.0,0.0,0.0,0.0
경상남도,합천군,가야면,합천,255,315,0,240,255,245,260,255,8.0,6.0,0.0,2.0,0.0,0.0,0.0,0.0
강원특별자치도,춘천시,동내면,남춘천,0,0,0,0,0,0,0,0,8.0,6.0,2.0,0.0,0.0,0.0,0.0,0.0
강원특별자치도,춘천시,서면,동면(건설중),0,250,285,295,300,300,300,0,,,,,,,,
강원특별자치도,춘천시,동면,동춘천(건설중),0,105,105,120,135,130,150,0,,,,,,,,
강원특별자치도,춘천시,북산면,북춘천,0,120,135,135,150,155,160,0,12.0,4.0,4.0,4.0,0.0,0.0,0.0,0.0
강원특별자치도,춘천시,퇴계동,서춘천(건설중),0,0,0,570,475,530,445,0,,,,,,,,
강원특별자치도,춘천시,남면,서홍천,80,235,245,310,325,330,325,80,12.0,2.0,2.0,8.0,0.0,0.0,0.0,0.0
강원특별자치도,춘천시,남면,서홍천,80,235,245,310,325,330,325,80,12.0,2.0,2.0,8.0,0.0,0.0,0.0,0.0
강원특별자치도,춘천시,남면,서홍천,80,235,245,310,325,330,325,80,12.0,2.0,2.0,8.0,0.0,0.0,0.0,0.0
강원특별자치도,춘천시,교동,춘천,40,50,105,105,70,5,80,40,10.0,4.0,2.0,4.0,0.0,0.0,0.0,0.0
강원특별자치도,원주시,개운동,남원주,0,0,0,0,0,0,0,0,7.0,6.0,1.0,0.0,0.0,0.0,0.0,0.0
강원특별자치도,원주시,반곡동,동원주,95,230,230,225,210,210,210,95,8.0,2.0,4.0,2.0,0.0,0.0,0.0,0.0
강원특별자치도,원주시,문막읍,문막,0,0,0,0,0,0,0,0,11.0,9.0,0.0,2.0,0.0,0.0,0.0,0.0
강원특별자치도,원주시,가현동,북원주,80,205,240,220,290,420,345,80,10.0,6.0,3.0,1.0,0.0,0.0,0.0,0.0
강원특별자치도,원주시,지정면,서원주,190,390,325,305,305,325,265,190,8.0,4.0,2.0,2.0,0.0,0.0,0.0,0.0
강원특별자치도,원주시,부론면,신원주1(건설중),0,0,0,0,0,680,770,0,,,,,,,,
강원특별자치도,원주시,귀래면,원주,95,245,280,260,260,330,270,95,,,,,,,,
강원특별자치도,원주시,횡성읍,횡성,0,0,0,0,0,0,0,0,,,,,,,,
강원특별자치도,원주시,횡성읍,횡성,0,0,0,0,0,0,0,0,,,,,,,,
강원특별자치도,강릉시,강문동,강릉,495,480,300,395,580,570,515,495,,,,,,,,
강원특별자치도,강릉시,난곡동,북강릉,200,200,215,250,220,230,230,200,8.0,4.0,1.0,3.0,0.0,0.0,0.0,0.0
강원특별자치도,강릉시,옥계면,북평,200,150,90,115,230,230,155,200,11.0,7.0,0.0,4.0,0.0,0.0,0.0,0.0
강원특별자치도,강릉시,옥계면,북평,200,150,90,115,230,230,155,200,11.0,7.0,0.0,4.0,0.0,0.0,0.0,0.0
강원특별자치도,강릉시,강동면,영동T/P,0,0,0,0,0,0,0,0,4.0,4.0,0.0,0.0,0.0,0.0,0.0,0.0
강원특별자치도,강릉시,성산면,옥계(건설중),400,400,400,400,400,400,400,400,,,,,,,,
강원특별자치도,강릉시,사천면,주문진,0,0,0,0,0,0,0,0,8.0,5.0,3.0,0.0,0.0,0.0,0.0,0.0
강원특별자치도,강릉시,왕산면,횡계,220,305,270,265,345,320,315,220,8.0,6.0,1.0,1.0,0.0,0.0,0.0,0.0
강원특별자치도,강릉시,왕산면,횡계,220,305,270,265,345,320,315,220,8.0,6.0,1.0,1.0,0.0,0.0,0.0,0.0
강원특별자치도,동해시,괴란동,북평,200,150,90,115,230,230,155,200,11.0,7.0,0.0,4.0,0.0,0.0,0.0,0.0
강원특별자치도,동해시,괴란동,북평,200,150,90,115,230,230,155,200,11.0,7.0,0.0,4.0,0.0,0.0,0.0,0.0
강원특별자치도,태백시,금천동,태백,0,0,0,0,0,0,0,0,11.0,9.0,2.0,0.0,0.0,0.0,0.0,0.0
강원특별자치도,태백시,금천동,태백,0,0,0,0,0,0,0,0,11.0,9.0,2.0,0.0,0.0,0.0,0.0,0.0
강원특별자치도,속초시,교동,속초,0,0,0,0,0,0,0,0,8.0,4.0,4.0,0.0,0.0,0.0,0.0,0.0
강원특별자치도,속초시,교동,속초,0,0,0,0,0,0,0,0,8.0,4.0,4.0,0.0,0.0,0.0,0.0,0.0
강원특별자치도,삼척시,가곡면,도계,0,0,0,0,0,0,0,0,11.0,8.0,3.0,0.0,0.0,0.0,0.0,0.0
강원특별자치도,삼척시,갈천동,삼척,355,215,400,80,175,125,135,355,11.0,4.0,2.0,5.0,0.0,0.0,0.0,0.0
강원특별자치도,삼척시,하사미동,태백,0,0,0,0,0,0,0,0,11.0,9.0,2.0,0.0,0.0,0.0,0.0,0.0
강원특별자치도,삼척시,하사미동,태백,0,0,0,0,0,0,0,0,11.0,9.0,2.0,0.0,0.0,0.0,0.0,0.0
강원특별자치도,삼척시,도계읍,태백#2(건설중),0,0,0,0,0,325,335,0,,,,,,,,
강원특별자치도,홍천군,홍천읍,북홍천(건설중),0,0,0,0,0,0,430,0,,,,,,,,
강원특별자치도,홍천군,내면,상남,0,0,0,0,0,0,0,0,8.0,6.0,0.0,2.0,0.0,0.0,0.0,0.0
강원특별자치도,홍천군,서면,서홍천,80,235,245,310,325,330,325,80,12.0,2.0,2.0,8.0,0.0,0.0,0.0,0.0
강원특별자치도,홍천군,서면,서홍천,80,235,245,310,325,330,325,80,12.0,2.0,2.0,8.0,0.0,0.0,0.0,0.0
강원특별자치도,홍천군,서면,서홍천,80,235,245,310,325,330,325,80,12.0,2.0,2.0,8.0,0.0,0.0,0.0,0.0
강원특별자치도,홍천군,남면,홍천,0,0,0,0,0,0,0,0,8.0,8.0,0.0,0.0,0.0,0.0,0.0,0.0
강원특별자치도,횡성군,둔내면,둔내,195,405,295,305,510,505,455,195,12.0,4.0,4.0,4.0,0.0,0.0,0.0,0.0
강원특별자치도,횡성군,갑천면,횡성,0,0,0,0,0,0,0,0,,,,,,,,
강원특별자치도,횡성군,갑천면,횡성,0,0,0,0,0,0,0,0,,,,,,,,
강원특별자치도,영월군,상동읍,동영월,265,245,200,250,265,275,270,265,10.0,2.0,5.0,3.0,0.0,0.0,0.0,0.0
강원특별자치도,영월군,상동읍,동영월,265,245,200,250,265,275,270,265,10.0,2.0,5.0,3.0,0.0,0.0,0.0,0.0
강원특별자치도,영월군,남면,영월,0,0,0,0,0,0,0,0,11.0,9.0,2.0,0.0,0.0,0.0,0.0,0.0
강원특별자치도,영월군,남면,영월,0,0,0,0,0,0,0,0,11.0,9.0,2.0,0.0,0.0,0.0,0.0,0.0
강원특별자치도,영월군,김삿갓면,주천,105,215,160,160,280,400,350,105,,,,,,,,
강원특별자치도,영월군,김삿갓면,주천,105,215,160,160,280,400,350,105,,,,,,,,
강원특별자치도,평창군,무릉도원면,영월,0,0,0,0,0,0,0,0,11.0,9.0,2.0,0.0,0.0,0.0,0.0,0.0
강원특별자치도,평창군,무릉도원면,영월,0,0,0,0,0,0,0,0,11.0,9.0,2.0,0.0,0.0,0.0,0.0,0.0
강원특별자치도,평창군,정선읍,정선,325,240,145,190,275,290,275,325,11.0,7.0,3.0,1.0,0.0,0.0,0.0,0.0
강원특별자치도,평창군,정선읍,정선,325,240,145,190,275,290,275,325,11.0,7.0,3.0,1.0,0.0,0.0,0.0,0.0
강원특별자치도,평창군,대화면,주진,0,0,0,0,0,0,0,0,6.0,6.0,0.0,0.0,0.0,0.0,0.0,0.0
강원특별자치도,평창군,미탄면,주진#2(건설중),0,0,0,0,0,470,580,0,,,,,,,,
강원특별자치도,평창군,진부면,주천,105,215,160,160,280,400,350,105,,,,,,,,
강원특별자치도,평창군,진부면,주천,105,215,160,160,280,400,350,105,,,,,,,,
강원특별자치도,평창군,봉평면,평창,0,0,0,0,0,0,0,0,7.0,7.0,0.0,0.0,0.0,0.0,0.0,0.0
강원특별자치도,평창군,대관령면,횡계,220,305,270,265,345,320,315,220,8.0,6.0,1.0,1.0,0.0,0.0,0.0,0.0
강원특별자치도,평창군,대관령면,횡계,220,305,270,265,345,320,315,220,8.0,6.0,1.0,1.0,0.0,0.0,0.0,0.0
강원특별자치도,정선군,고한읍,고한,0,0,0,0,0,0,0,0,6.0,0.0,4.0,0.0,0.0,0.0,0.0,0.0
강원특별자치도,정선군,중동면,동영월,265,245,200,250,265,275,270,265,10.0,2.0,5.0,3.0,0.0,0.0,0.0,0.0
강원특별자치도,정선군,중동면,동영월,265,245,200,250,265,275,270,265,10.0,2.0,5.0,3.0,0.0,0.0,0.0,0.0
강원특별자치도,정선군,임계면,신성은M1(건설중),0,285,235,260,405,395,325,0,,,,,,,,
강원특별자치도,정선군,임계면,임계(건설중),0,285,235,260,405,395,325,0,,,,,,,,
강원특별자치도,정선군,여량면,정선,325,240,145,190,275,290,275,325,11.0,7.0,3.0,1.0,0.0,0.0,0.0,0.0
강원특별자치도,정선군,여량면,정선,325,240,145,190,275,290,275,325,11.0,7.0,3.0,1.0,0.0,0.0,0.0,0.0
강원특별자치도,철원군,원남면,동송(건설중),480,560,455,570,845,850,835,480,,,,,,,,
강원특별자치도,철원군,갈말읍,철원,370,375,365,385,825,830,820,370,9.0,7.0,0.0,2.0,0.0,0.0,0.0,0.0
강원특별자치도,화천군,간동면,화천,225,250,255,255,270,275,290,225,6.0,4.0,2.0,0.0,0.0,0.0,0.0,0.0
강원특별자치도,화천군,상서면,화천#2(건설중),0,0,0,0,0,875,855,0,,,,,,,,
강원특별자치도,양구군,남면,양구,0,0,0,0,0,0,0,0,6.0,4.0,2.0,0.0,0.0,0.0,0.0,0.0
강원특별자치도,인제군,기린면,인제,0,0,0,0,0,0,0,0,8.0,8.0,0.0,0.0,0.0,0.0,0.0,0.0
강원특별자치도,고성군,간성읍,간성,0,0,0,0,0,0,0,0,,,,,,,,
강원특별자치도,고성군,토성면,속초,0,0,0,0,0,0,0,0,8.0,4.0,4.0,0.0,0.0,0.0,0.0,0.0
강원특별자치도,고성군,토성면,속초,0,0,0,0,0,0,0,0,8.0,4.0,4.0,0.0,0.0,0.0,0.0,0.0
강원특별자치도,양양군,강현면,양양,270,270,265,320,290,300,300,270,8.0,4.0,3.0,1.0,0.0,0.0,0.0,0.0
전북특별자치도,전주시완산구,석구동,남전주,0,0,0,0,0,0,0,0,7.0,5.0,2.0,0.0,0.0,0.0,0.0,0.0
전북특별자치도,전주시완산구,석구동,남전주,0,0,0,0,0,0,0,0,7.0,5.0,2.0,0.0,0.0,0.0,0.0,0.0
전북특별자치도,전주시완산구,동서학동,동전주,0,0,0,0,300,350,280,0,,,,,,,,
전북특별자치도,전주시완산구,동서학동,동전주,0,0,0,0,300,350,280,0,,,,,,,,
전북특별자치도,전주시완산구,동서학동,동전주,0,0,0,0,300,350,280,0,,,,,,,,
전북특별자치도,전주시완산구,중앙동1가,신김제,400,0,0,0,350,400,400,400,15.0,12.0,2.0,1.0,0.0,0.0,0.0,0.0
전북특별자치도,전주시완산구,중앙동1가,신김제,400,0,0,0,350,400,400,400,15.0,12.0,2.0,1.0,0.0,0.0,0.0,0.0
전북특별자치도,전주시완산구,중앙동1가,신김제,400,0,0,0,350,400,400,400,15.0,12.0,2.0,1.0,0.0,0.0,0.0,0.0
전북특별자치도,전주시완산구,중앙동1가,신김제,400,0,0,0,350,400,400,400,15.0,12.0,2.0,1.0,0.0,0.0,0.0,0.0
전북특별자치도,전주시완산구,중앙동1가,신김제,400,0,0,0,350,400,400,400,15.0,12.0,2.0,1.0,0.0,0.0,0.0,0.0
전북특별자치도,전주시완산구,중앙동1가,신김제,400,0,0,0,350,400,400,400,15.0,12.0,2.0,1.0,0.0,0.0,0.0,0.0
전북특별자치도,전주시완산구,중앙동1가,신김제,400,0,0,0,350,400,400,400,15.0,12.0,2.0,1.0,0.0,0.0,0.0,0.0
전북특별자치도,전주시완산구,중앙동1가,신김제,400,0,0,0,350,400,400,400,15.0,12.0,2.0,1.0,0.0,0.0,0.0,0.0
전북특별자치도,전주시완산구,중앙동1가,신김제,400,0,0,0,350,400,400,400,15.0,12.0,2.0,1.0,0.0,0.0,0.0,0.0
전북특별자치도,전주시완산구,효자동3가,완산,0,0,0,0,0,0,0,0,,,,,,,,
전북특별자치도,전주시완산구,효자동3가,완산,0,0,0,0,0,0,0,0,,,,,,,,
전북특별자치도,전주시완산구,중동,전주,400,250,380,290,400,400,280,400,11.0,6.0,4.0,1.0,0.0,0.0,0.0,0.0
전북특별자치도,전주시완산구,중동,전주,400,250,380,290,400,400,280,400,11.0,6.0,4.0,1.0,0.0,0.0,0.0,0.0
전북특별자치도,전주시완산구,고사동,태평(SA),0,0,0,0,250,300,255,0,6.0,4.0,0.0,2.0,0.0,0.0,0.0,0.0
전북특별자치도,전주시완산구,고사동,태평(SA),0,0,0,0,250,300,255,0,6.0,4.0,0.0,2.0,0.0,0.0,0.0,0.0
전북특별자치도,전주시덕진구,송천동1가,동전주,0,0,0,0,300,350,280,0,,,,,,,,
전북특별자치도,전주시덕진구,송천동1가,동전주,0,0,0,0,300,350,280,0,,,,,,,,
전북특별자치도,전주시덕진구,송천동1가,동전주,0,0,0,0,300,350,280,0,,,,,,,,
전북특별자치도,전주시덕진구,전미동2가,북김제(건설중),0,310,415,335,575,450,250,0,,,,,,,,
전북특별자치도,전주시덕진구,전미동2가,북김제(건설중),0,310,415,335,575,450,250,0,,,,,,,,
전북특별자치도,전주시덕진구,팔복동1가,서곡,0,0,0,0,190,225,190,0,8.0,7.0,0.0,1.0,0.0,0.0,0.0,0.0
전북특별자치도,전주시덕진구,진북동,신김제,400,0,0,0,350,400,400,400,15.0,12.0,2.0,1.0,0.0,0.0,0.0,0.0
전북특별자치도,전주시덕진구,진북동,신김제,400,0,0,0,350,400,400,400,15.0,12.0,2.0,1.0,0.0,0.0,0.0,0.0
전북특별자치도,전주시덕진구,진북동,신김제,400,0,0,0,350,400,400,400,15.0,12.0,2.0,1.0,0.0,0.0,0.0,0.0
전북특별자치도,전주시덕진구,진북동,신김제,400,0,0,0,350,400,400,400,15.0,12.0,2.0,1.0,0.0,0.0,0.0,0.0
전북특별자치도,전주시덕진구,진북동,신김제,400,0,0,0,350,400,400,400,15.0,12.0,2.0,1.0,0.0,0.0,0.0,0.0
전북특별자치도,전주시덕진구,진북동,신김제,400,0,0,0,350,400,400,400,15.0,12.0,2.0,1.0,0.0,0.0,0.0,0.0
전북특별자치도,전주시덕진구,진북동,신김제,400,0,0,0,350,400,400,400,15.0,12.0,2.0,1.0,0.0,0.0,0.0,0.0
전북특별자치도,전주시덕진구,진북동,신김제,400,0,0,0,350,400,400,400,15.0,12.0,2.0,1.0,0.0,0.0,0.0,0.0
전북특별자치도,전주시덕진구,진북동,신김제,400,0,0,0,350,400,400,400,15.0,12.0,2.0,1.0,0.0,0.0,0.0,0.0
전북특별자치도,전주시덕진구,강흥동,전주,400,250,380,290,400,400,280,400,11.0,6.0,4.0,1.0,0.0,0.0,0.0,0.0
전북특별자치도,전주시덕진구,강흥동,전주,400,250,380,290,400,400,280,400,11.0,6.0,4.0,1.0,0.0,0.0,0.0,0.0
전북특별자치도,전주시덕진구,여의동,탄소(SA),264,225,345,270,535,470,260,264,8.0,4.0,0.0,4.0,0.0,0.0,0.0,0.0
전북특별자치도,전주시덕진구,진북동,태평(SA),0,0,0,0,250,300,255,0,6.0,4.0,0.0,2.0,0.0,0.0,0.0,0.0
전북특별자치도,전주시덕진구,진북동,태평(SA),0,0,0,0,250,300,255,0,6.0,4.0,0.0,2.0,0.0,0.0,0.0,0.0
전북특별자치도,전주시덕진구,춘포면,팔봉,0,0,0,0,0,0,0,0,8.0,8.0,0.0,0.0,0.0,0.0,0.0,0.0
전북특별자치도,전주시덕진구,춘포면,팔봉,0,0,0,0,0,0,0,0,8.0,8.0,0.0,0.0,0.0,0.0,0.0,0.0
전북특별자치도,군산시,옥구읍,군공,0,0,0,0,0,0,0,0,12.0,11.0,1.0,0.0,0.0,0.0,0.0,0.0
전북특별자치도,군산시,임피면,군산,0,0,0,0,0,0,0,0,13.0,11.0,2.0,0.0,0.0,0.0,0.0,0.0
전북특별자치도,군산시,비응도동,군장,0,0,0,0,0,0,0,0,12.0,9.0,3.0,0.0,0.0,0.0,0.0,0.0
전북특별자치도,군산시,개사동,내초,0,0,0,0,0,0,0,0,,,,,,,,
전북특별자치도,군산시,개정면,동군산,400,400,400,400,400,400,400,400,9.0,8.0,0.0,1.0,0.0,0.0,0.0,0.0
전북특별자치도,군산시,회현면,동비응,725,660,775,705,660,610,580,725,,,,,,,,
전북특별자치도,군산시,진봉면,백산,400,0,0,0,400,400,400,400,8.0,4.0,3.0,1.0,0.0,0.0,0.0,0.0
전북특별자치도,군산시,진봉면,백산,400,0,0,0,400,400,400,400,8.0,4.0,3.0,1.0,0.0,0.0,0.0,0.0
전북특별자치도,군산시,비응도동,비응,0,0,0,0,0,0,0,0,8.0,6.0,4.0,-2.0,0.0,0.0,0.0,0.0
전북특별자치도,군산시,회현면,비응#3(건설중),0,355,515,495,450,440,435,0,,,,,,,,
전북특별자치도,군산시,오식도동,비응#4(건설중),0,0,770,740,730,705,690,0,,,,,,,,
전북특별자치도,군산시,회현면,서군산,265,300,370,445,575,170,150,265,9.0,4.0,0.0,5.0,0.0,0.0,0.0,0.0
전북특별자치도,군산시,소룡동,소룡,0,0,0,0,0,0,0,0,12.0,12.0,0.0,0.0,0.0,0.0,0.0,0.0
전북특별자치도,군산시,옥도면,수변도시(건설중),0,0,0,0,0,415,450,0,,,,,,,,
전북특별자치도,군산시,대야면,이리,0,0,0,0,0,0,0,0,12.0,10.0,2.0,0.0,0.0,0.0,0.0,0.0
전북특별자치도,군산시,대야면,이리,0,0,0,0,0,0,0,0,12.0,10.0,2.0,0.0,0.0,0.0,0.0,0.0
전북특별자치도,군산시,함라면,함열,0,0,0,0,0,0,0,0,,,,,,,,
전북특별자치도,군산시,함라면,함열,0,0,0,0,0,0,0,0,,,,,,,,
전북특별자치도,익산시,낭산면,낭산,0,0,0,0,695,685,685,0,8.0,4.0,0.0,4.0,0.0,0.0,0.0,0.0
전북특별자치도,익산시,남중동,영등,0,0,0,0,0,0,0,0,8.0,8.0,0.0,0.0,0.0,0.0,0.0,0.0
전북특별자치도,익산시,금강동,이리,0,0,0,0,0,0,0,0,12.0,10.0,2.0,0.0,0.0,0.0,0.0,0.0
전북특별자치도,익산시,금강동,이리,0,0,0,0,0,0,0,0,12.0,10.0,2.0,0.0,0.0,0.0,0.0,0.0
전북특별자치도,익산시,금마면,팔봉,0,0,0,0,0,0,0,0,8.0,8.0,0.0,0.0,0.0,0.0,0.0,0.0
전북특별자치도,익산시,금마면,팔봉,0,0,0,0,0,0,0,0,8.0,8.0,0.0,0.0,0.0,0.0,0.0,0.0
전북특별자치도,익산시,망성면,함열,0,0,0,0,0,0,0,0,,,,,,,,
전북특별자치도,익산시,망성면,함열,0,0,0,0,0,0,0,0,,,,,,,,
전북특별자치도,정읍시,소성면,소성,605,540,600,595,385,395,390,605,,,,,,,,
전북특별자치도,정읍시,소성면,신김제,400,0,0,0,350,400,400,400,15.0,12.0,2.0,1.0,0.0,0.0,0.0,0.0
전북특별자치도,정읍시,소성면,신김제,400,0,0,0,350,400,400,400,15.0,12.0,2.0,1.0,0.0,0.0,0.0,0.0
전북특별자치도,정읍시,소성면,신김제,400,0,0,0,350,400,400,400,15.0,12.0,2.0,1.0,0.0,0.0,0.0,0.0
전북특별자치도,정읍시,소성면,신김제,400,0,0,0,350,400,400,400,15.0,12.0,2.0,1.0,0.0,0.0,0.0,0.0
전북특별자치도,정읍시,소성면,신김제,400,0,0,0,350,400,400,400,15.0,12.0,2.0,1.0,0.0,0.0,0.0,0.0
전북특별자치도,정읍시,소성면,신김제,400,0,0,0,350,400,400,400,15.0,12.0,2.0,1.0,0.0,0.0,0.0,0.0
전북특별자치도,정읍시,소성면,신김제,400,0,0,0,350,400,400,400,15.0,12.0,2.0,1.0,0.0,0.0,0.0,0.0
전북특별자치도,정읍시,소성면,신김제,400,0,0,0,350,400,400,400,15.0,12.0,2.0,1.0,0.0,0.0,0.0,0.0
전북특별자치도,정읍시,소성면,신김제,400,0,0,0,350,400,400,400,15.0,12.0,2.0,1.0,0.0,0.0,0.0,0.0
전북특별자치도,정읍시,북면,정공,400,0,0,0,400,400,400,400,,,,,,,,
전북특별자치도,정읍시,삼산동,정주SA,0,0,0,0,210,215,560,0,11.0,7.0,1.0,3.0,0.0,0.0,0.0,0.0
전북특별자치도,정읍시,삼산동,정주SA,0,0,0,0,210,215,560,0,11.0,7.0,1.0,3.0,0.0,0.0,0.0,0.0
전북특별자치도,남원시,산내면,남원,0,0,0,0,0,0,0,0,,,,,,,,
전북특별자치도,남원시,산내면,남원,0,0,0,0,0,0,0,0,,,,,,,,
전북특별자치도,남원시,동충동,신남원,0,0,0,0,0,0,0,0,11.0,11.0,0.0,0.0,0.0,0.0,0.0,0.0
전북특별자치도,남원시,동충동,신남원,0,0,0,0,0,0,0,0,11.0,11.0,0.0,0.0,0.0,0.0,0.0,0.0
전북특별자치도,김제시,갈공동,김제,510,0,0,0,385,440,615,510,8.0,6.0,0.0,2.0,0.0,0.0,0.0,0.0
전북특별자치도,김제시,공덕면,백산,400,0,0,0,400,400,400,400,8.0,4.0,3.0,1.0,0.0,0.0,0.0,0.0
전북특별자치도,김제시,공덕면,백산,400,0,0,0,400,400,400,400,8.0,4.0,3.0,1.0,0.0,0.0,0.0,0.0
전북특별자치도,김제시,백구면,북김제(건설중),0,310,415,335,575,450,250,0,,,,,,,,
전북특별자치도,김제시,백구면,북김제(건설중),0,310,415,335,575,450,250,0,,,,,,,,
전북특별자치도,김제시,신월동,신김제,400,0,0,0,350,400,400,400,15.0,12.0,2.0,1.0,0.0,0.0,0.0,0.0
전북특별자치도,김제시,신월동,신김제,400,0,0,0,350,400,400,400,15.0,12.0,2.0,1.0,0.0,0.0,0.0,0.0
전북특별자치도,김제시,신월동,신김제,400,0,0,0,350,400,400,400,15.0,12.0,2.0,1.0,0.0,0.0,0.0,0.0
전북특별자치도,김제시,신월동,신김제,400,0,0,0,350,400,400,400,15.0,12.0,2.0,1.0,0.0,0.0,0.0,0.0
전북특별자치도,김제시,신월동,신김제,400,0,0,0,350,400,400,400,15.0,12.0,2.0,1.0,0.0,0.0,0.0,0.0
전북특별자치도,김제시,신월동,신김제,400,0,0,0,350,400,400,400,15.0,12.0,2.0,1.0,0.0,0.0,0.0,0.0
전북특별자치도,김제시,신월동,신김제,400,0,0,0,350,400,400,400,15.0,12.0,2.0,1.0,0.0,0.0,0.0,0.0
전북특별자치도,김제시,신월동,신김제,400,0,0,0,350,400,400,400,15.0,12.0,2.0,1.0,0.0,0.0,0.0,0.0
전북특별자치도,김제시,신월동,신김제,400,0,0,0,350,400,400,400,15.0,12.0,2.0,1.0,0.0,0.0,0.0,0.0
전북특별자치도,김제시,금구면,정주SA,0,0,0,0,210,215,560,0,11.0,7.0,1.0,3.0,0.0,0.0,0.0,0.0
전북특별자치도,김제시,금구면,정주SA,0,0,0,0,210,215,560,0,11.0,7.0,1.0,3.0,0.0,0.0,0.0,0.0
전북특별자치도,완주군,구이면,남전주,0,0,0,0,0,0,0,0,7.0,5.0,2.0,0.0,0.0,0.0,0.0,0.0
전북특별자치도,완주군,구이면,남전주,0,0,0,0,0,0,0,0,7.0,5.0,2.0,0.0,0.0,0.0,0.0,0.0
전북특별자치도,완주군,소양면,동전주,0,0,0,0,300,350,280,0,,,,,,,,
전북특별자치도,완주군,소양면,동전주,0,0,0,0,300,350,280,0,,,,,,,,
전북특별자치도,완주군,소양면,동전주,0,0,0,0,300,350,280,0,,,,,,,,
전북특별자치도,완주군,경천면,봉동,0,0,0,0,345,340,190,0,8.0,4.0,0.0,4.0,0.0,0.0,0.0,0.0
전북특별자치도,완주군,봉동읍,북임실,180,0,0,0,540,800,680,180,,,,,,,,
전북특별자치도,완주군,봉동읍,북임실,180,0,0,0,540,800,680,180,,,,,,,,
전북특별자치도,완주군,봉동읍,북전주,0,0,0,0,400,400,210,0,9.0,8.0,0.0,1.0,0.0,0.0,0.0,0.0
전북특별자치도,완주군,동상면,완산,0,0,0,0,0,0,0,0,,,,,,,,
전북특별자치도,완주군,동상면,완산,0,0,0,0,0,0,0,0,,,,,,,,
전북특별자치도,완주군,봉동읍,왕궁,0,0,0,0,450,300,170,0,,,,,,,,
전북특별자치도,완주군,상관면,임실,0,0,0,0,0,0,0,0,5.0,5.0,0.0,0.0,0.0,0.0,0.0,0.0
전북특별자치도,완주군,상관면,임실,0,0,0,0,0,0,0,0,5.0,5.0,0.0,0.0,0.0,0.0,0.0,0.0
전북특별자치도,진안군,진안읍,신김제,400,0,0,0,350,400,400,400,15.0,12.0,2.0,1.0,0.0,0.0,0.0,0.0
전북특별자치도,진안군,진안읍,신김제,400,0,0,0,350,400,400,400,15.0,12.0,2.0,1.0,0.0,0.0,0.0,0.0
전북특별자치도,진안군,진안읍,신김제,400,0,0,0,350,400,400,400,15.0,12.0,2.0,1.0,0.0,0.0,0.0,0.0
전북특별자치도,진안군,진안읍,신김제,400,0,0,0,350,400,400,400,15.0,12.0,2.0,1.0,0.0,0.0,0.0,0.0
전북특별자치도,진안군,진안읍,신김제,400,0,0,0,350,400,400,400,15.0,12.0,2.0,1.0,0.0,0.0,0.0,0.0
전북특별자치도,진안군,진안읍,신김제,400,0,0,0,350,400,400,400,15.0,12.0,2.0,1.0,0.0,0.0,0.0,0.0
전북특별자치도,진안군,진안읍,신김제,400,0,0,0,350,400,400,400,15.0,12.0,2.0,1.0,0.0,0.0,0.0,0.0
전북특별자치도,진안군,진안읍,신김제,400,0,0,0,350,400,400,400,15.0,12.0,2.0,1.0,0.0,0.0,0.0,0.0
전북특별자치도,진안군,진안읍,신김제,400,0,0,0,350,400,400,400,15.0,12.0,2.0,1.0,0.0,0.0,0.0,0.0
전북특별자치도,진안군,백운면,장수,0,0,0,0,590,475,485,0,12.0,2.0,6.0,4.0,0.0,0.0,0.0,0.0
전북특별자치도,진안군,백운면,장수,0,0,0,0,590,475,485,0,12.0,2.0,6.0,4.0,0.0,0.0,0.0,0.0
전북특별자치도,진안군,동향면,진안,0,0,0,0,680,560,575,0,6.0,4.0,0.0,2.0,0.0,0.0,0.0,0.0
전북특별자치도,무주군,무주읍,무주,0,0,0,0,400,400,400,0,,,,,,,,
전북특별자치도,무주군,무주읍,신김제,400,0,0,0,350,400,400,400,15.0,12.0,2.0,1.0,0.0,0.0,0.0,0.0
전북특별자치도,무주군,무주읍,신김제,400,0,0,0,350,400,400,400,15.0,12.0,2.0,1.0,0.0,0.0,0.0,0.0
전북특별자치도,무주군,무주읍,신김제,400,0,0,0,350,400,400,400,15.0,12.0,2.0,1.0,0.0,0.0,0.0,0.0
전북특별자치도,무주군,무주읍,신김제,400,0,0,0,350,400,400,400,15.0,12.0,2.0,1.0,0.0,0.0,0.0,0.0
전북특별자치도,무주군,무주읍,신김제,400,0,0,0,350,400,400,400,15.0,12.0,2.0,1.0,0.0,0.0,0.0,0.0
전북특별자치도,무주군,무주읍,신김제,400,0,0,0,350,400,400,400,15.0,12.0,2.0,1.0,0.0,0.0,0.0,0.0
전북특별자치도,무주군,무주읍,신김제,400,0,0,0,350,400,400,400,15.0,12.0,2.0,1.0,0.0,0.0,0.0,0.0
전북특별자치도,무주군,무주읍,신김제,400,0,0,0,350,400,400,400,15.0,12.0,2.0,1.0,0.0,0.0,0.0,0.0
전북특별자치도,무주군,무주읍,신김제,400,0,0,0,350,400,400,400,15.0,12.0,2.0,1.0,0.0,0.0,0.0,0.0
전북특별자치도,장수군,장수읍,신김제,400,0,0,0,350,400,400,400,15.0,12.0,2.0,1.0,0.0,0.0,0.0,0.0
전북특별자치도,장수군,장수읍,신김제,400,0,0,0,350,400,400,400,15.0,12.0,2.0,1.0,0.0,0.0,0.0,0.0
전북특별자치도,장수군,장수읍,신김제,400,0,0,0,350,400,400,400,15.0,12.0,2.0,1.0,0.0,0.0,0.0,0.0
전북특별자치도,장수군,장수읍,신김제,400,0,0,0,350,400,400,400,15.0,12.0,2.0,1.0,0.0,0.0,0.0,0.0
전북특별자치도,장수군,장수읍,신김제,400,0,0,0,350,400,400,400,15.0,12.0,2.0,1.0,0.0,0.0,0.0,0.0
전북특별자치도,장수군,장수읍,신김제,400,0,0,0,350,400,400,400,15.0,12.0,2.0,1.0,0.0,0.0,0.0,0.0
전북특별자치도,장수군,장수읍,신김제,400,0,0,0,350,400,400,400,15.0,12.0,2.0,1.0,0.0,0.0,0.0,0.0
전북특별자치도,장수군,장수읍,신김제,400,0,0,0,350,400,400,400,15.0,12.0,2.0,1.0,0.0,0.0,0.0,0.0
전북특별자치도,장수군,장수읍,신김제,400,0,0,0,350,400,400,400,15.0,12.0,2.0,1.0,0.0,0.0,0.0,0.0
전북특별자치도,장수군,계남면,장수,0,0,0,0,590,475,485,0,12.0,2.0,6.0,4.0,0.0,0.0,0.0,0.0
전북특별자치도,장수군,계남면,장수,0,0,0,0,590,475,485,0,12.0,2.0,6.0,4.0,0.0,0.0,0.0,0.0
전북특별자치도,장수군,장수읍,장수#2(건설중),0,0,0,0,560,530,545,0,,,,,,,,
전북특별자치도,장수군,장수읍,장수#2(건설중),0,0,0,0,560,530,545,0,,,,,,,,
전북특별자치도,임실군,사매면,남원,0,0,0,0,0,0,0,0,,,,,,,,
전북특별자치도,임실군,사매면,남원,0,0,0,0,0,0,0,0,,,,,,,,
전북특별자치도,임실군,신덕면,북임실,180,0,0,0,540,800,680,180,,,,,,,,
전북특별자치도,임실군,신덕면,북임실,180,0,0,0,540,800,680,180,,,,,,,,
전북특별자치도,임실군,임실읍,신남원,0,0,0,0,0,0,0,0,11.0,11.0,0.0,0.0,0.0,0.0,0.0,0.0
전북특별자치도,임실군,임실읍,신남원,0,0,0,0,0,0,0,0,11.0,11.0,0.0,0.0,0.0,0.0,0.0,0.0
전북특별자치도,임실군,삼계면,임실,0,0,0,0,0,0,0,0,5.0,5.0,0.0,0.0,0.0,0.0,0.0,0.0
전북특별자치도,임실군,삼계면,임실,0,0,0,0,0,0,0,0,5.0,5.0,0.0,0.0,0.0,0.0,0.0,0.0
전북특별자치도,임실군,오수면,장수#2(건설중),0,0,0,0,560,530,545,0,,,,,,,,
전북특별자치도,임실군,오수면,장수#2(건설중),0,0,0,0,560,530,545,0,,,,,,,,
전북특별자치도,순창군,구림면,순창,610,690,715,550,565,460,450,610,8.0,4.0,0.0,4.0,0.0,0.0,0.0,0.0
전북특별자치도,순창군,구림면,순창,610,690,715,550,565,460,450,610,8.0,4.0,0.0,4.0,0.0,0.0,0.0,0.0
전북특별자치도,고창군,아산면,고창,0,0,0,0,0,0,0,0,6.0,6.0,4.0,-4.0,0.0,0.0,0.0,0.0
전북특별자치도,고창군,성송면,고창#3(건설중),0,0,0,0,0,0,0,0,,,,,,,,
전북특별자치도,고창군,무장면,남고창(건설중),0,0,575,685,720,800,800,0,,,,,,,,
전북특별자치도,고창군,무장면,남고창(건설중),0,0,575,685,720,800,800,0,,,,,,,,
전북특별자치도,고창군,상하면,서고창,0,0,0,0,0,0,0,0,7.0,6.0,3.0,-2.0,0.0,0.0,0.0,0.0
전북특별자치도,고창군,고창읍,신김제,400,0,0,0,350,400,400,400,15.0,12.0,2.0,1.0,0.0,0.0,0.0,0.0
전북특별자치도,고창군,고창읍,신김제,400,0,0,0,350,400,400,400,15.0,12.0,2.0,1.0,0.0,0.0,0.0,0.0
전북특별자치도,고창군,고창읍,신김제,400,0,0,0,350,400,400,400,15.0,12.0,2.0,1.0,0.0,0.0,0.0,0.0
전북특별자치도,고창군,고창읍,신김제,400,0,0,0,350,400,400,400,15.0,12.0,2.0,1.0,0.0,0.0,0.0,0.0
전북특별자치도,고창군,고창읍,신김제,400,0,0,0,350,400,400,400,15.0,12.0,2.0,1.0,0.0,0.0,0.0,0.0
전북특별자치도,고창군,고창읍,신김제,400,0,0,0,350,400,400,400,15.0,12.0,2.0,1.0,0.0,0.0,0.0,0.0
전북특별자치도,고창군,고창읍,신김제,400,0,0,0,350,400,400,400,15.0,12.0,2.0,1.0,0.0,0.0,0.0,0.0
전북특별자치도,고창군,고창읍,신김제,400,0,0,0,350,400,400,400,15.0,12.0,2.0,1.0,0.0,0.0,0.0,0.0
전북특별자치도,고창군,고창읍,신김제,400,0,0,0,350,400,400,400,15.0,12.0,2.0,1.0,0.0,0.0,0.0,0.0
전북특별자치도,부안군,계화면,부안,400,0,0,0,370,400,400,400,,,,,,,,
전북특별자치도,부안군,부안읍,신김제,400,0,0,0,350,400,400,400,15.0,12.0,2.0,1.0,0.0,0.0,0.0,0.0
전북특별자치도,부안군,부안읍,신김제,400,0,0,0,350,400,400,400,15.0,12.0,2.0,1.0,0.0,0.0,0.0,0.0
전북특별자치도,부안군,부안읍,신김제,400,0,0,0,350,400,400,400,15.0,12.0,2.0,1.0,0.0,0.0,0.0,0.0
전북특별자치도,부안군,부안읍,신김제,400,0,0,0,350,400,400,400,15.0,12.0,2.0,1.0,0.0,0.0,0.0,0.0
전북특별자치도,부안군,부안읍,신김제,400,0,0,0,350,400,400,400,15.0,12.0,2.0,1.0,0.0,0.0,0.0,0.0
전북특별자치도,부안군,부안읍,신김제,400,0,0,0,350,400,400,400,15.0,12.0,2.0,1.0,0.0,0.0,0.0,0.0
전북특별자치도,부안군,부안읍,신김제,400,0,0,0,350,400,400,400,15.0,12.0,2.0,1.0,0.0,0.0,0.0,0.0
전북특별자치도,부안군,부안읍,신김제,400,0,0,0,350,400,400,400,15.0,12.0,2.0,1.0,0.0,0.0,0.0,0.0
전북특별자치도,부안군,부안읍,신김제,400,0,0,0,350,400,400,400,15.0,12.0,2.0,1.0,0.0,0.0,0.0,0.0
