시도,시군구,읍면동,변전소,변전소관리번호,기준연도,전력공급여유_22.9kV_2026,전력공급여유_22.9kV_2027,전력공급여유_22.9kV_2028,전력공급여유_22.9kV_2029,전력공급여유_22.9kV_2030,전력공급여유_22.9kV_2031,전력공급여유_22.9kV_2032,최소여유용량_추정,시도_전력공급_154kV,시군구_전력공급_154kV,읍면동_전력공급_154kV,변전소관리번호_전력공급_154kV,기준연도_전력공급_154kV,전력공급여유_154kV_2026,전력공급여유_154kV_2027,전력공급여유_154kV_2028,전력공급여유_154kV_2029,전력공급여유_154kV_2030,전력공급여유_154kV_2031,전력공급여유_154kV_2032,최소여유용량_추정_전력공급_154kV,시도_재생e,시군구_재생e,읍면동_재생e,변전소관리번호_재생e,검토연도,재생e연계여유_2026,재생e연계여유_2027,재생e연계여유_2028,재생e연계여유_2029,재생e연계여유_2030,재생e연계여유_2031,재생e연계여유_2032,최소여유용량_추정_재생e,6년후검토용량_추정,시도_차단기_22.9_154kV,시군구_차단기_22.9_154kV,변전소코드,차단기_154kV_전체대수,차단기_154kV_사용중,차단기_154kV_사용예정,차단기_154kV_여유대수,차단기_22.9kV_전체대수,차단기_22.9kV_사용중,차단기_22.9kV_사용예정,차단기_22.9kV_여유대수
전남광주통합특별시,나주시,용산동,154KV 나주,E233,2026.0,165.6,165.6,165.6,165.6,165.6,165.6,165.6,165.6,전남광주통합특별시,나주시,경현동,E233,2026.0,0.0,0.0,0.0,0.0,0.0,0.0,0.0,0.0,전남광주통합특별시,나주시,경현동,E233,2026.0,0.0,0.0,0.0,0.0,0.0,0.0,0.0,0.0,0.0,전남광주통합특별시,나주시,E233,12.0,11.0,1.0,0.0,31.0,28.0,2.0,1.0
,,,154kV 동수원(SA),,,,,,,,,,,,,,,,,,,,,,,,,,,,,,,,,,,,,,경기도,수원시권선구,E206,8.0,8.0,0.0,0.0,26.0,20.0,0.0,6.0
,,,154kV 동수원(SA),,,,,,,,,,,,,,,,,,,,,,,,,,,,,,,,,,,,,,경기도,수원시영통구,E206,8.0,8.0,0.0,0.0,26.0,20.0,0.0,6.0
,,,154kV 동수원(SA),,,,,,,,,,,,,,,,,,,,,,,,,,,,,,,,,,,,,,경기도,수원시팔달구,E206,8.0,8.0,0.0,0.0,26.0,20.0,0.0,6.0
,,,154kV 동수원(SA),,,,,,,,,,,,,,,,,,,,,,,,,,,,,,,,,,,,,,경기도,화성시,E206,8.0,8.0,0.0,0.0,26.0,20.0,0.0,6.0
,,,154kV 비아SA,,,,,,,,,,,,,,,,,,,,,,,,,,,,,,,,,,,,,,전남광주통합특별시,광산구,E296,8.0,7.0,0.0,1.0,27.0,26.0,1.0,0.0
,,,154kV 비아SA,,,,,,,,,,,,,,,,,,,,,,,,,,,,,,,,,,,,,,전남광주통합특별시,북구,E296,8.0,7.0,0.0,1.0,27.0,26.0,1.0,0.0
경기도,이천시,장호원읍,가남,S234,2026.0,0.0,0.0,0.0,0.0,0.0,0.0,0.0,0.0,경기도,여주시,가남읍,S234,2026.0,0.0,0.0,0.0,0.0,0.0,0.0,0.0,0.0,경기도,여주시,가남읍,S234,2026.0,500.0,680.0,710.0,735.0,735.0,775.0,820.0,500.0,0.0,경기도,여주시,S234,8.0,4.0,0.0,4.0,26.0,12.0,3.0,11.0
경기도,이천시,장호원읍,가남,S234,2026.0,0.0,0.0,0.0,0.0,0.0,0.0,0.0,0.0,경기도,여주시,가남읍,S234,2026.0,0.0,0.0,0.0,0.0,0.0,0.0,0.0,0.0,경기도,여주시,가남읍,S234,2026.0,500.0,680.0,710.0,735.0,735.0,775.0,820.0,500.0,0.0,경기도,이천시,S234,8.0,4.0,0.0,4.0,26.0,12.0,3.0,11.0
경기도,의정부시,용현동,가능(건설중),E812,2026.0,0.0,0.0,0.0,0.0,0.0,55.2,55.2,0.0,경기도,의정부시,용현동,E812,2026.0,0.0,0.0,0.0,0.0,0.0,120.0,120.0,0.0,경기도,의정부시,용현동,E812,2026.0,0.0,0.0,0.0,0.0,0.0,0.0,0.0,0.0,0.0,,,,,,,,,,,
서울특별시,송파구,오금동,가락,S206,2026.0,0.6,0.6,0.6,0.6,0.6,0.6,0.6,0.6,서울특별시,송파구,가락동,S206,2026.0,0.0,0.0,0.0,0.0,0.0,0.0,0.0,0.0,경기도,하남시,감이동,S206,2026.0,525.0,525.0,640.0,640.0,640.0,645.0,645.0,525.0,0.0,경기도,하남시,S206,7.0,7.0,0.0,0.0,28.0,24.0,0.0,4.0
서울특별시,송파구,오금동,가락,S206,2026.0,0.6,0.6,0.6,0.6,0.6,0.6,0.6,0.6,서울특별시,송파구,가락동,S206,2026.0,0.0,0.0,0.0,0.0,0.0,0.0,0.0,0.0,경기도,하남시,감이동,S206,2026.0,525.0,525.0,640.0,640.0,640.0,645.0,645.0,525.0,0.0,서울특별시,송파구,S206,7.0,7.0,0.0,0.0,28.0,24.0,0.0,4.0
서울특별시,송파구,오금동,가락,S206,2026.0,0.6,0.6,0.6,0.6,0.6,0.6,0.6,0.6,서울특별시,송파구,가락동,S206,2026.0,0.0,0.0,0.0,0.0,0.0,0.0,0.0,0.0,서울특별시,송파구,가락동,S206,2026.0,525.0,525.0,640.0,640.0,640.0,645.0,645.0,525.0,0.0,경기도,하남시,S206,7.0,7.0,0.0,0.0,28.0,24.0,0.0,4.0
서울특별시,송파구,오금동,가락,S206,2026.0,0.6,0.6,0.6,0.6,0.6,0.6,0.6,0.6,서울특별시,송파구,가락동,S206,2026.0,0.0,0.0,0.0,0.0,0.0,0.0,0.0,0.0,서울특별시,송파구,가락동,S206,2026.0,525.0,525.0,640.0,640.0,640.0,645.0,645.0,525.0,0.0,서울특별시,송파구,S206,7.0,7.0,0.0,0.0,28.0,24.0,0.0,4.0
서울특별시,송파구,오금동,가락,S206,2026.0,0.6,0.6,0.6,0.6,0.6,0.6,0.6,0.6,경기도,하남시,감이동,S206,2026.0,0.0,0.0,0.0,0.0,0.0,0.0,0.0,0.0,경기도,하남시,감이동,S206,2026.0,525.0,525.0,640.0,640.0,640.0,645.0,645.0,525.0,0.0,경기도,하남시,S206,7.0,7.0,0.0,0.0,28.0,24.0,0.0,4.0
서울특별시,송파구,오금동,가락,S206,2026.0,0.6,0.6,0.6,0.6,0.6,0.6,0.6,0.6,경기도,하남시,감이동,S206,2026.0,0.0,0.0,0.0,0.0,0.0,0.0,0.0,0.0,경기도,하남시,감이동,S206,2026.0,525.0,525.0,640.0,640.0,640.0,645.0,645.0,525.0,0.0,서울특별시,송파구,S206,7.0,7.0,0.0,0.0,28.0,24.0,0.0,4.0
서울특별시,송파구,오금동,가락,S206,2026.0,0.6,0.6,0.6,0.6,0.6,0.6,0.6,0.6,경기도,하남시,감이동,S206,2026.0,0.0,0.0,0.0,0.0,0.0,0.0,0.0,0.0,서울특별시,송파구,가락동,S206,2026.0,525.0,525.0,640.0,640.0,640.0,645.0,645.0,525.0,0.0,경기도,하남시,S206,7.0,7.0,0.0,0.0,28.0,24.0,0.0,4.0
서울특별시,송파구,오금동,가락,S206,2026.0,0.6,0.6,0.6,0.6,0.6,0.6,0.6,0.6,경기도,하남시,감이동,S206,2026.0,0.0,0.0,0.0,0.0,0.0,0.0,0.0,0.0,서울특별시,송파구,가락동,S206,2026.0,525.0,525.0,640.0,640.0,640.0,645.0,645.0,525.0,0.0,서울특별시,송파구,S206,7.0,7.0,0.0,0.0,28.0,24.0,0.0,4.0
경기도,하남시,감이동,가락,S206,2026.0,0.6,0.6,0.6,0.6,0.6,0.6,0.6,0.6,서울특별시,송파구,가락동,S206,2026.0,0.0,0.0,0.0,0.0,0.0,0.0,0.0,0.0,경기도,하남시,감이동,S206,2026.0,525.0,525.0,640.0,640.0,640.0,645.0,645.0,525.0,0.0,경기도,하남시,S206,7.0,7.0,0.0,0.0,28.0,24.0,0.0,4.0
경기도,하남시,감이동,가락,S206,2026.0,0.6,0.6,0.6,0.6,0.6,0.6,0.6,0.6,서울특별시,송파구,가락동,S206,2026.0,0.0,0.0,0.0,0.0,0.0,0.0,0.0,0.0,경기도,하남시,감이동,S206,2026.0,525.0,525.0,640.0,640.0,640.0,645.0,645.0,525.0,0.0,서울특별시,송파구,S206,7.0,7.0,0.0,0.0,28.0,24.0,0.0,4.0
경기도,하남시,감이동,가락,S206,2026.0,0.6,0.6,0.6,0.6,0.6,0.6,0.6,0.6,서울특별시,송파구,가락동,S206,2026.0,0.0,0.0,0.0,0.0,0.0,0.0,0.0,0.0,서울특별시,송파구,가락동,S206,2026.0,525.0,525.0,640.0,640.0,640.0,645.0,645.0,525.0,0.0,경기도,하남시,S206,7.0,7.0,0.0,0.0,28.0,24.0,0.0,4.0
경기도,하남시,감이동,가락,S206,2026.0,0.6,0.6,0.6,0.6,0.6,0.6,0.6,0.6,서울특별시,송파구,가락동,S206,2026.0,0.0,0.0,0.0,0.0,0.0,0.0,0.0,0.0,서울특별시,송파구,가락동,S206,2026.0,525.0,525.0,640.0,640.0,640.0,645.0,645.0,525.0,0.0,서울특별시,송파구,S206,7.0,7.0,0.0,0.0,28.0,24.0,0.0,4.0
경기도,하남시,감이동,가락,S206,2026.0,0.6,0.6,0.6,0.6,0.6,0.6,0.6,0.6,경기도,하남시,감이동,S206,2026.0,0.0,0.0,0.0,0.0,0.0,0.0,0.0,0.0,경기도,하남시,감이동,S206,2026.0,525.0,525.0,640.0,640.0,640.0,645.0,645.0,525.0,0.0,경기도,하남시,S206,7.0,7.0,0.0,0.0,28.0,24.0,0.0,4.0
경기도,하남시,감이동,가락,S206,2026.0,0.6,0.6,0.6,0.6,0.6,0.6,0.6,0.6,경기도,하남시,감이동,S206,2026.0,0.0,0.0,0.0,0.0,0.0,0.0,0.0,0.0,경기도,하남시,감이동,S206,2026.0,525.0,525.0,640.0,640.0,640.0,645.0,645.0,525.0,0.0,서울특별시,송파구,S206,7.0,7.0,0.0,0.0,28.0,24.0,0.0,4.0
경기도,하남시,감이동,가락,S206,2026.0,0.6,0.6,0.6,0.6,0.6,0.6,0.6,0.6,경기도,하남시,감이동,S206,2026.0,0.0,0.0,0.0,0.0,0.0,0.0,0.0,0.0,서울특별시,송파구,가락동,S206,2026.0,525.0,525.0,640.0,640.0,640.0,645.0,645.0,525.0,0.0,경기도,하남시,S206,7.0,7.0,0.0,0.0,28.0,24.0,0.0,4.0
경기도,하남시,감이동,가락,S206,2026.0,0.6,0.6,0.6,0.6,0.6,0.6,0.6,0.6,경기도,하남시,감이동,S206,2026.0,0.0,0.0,0.0,0.0,0.0,0.0,0.0,0.0,서울특별시,송파구,가락동,S206,2026.0,525.0,525.0,640.0,640.0,640.0,645.0,645.0,525.0,0.0,서울특별시,송파구,S206,7.0,7.0,0.0,0.0,28.0,24.0,0.0,4.0
서울특별시,금천구,가산동,가산,D437,2026.0,0.0,0.0,0.0,0.0,0.0,0.0,0.0,0.0,서울특별시,금천구,가산동,D437,2026.0,0.0,0.0,0.0,0.0,0.0,0.0,0.0,0.0,서울특별시,금천구,가산동,D437,2026.0,0.0,0.0,0.0,0.0,0.0,0.0,0.0,0.0,0.0,서울특별시,금천구,D437,0.0,0.0,0.0,0.0,18.0,14.0,4.0,0.0
대전광역시,서구,평촌동,가수원,S502,2026.0,0.0,0.0,0.0,0.0,0.0,0.0,0.0,0.0,대전광역시,서구,가수원동,S502,2026.0,0.0,0.0,0.0,0.0,0.0,0.0,0.0,0.0,대전광역시,서구,가수원동,S502,2026.0,0.0,0.0,0.0,0.0,0.0,0.0,0.0,0.0,0.0,대전광역시,서구,S502,8.0,5.0,0.0,3.0,27.0,24.0,0.0,3.0
경상남도,함안군,군북면,가야(SA),2552,2026.0,0.0,0.0,0.0,0.0,0.0,0.0,0.0,0.0,경상남도,함안군,군북면,2552,2026.0,0.0,0.0,0.0,0.0,0.0,0.0,0.0,0.0,경상남도,함안군,군북면,2552,2026.0,0.0,0.0,0.0,750.0,770.0,785.0,785.0,0.0,0.0,경상남도,함안군,2552,10.0,8.0,2.0,0.0,20.0,16.0,4.0,0.0
서울특별시,서울특별시강서구,마곡동,가양,2657,2026.0,0.0,0.0,0.0,0.0,0.0,0.0,0.0,0.0,서울특별시,마포구,가양동,2657,2026.0,0.0,0.0,0.0,0.0,0.0,0.0,0.0,0.0,서울특별시,마포구,가양동,2657,2026.0,0.0,0.0,0.0,0.0,0.0,0.0,0.0,0.0,0.0,서울특별시,강서구,2657,6.0,6.0,0.0,0.0,25.0,20.0,1.0,4.0
서울특별시,서울특별시강서구,마곡동,가양,2657,2026.0,0.0,0.0,0.0,0.0,0.0,0.0,0.0,0.0,서울특별시,마포구,가양동,2657,2026.0,0.0,0.0,0.0,0.0,0.0,0.0,0.0,0.0,서울특별시,마포구,가양동,2657,2026.0,0.0,0.0,0.0,0.0,0.0,0.0,0.0,0.0,0.0,서울특별시,마포구,2657,6.0,6.0,0.0,0.0,25.0,20.0,1.0,4.0
경기도,가평군,청평면,가평,2668,2026.0,0.0,0.0,0.0,0.0,0.0,0.0,47.4,0.0,경기도,가평군,가평읍,2668,2026.0,0.0,0.0,0.0,0.0,0.0,0.0,270.0,0.0,경기도,가평군,가평읍,2668,2026.0,0.0,0.0,370.0,370.0,435.0,470.0,470.0,0.0,0.0,경기도,가평군,2668,8.0,5.0,2.0,1.0,21.0,13.0,0.0,8.0
강원특별자치도,고성군,간성읍,간성,2699,2026.0,118.2,117.7,117.2,116.7,116.1,115.6,115.1,118.2,강원특별자치도,고성군,간성읍,2699,2026.0,0.0,0.0,0.0,0.0,0.0,0.0,0.0,0.0,강원특별자치도,고성군,간성읍,2699,2026.0,0.0,0.0,0.0,0.0,0.0,0.0,0.0,0.0,0.0,,,,,,,,,,,
인천광역시,부평구,부평동,갈산,D278,2026.0,0.0,0.0,0.0,0.0,0.0,0.0,0.0,0.0,인천광역시,부평구,부평동,D278,2026.0,0.0,0.0,0.0,0.0,0.0,0.0,0.0,0.0,경기도,부천시 원미구,원미동,D278,2026.0,0.0,0.0,0.0,0.0,0.0,0.0,0.0,0.0,0.0,경기도,부천시소사구,D278,11.0,7.0,4.0,0.0,8.0,8.0,0.0,0.0
인천광역시,부평구,부평동,갈산,D278,2026.0,0.0,0.0,0.0,0.0,0.0,0.0,0.0,0.0,인천광역시,부평구,부평동,D278,2026.0,0.0,0.0,0.0,0.0,0.0,0.0,0.0,0.0,경기도,부천시 원미구,원미동,D278,2026.0,0.0,0.0,0.0,0.0,0.0,0.0,0.0,0.0,0.0,경기도,부천시오정구,D278,11.0,7.0,4.0,0.0,8.0,8.0,0.0,0.0
인천광역시,부평구,부평동,갈산,D278,2026.0,0.0,0.0,0.0,0.0,0.0,0.0,0.0,0.0,인천광역시,부평구,부평동,D278,2026.0,0.0,0.0,0.0,0.0,0.0,0.0,0.0,0.0,경기도,부천시 원미구,원미동,D278,2026.0,0.0,0.0,0.0,0.0,0.0,0.0,0.0,0.0,0.0,경기도,부천시원미구,D278,11.0,7.0,4.0,0.0,8.0,8.0,0.0,0.0
인천광역시,부평구,부평동,갈산,D278,2026.0,0.0,0.0,0.0,0.0,0.0,0.0,0.0,0.0,인천광역시,부평구,부평동,D278,2026.0,0.0,0.0,0.0,0.0,0.0,0.0,0.0,0.0,경기도,부천시 원미구,원미동,D278,2026.0,0.0,0.0,0.0,0.0,0.0,0.0,0.0,0.0,0.0,인천광역시,부평구,D278,11.0,7.0,4.0,0.0,8.0,8.0,0.0,0.0
인천광역시,부평구,부평동,갈산,D278,2026.0,0.0,0.0,0.0,0.0,0.0,0.0,0.0,0.0,인천광역시,부평구,부평동,D278,2026.0,0.0,0.0,0.0,0.0,0.0,0.0,0.0,0.0,인천광역시,부평구,부평동,D278,2026.0,0.0,0.0,0.0,0.0,0.0,0.0,0.0,0.0,0.0,경기도,부천시소사구,D278,11.0,7.0,4.0,0.0,8.0,8.0,0.0,0.0
인천광역시,부평구,부평동,갈산,D278,2026.0,0.0,0.0,0.0,0.0,0.0,0.0,0.0,0.0,인천광역시,부평구,부평동,D278,2026.0,0.0,0.0,0.0,0.0,0.0,0.0,0.0,0.0,인천광역시,부평구,부평동,D278,2026.0,0.0,0.0,0.0,0.0,0.0,0.0,0.0,0.0,0.0,경기도,부천시오정구,D278,11.0,7.0,4.0,0.0,8.0,8.0,0.0,0.0
인천광역시,부평구,부평동,갈산,D278,2026.0,0.0,0.0,0.0,0.0,0.0,0.0,0.0,0.0,인천광역시,부평구,부평동,D278,2026.0,0.0,0.0,0.0,0.0,0.0,0.0,0.0,0.0,인천광역시,부평구,부평동,D278,2026.0,0.0,0.0,0.0,0.0,0.0,0.0,0.0,0.0,0.0,경기도,부천시원미구,D278,11.0,7.0,4.0,0.0,8.0,8.0,0.0,0.0
인천광역시,부평구,부평동,갈산,D278,2026.0,0.0,0.0,0.0,0.0,0.0,0.0,0.0,0.0,인천광역시,부평구,부평동,D278,2026.0,0.0,0.0,0.0,0.0,0.0,0.0,0.0,0.0,인천광역시,부평구,부평동,D278,2026.0,0.0,0.0,0.0,0.0,0.0,0.0,0.0,0.0,0.0,인천광역시,부평구,D278,11.0,7.0,4.0,0.0,8.0,8.0,0.0,0.0
인천광역시,부평구,부평동,갈산,D278,2026.0,0.0,0.0,0.0,0.0,0.0,0.0,0.0,0.0,경기도,부천시 원미구,원미동,D278,2026.0,0.0,0.0,0.0,0.0,0.0,0.0,0.0,0.0,경기도,부천시 원미구,원미동,D278,2026.0,0.0,0.0,0.0,0.0,0.0,0.0,0.0,0.0,0.0,경기도,부천시소사구,D278,11.0,7.0,4.0,0.0,8.0,8.0,0.0,0.0
인천광역시,부평구,부평동,갈산,D278,2026.0,0.0,0.0,0.0,0.0,0.0,0.0,0.0,0.0,경기도,부천시 원미구,원미동,D278,2026.0,0.0,0.0,0.0,0.0,0.0,0.0,0.0,0.0,경기도,부천시 원미구,원미동,D278,2026.0,0.0,0.0,0.0,0.0,0.0,0.0,0.0,0.0,0.0,경기도,부천시오정구,D278,11.0,7.0,4.0,0.0,8.0,8.0,0.0,0.0
인천광역시,부평구,부평동,갈산,D278,2026.0,0.0,0.0,0.0,0.0,0.0,0.0,0.0,0.0,경기도,부천시 원미구,원미동,D278,2026.0,0.0,0.0,0.0,0.0,0.0,0.0,0.0,0.0,경기도,부천시 원미구,원미동,D278,2026.0,0.0,0.0,0.0,0.0,0.0,0.0,0.0,0.0,0.0,경기도,부천시원미구,D278,11.0,7.0,4.0,0.0,8.0,8.0,0.0,0.0
인천광역시,부평구,부평동,갈산,D278,2026.0,0.0,0.0,0.0,0.0,0.0,0.0,0.0,0.0,경기도,부천시 원미구,원미동,D278,2026.0,0.0,0.0,0.0,0.0,0.0,0.0,0.0,0.0,경기도,부천시 원미구,원미동,D278,2026.0,0.0,0.0,0.0,0.0,0.0,0.0,0.0,0.0,0.0,인천광역시,부평구,D278,11.0,7.0,4.0,0.0,8.0,8.0,0.0,0.0
인천광역시,부평구,부평동,갈산,D278,2026.0,0.0,0.0,0.0,0.0,0.0,0.0,0.0,0.0,경기도,부천시 원미구,원미동,D278,2026.0,0.0,0.0,0.0,0.0,0.0,0.0,0.0,0.0,인천광역시,부평구,부평동,D278,2026.0,0.0,0.0,0.0,0.0,0.0,0.0,0.0,0.0,0.0,경기도,부천시소사구,D278,11.0,7.0,4.0,0.0,8.0,8.0,0.0,0.0
인천광역시,부평구,부평동,갈산,D278,2026.0,0.0,0.0,0.0,0.0,0.0,0.0,0.0,0.0,경기도,부천시 원미구,원미동,D278,2026.0,0.0,0.0,0.0,0.0,0.0,0.0,0.0,0.0,인천광역시,부평구,부평동,D278,2026.0,0.0,0.0,0.0,0.0,0.0,0.0,0.0,0.0,0.0,경기도,부천시오정구,D278,11.0,7.0,4.0,0.0,8.0,8.0,0.0,0.0
인천광역시,부평구,부평동,갈산,D278,2026.0,0.0,0.0,0.0,0.0,0.0,0.0,0.0,0.0,경기도,부천시 원미구,원미동,D278,2026.0,0.0,0.0,0.0,0.0,0.0,0.0,0.0,0.0,인천광역시,부평구,부평동,D278,2026.0,0.0,0.0,0.0,0.0,0.0,0.0,0.0,0.0,0.0,경기도,부천시원미구,D278,11.0,7.0,4.0,0.0,8.0,8.0,0.0,0.0
인천광역시,부평구,부평동,갈산,D278,2026.0,0.0,0.0,0.0,0.0,0.0,0.0,0.0,0.0,경기도,부천시 원미구,원미동,D278,2026.0,0.0,0.0,0.0,0.0,0.0,0.0,0.0,0.0,인천광역시,부평구,부평동,D278,2026.0,0.0,0.0,0.0,0.0,0.0,0.0,0.0,0.0,0.0,인천광역시,부평구,D278,11.0,7.0,4.0,0.0,8.0,8.0,0.0,0.0
경기도,,범박동,갈산,D278,2026.0,0.0,0.0,0.0,0.0,0.0,0.0,0.0,0.0,인천광역시,부평구,부평동,D278,2026.0,0.0,0.0,0.0,0.0,0.0,0.0,0.0,0.0,경기도,부천시 원미구,원미동,D278,2026.0,0.0,0.0,0.0,0.0,0.0,0.0,0.0,0.0,0.0,경기도,부천시소사구,D278,11.0,7.0,4.0,0.0,8.0,8.0,0.0,0.0
경기도,,범박동,갈산,D278,2026.0,0.0,0.0,0.0,0.0,0.0,0.0,0.0,0.0,인천광역시,부평구,부평동,D278,2026.0,0.0,0.0,0.0,0.0,0.0,0.0,0.0,0.0,경기도,부천시 원미구,원미동,D278,2026.0,0.0,0.0,0.0,0.0,0.0,0.0,0.0,0.0,0.0,경기도,부천시오정구,D278,11.0,7.0,4.0,0.0,8.0,8.0,0.0,0.0
경기도,,범박동,갈산,D278,2026.0,0.0,0.0,0.0,0.0,0.0,0.0,0.0,0.0,인천광역시,부평구,부평동,D278,2026.0,0.0,0.0,0.0,0.0,0.0,0.0,0.0,0.0,경기도,부천시 원미구,원미동,D278,2026.0,0.0,0.0,0.0,0.0,0.0,0.0,0.0,0.0,0.0,경기도,부천시원미구,D278,11.0,7.0,4.0,0.0,8.0,8.0,0.0,0.0
경기도,,범박동,갈산,D278,2026.0,0.0,0.0,0.0,0.0,0.0,0.0,0.0,0.0,인천광역시,부평구,부평동,D278,2026.0,0.0,0.0,0.0,0.0,0.0,0.0,0.0,0.0,경기도,부천시 원미구,원미동,D278,2026.0,0.0,0.0,0.0,0.0,0.0,0.0,0.0,0.0,0.0,인천광역시,부평구,D278,11.0,7.0,4.0,0.0,8.0,8.0,0.0,0.0
경기도,,범박동,갈산,D278,2026.0,0.0,0.0,0.0,0.0,0.0,0.0,0.0,0.0,인천광역시,부평구,부평동,D278,2026.0,0.0,0.0,0.0,0.0,0.0,0.0,0.0,0.0,인천광역시,부평구,부평동,D278,2026.0,0.0,0.0,0.0,0.0,0.0,0.0,0.0,0.0,0.0,경기도,부천시소사구,D278,11.0,7.0,4.0,0.0,8.0,8.0,0.0,0.0
경기도,,범박동,갈산,D278,2026.0,0.0,0.0,0.0,0.0,0.0,0.0,0.0,0.0,인천광역시,부평구,부평동,D278,2026.0,0.0,0.0,0.0,0.0,0.0,0.0,0.0,0.0,인천광역시,부평구,부평동,D278,2026.0,0.0,0.0,0.0,0.0,0.0,0.0,0.0,0.0,0.0,경기도,부천시오정구,D278,11.0,7.0,4.0,0.0,8.0,8.0,0.0,0.0
경기도,,범박동,갈산,D278,2026.0,0.0,0.0,0.0,0.0,0.0,0.0,0.0,0.0,인천광역시,부평구,부평동,D278,2026.0,0.0,0.0,0.0,0.0,0.0,0.0,0.0,0.0,인천광역시,부평구,부평동,D278,2026.0,0.0,0.0,0.0,0.0,0.0,0.0,0.0,0.0,0.0,경기도,부천시원미구,D278,11.0,7.0,4.0,0.0,8.0,8.0,0.0,0.0
경기도,,범박동,갈산,D278,2026.0,0.0,0.0,0.0,0.0,0.0,0.0,0.0,0.0,인천광역시,부평구,부평동,D278,2026.0,0.0,0.0,0.0,0.0,0.0,0.0,0.0,0.0,인천광역시,부평구,부평동,D278,2026.0,0.0,0.0,0.0,0.0,0.0,0.0,0.0,0.0,0.0,인천광역시,부평구,D278,11.0,7.0,4.0,0.0,8.0,8.0,0.0,0.0
경기도,,범박동,갈산,D278,2026.0,0.0,0.0,0.0,0.0,0.0,0.0,0.0,0.0,경기도,부천시 원미구,원미동,D278,2026.0,0.0,0.0,0.0,0.0,0.0,0.0,0.0,0.0,경기도,부천시 원미구,원미동,D278,2026.0,0.0,0.0,0.0,0.0,0.0,0.0,0.0,0.0,0.0,경기도,부천시소사구,D278,11.0,7.0,4.0,0.0,8.0,8.0,0.0,0.0
경기도,,범박동,갈산,D278,2026.0,0.0,0.0,0.0,0.0,0.0,0.0,0.0,0.0,경기도,부천시 원미구,원미동,D278,2026.0,0.0,0.0,0.0,0.0,0.0,0.0,0.0,0.0,경기도,부천시 원미구,원미동,D278,2026.0,0.0,0.0,0.0,0.0,0.0,0.0,0.0,0.0,0.0,경기도,부천시오정구,D278,11.0,7.0,4.0,0.0,8.0,8.0,0.0,0.0
경기도,,범박동,갈산,D278,2026.0,0.0,0.0,0.0,0.0,0.0,0.0,0.0,0.0,경기도,부천시 원미구,원미동,D278,2026.0,0.0,0.0,0.0,0.0,0.0,0.0,0.0,0.0,경기도,부천시 원미구,원미동,D278,2026.0,0.0,0.0,0.0,0.0,0.0,0.0,0.0,0.0,0.0,경기도,부천시원미구,D278,11.0,7.0,4.0,0.0,8.0,8.0,0.0,0.0
경기도,,범박동,갈산,D278,2026.0,0.0,0.0,0.0,0.0,0.0,0.0,0.0,0.0,경기도,부천시 원미구,원미동,D278,2026.0,0.0,0.0,0.0,0.0,0.0,0.0,0.0,0.0,경기도,부천시 원미구,원미동,D278,2026.0,0.0,0.0,0.0,0.0,0.0,0.0,0.0,0.0,0.0,인천광역시,부평구,D278,11.0,7.0,4.0,0.0,8.0,8.0,0.0,0.0
경기도,,범박동,갈산,D278,2026.0,0.0,0.0,0.0,0.0,0.0,0.0,0.0,0.0,경기도,부천시 원미구,원미동,D278,2026.0,0.0,0.0,0.0,0.0,0.0,0.0,0.0,0.0,인천광역시,부평구,부평동,D278,2026.0,0.0,0.0,0.0,0.0,0.0,0.0,0.0,0.0,0.0,경기도,부천시소사구,D278,11.0,7.0,4.0,0.0,8.0,8.0,0.0,0.0
경기도,,범박동,갈산,D278,2026.0,0.0,0.0,0.0,0.0,0.0,0.0,0.0,0.0,경기도,부천시 원미구,원미동,D278,2026.0,0.0,0.0,0.0,0.0,0.0,0.0,0.0,0.0,인천광역시,부평구,부평동,D278,2026.0,0.0,0.0,0.0,0.0,0.0,0.0,0.0,0.0,0.0,경기도,부천시오정구,D278,11.0,7.0,4.0,0.0,8.0,8.0,0.0,0.0
경기도,,범박동,갈산,D278,2026.0,0.0,0.0,0.0,0.0,0.0,0.0,0.0,0.0,경기도,부천시 원미구,원미동,D278,2026.0,0.0,0.0,0.0,0.0,0.0,0.0,0.0,0.0,인천광역시,부평구,부평동,D278,2026.0,0.0,0.0,0.0,0.0,0.0,0.0,0.0,0.0,0.0,경기도,부천시원미구,D278,11.0,7.0,4.0,0.0,8.0,8.0,0.0,0.0
경기도,,범박동,갈산,D278,2026.0,0.0,0.0,0.0,0.0,0.0,0.0,0.0,0.0,경기도,부천시 원미구,원미동,D278,2026.0,0.0,0.0,0.0,0.0,0.0,0.0,0.0,0.0,인천광역시,부평구,부평동,D278,2026.0,0.0,0.0,0.0,0.0,0.0,0.0,0.0,0.0,0.0,인천광역시,부평구,D278,11.0,7.0,4.0,0.0,8.0,8.0,0.0,0.0
충청북도,음성군,감곡면,감곡,2815,2026.0,0.0,0.0,0.0,0.0,0.0,0.0,0.0,0.0,충청북도,충주시,노은면,2815,2026.0,0.0,0.0,0.0,0.0,0.0,0.0,0.0,0.0,충청북도,음성군,감곡면,2815,2026.0,0.0,0.0,0.0,0.0,0.0,520.0,790.0,0.0,0.0,충청북도,음성군,2815,8.0,8.0,0.0,0.0,26.0,19.0,0.0,7.0
충청북도,음성군,감곡면,감곡,2815,2026.0,0.0,0.0,0.0,0.0,0.0,0.0,0.0,0.0,충청북도,충주시,노은면,2815,2026.0,0.0,0.0,0.0,0.0,0.0,0.0,0.0,0.0,충청북도,음성군,감곡면,2815,2026.0,0.0,0.0,0.0,0.0,0.0,520.0,790.0,0.0,0.0,충청북도,충주시,2815,8.0,8.0,0.0,0.0,26.0,19.0,0.0,7.0
서울특별시,송파구,신천동,강동,2654,2026.0,0.0,0.0,0.0,0.0,0.0,0.0,0.0,0.0,서울특별시,강동구,강일동,2654,2026.0,0.0,0.0,0.0,0.0,0.0,0.0,0.0,0.0,경기도,하남시,광암동,2654,2026.0,295.0,1070.0,1070.0,1070.0,1070.0,1070.0,1070.0,295.0,0.0,경기도,하남시,2654,9.0,8.0,0.0,1.0,35.0,34.0,0.0,1.0
서울특별시,송파구,신천동,강동,2654,2026.0,0.0,0.0,0.0,0.0,0.0,0.0,0.0,0.0,서울특별시,강동구,강일동,2654,2026.0,0.0,0.0,0.0,0.0,0.0,0.0,0.0,0.0,경기도,하남시,광암동,2654,2026.0,295.0,1070.0,1070.0,1070.0,1070.0,1070.0,1070.0,295.0,0.0,서울특별시,강동구,2654,9.0,8.0,0.0,1.0,35.0,34.0,0.0,1.0
서울특별시,송파구,신천동,강동,2654,2026.0,0.0,0.0,0.0,0.0,0.0,0.0,0.0,0.0,서울특별시,강동구,강일동,2654,2026.0,0.0,0.0,0.0,0.0,0.0,0.0,0.0,0.0,경기도,하남시,광암동,2654,2026.0,295.0,1070.0,1070.0,1070.0,1070.0,1070.0,1070.0,295.0,0.0,서울특별시,송파구,2654,9.0,8.0,0.0,1.0,35.0,34.0,0.0,1.0
서울특별시,송파구,신천동,강동,2654,2026.0,0.0,0.0,0.0,0.0,0.0,0.0,0.0,0.0,서울특별시,강동구,강일동,2654,2026.0,0.0,0.0,0.0,0.0,0.0,0.0,0.0,0.0,서울특별시,강동구,강일동,2654,2026.0,295.0,1070.0,1070.0,1070.0,1070.0,1070.0,1070.0,295.0,0.0,경기도,하남시,2654,9.0,8.0,0.0,1.0,35.0,34.0,0.0,1.0
서울특별시,송파구,신천동,강동,2654,2026.0,0.0,0.0,0.0,0.0,0.0,0.0,0.0,0.0,서울특별시,강동구,강일동,2654,2026.0,0.0,0.0,0.0,0.0,0.0,0.0,0.0,0.0,서울특별시,강동구,강일동,2654,2026.0,295.0,1070.0,1070.0,1070.0,1070.0,1070.0,1070.0,295.0,0.0,서울특별시,강동구,2654,9.0,8.0,0.0,1.0,35.0,34.0,0.0,1.0
서울특별시,송파구,신천동,강동,2654,2026.0,0.0,0.0,0.0,0.0,0.0,0.0,0.0,0.0,서울특별시,강동구,강일동,2654,2026.0,0.0,0.0,0.0,0.0,0.0,0.0,0.0,0.0,서울특별시,강동구,강일동,2654,2026.0,295.0,1070.0,1070.0,1070.0,1070.0,1070.0,1070.0,295.0,0.0,서울특별시,송파구,2654,9.0,8.0,0.0,1.0,35.0,34.0,0.0,1.0
서울특별시,송파구,신천동,강동,2654,2026.0,0.0,0.0,0.0,0.0,0.0,0.0,0.0,0.0,경기도,하남시,광암동,2654,2026.0,0.0,0.0,0.0,0.0,0.0,0.0,0.0,0.0,경기도,하남시,광암동,2654,2026.0,295.0,1070.0,1070.0,1070.0,1070.0,1070.0,1070.0,295.0,0.0,경기도,하남시,2654,9.0,8.0,0.0,1.0,35.0,34.0,0.0,1.0
서울특별시,송파구,신천동,강동,2654,2026.0,0.0,0.0,0.0,0.0,0.0,0.0,0.0,0.0,경기도,하남시,광암동,2654,2026.0,0.0,0.0,0.0,0.0,0.0,0.0,0.0,0.0,경기도,하남시,광암동,2654,2026.0,295.0,1070.0,1070.0,1070.0,1070.0,1070.0,1070.0,295.0,0.0,서울특별시,강동구,2654,9.0,8.0,0.0,1.0,35.0,34.0,0.0,1.0
서울특별시,송파구,신천동,강동,2654,2026.0,0.0,0.0,0.0,0.0,0.0,0.0,0.0,0.0,경기도,하남시,광암동,2654,2026.0,0.0,0.0,0.0,0.0,0.0,0.0,0.0,0.0,경기도,하남시,광암동,2654,2026.0,295.0,1070.0,1070.0,1070.0,1070.0,1070.0,1070.0,295.0,0.0,서울특별시,송파구,2654,9.0,8.0,0.0,1.0,35.0,34.0,0.0,1.0
서울특별시,송파구,신천동,강동,2654,2026.0,0.0,0.0,0.0,0.0,0.0,0.0,0.0,0.0,경기도,하남시,광암동,2654,2026.0,0.0,0.0,0.0,0.0,0.0,0.0,0.0,0.0,서울특별시,강동구,강일동,2654,2026.0,295.0,1070.0,1070.0,1070.0,1070.0,1070.0,1070.0,295.0,0.0,경기도,하남시,2654,9.0,8.0,0.0,1.0,35.0,34.0,0.0,1.0
서울특별시,송파구,신천동,강동,2654,2026.0,0.0,0.0,0.0,0.0,0.0,0.0,0.0,0.0,경기도,하남시,광암동,2654,2026.0,0.0,0.0,0.0,0.0,0.0,0.0,0.0,0.0,서울특별시,강동구,강일동,2654,2026.0,295.0,1070.0,1070.0,1070.0,1070.0,1070.0,1070.0,295.0,0.0,서울특별시,강동구,2654,9.0,8.0,0.0,1.0,35.0,34.0,0.0,1.0
서울특별시,송파구,신천동,강동,2654,2026.0,0.0,0.0,0.0,0.0,0.0,0.0,0.0,0.0,경기도,하남시,광암동,2654,2026.0,0.0,0.0,0.0,0.0,0.0,0.0,0.0,0.0,서울특별시,강동구,강일동,2654,2026.0,295.0,1070.0,1070.0,1070.0,1070.0,1070.0,1070.0,295.0,0.0,서울특별시,송파구,2654,9.0,8.0,0.0,1.0,35.0,34.0,0.0,1.0
경기도,하남시,초이동,강동,2654,2026.0,0.0,0.0,0.0,0.0,0.0,0.0,0.0,0.0,서울특별시,강동구,강일동,2654,2026.0,0.0,0.0,0.0,0.0,0.0,0.0,0.0,0.0,경기도,하남시,광암동,2654,2026.0,295.0,1070.0,1070.0,1070.0,1070.0,1070.0,1070.0,295.0,0.0,경기도,하남시,2654,9.0,8.0,0.0,1.0,35.0,34.0,0.0,1.0
경기도,하남시,초이동,강동,2654,2026.0,0.0,0.0,0.0,0.0,0.0,0.0,0.0,0.0,서울특별시,강동구,강일동,2654,2026.0,0.0,0.0,0.0,0.0,0.0,0.0,0.0,0.0,경기도,하남시,광암동,2654,2026.0,295.0,1070.0,1070.0,1070.0,1070.0,1070.0,1070.0,295.0,0.0,서울특별시,강동구,2654,9.0,8.0,0.0,1.0,35.0,34.0,0.0,1.0
경기도,하남시,초이동,강동,2654,2026.0,0.0,0.0,0.0,0.0,0.0,0.0,0.0,0.0,서울특별시,강동구,강일동,2654,2026.0,0.0,0.0,0.0,0.0,0.0,0.0,0.0,0.0,경기도,하남시,광암동,2654,2026.0,295.0,1070.0,1070.0,1070.0,1070.0,1070.0,1070.0,295.0,0.0,서울특별시,송파구,2654,9.0,8.0,0.0,1.0,35.0,34.0,0.0,1.0
경기도,하남시,초이동,강동,2654,2026.0,0.0,0.0,0.0,0.0,0.0,0.0,0.0,0.0,서울특별시,강동구,강일동,2654,2026.0,0.0,0.0,0.0,0.0,0.0,0.0,0.0,0.0,서울특별시,강동구,강일동,2654,2026.0,295.0,1070.0,1070.0,1070.0,1070.0,1070.0,1070.0,295.0,0.0,경기도,하남시,2654,9.0,8.0,0.0,1.0,35.0,34.0,0.0,1.0
경기도,하남시,초이동,강동,2654,2026.0,0.0,0.0,0.0,0.0,0.0,0.0,0.0,0.0,서울특별시,강동구,강일동,2654,2026.0,0.0,0.0,0.0,0.0,0.0,0.0,0.0,0.0,서울특별시,강동구,강일동,2654,2026.0,295.0,1070.0,1070.0,1070.0,1070.0,1070.0,1070.0,295.0,0.0,서울특별시,강동구,2654,9.0,8.0,0.0,1.0,35.0,34.0,0.0,1.0
경기도,하남시,초이동,강동,2654,2026.0,0.0,0.0,0.0,0.0,0.0,0.0,0.0,0.0,서울특별시,강동구,강일동,2654,2026.0,0.0,0.0,0.0,0.0,0.0,0.0,0.0,0.0,서울특별시,강동구,강일동,2654,2026.0,295.0,1070.0,1070.0,1070.0,1070.0,1070.0,1070.0,295.0,0.0,서울특별시,송파구,2654,9.0,8.0,0.0,1.0,35.0,34.0,0.0,1.0
경기도,하남시,초이동,강동,2654,2026.0,0.0,0.0,0.0,0.0,0.0,0.0,0.0,0.0,경기도,하남시,광암동,2654,2026.0,0.0,0.0,0.0,0.0,0.0,0.0,0.0,0.0,경기도,하남시,광암동,2654,2026.0,295.0,1070.0,1070.0,1070.0,1070.0,1070.0,1070.0,295.0,0.0,경기도,하남시,2654,9.0,8.0,0.0,1.0,35.0,34.0,0.0,1.0
경기도,하남시,초이동,강동,2654,2026.0,0.0,0.0,0.0,0.0,0.0,0.0,0.0,0.0,경기도,하남시,광암동,2654,2026.0,0.0,0.0,0.0,0.0,0.0,0.0,0.0,0.0,경기도,하남시,광암동,2654,2026.0,295.0,1070.0,1070.0,1070.0,1070.0,1070.0,1070.0,295.0,0.0,서울특별시,강동구,2654,9.0,8.0,0.0,1.0,35.0,34.0,0.0,1.0
경기도,하남시,초이동,강동,2654,2026.0,0.0,0.0,0.0,0.0,0.0,0.0,0.0,0.0,경기도,하남시,광암동,2654,2026.0,0.0,0.0,0.0,0.0,0.0,0.0,0.0,0.0,경기도,하남시,광암동,2654,2026.0,295.0,1070.0,1070.0,1070.0,1070.0,1070.0,1070.0,295.0,0.0,서울특별시,송파구,2654,9.0,8.0,0.0,1.0,35.0,34.0,0.0,1.0
경기도,하남시,초이동,강동,2654,2026.0,0.0,0.0,0.0,0.0,0.0,0.0,0.0,0.0,경기도,하남시,광암동,2654,2026.0,0.0,0.0,0.0,0.0,0.0,0.0,0.0,0.0,서울특별시,강동구,강일동,2654,2026.0,295.0,1070.0,1070.0,1070.0,1070.0,1070.0,1070.0,295.0,0.0,경기도,하남시,2654,9.0,8.0,0.0,1.0,35.0,34.0,0.0,1.0
경기도,하남시,초이동,강동,2654,2026.0,0.0,0.0,0.0,0.0,0.0,0.0,0.0,0.0,경기도,하남시,광암동,2654,2026.0,0.0,0.0,0.0,0.0,0.0,0.0,0.0,0.0,서울특별시,강동구,강일동,2654,2026.0,295.0,1070.0,1070.0,1070.0,1070.0,1070.0,1070.0,295.0,0.0,서울특별시,강동구,2654,9.0,8.0,0.0,1.0,35.0,34.0,0.0,1.0
경기도,하남시,초이동,강동,2654,2026.0,0.0,0.0,0.0,0.0,0.0,0.0,0.0,0.0,경기도,하남시,광암동,2654,2026.0,0.0,0.0,0.0,0.0,0.0,0.0,0.0,0.0,서울특별시,강동구,강일동,2654,2026.0,295.0,1070.0,1070.0,1070.0,1070.0,1070.0,1070.0,295.0,0.0,서울특별시,송파구,2654,9.0,8.0,0.0,1.0,35.0,34.0,0.0,1.0
강원특별자치도,강릉시,강문동,강릉,2785,2026.0,0.0,3.3,1.9,0.5,0.0,0.0,0.0,0.0,강원특별자치도,강릉시,강문동,2785,2026.0,495.0,480.0,300.0,395.0,580.0,570.0,515.0,495.0,강원특별자치도,강릉시,강문동,2785,2026.0,0.0,0.0,0.0,0.0,305.0,1075.0,1075.0,0.0,0.0,,,,,,,,,,,
,,,강진SA,,,,,,,,,,,,,,,,,,,,,,,,,,,,,,,,,,,,,,전남광주통합특별시,강진군,E212,12.0,9.0,3.0,0.0,27.0,20.0,0.0,7.0
대구광역시,달서구,파호동,강창,S706,2026.0,0.0,0.0,0.0,0.0,0.0,0.0,0.0,0.0,대구광역시,달서구,호산동,S706,2026.0,0.0,0.0,0.0,0.0,0.0,0.0,0.0,0.0,대구광역시,달서구,호산동,S706,2026.0,0.0,0.0,0.0,0.0,0.0,0.0,0.0,0.0,0.0,대구광역시,달서구,S706,8.0,8.0,0.0,0.0,31.0,31.0,0.0,0.0
인천광역시,강화군,강화읍,강화,S322,2026.0,0.0,0.0,0.0,0.0,0.0,0.0,0.0,0.0,인천광역시,강화군,강화읍,S322,2026.0,0.0,0.0,0.0,0.0,0.0,0.0,0.0,0.0,인천광역시,강화군,강화읍,S322,2026.0,375.0,375.0,670.0,670.0,675.0,675.0,675.0,375.0,0.0,인천광역시,강화군,S322,6.0,4.0,2.0,0.0,20.0,18.0,0.0,2.0
부산광역시,사상구,주례동,개금,2806,2026.0,60.5,0.0,0.0,0.0,0.0,0.0,0.0,60.5,부산광역시,부산진구,가야동,2806,2026.0,185.0,0.0,0.0,0.0,0.0,0.0,0.0,185.0,부산광역시,부산진구,가야동,2806,2026.0,0.0,0.0,0.0,0.0,0.0,475.0,475.0,0.0,0.0,부산광역시,부산진구,2806,8.0,6.0,1.0,1.0,19.0,15.0,0.0,4.0
부산광역시,사상구,주례동,개금,2806,2026.0,60.5,0.0,0.0,0.0,0.0,0.0,0.0,60.5,부산광역시,부산진구,가야동,2806,2026.0,185.0,0.0,0.0,0.0,0.0,0.0,0.0,185.0,부산광역시,부산진구,가야동,2806,2026.0,0.0,0.0,0.0,0.0,0.0,475.0,475.0,0.0,0.0,부산광역시,사상구,2806,8.0,6.0,1.0,1.0,19.0,15.0,0.0,4.0
경상남도,진주시,정촌면,개양(SA),2991,2026.0,0.0,0.0,0.0,0.0,0.0,0.0,0.0,0.0,경상남도,진주시,정촌면,2991,2026.0,0.0,0.0,0.0,80.0,0.0,85.0,90.0,0.0,경상남도,진주시,정촌면,2991,2026.0,0.0,0.0,0.0,0.0,0.0,0.0,595.0,0.0,0.0,경상남도,진주시,2991,12.0,9.0,0.0,3.0,31.0,28.0,0.0,3.0
서울특별시,서초구,양재동,개포,2656,2026.0,0.0,0.0,0.0,0.0,0.0,0.0,14.8,0.0,서울특별시,서초구,양재동,2656,2026.0,0.0,0.0,0.0,0.0,0.0,0.0,350.0,0.0,서울특별시,서초구,양재동,2656,2026.0,600.0,615.0,620.0,630.0,705.0,705.0,790.0,600.0,0.0,서울특별시,서초구,2656,8.0,7.0,0.0,1.0,30.0,26.0,0.0,4.0
경상남도,거제시,사등면,거제,2413,2026.0,0.0,0.0,0.0,0.0,0.0,0.0,0.0,0.0,경상남도,거제시,사등면,2413,2026.0,0.0,0.0,0.0,0.0,0.0,0.0,0.0,0.0,경상남도,거제시,사등면,2413,2026.0,0.0,0.0,0.0,0.0,0.0,0.0,315.0,0.0,0.0,경상남도,거제시,2413,12.0,10.0,0.0,2.0,31.0,27.0,0.0,4.0
경상남도,거창군,가북면,거창,2798,2026.0,84.2,82.4,80.6,78.8,77.0,75.3,72.0,84.2,경상남도,거창군,가북면,2798,2026.0,0.0,0.0,0.0,0.0,0.0,0.0,0.0,0.0,경상남도,거창군,가북면,2798,2026.0,0.0,0.0,110.0,110.0,110.0,115.0,265.0,0.0,0.0,경상남도,거창군,2798,8.0,4.0,0.0,4.0,20.0,19.0,0.0,1.0
경상북도,경주시,건천읍,건천,D383,2026.0,91.2,87.7,86.5,83.3,82.1,80.9,79.7,91.2,경상북도,경주시,건천읍,D383,2026.0,325.0,320.0,325.0,325.0,335.0,335.0,335.0,325.0,경상북도,경주시,건천읍,D383,2026.0,510.0,510.0,510.0,510.0,510.0,510.0,510.0,510.0,0.0,경상북도,경주시,D383,12.0,7.0,0.0,5.0,18.0,11.0,2.0,5.0
경기도,김포시,걸포동,걸포(건설중),E568,2026.0,0.0,0.0,0.0,0.0,0.0,0.0,0.0,0.0,경기도,김포시,감정동,E568,2026.0,0.0,0.0,0.0,0.0,0.0,0.0,430.0,0.0,경기도,김포시,감정동,E568,2026.0,0.0,0.0,0.0,550.0,555.0,590.0,595.0,0.0,0.0,,,,,,,,,,,
대구광역시,북구,서변동,검단,5295,2026.0,0.0,70.0,100.0,95.0,65.0,45.0,25.0,0.0,대구광역시,북구,검단동,5295,2026.0,0.0,70.0,100.0,95.0,65.0,45.0,25.0,0.0,대구광역시,북구,검단동,5295,2026.0,370.0,370.0,555.0,575.0,575.0,575.0,575.0,370.0,0.0,대구광역시,북구,5295,8.0,4.0,0.0,4.0,20.0,15.0,0.0,5.0
인천광역시,서해구,검암동,검암(건설중),E806,2026.0,0.0,0.0,0.0,0.0,0.0,0.0,0.0,0.0,인천광역시,서해구,검암동,E806,2026.0,0.0,0.0,0.0,0.0,0.0,0.0,0.0,0.0,인천광역시,서해구,검암동,E806,2026.0,0.0,0.0,0.0,960.0,960.0,960.0,960.0,0.0,0.0,,,,,,,,,,,
경상북도,경산시,금강동,경산,D994,2026.0,105.3,96.5,90.7,85.0,78.3,68.8,59.3,105.3,경상북도,경산시,금강동,D994,2026.0,340.0,125.0,550.0,540.0,505.0,470.0,375.0,340.0,경상북도,경산시,금강동,D994,2026.0,975.0,980.0,980.0,985.0,990.0,995.0,1005.0,975.0,0.0,경상북도,경산시,D994,8.0,5.0,0.0,3.0,14.0,10.0,1.0,3.0
인천광역시,서구,검암동,경서,2599,2026.0,0.0,0.0,0.0,0.0,0.0,0.0,0.0,0.0,인천광역시,서구,검암동,2599,2026.0,0.0,0.0,0.0,0.0,0.0,0.0,0.0,0.0,인천광역시,서구,검암동,2599,2026.0,0.0,0.0,0.0,0.0,0.0,0.0,0.0,0.0,0.0,,,,,,,,,,,
,,,경주(SA),,,,,,,,,,,,,,,,,,,,,,,,,,,,,,,,,,,,,,경상북도,경주시,E454,8.0,3.0,0.0,5.0,28.0,26.0,0.0,2.0
전남광주통합특별시,전남광주통합특별시북구,각화동,계림,5056,2026.0,0.0,0.0,0.0,0.0,3.8,1.5,0.0,0.0,전남광주통합특별시,동구,계림동,5056,2026.0,0.0,0.0,0.0,0.0,0.0,0.0,0.0,0.0,전남광주통합특별시,동구,계림동,5056,2026.0,0.0,0.0,0.0,0.0,0.0,0.0,0.0,0.0,93.15,전남광주통합특별시,담양군,5056,15.0,11.0,4.0,0.0,26.0,22.0,0.0,4.0
전남광주통합특별시,전남광주통합특별시북구,각화동,계림,5056,2026.0,0.0,0.0,0.0,0.0,3.8,1.5,0.0,0.0,전남광주통합특별시,동구,계림동,5056,2026.0,0.0,0.0,0.0,0.0,0.0,0.0,0.0,0.0,전남광주통합특별시,동구,계림동,5056,2026.0,0.0,0.0,0.0,0.0,0.0,0.0,0.0,0.0,93.15,전남광주통합특별시,동구,5056,15.0,11.0,4.0,0.0,26.0,22.0,0.0,4.0
전남광주통합특별시,전남광주통합특별시북구,각화동,계림,5056,2026.0,0.0,0.0,0.0,0.0,3.8,1.5,0.0,0.0,전남광주통합특별시,동구,계림동,5056,2026.0,0.0,0.0,0.0,0.0,0.0,0.0,0.0,0.0,전남광주통합특별시,동구,계림동,5056,2026.0,0.0,0.0,0.0,0.0,0.0,0.0,0.0,0.0,93.15,전남광주통합특별시,북구,5056,15.0,11.0,4.0,0.0,26.0,22.0,0.0,4.0
인천광역시,계양구,둑실동,계양,S305,2026.0,0.0,0.0,0.0,0.0,0.0,0.0,0.0,0.0,인천광역시,계양구,둑실동,S305,2026.0,0.0,0.0,0.0,0.0,0.0,0.0,75.0,0.0,경기도,김포시,풍무동,S305,2026.0,160.0,340.0,340.0,340.0,340.0,340.0,340.0,160.0,0.0,경기도,김포시,S305,8.0,6.0,0.0,2.0,28.0,26.0,1.0,1.0
인천광역시,계양구,둑실동,계양,S305,2026.0,0.0,0.0,0.0,0.0,0.0,0.0,0.0,0.0,인천광역시,계양구,둑실동,S305,2026.0,0.0,0.0,0.0,0.0,0.0,0.0,75.0,0.0,경기도,김포시,풍무동,S305,2026.0,160.0,340.0,340.0,340.0,340.0,340.0,340.0,160.0,0.0,인천광역시,계양구,S305,8.0,6.0,0.0,2.0,28.0,26.0,1.0,1.0
인천광역시,계양구,둑실동,계양,S305,2026.0,0.0,0.0,0.0,0.0,0.0,0.0,0.0,0.0,인천광역시,계양구,둑실동,S305,2026.0,0.0,0.0,0.0,0.0,0.0,0.0,75.0,0.0,인천광역시,계양구,둑실동,S305,2026.0,160.0,340.0,340.0,340.0,340.0,340.0,340.0,160.0,0.0,경기도,김포시,S305,8.0,6.0,0.0,2.0,28.0,26.0,1.0,1.0
인천광역시,계양구,둑실동,계양,S305,2026.0,0.0,0.0,0.0,0.0,0.0,0.0,0.0,0.0,인천광역시,계양구,둑실동,S305,2026.0,0.0,0.0,0.0,0.0,0.0,0.0,75.0,0.0,인천광역시,계양구,둑실동,S305,2026.0,160.0,340.0,340.0,340.0,340.0,340.0,340.0,160.0,0.0,인천광역시,계양구,S305,8.0,6.0,0.0,2.0,28.0,26.0,1.0,1.0
인천광역시,계양구,둑실동,계양,S305,2026.0,0.0,0.0,0.0,0.0,0.0,0.0,0.0,0.0,경기도,김포시,풍무동,S305,2026.0,0.0,0.0,0.0,0.0,0.0,0.0,75.0,0.0,경기도,김포시,풍무동,S305,2026.0,160.0,340.0,340.0,340.0,340.0,340.0,340.0,160.0,0.0,경기도,김포시,S305,8.0,6.0,0.0,2.0,28.0,26.0,1.0,1.0
인천광역시,계양구,둑실동,계양,S305,2026.0,0.0,0.0,0.0,0.0,0.0,0.0,0.0,0.0,경기도,김포시,풍무동,S305,2026.0,0.0,0.0,0.0,0.0,0.0,0.0,75.0,0.0,경기도,김포시,풍무동,S305,2026.0,160.0,340.0,340.0,340.0,340.0,340.0,340.0,160.0,0.0,인천광역시,계양구,S305,8.0,6.0,0.0,2.0,28.0,26.0,1.0,1.0
인천광역시,계양구,둑실동,계양,S305,2026.0,0.0,0.0,0.0,0.0,0.0,0.0,0.0,0.0,경기도,김포시,풍무동,S305,2026.0,0.0,0.0,0.0,0.0,0.0,0.0,75.0,0.0,인천광역시,계양구,둑실동,S305,2026.0,160.0,340.0,340.0,340.0,340.0,340.0,340.0,160.0,0.0,경기도,김포시,S305,8.0,6.0,0.0,2.0,28.0,26.0,1.0,1.0
인천광역시,계양구,둑실동,계양,S305,2026.0,0.0,0.0,0.0,0.0,0.0,0.0,0.0,0.0,경기도,김포시,풍무동,S305,2026.0,0.0,0.0,0.0,0.0,0.0,0.0,75.0,0.0,인천광역시,계양구,둑실동,S305,2026.0,160.0,340.0,340.0,340.0,340.0,340.0,340.0,160.0,0.0,인천광역시,계양구,S305,8.0,6.0,0.0,2.0,28.0,26.0,1.0,1.0
경기도,김포시,풍무동,계양,S305,2026.0,0.0,0.0,0.0,0.0,0.0,0.0,0.0,0.0,인천광역시,계양구,둑실동,S305,2026.0,0.0,0.0,0.0,0.0,0.0,0.0,75.0,0.0,경기도,김포시,풍무동,S305,2026.0,160.0,340.0,340.0,340.0,340.0,340.0,340.0,160.0,0.0,경기도,김포시,S305,8.0,6.0,0.0,2.0,28.0,26.0,1.0,1.0
경기도,김포시,풍무동,계양,S305,2026.0,0.0,0.0,0.0,0.0,0.0,0.0,0.0,0.0,인천광역시,계양구,둑실동,S305,2026.0,0.0,0.0,0.0,0.0,0.0,0.0,75.0,0.0,경기도,김포시,풍무동,S305,2026.0,160.0,340.0,340.0,340.0,340.0,340.0,340.0,160.0,0.0,인천광역시,계양구,S305,8.0,6.0,0.0,2.0,28.0,26.0,1.0,1.0
경기도,김포시,풍무동,계양,S305,2026.0,0.0,0.0,0.0,0.0,0.0,0.0,0.0,0.0,인천광역시,계양구,둑실동,S305,2026.0,0.0,0.0,0.0,0.0,0.0,0.0,75.0,0.0,인천광역시,계양구,둑실동,S305,2026.0,160.0,340.0,340.0,340.0,340.0,340.0,340.0,160.0,0.0,경기도,김포시,S305,8.0,6.0,0.0,2.0,28.0,26.0,1.0,1.0
경기도,김포시,풍무동,계양,S305,2026.0,0.0,0.0,0.0,0.0,0.0,0.0,0.0,0.0,인천광역시,계양구,둑실동,S305,2026.0,0.0,0.0,0.0,0.0,0.0,0.0,75.0,0.0,인천광역시,계양구,둑실동,S305,2026.0,160.0,340.0,340.0,340.0,340.0,340.0,340.0,160.0,0.0,인천광역시,계양구,S305,8.0,6.0,0.0,2.0,28.0,26.0,1.0,1.0
경기도,김포시,풍무동,계양,S305,2026.0,0.0,0.0,0.0,0.0,0.0,0.0,0.0,0.0,경기도,김포시,풍무동,S305,2026.0,0.0,0.0,0.0,0.0,0.0,0.0,75.0,0.0,경기도,김포시,풍무동,S305,2026.0,160.0,340.0,340.0,340.0,340.0,340.0,340.0,160.0,0.0,경기도,김포시,S305,8.0,6.0,0.0,2.0,28.0,26.0,1.0,1.0
경기도,김포시,풍무동,계양,S305,2026.0,0.0,0.0,0.0,0.0,0.0,0.0,0.0,0.0,경기도,김포시,풍무동,S305,2026.0,0.0,0.0,0.0,0.0,0.0,0.0,75.0,0.0,경기도,김포시,풍무동,S305,2026.0,160.0,340.0,340.0,340.0,340.0,340.0,340.0,160.0,0.0,인천광역시,계양구,S305,8.0,6.0,0.0,2.0,28.0,26.0,1.0,1.0
경기도,김포시,풍무동,계양,S305,2026.0,0.0,0.0,0.0,0.0,0.0,0.0,0.0,0.0,경기도,김포시,풍무동,S305,2026.0,0.0,0.0,0.0,0.0,0.0,0.0,75.0,0.0,인천광역시,계양구,둑실동,S305,2026.0,160.0,340.0,340.0,340.0,340.0,340.0,340.0,160.0,0.0,경기도,김포시,S305,8.0,6.0,0.0,2.0,28.0,26.0,1.0,1.0
경기도,김포시,풍무동,계양,S305,2026.0,0.0,0.0,0.0,0.0,0.0,0.0,0.0,0.0,경기도,김포시,풍무동,S305,2026.0,0.0,0.0,0.0,0.0,0.0,0.0,75.0,0.0,인천광역시,계양구,둑실동,S305,2026.0,160.0,340.0,340.0,340.0,340.0,340.0,340.0,160.0,0.0,인천광역시,계양구,S305,8.0,6.0,0.0,2.0,28.0,26.0,1.0,1.0
경기도,,원종동,고강,SB07,2026.0,0.0,0.0,0.0,0.0,0.0,0.0,0.0,0.0,경기도,,고강동,SB07,2026.0,0.0,0.0,0.0,0.0,0.0,0.0,0.0,0.0,경기도,,고강동,SB07,2026.0,765.0,825.0,825.0,825.0,825.0,845.0,875.0,765.0,0.0,경기도,부천시,SB07,8.0,5.0,3.0,0.0,21.0,16.0,0.0,5.0
경상북도,영천시,고경면,고경(건설중),E595,2026.0,0.0,73.6,73.6,73.6,73.6,73.6,73.6,0.0,경상북도,영천시,고경면,E595,2026.0,305.0,295.0,295.0,305.0,295.0,285.0,275.0,305.0,경상북도,영천시,고경면,E595,2026.0,500.0,505.0,505.0,505.0,510.0,510.0,515.0,500.0,0.0,,,,,,,,,,,
,,,고덕,,,,,,,,,,,,,,,,,,,,,,,,경기도,평택시,고덕면,D279,2026.0,980.0,980.0,980.0,980.0,1005.0,1005.0,1015.0,980.0,0.0,경기도,평택시,D279,15.0,11.0,0.0,4.0,0.0,0.0,0.0,0.0
대구광역시,달성군,구지면,고령,S709,2026.0,0.0,0.0,0.0,0.0,0.0,0.0,0.0,0.0,대구광역시,달서구,파호동,S709,2026.0,0.0,0.0,0.0,0.0,0.0,0.0,0.0,0.0,경상북도,고령군,우곡면,S709,2026.0,970.0,990.0,1300.0,1300.0,1300.0,1300.0,1325.0,970.0,0.0,경상북도,고령군,S709,18.0,13.0,4.0,1.0,10.0,9.0,0.0,1.0
대구광역시,달성군,구지면,고령,S709,2026.0,0.0,0.0,0.0,0.0,0.0,0.0,0.0,0.0,대구광역시,달서구,파호동,S709,2026.0,0.0,0.0,0.0,0.0,0.0,0.0,0.0,0.0,경상북도,고령군,우곡면,S709,2026.0,970.0,990.0,1300.0,1300.0,1300.0,1300.0,1325.0,970.0,0.0,대구광역시,달서구,S709,18.0,13.0,4.0,1.0,10.0,9.0,0.0,1.0
대구광역시,달성군,구지면,고령,S709,2026.0,0.0,0.0,0.0,0.0,0.0,0.0,0.0,0.0,대구광역시,달서구,파호동,S709,2026.0,0.0,0.0,0.0,0.0,0.0,0.0,0.0,0.0,경상북도,고령군,우곡면,S709,2026.0,970.0,990.0,1300.0,1300.0,1300.0,1300.0,1325.0,970.0,0.0,대구광역시,달성군,S709,18.0,13.0,4.0,1.0,10.0,9.0,0.0,1.0
대구광역시,달성군,구지면,고령,S709,2026.0,0.0,0.0,0.0,0.0,0.0,0.0,0.0,0.0,대구광역시,달서구,파호동,S709,2026.0,0.0,0.0,0.0,0.0,0.0,0.0,0.0,0.0,대구광역시,달서구,파호동,S709,2026.0,970.0,990.0,1300.0,1300.0,1300.0,1300.0,1325.0,970.0,0.0,경상북도,고령군,S709,18.0,13.0,4.0,1.0,10.0,9.0,0.0,1.0
대구광역시,달성군,구지면,고령,S709,2026.0,0.0,0.0,0.0,0.0,0.0,0.0,0.0,0.0,대구광역시,달서구,파호동,S709,2026.0,0.0,0.0,0.0,0.0,0.0,0.0,0.0,0.0,대구광역시,달서구,파호동,S709,2026.0,970.0,990.0,1300.0,1300.0,1300.0,1300.0,1325.0,970.0,0.0,대구광역시,달서구,S709,18.0,13.0,4.0,1.0,10.0,9.0,0.0,1.0
대구광역시,달성군,구지면,고령,S709,2026.0,0.0,0.0,0.0,0.0,0.0,0.0,0.0,0.0,대구광역시,달서구,파호동,S709,2026.0,0.0,0.0,0.0,0.0,0.0,0.0,0.0,0.0,대구광역시,달서구,파호동,S709,2026.0,970.0,990.0,1300.0,1300.0,1300.0,1300.0,1325.0,970.0,0.0,대구광역시,달성군,S709,18.0,13.0,4.0,1.0,10.0,9.0,0.0,1.0
대구광역시,달성군,구지면,고령,S709,2026.0,0.0,0.0,0.0,0.0,0.0,0.0,0.0,0.0,경상북도,고령군,우곡면,S709,2026.0,0.0,0.0,0.0,0.0,0.0,0.0,0.0,0.0,경상북도,고령군,우곡면,S709,2026.0,970.0,990.0,1300.0,1300.0,1300.0,1300.0,1325.0,970.0,0.0,경상북도,고령군,S709,18.0,13.0,4.0,1.0,10.0,9.0,0.0,1.0
대구광역시,달성군,구지면,고령,S709,2026.0,0.0,0.0,0.0,0.0,0.0,0.0,0.0,0.0,경상북도,고령군,우곡면,S709,2026.0,0.0,0.0,0.0,0.0,0.0,0.0,0.0,0.0,경상북도,고령군,우곡면,S709,2026.0,970.0,990.0,1300.0,1300.0,1300.0,1300.0,1325.0,970.0,0.0,대구광역시,달서구,S709,18.0,13.0,4.0,1.0,10.0,9.0,0.0,1.0
대구광역시,달성군,구지면,고령,S709,2026.0,0.0,0.0,0.0,0.0,0.0,0.0,0.0,0.0,경상북도,고령군,우곡면,S709,2026.0,0.0,0.0,0.0,0.0,0.0,0.0,0.0,0.0,경상북도,고령군,우곡면,S709,2026.0,970.0,990.0,1300.0,1300.0,1300.0,1300.0,1325.0,970.0,0.0,대구광역시,달성군,S709,18.0,13.0,4.0,1.0,10.0,9.0,0.0,1.0
대구광역시,달성군,구지면,고령,S709,2026.0,0.0,0.0,0.0,0.0,0.0,0.0,0.0,0.0,경상북도,고령군,우곡면,S709,2026.0,0.0,0.0,0.0,0.0,0.0,0.0,0.0,0.0,대구광역시,달서구,파호동,S709,2026.0,970.0,990.0,1300.0,1300.0,1300.0,1300.0,1325.0,970.0,0.0,경상북도,고령군,S709,18.0,13.0,4.0,1.0,10.0,9.0,0.0,1.0
대구광역시,달성군,구지면,고령,S709,2026.0,0.0,0.0,0.0,0.0,0.0,0.0,0.0,0.0,경상북도,고령군,우곡면,S709,2026.0,0.0,0.0,0.0,0.0,0.0,0.0,0.0,0.0,대구광역시,달서구,파호동,S709,2026.0,970.0,990.0,1300.0,1300.0,1300.0,1300.0,1325.0,970.0,0.0,대구광역시,달서구,S709,18.0,13.0,4.0,1.0,10.0,9.0,0.0,1.0
대구광역시,달성군,구지면,고령,S709,2026.0,0.0,0.0,0.0,0.0,0.0,0.0,0.0,0.0,경상북도,고령군,우곡면,S709,2026.0,0.0,0.0,0.0,0.0,0.0,0.0,0.0,0.0,대구광역시,달서구,파호동,S709,2026.0,970.0,990.0,1300.0,1300.0,1300.0,1300.0,1325.0,970.0,0.0,대구광역시,달성군,S709,18.0,13.0,4.0,1.0,10.0,9.0,0.0,1.0
경상북도,고령군,우곡면,고령,S709,2026.0,0.0,0.0,0.0,0.0,0.0,0.0,0.0,0.0,대구광역시,달서구,파호동,S709,2026.0,0.0,0.0,0.0,0.0,0.0,0.0,0.0,0.0,경상북도,고령군,우곡면,S709,2026.0,970.0,990.0,1300.0,1300.0,1300.0,1300.0,1325.0,970.0,0.0,경상북도,고령군,S709,18.0,13.0,4.0,1.0,10.0,9.0,0.0,1.0
경상북도,고령군,우곡면,고령,S709,2026.0,0.0,0.0,0.0,0.0,0.0,0.0,0.0,0.0,대구광역시,달서구,파호동,S709,2026.0,0.0,0.0,0.0,0.0,0.0,0.0,0.0,0.0,경상북도,고령군,우곡면,S709,2026.0,970.0,990.0,1300.0,1300.0,1300.0,1300.0,1325.0,970.0,0.0,대구광역시,달서구,S709,18.0,13.0,4.0,1.0,10.0,9.0,0.0,1.0
경상북도,고령군,우곡면,고령,S709,2026.0,0.0,0.0,0.0,0.0,0.0,0.0,0.0,0.0,대구광역시,달서구,파호동,S709,2026.0,0.0,0.0,0.0,0.0,0.0,0.0,0.0,0.0,경상북도,고령군,우곡면,S709,2026.0,970.0,990.0,1300.0,1300.0,1300.0,1300.0,1325.0,970.0,0.0,대구광역시,달성군,S709,18.0,13.0,4.0,1.0,10.0,9.0,0.0,1.0
경상북도,고령군,우곡면,고령,S709,2026.0,0.0,0.0,0.0,0.0,0.0,0.0,0.0,0.0,대구광역시,달서구,파호동,S709,2026.0,0.0,0.0,0.0,0.0,0.0,0.0,0.0,0.0,대구광역시,달서구,파호동,S709,2026.0,970.0,990.0,1300.0,1300.0,1300.0,1300.0,1325.0,970.0,0.0,경상북도,고령군,S709,18.0,13.0,4.0,1.0,10.0,9.0,0.0,1.0
경상북도,고령군,우곡면,고령,S709,2026.0,0.0,0.0,0.0,0.0,0.0,0.0,0.0,0.0,대구광역시,달서구,파호동,S709,2026.0,0.0,0.0,0.0,0.0,0.0,0.0,0.0,0.0,대구광역시,달서구,파호동,S709,2026.0,970.0,990.0,1300.0,1300.0,1300.0,1300.0,1325.0,970.0,0.0,대구광역시,달서구,S709,18.0,13.0,4.0,1.0,10.0,9.0,0.0,1.0
경상북도,고령군,우곡면,고령,S709,2026.0,0.0,0.0,0.0,0.0,0.0,0.0,0.0,0.0,대구광역시,달서구,파호동,S709,2026.0,0.0,0.0,0.0,0.0,0.0,0.0,0.0,0.0,대구광역시,달서구,파호동,S709,2026.0,970.0,990.0,1300.0,1300.0,1300.0,1300.0,1325.0,970.0,0.0,대구광역시,달성군,S709,18.0,13.0,4.0,1.0,10.0,9.0,0.0,1.0
경상북도,고령군,우곡면,고령,S709,2026.0,0.0,0.0,0.0,0.0,0.0,0.0,0.0,0.0,경상북도,고령군,우곡면,S709,2026.0,0.0,0.0,0.0,0.0,0.0,0.0,0.0,0.0,경상북도,고령군,우곡면,S709,2026.0,970.0,990.0,1300.0,1300.0,1300.0,1300.0,1325.0,970.0,0.0,경상북도,고령군,S709,18.0,13.0,4.0,1.0,10.0,9.0,0.0,1.0
경상북도,고령군,우곡면,고령,S709,2026.0,0.0,0.0,0.0,0.0,0.0,0.0,0.0,0.0,경상북도,고령군,우곡면,S709,2026.0,0.0,0.0,0.0,0.0,0.0,0.0,0.0,0.0,경상북도,고령군,우곡면,S709,2026.0,970.0,990.0,1300.0,1300.0,1300.0,1300.0,1325.0,970.0,0.0,대구광역시,달서구,S709,18.0,13.0,4.0,1.0,10.0,9.0,0.0,1.0
경상북도,고령군,우곡면,고령,S709,2026.0,0.0,0.0,0.0,0.0,0.0,0.0,0.0,0.0,경상북도,고령군,우곡면,S709,2026.0,0.0,0.0,0.0,0.0,0.0,0.0,0.0,0.0,경상북도,고령군,우곡면,S709,2026.0,970.0,990.0,1300.0,1300.0,1300.0,1300.0,1325.0,970.0,0.0,대구광역시,달성군,S709,18.0,13.0,4.0,1.0,10.0,9.0,0.0,1.0
경상북도,고령군,우곡면,고령,S709,2026.0,0.0,0.0,0.0,0.0,0.0,0.0,0.0,0.0,경상북도,고령군,우곡면,S709,2026.0,0.0,0.0,0.0,0.0,0.0,0.0,0.0,0.0,대구광역시,달서구,파호동,S709,2026.0,970.0,990.0,1300.0,1300.0,1300.0,1300.0,1325.0,970.0,0.0,경상북도,고령군,S709,18.0,13.0,4.0,1.0,10.0,9.0,0.0,1.0
경상북도,고령군,우곡면,고령,S709,2026.0,0.0,0.0,0.0,0.0,0.0,0.0,0.0,0.0,경상북도,고령군,우곡면,S709,2026.0,0.0,0.0,0.0,0.0,0.0,0.0,0.0,0.0,대구광역시,달서구,파호동,S709,2026.0,970.0,990.0,1300.0,1300.0,1300.0,1300.0,1325.0,970.0,0.0,대구광역시,달서구,S709,18.0,13.0,4.0,1.0,10.0,9.0,0.0,1.0
경상북도,고령군,우곡면,고령,S709,2026.0,0.0,0.0,0.0,0.0,0.0,0.0,0.0,0.0,경상북도,고령군,우곡면,S709,2026.0,0.0,0.0,0.0,0.0,0.0,0.0,0.0,0.0,대구광역시,달서구,파호동,S709,2026.0,970.0,990.0,1300.0,1300.0,1300.0,1300.0,1325.0,970.0,0.0,대구광역시,달성군,S709,18.0,13.0,4.0,1.0,10.0,9.0,0.0,1.0
경기도,용인시처인구,고림동,고림(건설중),E576,2026.0,0.0,0.0,0.0,0.0,0.0,0.0,91.1,0.0,경기도,용인시처인구,포곡읍,E576,2026.0,0.0,0.0,0.0,0.0,0.0,0.0,285.0,0.0,경기도,용인시처인구,포곡읍,E576,2026.0,1150.0,1160.0,1170.0,1175.0,1185.0,1190.0,1195.0,1150.0,0.0,,,,,,,,,,,
경상남도,고성군,개천면,고성,2992,2026.0,61.5,59.4,57.3,55.2,53.2,51.1,50.2,61.5,경상남도,고성군,개천면,2992,2026.0,0.0,0.0,0.0,0.0,0.0,0.0,0.0,0.0,경상남도,고성군,개천면,2992,2026.0,0.0,0.0,0.0,0.0,0.0,0.0,65.0,0.0,0.0,경상남도,고성군,2992,8.0,4.0,0.0,4.0,21.0,18.0,0.0,3.0
,,,고성알프스(건설중),,,,,,,,,,,,,,,,,,,,,,,,강원특별자치도,강원특별자치도고성군,간성읍,E166,2026.0,0.0,0.0,0.0,0.0,0.0,0.0,0.0,0.0,42.0,,,,,,,,,,,
경상북도,구미시,도개면,고아,S707,2026.0,0.0,0.0,0.0,0.0,0.0,42.7,39.3,0.0,경상북도,구미시,도개면,S707,2026.0,0.0,0.0,0.0,0.0,0.0,120.0,95.0,0.0,경상북도,구미시,도개면,S707,2026.0,0.0,0.0,0.0,0.0,0.0,755.0,755.0,0.0,0.0,경상북도,구미시,S707,8.0,6.0,0.0,2.0,23.0,16.0,1.0,6.0
경기도,고양시일산서구,풍동,고양,D543,2026.0,0.0,0.0,0.0,0.0,0.0,0.0,4.4,0.0,경기도,고양시덕양구,관산동,D543,2026.0,0.0,0.0,0.0,0.0,0.0,0.0,0.0,0.0,경기도,고양시덕양구,관산동,D543,2026.0,590.0,630.0,785.0,785.0,785.0,805.0,805.0,590.0,0.0,경기도,고양시덕양구,D543,8.0,4.0,4.0,0.0,26.0,18.0,6.0,2.0
경기도,고양시일산서구,풍동,고양,D543,2026.0,0.0,0.0,0.0,0.0,0.0,0.0,4.4,0.0,경기도,고양시덕양구,관산동,D543,2026.0,0.0,0.0,0.0,0.0,0.0,0.0,0.0,0.0,경기도,고양시덕양구,관산동,D543,2026.0,590.0,630.0,785.0,785.0,785.0,805.0,805.0,590.0,0.0,경기도,고양시일산동구,D543,8.0,4.0,4.0,0.0,26.0,18.0,6.0,2.0
경기도,고양시일산서구,풍동,고양,D543,2026.0,0.0,0.0,0.0,0.0,0.0,0.0,4.4,0.0,경기도,고양시덕양구,관산동,D543,2026.0,0.0,0.0,0.0,0.0,0.0,0.0,0.0,0.0,경기도,고양시덕양구,관산동,D543,2026.0,590.0,630.0,785.0,785.0,785.0,805.0,805.0,590.0,0.0,경기도,고양시일산서구,D543,8.0,4.0,4.0,0.0,26.0,18.0,6.0,2.0
,,,고옥,,,,,,,,,,,,,,,,,,,,,,,,,,,,,,,,,,,,,,전남광주통합특별시,고흥군,E527,6.0,4.0,2.0,0.0,16.0,7.0,0.0,9.0
,,,고옥(건설중),,,,,,,,,,,,,,,,,,,,,,,,대구광역시,달성군,유가읍,E155,2026.0,0.0,0.0,1620.0,1740.0,1765.0,1810.0,1820.0,0.0,0.0,,,,,,,,,,,
인천광역시,남동구,고잔동,고잔,D444,2026.0,0.0,0.0,0.0,0.0,0.0,35.0,35.0,0.0,인천광역시,남동구,고잔동,D444,2026.0,0.0,0.0,0.0,0.0,0.0,35.0,35.0,0.0,인천광역시,남동구,고잔동,D444,2026.0,445.0,450.0,615.0,615.0,615.0,615.0,615.0,445.0,0.0,인천광역시,남동구,D444,8.0,4.0,0.0,4.0,19.0,12.0,0.0,7.0
,,,고창,2678,2026.0,68.5,66.8,65.1,63.5,61.6,59.6,57.6,68.5,전북특별자치도,고창군,아산면,2678,2026.0,0.0,0.0,0.0,0.0,0.0,0.0,0.0,0.0,전북특별자치도,고창군,아산면,2678,2026.0,0.0,0.0,0.0,0.0,0.0,0.0,0.0,0.0,12.9,전북특별자치도,고창군,2678,6.0,6.0,4.0,-4.0,26.0,20.0,1.0,5.0
전북특별자치도,고창군,고수면,고창#3(건설중),E590,2026.0,0.0,0.0,165.6,165.6,165.6,165.6,165.6,0.0,전북특별자치도,고창군,성송면,E590,2026.0,0.0,0.0,0.0,0.0,0.0,0.0,0.0,0.0,전북특별자치도,고창군,성송면,E590,2026.0,0.0,0.0,0.0,0.0,0.0,0.0,0.0,0.0,0.0,,,,,,,,,,,
강원특별자치도,정선군,고한읍,고한,S432,2026.0,59.9,59.2,58.5,57.8,57.1,56.4,55.7,59.9,강원특별자치도,정선군,고한읍,S432,2026.0,0.0,0.0,0.0,0.0,0.0,0.0,0.0,0.0,강원특별자치도,정선군,고한읍,S432,2026.0,0.0,0.0,0.0,0.0,0.0,0.0,0.0,0.0,0.0,강원특별자치도,정선군,S432,6.0,0.0,4.0,0.0,25.0,9.0,5.0,11.0
전남광주통합특별시,고흥군,점암면,고흥,S601,2026.0,0.0,0.0,0.0,0.0,0.0,0.0,0.0,0.0,전남광주통합특별시,고흥군,포두면,S601,2026.0,0.0,0.0,0.0,0.0,0.0,0.0,0.0,0.0,전남광주통합특별시,고흥군,포두면,S601,2026.0,0.0,0.0,0.0,0.0,0.0,0.0,0.0,0.0,396.33,전남광주통합특별시,고흥군,S601,8.0,6.0,2.0,0.0,26.0,21.0,0.0,5.0
전남광주통합특별시,고흥군,점암면,고흥,S601,2026.0,0.0,0.0,0.0,0.0,0.0,0.0,0.0,0.0,전남광주통합특별시,고흥군,포두면,S601,2026.0,0.0,0.0,0.0,0.0,0.0,0.0,0.0,0.0,전남광주통합특별시,고흥군,포두면,S601,2026.0,0.0,0.0,0.0,0.0,0.0,0.0,0.0,0.0,396.33,전남광주통합특별시,완도군,S601,8.0,6.0,2.0,0.0,26.0,21.0,0.0,5.0
전남광주통합특별시,곡성군,죽곡면,곡성,2690,2026.0,0.0,102.8,102.1,101.4,100.6,99.9,99.2,0.0,전남광주통합특별시,곡성군,겸면,2690,2026.0,0.0,440.0,440.0,405.0,960.0,530.0,465.0,0.0,전남광주통합특별시,곡성군,겸면,2690,2026.0,0.0,0.0,0.0,0.0,0.0,0.0,0.0,0.0,0.0,전남광주통합특별시,곡성군,2690,12.0,8.0,4.0,0.0,25.0,14.0,1.0,10.0
경기도,광주시,곤지암읍,곤지암,S226,2026.0,0.0,0.0,0.0,0.0,0.0,0.0,0.0,0.0,경기도,양평군,양평읍,S226,2026.0,0.0,0.0,0.0,0.0,0.0,0.0,0.0,0.0,경기도,양평군,양평읍,S226,2026.0,1260.0,1320.0,1320.0,1575.0,1935.0,1935.0,1935.0,1260.0,0.0,경기도,광주시,S226,12.0,10.0,0.0,2.0,22.0,22.0,0.0,0.0
경기도,광주시,곤지암읍,곤지암,S226,2026.0,0.0,0.0,0.0,0.0,0.0,0.0,0.0,0.0,경기도,양평군,양평읍,S226,2026.0,0.0,0.0,0.0,0.0,0.0,0.0,0.0,0.0,경기도,양평군,양평읍,S226,2026.0,1260.0,1320.0,1320.0,1575.0,1935.0,1935.0,1935.0,1260.0,0.0,경기도,양평군,S226,12.0,10.0,0.0,2.0,22.0,22.0,0.0,0.0
경기도,광주시,곤지암읍,곤지암,S226,2026.0,0.0,0.0,0.0,0.0,0.0,0.0,0.0,0.0,경기도,양평군,양평읍,S226,2026.0,0.0,0.0,0.0,0.0,0.0,0.0,0.0,0.0,경기도,양평군,양평읍,S226,2026.0,1260.0,1320.0,1320.0,1575.0,1935.0,1935.0,1935.0,1260.0,0.0,경기도,여주시,S226,12.0,10.0,0.0,2.0,22.0,22.0,0.0,0.0
경기도,광주시,곤지암읍,곤지암,S226,2026.0,0.0,0.0,0.0,0.0,0.0,0.0,0.0,0.0,경기도,양평군,양평읍,S226,2026.0,0.0,0.0,0.0,0.0,0.0,0.0,0.0,0.0,경기도,양평군,양평읍,S226,2026.0,1260.0,1320.0,1320.0,1575.0,1935.0,1935.0,1935.0,1260.0,0.0,경기도,용인시처인구,S226,12.0,10.0,0.0,2.0,22.0,22.0,0.0,0.0
경기도,광주시,곤지암읍,곤지암,S226,2026.0,0.0,0.0,0.0,0.0,0.0,0.0,0.0,0.0,경기도,양평군,양평읍,S226,2026.0,0.0,0.0,0.0,0.0,0.0,0.0,0.0,0.0,경기도,양평군,양평읍,S226,2026.0,1260.0,1320.0,1320.0,1575.0,1935.0,1935.0,1935.0,1260.0,0.0,경기도,이천시,S226,12.0,10.0,0.0,2.0,22.0,22.0,0.0,0.0
충청남도,공주시,검상동,공주,2462,2026.0,1.6,2.0,0.0,0.0,0.0,0.0,0.0,1.6,충청남도,공주시,검상동,2462,2026.0,275.0,140.0,80.0,0.0,0.0,0.0,0.0,275.0,충청남도,공주시,검상동,2462,2026.0,0.0,0.0,0.0,0.0,0.0,0.0,0.0,0.0,0.0,충청남도,공주시,2462,9.0,4.0,0.0,5.0,28.0,26.0,0.0,2.0
대구광역시,동구,신천동,공평,S716,2026.0,0.0,0.0,105.4,104.7,104.1,103.5,60.0,0.0,대구광역시,동구,신암동,S716,2026.0,0.0,0.0,185.0,185.0,155.0,110.0,60.0,0.0,대구광역시,동구,신암동,S716,2026.0,310.0,310.0,310.0,310.0,310.0,310.0,310.0,310.0,0.0,대구광역시,동구,S716,10.0,4.0,0.0,6.0,19.0,10.0,0.0,9.0
경기도,시흥시,과림동,과림(건설중),E757,2026.0,0.0,0.0,0.0,0.0,0.0,0.0,0.0,0.0,경기도,시흥시,과림동,E757,2026.0,0.0,0.0,0.0,0.0,0.0,0.0,0.0,0.0,경기도,시흥시,과림동,E757,2026.0,0.0,0.0,0.0,0.0,0.0,0.0,1310.0,0.0,0.0,,,,,,,,,,,
경기도,과천시,과천동,과천,2190,2026.0,0.0,0.0,0.0,0.0,0.0,0.0,0.0,0.0,경기도,과천시,갈현동,2190,2026.0,0.0,0.0,0.0,0.0,0.0,0.0,0.0,0.0,경기도,과천시,갈현동,2190,2026.0,0.0,0.0,0.0,0.0,0.0,0.0,0.0,0.0,0.0,경기도,과천시,2190,8.0,6.0,2.0,0.0,29.0,27.0,2.0,0.0
인천광역시,남동구,구월동,관교,S306,2026.0,0.0,0.0,0.0,0.0,0.0,0.0,0.0,0.0,인천광역시,남동구,구월동,S306,2026.0,0.0,0.0,0.0,0.0,0.0,0.0,0.0,0.0,인천광역시,남동구,구월동,S306,2026.0,500.0,500.0,500.0,500.0,500.0,500.0,500.0,500.0,0.0,인천광역시,남동구,S306,8.0,5.0,2.0,1.0,27.0,27.0,0.0,0.0
인천광역시,남동구,구월동,관교,S306,2026.0,0.0,0.0,0.0,0.0,0.0,0.0,0.0,0.0,인천광역시,남동구,구월동,S306,2026.0,0.0,0.0,0.0,0.0,0.0,0.0,0.0,0.0,인천광역시,남동구,구월동,S306,2026.0,500.0,500.0,500.0,500.0,500.0,500.0,500.0,500.0,0.0,인천광역시,미추홀구,S306,8.0,5.0,2.0,1.0,27.0,27.0,0.0,0.0
경기도,안양시동안구,관양동,관양,D486,2026.0,0.0,0.0,0.0,0.0,0.0,0.0,0.0,0.0,경기도,안양시동안구,관양동,D486,2026.0,150.0,150.0,150.0,150.0,150.0,150.0,150.0,150.0,경기도,안양시동안구,관양동,D486,2026.0,320.0,320.0,320.0,320.0,320.0,320.0,750.0,320.0,0.0,경기도,안양시동안구,D486,8.0,6.0,0.0,2.0,27.0,20.0,5.0,2.0
대구광역시,북구,읍내동,관음,2744,2026.0,0.0,48.2,46.0,43.9,41.7,39.6,37.5,0.0,대구광역시,북구,관음동,2744,2026.0,0.0,60.0,285.0,255.0,280.0,260.0,215.0,0.0,대구광역시,북구,관음동,2744,2026.0,1150.0,1150.0,1150.0,1150.0,1150.0,1150.0,1155.0,1150.0,0.0,대구광역시,북구,2744,8.0,5.0,0.0,3.0,21.0,19.0,0.0,2.0
충청남도,보령시,고남면,관창,2822,2026.0,0.0,0.0,0.0,0.0,0.0,0.0,0.0,0.0,충청남도,보령시,고남면,2822,2026.0,0.0,0.0,0.0,0.0,0.0,0.0,0.0,0.0,충청남도,보령시,고남면,2822,2026.0,0.0,0.0,0.0,0.0,0.0,0.0,0.0,0.0,15.0,충청남도,보령시,2822,8.0,6.0,0.0,2.0,26.0,19.0,2.0,5.0
경기도,광명시,하안동,광명,2550,2026.0,0.0,0.0,0.0,0.0,0.0,0.0,0.0,0.0,경기도,광명시,광명동,2550,2026.0,0.0,0.0,0.0,0.0,0.0,40.0,40.0,0.0,경기도,광명시,광명동,2550,2026.0,320.0,320.0,345.0,355.0,420.0,420.0,420.0,320.0,0.0,경기도,광명시,2550,6.0,5.0,0.0,1.0,26.0,24.0,2.0,0.0
경기도,시흥시,광석동,광석(건설중),D328,2026.0,165.6,165.6,160.1,114.7,109.1,109.1,109.1,165.6,경기도,시흥시,물왕동,D328,2026.0,475.0,475.0,480.0,450.0,430.0,425.0,420.0,475.0,경기도,시흥시,물왕동,D328,2026.0,590.0,630.0,635.0,635.0,635.0,635.0,635.0,590.0,0.0,,,,,,,,,,,
전남광주통합특별시,광양시,광양읍,광양,2429,2026.0,0.0,0.0,0.0,0.0,0.0,0.0,0.0,0.0,전남광주통합특별시,순천시,삼거동,2429,2026.0,0.0,0.0,0.0,0.0,0.0,0.0,0.0,0.0,경상남도,남해군,남해읍,2429,2026.0,0.0,0.0,0.0,0.0,0.0,0.0,0.0,0.0,2565.5,경상남도,남해군,2429,18.0,8.0,6.0,4.0,13.0,10.0,3.0,0.0
전남광주통합특별시,광양시,광양읍,광양,2429,2026.0,0.0,0.0,0.0,0.0,0.0,0.0,0.0,0.0,전남광주통합특별시,순천시,삼거동,2429,2026.0,0.0,0.0,0.0,0.0,0.0,0.0,0.0,0.0,경상남도,남해군,남해읍,2429,2026.0,0.0,0.0,0.0,0.0,0.0,0.0,0.0,0.0,2565.5,경상남도,하동군,2429,18.0,8.0,6.0,4.0,13.0,10.0,3.0,0.0
전남광주통합특별시,광양시,광양읍,광양,2429,2026.0,0.0,0.0,0.0,0.0,0.0,0.0,0.0,0.0,전남광주통합특별시,순천시,삼거동,2429,2026.0,0.0,0.0,0.0,0.0,0.0,0.0,0.0,0.0,경상남도,남해군,남해읍,2429,2026.0,0.0,0.0,0.0,0.0,0.0,0.0,0.0,0.0,2565.5,전남광주통합특별시,고흥군,2429,18.0,8.0,6.0,4.0,13.0,10.0,3.0,0.0
전남광주통합특별시,광양시,광양읍,광양,2429,2026.0,0.0,0.0,0.0,0.0,0.0,0.0,0.0,0.0,전남광주통합특별시,순천시,삼거동,2429,2026.0,0.0,0.0,0.0,0.0,0.0,0.0,0.0,0.0,경상남도,남해군,남해읍,2429,2026.0,0.0,0.0,0.0,0.0,0.0,0.0,0.0,0.0,2565.5,전남광주통합특별시,광양시,2429,18.0,8.0,6.0,4.0,13.0,10.0,3.0,0.0
전남광주통합특별시,광양시,광양읍,광양,2429,2026.0,0.0,0.0,0.0,0.0,0.0,0.0,0.0,0.0,전남광주통합특별시,순천시,삼거동,2429,2026.0,0.0,0.0,0.0,0.0,0.0,0.0,0.0,0.0,경상남도,남해군,남해읍,2429,2026.0,0.0,0.0,0.0,0.0,0.0,0.0,0.0,0.0,2565.5,전남광주통합특별시,보성군,2429,18.0,8.0,6.0,4.0,13.0,10.0,3.0,0.0
전남광주통합특별시,광양시,광양읍,광양,2429,2026.0,0.0,0.0,0.0,0.0,0.0,0.0,0.0,0.0,전남광주통합특별시,순천시,삼거동,2429,2026.0,0.0,0.0,0.0,0.0,0.0,0.0,0.0,0.0,경상남도,남해군,남해읍,2429,2026.0,0.0,0.0,0.0,0.0,0.0,0.0,0.0,0.0,2565.5,전남광주통합특별시,순천시,2429,18.0,8.0,6.0,4.0,13.0,10.0,3.0,0.0
전남광주통합특별시,광양시,광양읍,광양,2429,2026.0,0.0,0.0,0.0,0.0,0.0,0.0,0.0,0.0,전남광주통합특별시,순천시,삼거동,2429,2026.0,0.0,0.0,0.0,0.0,0.0,0.0,0.0,0.0,전남광주통합특별시,순천시,삼거동,2429,2026.0,0.0,0.0,0.0,0.0,0.0,0.0,0.0,0.0,2565.5,경상남도,남해군,2429,18.0,8.0,6.0,4.0,13.0,10.0,3.0,0.0
전남광주통합특별시,광양시,광양읍,광양,2429,2026.0,0.0,0.0,0.0,0.0,0.0,0.0,0.0,0.0,전남광주통합특별시,순천시,삼거동,2429,2026.0,0.0,0.0,0.0,0.0,0.0,0.0,0.0,0.0,전남광주통합특별시,순천시,삼거동,2429,2026.0,0.0,0.0,0.0,0.0,0.0,0.0,0.0,0.0,2565.5,경상남도,하동군,2429,18.0,8.0,6.0,4.0,13.0,10.0,3.0,0.0
전남광주통합특별시,광양시,광양읍,광양,2429,2026.0,0.0,0.0,0.0,0.0,0.0,0.0,0.0,0.0,전남광주통합특별시,순천시,삼거동,2429,2026.0,0.0,0.0,0.0,0.0,0.0,0.0,0.0,0.0,전남광주통합특별시,순천시,삼거동,2429,2026.0,0.0,0.0,0.0,0.0,0.0,0.0,0.0,0.0,2565.5,전남광주통합특별시,고흥군,2429,18.0,8.0,6.0,4.0,13.0,10.0,3.0,0.0
전남광주통합특별시,광양시,광양읍,광양,2429,2026.0,0.0,0.0,0.0,0.0,0.0,0.0,0.0,0.0,전남광주통합특별시,순천시,삼거동,2429,2026.0,0.0,0.0,0.0,0.0,0.0,0.0,0.0,0.0,전남광주통합특별시,순천시,삼거동,2429,2026.0,0.0,0.0,0.0,0.0,0.0,0.0,0.0,0.0,2565.5,전남광주통합특별시,광양시,2429,18.0,8.0,6.0,4.0,13.0,10.0,3.0,0.0
전남광주통합특별시,광양시,광양읍,광양,2429,2026.0,0.0,0.0,0.0,0.0,0.0,0.0,0.0,0.0,전남광주통합특별시,순천시,삼거동,2429,2026.0,0.0,0.0,0.0,0.0,0.0,0.0,0.0,0.0,전남광주통합특별시,순천시,삼거동,2429,2026.0,0.0,0.0,0.0,0.0,0.0,0.0,0.0,0.0,2565.5,전남광주통합특별시,보성군,2429,18.0,8.0,6.0,4.0,13.0,10.0,3.0,0.0
전남광주통합특별시,광양시,광양읍,광양,2429,2026.0,0.0,0.0,0.0,0.0,0.0,0.0,0.0,0.0,전남광주통합특별시,순천시,삼거동,2429,2026.0,0.0,0.0,0.0,0.0,0.0,0.0,0.0,0.0,전남광주통합특별시,순천시,삼거동,2429,2026.0,0.0,0.0,0.0,0.0,0.0,0.0,0.0,0.0,2565.5,전남광주통합특별시,순천시,2429,18.0,8.0,6.0,4.0,13.0,10.0,3.0,0.0
전남광주통합특별시,광양시,광양읍,광양,2429,2026.0,0.0,0.0,0.0,0.0,0.0,0.0,0.0,0.0,경상남도,남해군,남해읍,2429,2026.0,0.0,0.0,0.0,0.0,0.0,0.0,0.0,0.0,경상남도,남해군,남해읍,2429,2026.0,0.0,0.0,0.0,0.0,0.0,0.0,0.0,0.0,2565.5,경상남도,남해군,2429,18.0,8.0,6.0,4.0,13.0,10.0,3.0,0.0
전남광주통합특별시,광양시,광양읍,광양,2429,2026.0,0.0,0.0,0.0,0.0,0.0,0.0,0.0,0.0,경상남도,남해군,남해읍,2429,2026.0,0.0,0.0,0.0,0.0,0.0,0.0,0.0,0.0,경상남도,남해군,남해읍,2429,2026.0,0.0,0.0,0.0,0.0,0.0,0.0,0.0,0.0,2565.5,경상남도,하동군,2429,18.0,8.0,6.0,4.0,13.0,10.0,3.0,0.0
전남광주통합특별시,광양시,광양읍,광양,2429,2026.0,0.0,0.0,0.0,0.0,0.0,0.0,0.0,0.0,경상남도,남해군,남해읍,2429,2026.0,0.0,0.0,0.0,0.0,0.0,0.0,0.0,0.0,경상남도,남해군,남해읍,2429,2026.0,0.0,0.0,0.0,0.0,0.0,0.0,0.0,0.0,2565.5,전남광주통합특별시,고흥군,2429,18.0,8.0,6.0,4.0,13.0,10.0,3.0,0.0
전남광주통합특별시,광양시,광양읍,광양,2429,2026.0,0.0,0.0,0.0,0.0,0.0,0.0,0.0,0.0,경상남도,남해군,남해읍,2429,2026.0,0.0,0.0,0.0,0.0,0.0,0.0,0.0,0.0,경상남도,남해군,남해읍,2429,2026.0,0.0,0.0,0.0,0.0,0.0,0.0,0.0,0.0,2565.5,전남광주통합특별시,광양시,2429,18.0,8.0,6.0,4.0,13.0,10.0,3.0,0.0
전남광주통합특별시,광양시,광양읍,광양,2429,2026.0,0.0,0.0,0.0,0.0,0.0,0.0,0.0,0.0,경상남도,남해군,남해읍,2429,2026.0,0.0,0.0,0.0,0.0,0.0,0.0,0.0,0.0,경상남도,남해군,남해읍,2429,2026.0,0.0,0.0,0.0,0.0,0.0,0.0,0.0,0.0,2565.5,전남광주통합특별시,보성군,2429,18.0,8.0,6.0,4.0,13.0,10.0,3.0,0.0
전남광주통합특별시,광양시,광양읍,광양,2429,2026.0,0.0,0.0,0.0,0.0,0.0,0.0,0.0,0.0,경상남도,남해군,남해읍,2429,2026.0,0.0,0.0,0.0,0.0,0.0,0.0,0.0,0.0,경상남도,남해군,남해읍,2429,2026.0,0.0,0.0,0.0,0.0,0.0,0.0,0.0,0.0,2565.5,전남광주통합특별시,순천시,2429,18.0,8.0,6.0,4.0,13.0,10.0,3.0,0.0
전남광주통합특별시,광양시,광양읍,광양,2429,2026.0,0.0,0.0,0.0,0.0,0.0,0.0,0.0,0.0,경상남도,남해군,남해읍,2429,2026.0,0.0,0.0,0.0,0.0,0.0,0.0,0.0,0.0,전남광주통합특별시,순천시,삼거동,2429,2026.0,0.0,0.0,0.0,0.0,0.0,0.0,0.0,0.0,2565.5,경상남도,남해군,2429,18.0,8.0,6.0,4.0,13.0,10.0,3.0,0.0
전남광주통합특별시,광양시,광양읍,광양,2429,2026.0,0.0,0.0,0.0,0.0,0.0,0.0,0.0,0.0,경상남도,남해군,남해읍,2429,2026.0,0.0,0.0,0.0,0.0,0.0,0.0,0.0,0.0,전남광주통합특별시,순천시,삼거동,2429,2026.0,0.0,0.0,0.0,0.0,0.0,0.0,0.0,0.0,2565.5,경상남도,하동군,2429,18.0,8.0,6.0,4.0,13.0,10.0,3.0,0.0
전남광주통합특별시,광양시,광양읍,광양,2429,2026.0,0.0,0.0,0.0,0.0,0.0,0.0,0.0,0.0,경상남도,남해군,남해읍,2429,2026.0,0.0,0.0,0.0,0.0,0.0,0.0,0.0,0.0,전남광주통합특별시,순천시,삼거동,2429,2026.0,0.0,0.0,0.0,0.0,0.0,0.0,0.0,0.0,2565.5,전남광주통합특별시,고흥군,2429,18.0,8.0,6.0,4.0,13.0,10.0,3.0,0.0
전남광주통합특별시,광양시,광양읍,광양,2429,2026.0,0.0,0.0,0.0,0.0,0.0,0.0,0.0,0.0,경상남도,남해군,남해읍,2429,2026.0,0.0,0.0,0.0,0.0,0.0,0.0,0.0,0.0,전남광주통합특별시,순천시,삼거동,2429,2026.0,0.0,0.0,0.0,0.0,0.0,0.0,0.0,0.0,2565.5,전남광주통합특별시,광양시,2429,18.0,8.0,6.0,4.0,13.0,10.0,3.0,0.0
전남광주통합특별시,광양시,광양읍,광양,2429,2026.0,0.0,0.0,0.0,0.0,0.0,0.0,0.0,0.0,경상남도,남해군,남해읍,2429,2026.0,0.0,0.0,0.0,0.0,0.0,0.0,0.0,0.0,전남광주통합특별시,순천시,삼거동,2429,2026.0,0.0,0.0,0.0,0.0,0.0,0.0,0.0,0.0,2565.5,전남광주통합특별시,보성군,2429,18.0,8.0,6.0,4.0,13.0,10.0,3.0,0.0
전남광주통합특별시,광양시,광양읍,광양,2429,2026.0,0.0,0.0,0.0,0.0,0.0,0.0,0.0,0.0,경상남도,남해군,남해읍,2429,2026.0,0.0,0.0,0.0,0.0,0.0,0.0,0.0,0.0,전남광주통합특별시,순천시,삼거동,2429,2026.0,0.0,0.0,0.0,0.0,0.0,0.0,0.0,0.0,2565.5,전남광주통합특별시,순천시,2429,18.0,8.0,6.0,4.0,13.0,10.0,3.0,0.0
경상남도,남해군,남해읍,광양,2429,2026.0,0.0,0.0,0.0,0.0,0.0,0.0,0.0,0.0,전남광주통합특별시,순천시,삼거동,2429,2026.0,0.0,0.0,0.0,0.0,0.0,0.0,0.0,0.0,경상남도,남해군,남해읍,2429,2026.0,0.0,0.0,0.0,0.0,0.0,0.0,0.0,0.0,2565.5,경상남도,남해군,2429,18.0,8.0,6.0,4.0,13.0,10.0,3.0,0.0
경상남도,남해군,남해읍,광양,2429,2026.0,0.0,0.0,0.0,0.0,0.0,0.0,0.0,0.0,전남광주통합특별시,순천시,삼거동,2429,2026.0,0.0,0.0,0.0,0.0,0.0,0.0,0.0,0.0,경상남도,남해군,남해읍,2429,2026.0,0.0,0.0,0.0,0.0,0.0,0.0,0.0,0.0,2565.5,경상남도,하동군,2429,18.0,8.0,6.0,4.0,13.0,10.0,3.0,0.0
경상남도,남해군,남해읍,광양,2429,2026.0,0.0,0.0,0.0,0.0,0.0,0.0,0.0,0.0,전남광주통합특별시,순천시,삼거동,2429,2026.0,0.0,0.0,0.0,0.0,0.0,0.0,0.0,0.0,경상남도,남해군,남해읍,2429,2026.0,0.0,0.0,0.0,0.0,0.0,0.0,0.0,0.0,2565.5,전남광주통합특별시,고흥군,2429,18.0,8.0,6.0,4.0,13.0,10.0,3.0,0.0
경상남도,남해군,남해읍,광양,2429,2026.0,0.0,0.0,0.0,0.0,0.0,0.0,0.0,0.0,전남광주통합특별시,순천시,삼거동,2429,2026.0,0.0,0.0,0.0,0.0,0.0,0.0,0.0,0.0,경상남도,남해군,남해읍,2429,2026.0,0.0,0.0,0.0,0.0,0.0,0.0,0.0,0.0,2565.5,전남광주통합특별시,광양시,2429,18.0,8.0,6.0,4.0,13.0,10.0,3.0,0.0
경상남도,남해군,남해읍,광양,2429,2026.0,0.0,0.0,0.0,0.0,0.0,0.0,0.0,0.0,전남광주통합특별시,순천시,삼거동,2429,2026.0,0.0,0.0,0.0,0.0,0.0,0.0,0.0,0.0,경상남도,남해군,남해읍,2429,2026.0,0.0,0.0,0.0,0.0,0.0,0.0,0.0,0.0,2565.5,전남광주통합특별시,보성군,2429,18.0,8.0,6.0,4.0,13.0,10.0,3.0,0.0
경상남도,남해군,남해읍,광양,2429,2026.0,0.0,0.0,0.0,0.0,0.0,0.0,0.0,0.0,전남광주통합특별시,순천시,삼거동,2429,2026.0,0.0,0.0,0.0,0.0,0.0,0.0,0.0,0.0,경상남도,남해군,남해읍,2429,2026.0,0.0,0.0,0.0,0.0,0.0,0.0,0.0,0.0,2565.5,전남광주통합특별시,순천시,2429,18.0,8.0,6.0,4.0,13.0,10.0,3.0,0.0
경상남도,남해군,남해읍,광양,2429,2026.0,0.0,0.0,0.0,0.0,0.0,0.0,0.0,0.0,전남광주통합특별시,순천시,삼거동,2429,2026.0,0.0,0.0,0.0,0.0,0.0,0.0,0.0,0.0,전남광주통합특별시,순천시,삼거동,2429,2026.0,0.0,0.0,0.0,0.0,0.0,0.0,0.0,0.0,2565.5,경상남도,남해군,2429,18.0,8.0,6.0,4.0,13.0,10.0,3.0,0.0
경상남도,남해군,남해읍,광양,2429,2026.0,0.0,0.0,0.0,0.0,0.0,0.0,0.0,0.0,전남광주통합특별시,순천시,삼거동,2429,2026.0,0.0,0.0,0.0,0.0,0.0,0.0,0.0,0.0,전남광주통합특별시,순천시,삼거동,2429,2026.0,0.0,0.0,0.0,0.0,0.0,0.0,0.0,0.0,2565.5,경상남도,하동군,2429,18.0,8.0,6.0,4.0,13.0,10.0,3.0,0.0
경상남도,남해군,남해읍,광양,2429,2026.0,0.0,0.0,0.0,0.0,0.0,0.0,0.0,0.0,전남광주통합특별시,순천시,삼거동,2429,2026.0,0.0,0.0,0.0,0.0,0.0,0.0,0.0,0.0,전남광주통합특별시,순천시,삼거동,2429,2026.0,0.0,0.0,0.0,0.0,0.0,0.0,0.0,0.0,2565.5,전남광주통합특별시,고흥군,2429,18.0,8.0,6.0,4.0,13.0,10.0,3.0,0.0
경상남도,남해군,남해읍,광양,2429,2026.0,0.0,0.0,0.0,0.0,0.0,0.0,0.0,0.0,전남광주통합특별시,순천시,삼거동,2429,2026.0,0.0,0.0,0.0,0.0,0.0,0.0,0.0,0.0,전남광주통합특별시,순천시,삼거동,2429,2026.0,0.0,0.0,0.0,0.0,0.0,0.0,0.0,0.0,2565.5,전남광주통합특별시,광양시,2429,18.0,8.0,6.0,4.0,13.0,10.0,3.0,0.0
경상남도,남해군,남해읍,광양,2429,2026.0,0.0,0.0,0.0,0.0,0.0,0.0,0.0,0.0,전남광주통합특별시,순천시,삼거동,2429,2026.0,0.0,0.0,0.0,0.0,0.0,0.0,0.0,0.0,전남광주통합특별시,순천시,삼거동,2429,2026.0,0.0,0.0,0.0,0.0,0.0,0.0,0.0,0.0,2565.5,전남광주통합특별시,보성군,2429,18.0,8.0,6.0,4.0,13.0,10.0,3.0,0.0
경상남도,남해군,남해읍,광양,2429,2026.0,0.0,0.0,0.0,0.0,0.0,0.0,0.0,0.0,전남광주통합특별시,순천시,삼거동,2429,2026.0,0.0,0.0,0.0,0.0,0.0,0.0,0.0,0.0,전남광주통합특별시,순천시,삼거동,2429,2026.0,0.0,0.0,0.0,0.0,0.0,0.0,0.0,0.0,2565.5,전남광주통합특별시,순천시,2429,18.0,8.0,6.0,4.0,13.0,10.0,3.0,0.0
경상남도,남해군,남해읍,광양,2429,2026.0,0.0,0.0,0.0,0.0,0.0,0.0,0.0,0.0,경상남도,남해군,남해읍,2429,2026.0,0.0,0.0,0.0,0.0,0.0,0.0,0.0,0.0,경상남도,남해군,남해읍,2429,2026.0,0.0,0.0,0.0,0.0,0.0,0.0,0.0,0.0,2565.5,경상남도,남해군,2429,18.0,8.0,6.0,4.0,13.0,10.0,3.0,0.0
경상남도,남해군,남해읍,광양,2429,2026.0,0.0,0.0,0.0,0.0,0.0,0.0,0.0,0.0,경상남도,남해군,남해읍,2429,2026.0,0.0,0.0,0.0,0.0,0.0,0.0,0.0,0.0,경상남도,남해군,남해읍,2429,2026.0,0.0,0.0,0.0,0.0,0.0,0.0,0.0,0.0,2565.5,경상남도,하동군,2429,18.0,8.0,6.0,4.0,13.0,10.0,3.0,0.0
경상남도,남해군,남해읍,광양,2429,2026.0,0.0,0.0,0.0,0.0,0.0,0.0,0.0,0.0,경상남도,남해군,남해읍,2429,2026.0,0.0,0.0,0.0,0.0,0.0,0.0,0.0,0.0,경상남도,남해군,남해읍,2429,2026.0,0.0,0.0,0.0,0.0,0.0,0.0,0.0,0.0,2565.5,전남광주통합특별시,고흥군,2429,18.0,8.0,6.0,4.0,13.0,10.0,3.0,0.0
경상남도,남해군,남해읍,광양,2429,2026.0,0.0,0.0,0.0,0.0,0.0,0.0,0.0,0.0,경상남도,남해군,남해읍,2429,2026.0,0.0,0.0,0.0,0.0,0.0,0.0,0.0,0.0,경상남도,남해군,남해읍,2429,2026.0,0.0,0.0,0.0,0.0,0.0,0.0,0.0,0.0,2565.5,전남광주통합특별시,광양시,2429,18.0,8.0,6.0,4.0,13.0,10.0,3.0,0.0
경상남도,남해군,남해읍,광양,2429,2026.0,0.0,0.0,0.0,0.0,0.0,0.0,0.0,0.0,경상남도,남해군,남해읍,2429,2026.0,0.0,0.0,0.0,0.0,0.0,0.0,0.0,0.0,경상남도,남해군,남해읍,2429,2026.0,0.0,0.0,0.0,0.0,0.0,0.0,0.0,0.0,2565.5,전남광주통합특별시,보성군,2429,18.0,8.0,6.0,4.0,13.0,10.0,3.0,0.0
경상남도,남해군,남해읍,광양,2429,2026.0,0.0,0.0,0.0,0.0,0.0,0.0,0.0,0.0,경상남도,남해군,남해읍,2429,2026.0,0.0,0.0,0.0,0.0,0.0,0.0,0.0,0.0,경상남도,남해군,남해읍,2429,2026.0,0.0,0.0,0.0,0.0,0.0,0.0,0.0,0.0,2565.5,전남광주통합특별시,순천시,2429,18.0,8.0,6.0,4.0,13.0,10.0,3.0,0.0
경상남도,남해군,남해읍,광양,2429,2026.0,0.0,0.0,0.0,0.0,0.0,0.0,0.0,0.0,경상남도,남해군,남해읍,2429,2026.0,0.0,0.0,0.0,0.0,0.0,0.0,0.0,0.0,전남광주통합특별시,순천시,삼거동,2429,2026.0,0.0,0.0,0.0,0.0,0.0,0.0,0.0,0.0,2565.5,경상남도,남해군,2429,18.0,8.0,6.0,4.0,13.0,10.0,3.0,0.0
경상남도,남해군,남해읍,광양,2429,2026.0,0.0,0.0,0.0,0.0,0.0,0.0,0.0,0.0,경상남도,남해군,남해읍,2429,2026.0,0.0,0.0,0.0,0.0,0.0,0.0,0.0,0.0,전남광주통합특별시,순천시,삼거동,2429,2026.0,0.0,0.0,0.0,0.0,0.0,0.0,0.0,0.0,2565.5,경상남도,하동군,2429,18.0,8.0,6.0,4.0,13.0,10.0,3.0,0.0
경상남도,남해군,남해읍,광양,2429,2026.0,0.0,0.0,0.0,0.0,0.0,0.0,0.0,0.0,경상남도,남해군,남해읍,2429,2026.0,0.0,0.0,0.0,0.0,0.0,0.0,0.0,0.0,전남광주통합특별시,순천시,삼거동,2429,2026.0,0.0,0.0,0.0,0.0,0.0,0.0,0.0,0.0,2565.5,전남광주통합특별시,고흥군,2429,18.0,8.0,6.0,4.0,13.0,10.0,3.0,0.0
경상남도,남해군,남해읍,광양,2429,2026.0,0.0,0.0,0.0,0.0,0.0,0.0,0.0,0.0,경상남도,남해군,남해읍,2429,2026.0,0.0,0.0,0.0,0.0,0.0,0.0,0.0,0.0,전남광주통합특별시,순천시,삼거동,2429,2026.0,0.0,0.0,0.0,0.0,0.0,0.0,0.0,0.0,2565.5,전남광주통합특별시,광양시,2429,18.0,8.0,6.0,4.0,13.0,10.0,3.0,0.0
경상남도,남해군,남해읍,광양,2429,2026.0,0.0,0.0,0.0,0.0,0.0,0.0,0.0,0.0,경상남도,남해군,남해읍,2429,2026.0,0.0,0.0,0.0,0.0,0.0,0.0,0.0,0.0,전남광주통합특별시,순천시,삼거동,2429,2026.0,0.0,0.0,0.0,0.0,0.0,0.0,0.0,0.0,2565.5,전남광주통합특별시,보성군,2429,18.0,8.0,6.0,4.0,13.0,10.0,3.0,0.0
경상남도,남해군,남해읍,광양,2429,2026.0,0.0,0.0,0.0,0.0,0.0,0.0,0.0,0.0,경상남도,남해군,남해읍,2429,2026.0,0.0,0.0,0.0,0.0,0.0,0.0,0.0,0.0,전남광주통합특별시,순천시,삼거동,2429,2026.0,0.0,0.0,0.0,0.0,0.0,0.0,0.0,0.0,2565.5,전남광주통합특별시,순천시,2429,18.0,8.0,6.0,4.0,13.0,10.0,3.0,0.0
전남광주통합특별시,광양시,황길동,광양항,E386,2026.0,0.0,0.0,0.0,0.0,0.0,0.0,0.0,0.0,전남광주통합특별시,광양시,황길동,E386,2026.0,0.0,0.0,0.0,0.0,0.0,0.0,0.0,0.0,전남광주통합특별시,광양시,황길동,E386,2026.0,0.0,0.0,0.0,0.0,0.0,0.0,0.0,0.0,32.8471,,,,,,,,,,,
경기도,광명시,옥길동,광일(건설중),E756,2026.0,0.0,0.0,0.0,0.0,0.0,0.0,0.0,0.0,경기도,광명시,옥길동,E756,2026.0,0.0,0.0,0.0,0.0,0.0,0.0,0.0,0.0,경기도,광명시,옥길동,E756,2026.0,0.0,0.0,0.0,0.0,0.0,0.0,1285.0,0.0,0.0,,,,,,,,,,,
서울특별시,광진구,광장동,광장,2049,2026.0,20.4,19.6,18.9,18.2,17.5,16.8,16.2,20.4,서울특별시,광진구,광장동,2049,2026.0,0.0,0.0,0.0,0.0,0.0,0.0,0.0,0.0,서울특별시,광진구,광장동,2049,2026.0,200.0,200.0,205.0,220.0,225.0,225.0,225.0,200.0,0.0,서울특별시,광진구,2049,6.0,6.0,0.0,0.0,23.0,21.0,0.0,2.0
경상북도,구미시,공단동,광평,S724,2026.0,0.0,0.0,49.7,47.0,45.9,44.9,43.8,0.0,경상북도,구미시,공단동,S724,2026.0,0.0,0.0,0.0,0.0,0.0,0.0,0.0,0.0,경상북도,구미시,공단동,S724,2026.0,0.0,0.0,0.0,0.0,0.0,0.0,0.0,0.0,0.0,경상북도,구미시,S724,11.0,10.0,1.0,0.0,18.0,14.0,2.0,2.0
충청북도,진천군,광혜원면,광혜원,2729,2026.0,0.0,0.0,0.0,0.0,0.0,0.0,0.0,0.0,충청북도,음성군,삼성면,2729,2026.0,0.0,0.0,0.0,0.0,0.0,0.0,0.0,0.0,충청북도,진천군,광혜원면,2729,2026.0,0.0,0.0,1325.0,1350.0,0.0,1095.0,1020.0,0.0,0.0,충청북도,음성군,2729,8.0,8.0,-2.0,2.0,30.0,28.0,0.0,2.0
충청북도,진천군,광혜원면,광혜원,2729,2026.0,0.0,0.0,0.0,0.0,0.0,0.0,0.0,0.0,충청북도,음성군,삼성면,2729,2026.0,0.0,0.0,0.0,0.0,0.0,0.0,0.0,0.0,충청북도,진천군,광혜원면,2729,2026.0,0.0,0.0,1325.0,1350.0,0.0,1095.0,1020.0,0.0,0.0,충청북도,진천군,2729,8.0,8.0,-2.0,2.0,30.0,28.0,0.0,2.0
충청북도,괴산군,감물면,괴산,D347,2026.0,0.0,0.0,0.0,0.0,0.0,0.0,0.0,0.0,충청북도,괴산군,칠성면,D347,2026.0,0.0,0.0,0.0,0.0,475.0,0.0,0.0,0.0,충청북도,괴산군,감물면,D347,2026.0,0.0,0.0,0.0,0.0,0.0,435.0,85.0,0.0,0.0,충청북도,괴산군,D347,6.0,2.0,1.0,3.0,14.0,5.0,0.0,9.0
서울특별시,서초구,서초동,교대,S209,2026.0,0.0,0.0,0.0,0.0,0.0,0.0,53.6,0.0,서울특별시,서초구,서초동,S209,2026.0,0.0,0.0,0.0,0.0,0.0,0.0,105.0,0.0,서울특별시,서초구,서초동,S209,2026.0,635.0,635.0,635.0,635.0,635.0,635.0,640.0,635.0,0.0,서울특별시,서초구,S209,8.0,5.0,0.0,3.0,27.0,17.0,0.0,10.0
경기도,하남시,춘궁동,교산(건설중),E801,2026.0,0.0,0.0,0.0,0.0,0.0,0.0,0.0,0.0,경기도,하남시,춘궁동,E801,2026.0,0.0,0.0,0.0,0.0,0.0,0.0,0.0,0.0,경기도,하남시,춘궁동,E801,2026.0,0.0,0.0,0.0,0.0,0.0,0.0,0.0,0.0,0.0,,,,,,,,,,,
서울특별시,금천구,가산동,구공,2159,2026.0,0.0,0.0,0.0,0.0,0.0,0.0,0.0,0.0,서울특별시,금천구,가산동,2159,2026.0,0.0,0.0,0.0,0.0,0.0,0.0,0.0,0.0,서울특별시,금천구,가산동,2159,2026.0,0.0,0.0,0.0,0.0,0.0,0.0,0.0,0.0,0.0,서울특별시,금천구,2159,11.0,11.0,0.0,0.0,25.0,25.0,0.0,0.0
전남광주통합특별시,순천시,황전면,구례,S605,2026.0,116.5,115.7,115.0,114.3,113.6,112.9,112.2,116.5,전남광주통합특별시,구례군,간전면,S605,2026.0,60.0,410.0,415.0,385.0,415.0,405.0,405.0,60.0,전남광주통합특별시,구례군,간전면,S605,2026.0,0.0,0.0,0.0,0.0,0.0,0.0,0.0,0.0,0.0,전남광주통합특별시,구례군,S605,8.0,2.0,1.0,5.0,13.0,10.0,0.0,3.0
전남광주통합특별시,순천시,황전면,구례,S605,2026.0,116.5,115.7,115.0,114.3,113.6,112.9,112.2,116.5,전남광주통합특별시,구례군,간전면,S605,2026.0,60.0,410.0,415.0,385.0,415.0,405.0,405.0,60.0,전남광주통합특별시,구례군,간전면,S605,2026.0,0.0,0.0,0.0,0.0,0.0,0.0,0.0,0.0,0.0,전남광주통합특별시,순천시,S605,8.0,2.0,1.0,5.0,13.0,10.0,0.0,3.0
서울특별시,구로구,구로동,구로,2544,2026.0,0.0,0.0,0.0,0.0,0.0,0.0,0.0,0.0,서울특별시,구로구,신도림동,2544,2026.0,0.0,0.0,0.0,0.0,0.0,0.0,0.0,0.0,서울특별시,구로구,신도림동,2544,2026.0,235.0,235.0,235.0,240.0,620.0,685.0,690.0,235.0,0.0,서울특별시,구로구,2544,8.0,5.0,0.0,3.0,28.0,28.0,0.0,0.0
서울특별시,영등포구,도림동,구로#2(건설중),E567,2026.0,0.0,0.0,0.0,0.0,0.0,0.0,0.0,0.0,서울특별시,구로구,가리봉동,E567,2026.0,0.0,0.0,0.0,0.0,0.0,0.0,0.0,0.0,서울특별시,구로구,가리봉동,E567,2026.0,0.0,0.0,0.0,0.0,625.0,715.0,715.0,0.0,0.0,,,,,,,,,,,
경상남도,의령군,의령읍,구룡(>구룡SA로 이관),2844,2026.0,0.0,0.0,0.0,0.0,0.0,0.0,0.0,0.0,경상남도,의령군,의령읍,2844,2026.0,255.0,315.0,0.0,240.0,255.0,245.0,250.0,255.0,경상남도,의령군,의령읍,2844,2026.0,0.0,0.0,0.0,0.0,0.0,0.0,0.0,0.0,0.0,,,,,,,,,,,
경기도,구리시,인창동,구리(SA),2630,2026.0,0.0,0.0,12.5,12.5,12.5,12.5,12.5,0.0,경기도,구리시,교문동,2630,2026.0,0.0,0.0,0.0,0.0,0.0,0.0,0.0,0.0,경기도,구리시,교문동,2630,2026.0,0.0,0.0,0.0,0.0,0.0,0.0,0.0,0.0,0.0,,,,,,,,,,,
경기도,화성시,양감면,구문천,D326,2026.0,0.0,0.0,0.0,0.0,0.0,0.0,0.0,0.0,경기도,화성시,양감면,D326,2026.0,0.0,0.0,0.0,0.0,0.0,250.0,250.0,0.0,경기도,화성시,양감면,D326,2026.0,640.0,640.0,1175.0,1175.0,1175.0,1175.0,1175.0,640.0,0.0,경기도,화성시,D326,12.0,5.0,0.0,7.0,26.0,23.0,0.0,3.0
경상북도,구미시,고아읍,구미,5427,2026.0,0.0,0.0,32.5,30.0,27.5,25.1,22.7,0.0,경상북도,구미시,고아읍,5427,2026.0,0.0,0.0,0.0,0.0,0.0,0.0,0.0,0.0,경상북도,구미시,고아읍,5427,2026.0,0.0,0.0,0.0,0.0,0.0,0.0,0.0,0.0,0.0,경상북도,구미시,5427,14.0,12.0,2.0,0.0,32.0,27.0,3.0,2.0
부산광역시,금정구,회동동,구서,2730,2026.0,0.0,0.0,0.0,0.0,0.0,0.0,0.0,0.0,부산광역시,금정구,구서동,2730,2026.0,0.0,0.0,0.0,0.0,0.0,0.0,0.0,0.0,부산광역시,금정구,구서동,2730,2026.0,690.0,740.0,770.0,805.0,805.0,805.0,805.0,690.0,0.0,부산광역시,금정구,2730,6.0,6.0,0.0,0.0,26.0,21.0,1.0,4.0
대구광역시,북구,연경동,구암,S701,2026.0,37.6,31.1,29.8,24.4,23.1,21.8,20.5,37.6,대구광역시,동구,덕곡동,S701,2026.0,0.0,0.0,0.0,0.0,0.0,0.0,0.0,0.0,대구광역시,동구,덕곡동,S701,2026.0,0.0,0.0,0.0,0.0,0.0,0.0,0.0,0.0,0.0,대구광역시,동구,S701,8.0,8.0,0.0,0.0,21.0,17.0,0.0,4.0
대구광역시,북구,연경동,구암,S701,2026.0,37.6,31.1,29.8,24.4,23.1,21.8,20.5,37.6,대구광역시,동구,덕곡동,S701,2026.0,0.0,0.0,0.0,0.0,0.0,0.0,0.0,0.0,대구광역시,동구,덕곡동,S701,2026.0,0.0,0.0,0.0,0.0,0.0,0.0,0.0,0.0,0.0,대구광역시,북구,S701,8.0,8.0,0.0,0.0,21.0,17.0,0.0,4.0
인천광역시,남동구,남촌동,구월(건설중),E807,2026.0,0.0,0.0,0.0,0.0,0.0,35.0,35.0,0.0,인천광역시,남동구,남촌동,E807,2026.0,0.0,0.0,0.0,0.0,0.0,35.0,35.0,0.0,인천광역시,남동구,남촌동,E807,2026.0,0.0,0.0,0.0,0.0,0.0,730.0,730.0,0.0,0.0,,,,,,,,,,,
서울특별시,광진구,자양동,구의,2799,2026.0,0.0,0.0,0.0,0.0,0.0,0.0,0.0,0.0,서울특별시,광진구,자양동,2799,2026.0,0.0,0.0,0.0,0.0,0.0,0.0,0.0,0.0,서울특별시,광진구,자양동,2799,2026.0,0.0,0.0,315.0,315.0,315.0,315.0,315.0,0.0,0.0,서울특별시,광진구,2799,8.0,4.0,0.0,4.0,29.0,15.0,0.0,14.0
대구광역시,달성군,구지면,구지,S742,2026.0,13.9,12.3,10.7,9.2,7.6,6.1,4.5,13.9,대구광역시,달성군,구지면,S742,2026.0,0.0,0.0,0.0,0.0,0.0,0.0,0.0,0.0,대구광역시,달성군,구지면,S742,2026.0,0.0,0.0,0.0,0.0,0.0,0.0,0.0,0.0,0.0,대구광역시,달성군,S742,8.0,7.0,1.0,0.0,29.0,20.0,0.0,9.0
부산광역시,북구,덕천동,구포,2793,2026.0,0.0,0.0,0.0,0.0,0.0,0.0,0.0,0.0,부산광역시,북구,구포동,2793,2026.0,0.0,0.0,0.0,0.0,0.0,0.0,0.0,0.0,부산광역시,북구,구포동,2793,2026.0,1155.0,1155.0,1155.0,1485.0,1485.0,1485.0,1485.0,1155.0,0.0,부산광역시,북구,2793,8.0,7.0,1.0,0.0,18.0,17.0,0.0,1.0
충청북도,청주시흥덕구,옥산면,국사,D348,2026.0,0.0,0.0,0.0,0.0,0.0,0.0,0.0,0.0,충청북도,청주시흥덕구,옥산면,D348,2026.0,0.0,0.0,0.0,0.0,0.0,120.0,100.0,0.0,충청북도,청주시흥덕구,옥산면,D348,2026.0,0.0,0.0,0.0,0.0,0.0,1240.0,1240.0,0.0,0.0,충청북도,청주시흥덕구,D348,12.0,7.0,0.0,5.0,25.0,22.0,0.0,3.0
전북특별자치도,군산시,소룡동,군공,2463,2026.0,40.6,38.8,37.0,35.3,33.5,31.8,29.9,40.6,전북특별자치도,군산시,옥구읍,2463,2026.0,0.0,0.0,0.0,0.0,0.0,0.0,0.0,0.0,전북특별자치도,군산시,옥구읍,2463,2026.0,0.0,0.0,0.0,0.0,0.0,0.0,0.0,0.0,0.0,전북특별자치도,군산시,2463,12.0,11.0,1.0,0.0,32.0,29.0,1.0,2.0
경상남도,함안군,대산면,군북(건설중),E341,2026.0,0.0,0.0,0.0,80.0,80.0,80.0,80.0,0.0,경상남도,함안군,대산면,E341,2026.0,0.0,0.0,0.0,0.0,0.0,0.0,0.0,0.0,경상남도,함안군,대산면,E341,2026.0,0.0,0.0,0.0,500.0,500.0,515.0,540.0,0.0,0.0,,,,,,,,,,,
전북특별자치도,군산시,임피면,군산,2766,2026.0,18.1,17.6,17.1,16.6,16.0,15.5,15.0,18.1,전북특별자치도,군산시,임피면,2766,2026.0,0.0,0.0,0.0,0.0,0.0,0.0,0.0,0.0,전북특별자치도,군산시,임피면,2766,2026.0,0.0,0.0,0.0,0.0,0.0,0.0,0.0,0.0,0.0,전북특별자치도,군산시,2766,13.0,11.0,2.0,0.0,12.0,9.0,1.0,2.0
대구광역시,군위군,효령면,군위,S704,2026.0,110.9,110.3,109.6,109.0,108.3,107.7,107.1,110.9,대구광역시,군위군,삼국유사면,S704,2026.0,0.0,0.0,0.0,0.0,0.0,0.0,0.0,0.0,대구광역시,군위군,삼국유사면,S704,2026.0,0.0,0.0,0.0,0.0,0.0,0.0,0.0,0.0,0.0,대구광역시,군위군,S704,8.0,4.0,4.0,0.0,31.0,18.0,1.0,12.0
서울특별시,성동구,용답동,군자 23kV 이동용 GIS,2626,2026.0,7.7,3.9,1.8,1.6,1.5,1.3,1.2,7.7,서울특별시,성동구,용답동,2626,2026.0,0.0,0.0,0.0,0.0,0.0,0.0,0.0,0.0,서울특별시,성동구,용답동,2626,2026.0,465.0,465.0,490.0,490.0,490.0,490.0,490.0,465.0,0.0,,,,,,,,,,,
전북특별자치도,군산시,오식도동,군장,SC03,2026.0,83.1,81.5,55.0,53.4,51.8,31.6,21.0,83.1,전북특별자치도,군산시,비응도동,SC03,2026.0,0.0,0.0,0.0,0.0,0.0,0.0,0.0,0.0,전북특별자치도,군산시,비응도동,SC03,2026.0,0.0,0.0,0.0,0.0,0.0,0.0,0.0,0.0,219.98,전북특별자치도,군산시,SC03,12.0,9.0,3.0,0.0,34.0,13.0,0.0,21.0
경기도,수원시권선구,오목천동,권선(건설중),E826,2026.0,0.0,0.0,0.0,0.0,0.0,0.0,165.6,0.0,경기도,수원시권선구,오목천동,E826,2026.0,0.0,0.0,0.0,0.0,0.0,0.0,300.0,0.0,경기도,수원시권선구,오목천동,E826,2026.0,0.0,0.0,630.0,630.0,635.0,640.0,790.0,0.0,0.0,,,,,,,,,,,
충청북도,충주시,금가면,금가(건설중),E834,2026.0,0.0,0.0,0.0,0.0,165.6,165.6,165.6,0.0,충청북도,충주시,금가면,E834,2026.0,0.0,625.0,675.0,685.0,750.0,795.0,775.0,0.0,충청북도,충주시,금가면,E834,2026.0,0.0,0.0,0.0,0.0,0.0,660.0,675.0,0.0,0.0,,,,,,,,,,,
경상남도,하동군,진교면,금남(건설중),E604,2026.0,0.0,0.0,0.0,0.0,133.7,133.7,133.7,0.0,경상남도,하동군,진교면,E604,2026.0,0.0,0.0,0.0,0.0,150.0,210.0,180.0,0.0,경상남도,하동군,진교면,E604,2026.0,0.0,0.0,0.0,0.0,0.0,0.0,260.0,0.0,21.105,,,,,,,,,,,
경상북도,김천시,감천면,금릉,S723,2026.0,118.8,117.9,117.0,116.1,115.2,114.3,113.4,118.8,경상북도,김천시,감천면,S723,2026.0,0.0,0.0,0.0,0.0,0.0,0.0,0.0,0.0,경상북도,김천시,감천면,S723,2026.0,0.0,0.0,0.0,0.0,0.0,0.0,0.0,0.0,0.0,경상북도,김천시,S723,8.0,6.0,2.0,0.0,14.0,12.0,0.0,2.0
충청남도,금산군,금산읍,금산,2490,2026.0,0.0,0.0,0.0,0.0,0.0,87.3,85.7,0.0,충청남도,금산군,금산읍,2490,2026.0,0.0,0.0,0.0,0.0,0.0,0.0,0.0,0.0,충청남도,금산군,금산읍,2490,2026.0,0.0,0.0,0.0,0.0,0.0,0.0,0.0,0.0,0.0,충청남도,금산군,2490,7.0,5.0,2.0,0.0,22.0,18.0,0.0,4.0
경기도,오산시,금암동,금암,D461,2026.0,110.0,106.0,105.4,103.0,100.7,100.1,99.6,110.0,경기도,오산시,금암동,D461,2026.0,200.0,200.0,200.0,200.0,200.0,200.0,200.0,200.0,경기도,오산시,금암동,D461,2026.0,690.0,690.0,690.0,690.0,690.0,690.0,690.0,690.0,0.0,,,,,,,,,,,
경기도,의정부시,호원동,금오,S105,2026.0,0.0,0.0,0.0,0.0,0.0,0.0,0.0,0.0,경기도,의정부시,금오동,S105,2026.0,0.0,0.0,0.0,0.0,0.0,0.0,0.0,0.0,경기도,의정부시,금오동,S105,2026.0,1000.0,1000.0,1000.0,1000.0,1000.0,1000.0,1000.0,1000.0,0.0,경기도,의정부시,S105,11.0,6.0,1.0,4.0,29.0,19.0,2.0,8.0
충청북도,음성군,금왕읍,금왕,S403,2026.0,0.0,0.0,0.0,0.0,0.0,0.0,0.0,0.0,충청북도,음성군,생극면,S403,2026.0,0.0,0.0,0.0,0.0,0.0,0.0,0.0,0.0,충청북도,음성군,금왕읍,S403,2026.0,0.0,0.0,0.0,0.0,0.0,0.0,0.0,0.0,0.0,충청북도,음성군,S403,7.0,7.0,0.0,0.0,27.0,27.0,0.0,0.0
경상북도,구미시,금전동,금전,S725,2026.0,0.0,0.0,0.0,0.0,0.0,75.0,74.1,0.0,경상북도,구미시,금전동,S725,2026.0,0.0,0.0,0.0,0.0,0.0,0.0,0.0,0.0,경상북도,구미시,금전동,S725,2026.0,0.0,0.0,0.0,0.0,0.0,0.0,0.0,0.0,0.0,경상북도,구미시,S725,14.0,8.0,6.0,0.0,23.0,18.0,0.0,5.0
,,,금정개폐소,,,,,,,,,,,,,,,,,,,,,,,,전남광주통합특별시,영암군,영암읍,E421,2026.0,0.0,0.0,0.0,0.0,0.0,0.0,0.0,0.0,0.0,,,,,,,,,,,
전남광주통합특별시,나주시,다도면,금천,D368,2026.0,0.0,73.9,72.6,71.3,60.0,35.0,67.4,0.0,전남광주통합특별시,나주시,봉황면,D368,2026.0,0.0,0.0,0.0,0.0,0.0,0.0,0.0,0.0,전남광주통합특별시,나주시,봉황면,D368,2026.0,0.0,0.0,0.0,0.0,0.0,0.0,0.0,0.0,97.8,전남광주통합특별시,나주시,D368,8.0,4.0,4.0,0.0,20.0,15.0,5.0,0.0
전남광주통합특별시,나주시,다도면,금천,D368,2026.0,0.0,73.9,72.6,71.3,60.0,35.0,67.4,0.0,전남광주통합특별시,나주시,봉황면,D368,2026.0,0.0,0.0,0.0,0.0,0.0,0.0,0.0,0.0,전남광주통합특별시,나주시,봉황면,D368,2026.0,0.0,0.0,0.0,0.0,0.0,0.0,0.0,0.0,97.8,전남광주통합특별시,남구,D368,8.0,4.0,4.0,0.0,20.0,15.0,5.0,0.0
경기도,파주시,하지석동,금촌,2811,2026.0,7.5,7.5,7.5,7.5,7.5,7.5,7.5,7.5,경기도,고양시덕양구,내유동,2811,2026.0,0.0,0.0,0.0,0.0,0.0,0.0,0.0,0.0,경기도,고양시덕양구,내유동,2811,2026.0,550.0,625.0,800.0,800.0,800.0,800.0,1060.0,550.0,0.0,,,,,,,,,,,
경상북도,영천시,괴연동,금호,E032,2026.0,128.2,127.6,127.0,126.3,125.7,125.1,124.5,128.2,경상북도,영천시,괴연동,E032,2026.0,355.0,330.0,360.0,365.0,365.0,365.0,365.0,355.0,경상북도,영천시,괴연동,E032,2026.0,495.0,495.0,495.0,495.0,495.0,495.0,495.0,495.0,0.0,경상북도,영천시,E032,12.0,4.0,0.0,8.0,16.0,7.0,0.0,9.0
부산광역시,기장군,일광읍,기장,2804,2026.0,0.0,0.0,0.0,0.0,0.0,0.0,0.0,0.0,부산광역시,기장군,기장읍,2804,2026.0,0.0,0.0,0.0,0.0,0.0,0.0,0.0,0.0,부산광역시,기장군,기장읍,2804,2026.0,615.0,615.0,615.0,615.0,620.0,625.0,625.0,615.0,0.0,,,,,,,,,,,
경기도,용인시기흥구,상갈동,기흥,S342,2026.0,0.0,0.0,0.0,0.0,0.0,0.0,0.0,0.0,경기도,용인시기흥구,공세동,S342,2026.0,0.0,0.0,0.0,0.0,0.0,0.0,0.0,0.0,경기도,용인시기흥구,공세동,S342,2026.0,1125.0,1125.0,1125.0,1125.0,1125.0,1125.0,1125.0,1125.0,0.0,경기도,용인시기흥구,S342,7.0,4.0,2.0,1.0,24.0,12.0,1.0,11.0
전북특별자치도,김제시,검산동,김제,2440,2026.0,0.0,0.0,0.0,0.0,0.0,0.0,0.0,0.0,전북특별자치도,김제시,갈공동,2440,2026.0,510.0,0.0,0.0,0.0,385.0,440.0,615.0,510.0,전북특별자치도,김제시,갈공동,2440,2026.0,0.0,0.0,0.0,0.0,0.0,0.0,215.0,0.0,0.0,전북특별자치도,김제시,2440,8.0,6.0,0.0,2.0,28.0,27.0,1.0,0.0
경상북도,김천시,교동,김천,5399,2026.0,55.8,53.7,51.5,49.4,47.3,45.2,43.1,55.8,경상북도,김천시,교동,5399,2026.0,0.0,0.0,0.0,0.0,0.0,0.0,0.0,0.0,경상북도,김천시,교동,5399,2026.0,0.0,0.0,0.0,0.0,0.0,0.0,0.0,0.0,0.0,경상북도,김천시,5399,0.0,0.0,0.0,0.0,0.0,0.0,0.0,0.0
인천광역시,서구,불로동,김포,SB06,2026.0,0.0,0.0,0.0,0.0,0.0,0.0,0.0,0.0,인천광역시,서구,불로동,SB06,2026.0,0.0,0.0,0.0,0.0,0.0,0.0,430.0,0.0,경기도,김포시,감정동,SB06,2026.0,505.0,820.0,820.0,820.0,830.0,860.0,860.0,505.0,0.0,경기도,김포시,SB06,8.0,4.0,3.0,1.0,24.0,23.0,0.0,1.0
인천광역시,서구,불로동,김포,SB06,2026.0,0.0,0.0,0.0,0.0,0.0,0.0,0.0,0.0,인천광역시,서구,불로동,SB06,2026.0,0.0,0.0,0.0,0.0,0.0,0.0,430.0,0.0,인천광역시,서구,불로동,SB06,2026.0,505.0,820.0,820.0,820.0,830.0,860.0,860.0,505.0,0.0,경기도,김포시,SB06,8.0,4.0,3.0,1.0,24.0,23.0,0.0,1.0
인천광역시,서구,불로동,김포,SB06,2026.0,0.0,0.0,0.0,0.0,0.0,0.0,0.0,0.0,경기도,김포시,감정동,SB06,2026.0,0.0,0.0,0.0,0.0,0.0,0.0,430.0,0.0,경기도,김포시,감정동,SB06,2026.0,505.0,820.0,820.0,820.0,830.0,860.0,860.0,505.0,0.0,경기도,김포시,SB06,8.0,4.0,3.0,1.0,24.0,23.0,0.0,1.0
인천광역시,서구,불로동,김포,SB06,2026.0,0.0,0.0,0.0,0.0,0.0,0.0,0.0,0.0,경기도,김포시,감정동,SB06,2026.0,0.0,0.0,0.0,0.0,0.0,0.0,430.0,0.0,인천광역시,서구,불로동,SB06,2026.0,505.0,820.0,820.0,820.0,830.0,860.0,860.0,505.0,0.0,경기도,김포시,SB06,8.0,4.0,3.0,1.0,24.0,23.0,0.0,1.0
경기도,김포시,사우동,김포,SB06,2026.0,0.0,0.0,0.0,0.0,0.0,0.0,0.0,0.0,인천광역시,서구,불로동,SB06,2026.0,0.0,0.0,0.0,0.0,0.0,0.0,430.0,0.0,경기도,김포시,감정동,SB06,2026.0,505.0,820.0,820.0,820.0,830.0,860.0,860.0,505.0,0.0,경기도,김포시,SB06,8.0,4.0,3.0,1.0,24.0,23.0,0.0,1.0
경기도,김포시,사우동,김포,SB06,2026.0,0.0,0.0,0.0,0.0,0.0,0.0,0.0,0.0,인천광역시,서구,불로동,SB06,2026.0,0.0,0.0,0.0,0.0,0.0,0.0,430.0,0.0,인천광역시,서구,불로동,SB06,2026.0,505.0,820.0,820.0,820.0,830.0,860.0,860.0,505.0,0.0,경기도,김포시,SB06,8.0,4.0,3.0,1.0,24.0,23.0,0.0,1.0
경기도,김포시,사우동,김포,SB06,2026.0,0.0,0.0,0.0,0.0,0.0,0.0,0.0,0.0,경기도,김포시,감정동,SB06,2026.0,0.0,0.0,0.0,0.0,0.0,0.0,430.0,0.0,경기도,김포시,감정동,SB06,2026.0,505.0,820.0,820.0,820.0,830.0,860.0,860.0,505.0,0.0,경기도,김포시,SB06,8.0,4.0,3.0,1.0,24.0,23.0,0.0,1.0
경기도,김포시,사우동,김포,SB06,2026.0,0.0,0.0,0.0,0.0,0.0,0.0,0.0,0.0,경기도,김포시,감정동,SB06,2026.0,0.0,0.0,0.0,0.0,0.0,0.0,430.0,0.0,인천광역시,서구,불로동,SB06,2026.0,505.0,820.0,820.0,820.0,830.0,860.0,860.0,505.0,0.0,경기도,김포시,SB06,8.0,4.0,3.0,1.0,24.0,23.0,0.0,1.0
부산광역시,강서구,죽동동,김해(SA),2395,2026.0,4.2,0.9,0.0,0.0,0.0,0.0,0.0,4.2,부산광역시,강서구,식만동,2395,2026.0,0.0,0.0,0.0,0.0,0.0,0.0,0.0,0.0,경상남도,김해시,강동,2395,2026.0,550.0,550.0,550.0,550.0,550.0,550.0,550.0,550.0,0.0,,,,,,,,,,,
부산광역시,강서구,죽동동,김해(SA),2395,2026.0,4.2,0.9,0.0,0.0,0.0,0.0,0.0,4.2,부산광역시,강서구,식만동,2395,2026.0,0.0,0.0,0.0,0.0,0.0,0.0,0.0,0.0,부산광역시,강서구,식만동,2395,2026.0,550.0,550.0,550.0,550.0,550.0,550.0,550.0,550.0,0.0,,,,,,,,,,,
부산광역시,강서구,죽동동,김해(SA),2395,2026.0,4.2,0.9,0.0,0.0,0.0,0.0,0.0,4.2,경상남도,김해시,강동,2395,2026.0,0.0,0.0,0.0,0.0,0.0,0.0,0.0,0.0,경상남도,김해시,강동,2395,2026.0,550.0,550.0,550.0,550.0,550.0,550.0,550.0,550.0,0.0,,,,,,,,,,,
부산광역시,강서구,죽동동,김해(SA),2395,2026.0,4.2,0.9,0.0,0.0,0.0,0.0,0.0,4.2,경상남도,김해시,강동,2395,2026.0,0.0,0.0,0.0,0.0,0.0,0.0,0.0,0.0,부산광역시,강서구,식만동,2395,2026.0,550.0,550.0,550.0,550.0,550.0,550.0,550.0,550.0,0.0,,,,,,,,,,,
경상남도,김해시,강동,김해(SA),2395,2026.0,4.2,0.9,0.0,0.0,0.0,0.0,0.0,4.2,부산광역시,강서구,식만동,2395,2026.0,0.0,0.0,0.0,0.0,0.0,0.0,0.0,0.0,경상남도,김해시,강동,2395,2026.0,550.0,550.0,550.0,550.0,550.0,550.0,550.0,550.0,0.0,,,,,,,,,,,
경상남도,김해시,강동,김해(SA),2395,2026.0,4.2,0.9,0.0,0.0,0.0,0.0,0.0,4.2,부산광역시,강서구,식만동,2395,2026.0,0.0,0.0,0.0,0.0,0.0,0.0,0.0,0.0,부산광역시,강서구,식만동,2395,2026.0,550.0,550.0,550.0,550.0,550.0,550.0,550.0,550.0,0.0,,,,,,,,,,,
경상남도,김해시,강동,김해(SA),2395,2026.0,4.2,0.9,0.0,0.0,0.0,0.0,0.0,4.2,경상남도,김해시,강동,2395,2026.0,0.0,0.0,0.0,0.0,0.0,0.0,0.0,0.0,경상남도,김해시,강동,2395,2026.0,550.0,550.0,550.0,550.0,550.0,550.0,550.0,550.0,0.0,,,,,,,,,,,
경상남도,김해시,강동,김해(SA),2395,2026.0,4.2,0.9,0.0,0.0,0.0,0.0,0.0,4.2,경상남도,김해시,강동,2395,2026.0,0.0,0.0,0.0,0.0,0.0,0.0,0.0,0.0,부산광역시,강서구,식만동,2395,2026.0,550.0,550.0,550.0,550.0,550.0,550.0,550.0,550.0,0.0,,,,,,,,,,,
전남광주통합특별시,영광군,낙월면,남고창(건설중),E275,2026.0,0.0,0.0,220.8,220.8,220.8,220.8,220.8,0.0,전남광주통합특별시,영광군,영광읍,E275,2026.0,0.0,0.0,575.0,685.0,720.0,800.0,800.0,0.0,전남광주통합특별시,영광군,영광읍,E275,2026.0,0.0,0.0,0.0,0.0,0.0,0.0,775.0,0.0,5.999,,,,,,,,,,,
전남광주통합특별시,영광군,낙월면,남고창(건설중),E275,2026.0,0.0,0.0,220.8,220.8,220.8,220.8,220.8,0.0,전남광주통합특별시,영광군,영광읍,E275,2026.0,0.0,0.0,575.0,685.0,720.0,800.0,800.0,0.0,전북특별자치도,고창군,무장면,E275,2026.0,0.0,0.0,0.0,0.0,0.0,0.0,775.0,0.0,5.999,,,,,,,,,,,
전남광주통합특별시,영광군,낙월면,남고창(건설중),E275,2026.0,0.0,0.0,220.8,220.8,220.8,220.8,220.8,0.0,전북특별자치도,고창군,무장면,E275,2026.0,0.0,0.0,575.0,685.0,720.0,800.0,800.0,0.0,전남광주통합특별시,영광군,영광읍,E275,2026.0,0.0,0.0,0.0,0.0,0.0,0.0,775.0,0.0,5.999,,,,,,,,,,,
전남광주통합특별시,영광군,낙월면,남고창(건설중),E275,2026.0,0.0,0.0,220.8,220.8,220.8,220.8,220.8,0.0,전북특별자치도,고창군,무장면,E275,2026.0,0.0,0.0,575.0,685.0,720.0,800.0,800.0,0.0,전북특별자치도,고창군,무장면,E275,2026.0,0.0,0.0,0.0,0.0,0.0,0.0,775.0,0.0,5.999,,,,,,,,,,,
전북특별자치도,고창군,무장면,남고창(건설중),E275,2026.0,0.0,0.0,220.8,220.8,220.8,220.8,220.8,0.0,전남광주통합특별시,영광군,영광읍,E275,2026.0,0.0,0.0,575.0,685.0,720.0,800.0,800.0,0.0,전남광주통합특별시,영광군,영광읍,E275,2026.0,0.0,0.0,0.0,0.0,0.0,0.0,775.0,0.0,5.999,,,,,,,,,,,
전북특별자치도,고창군,무장면,남고창(건설중),E275,2026.0,0.0,0.0,220.8,220.8,220.8,220.8,220.8,0.0,전남광주통합특별시,영광군,영광읍,E275,2026.0,0.0,0.0,575.0,685.0,720.0,800.0,800.0,0.0,전북특별자치도,고창군,무장면,E275,2026.0,0.0,0.0,0.0,0.0,0.0,0.0,775.0,0.0,5.999,,,,,,,,,,,
전북특별자치도,고창군,무장면,남고창(건설중),E275,2026.0,0.0,0.0,220.8,220.8,220.8,220.8,220.8,0.0,전북특별자치도,고창군,무장면,E275,2026.0,0.0,0.0,575.0,685.0,720.0,800.0,800.0,0.0,전남광주통합특별시,영광군,영광읍,E275,2026.0,0.0,0.0,0.0,0.0,0.0,0.0,775.0,0.0,5.999,,,,,,,,,,,
전북특별자치도,고창군,무장면,남고창(건설중),E275,2026.0,0.0,0.0,220.8,220.8,220.8,220.8,220.8,0.0,전북특별자치도,고창군,무장면,E275,2026.0,0.0,0.0,575.0,685.0,720.0,800.0,800.0,0.0,전북특별자치도,고창군,무장면,E275,2026.0,0.0,0.0,0.0,0.0,0.0,0.0,775.0,0.0,5.999,,,,,,,,,,,
충청남도,공주시,송선동,남공주(건설중),E048,2026.0,161.2,0.0,0.0,0.0,0.0,0.0,0.0,161.2,충청남도,공주시,송선동,E048,2026.0,470.0,0.0,0.0,0.0,0.0,0.0,0.0,470.0,충청남도,공주시,송선동,E048,2026.0,0.0,0.0,0.0,0.0,0.0,0.0,0.0,0.0,0.0,,,,,,,,,,,
경기도,광명시,가학동,남광명1(건설중),E403,2026.0,0.0,0.0,0.0,0.0,0.0,0.0,0.0,0.0,경기도,광명시,가학동,E403,2026.0,0.0,0.0,0.0,0.0,0.0,0.0,0.0,0.0,경기도,광명시,가학동,E403,2026.0,0.0,0.0,0.0,0.0,0.0,0.0,0.0,0.0,0.0,,,,,,,,,,,
전남광주통합특별시,남구,행암동,남광주,5057,2026.0,0.0,0.0,0.0,0.0,0.0,0.0,0.0,0.0,전남광주통합특별시,남구,노대동,5057,2026.0,0.0,0.0,0.0,0.0,0.0,0.0,0.0,0.0,전남광주통합특별시,남구,노대동,5057,2026.0,0.0,0.0,0.0,0.0,0.0,0.0,0.0,0.0,0.0,전남광주통합특별시,남구,5057,8.0,6.0,2.0,0.0,26.0,21.0,0.0,5.0
경상북도,구미시,공단동,남구미,5461,2026.0,0.0,0.0,0.0,0.0,0.0,0.0,0.0,0.0,경상북도,구미시,공단동,5461,2026.0,0.0,0.0,0.0,0.0,0.0,0.0,0.0,0.0,경상북도,구미시,공단동,5461,2026.0,0.0,0.0,0.0,0.0,0.0,0.0,0.0,0.0,0.0,경상북도,구미시,5461,12.0,11.0,1.0,0.0,27.0,27.0,0.0,0.0
경상북도,구미시,공단동,남구미,5461,2026.0,0.0,0.0,0.0,0.0,0.0,0.0,0.0,0.0,경상북도,구미시,공단동,5461,2026.0,0.0,0.0,0.0,0.0,0.0,0.0,0.0,0.0,경상북도,구미시,공단동,5461,2026.0,0.0,0.0,0.0,0.0,0.0,0.0,0.0,0.0,0.0,경상북도,칠곡군,5461,12.0,11.0,1.0,0.0,27.0,27.0,0.0,0.0
경기도,의왕시,초평동,남군포,D333,2026.0,54.6,42.6,41.3,33.0,27.0,23.9,22.8,54.6,경기도,군포시,건건동,D333,2026.0,0.0,0.0,0.0,0.0,0.0,0.0,0.0,0.0,경기도,군포시,건건동,D333,2026.0,0.0,0.0,0.0,0.0,0.0,0.0,0.0,0.0,0.0,경기도,군포시,D333,10.0,9.0,1.0,0.0,26.0,8.0,5.0,13.0
경기도,의왕시,초평동,남군포,D333,2026.0,54.6,42.6,41.3,33.0,27.0,23.9,22.8,54.6,경기도,군포시,건건동,D333,2026.0,0.0,0.0,0.0,0.0,0.0,0.0,0.0,0.0,경기도,군포시,건건동,D333,2026.0,0.0,0.0,0.0,0.0,0.0,0.0,0.0,0.0,0.0,경기도,안산시상록구,D333,10.0,9.0,1.0,0.0,26.0,8.0,5.0,13.0
경기도,의왕시,초평동,남군포,D333,2026.0,54.6,42.6,41.3,33.0,27.0,23.9,22.8,54.6,경기도,군포시,건건동,D333,2026.0,0.0,0.0,0.0,0.0,0.0,0.0,0.0,0.0,경기도,군포시,건건동,D333,2026.0,0.0,0.0,0.0,0.0,0.0,0.0,0.0,0.0,0.0,경기도,의왕시,D333,10.0,9.0,1.0,0.0,26.0,8.0,5.0,13.0
대구광역시,수성구,수성동4가,남대구,5385,2026.0,0.0,19.3,18.6,18.0,17.3,16.6,15.9,0.0,대구광역시,수성구,가천동,5385,2026.0,0.0,0.0,265.0,255.0,245.0,235.0,110.0,0.0,대구광역시,수성구,가천동,5385,2026.0,520.0,835.0,1190.0,1190.0,1190.0,1250.0,1255.0,520.0,0.0,대구광역시,수성구,5385,8.0,4.0,2.0,2.0,27.0,25.0,0.0,2.0
대전광역시,대전광역시동구,가오동,남대전,2215,2026.0,0.0,0.0,0.0,0.0,0.0,0.0,0.0,0.0,대전광역시,대전광역시동구,가오동,2215,2026.0,0.0,0.0,0.0,0.0,0.0,0.0,0.0,0.0,대전광역시,대전광역시동구,가오동,2215,2026.0,0.0,0.0,0.0,0.0,0.0,0.0,0.0,0.0,0.0,,,,,,,,,,,
,,,남대전SA,,,,,,,,,,,,,,,,,,,,,,,,,,,,,,,,,,,,,,대전광역시,동구,E542,8.0,7.0,0.0,1.0,26.0,19.0,0.0,7.0
인천광역시,남동구,남촌동,남동,2574,2026.0,0.0,0.0,0.0,0.0,0.0,0.0,0.0,0.0,인천광역시,남동구,남촌동,2574,2026.0,0.0,0.0,0.0,0.0,0.0,0.0,0.0,0.0,인천광역시,남동구,남촌동,2574,2026.0,0.0,0.0,0.0,0.0,0.0,0.0,0.0,0.0,0.0,인천광역시,남동구,2574,9.0,9.0,0.0,0.0,22.0,22.0,0.0,0.0
인천광역시,남동구,남촌동,남동,2574,2026.0,0.0,0.0,0.0,0.0,0.0,0.0,0.0,0.0,인천광역시,남동구,남촌동,2574,2026.0,0.0,0.0,0.0,0.0,0.0,0.0,0.0,0.0,인천광역시,남동구,남촌동,2574,2026.0,0.0,0.0,0.0,0.0,0.0,0.0,0.0,0.0,0.0,인천광역시,연수구,2574,9.0,9.0,0.0,0.0,22.0,22.0,0.0,0.0
경기도,파주시,적성면,남면,D288,2026.0,0.0,0.0,0.0,0.0,0.0,0.0,0.0,0.0,경기도,양주시,남면,D288,2026.0,0.0,0.0,0.0,0.0,0.0,0.0,0.0,0.0,경기도,양주시,남면,D288,2026.0,765.0,765.0,765.0,800.0,800.0,845.0,850.0,765.0,0.0,경기도,양주시,D288,12.0,4.0,0.0,8.0,28.0,14.0,3.0,11.0
경기도,파주시,적성면,남면,D288,2026.0,0.0,0.0,0.0,0.0,0.0,0.0,0.0,0.0,경기도,양주시,남면,D288,2026.0,0.0,0.0,0.0,0.0,0.0,0.0,0.0,0.0,경기도,양주시,남면,D288,2026.0,765.0,765.0,765.0,800.0,800.0,845.0,850.0,765.0,0.0,경기도,파주시,D288,12.0,4.0,0.0,8.0,28.0,14.0,3.0,11.0
경기도,용인시처인구,남사읍,남사,S327,2026.0,0.0,0.0,0.0,0.0,0.0,0.0,0.0,0.0,경기도,용인시처인구,남사읍,S327,2026.0,0.0,0.0,0.0,0.0,0.0,0.0,0.0,0.0,경기도,용인시처인구,남사읍,S327,2026.0,900.0,900.0,900.0,900.0,900.0,900.0,900.0,900.0,39.0,경기도,용인시처인구,S327,12.0,6.0,0.0,6.0,30.0,25.0,2.0,3.0
경기도,화성시,황계동,남수원,2722,2026.0,0.0,0.0,0.0,0.0,0.0,0.0,0.0,0.0,경기도,수원시권선구,대황교동,2722,2026.0,0.0,0.0,0.0,0.0,0.0,0.0,280.0,0.0,경기도,수원시권선구,대황교동,2722,2026.0,610.0,610.0,760.0,760.0,760.0,760.0,765.0,610.0,0.0,,,,,,,,,,,
경기도,시흥시,정왕동,남시화,S319,2026.0,0.0,0.0,0.0,0.0,0.0,0.0,0.0,0.0,경기도,시흥시,정왕동,S319,2026.0,0.0,0.0,0.0,0.0,0.0,0.0,0.0,0.0,경기도,시흥시,정왕동,S319,2026.0,830.0,830.0,830.0,830.0,830.0,830.0,830.0,830.0,0.0,경기도,시흥시,S319,8.0,5.0,1.0,2.0,25.0,25.0,0.0,0.0
전남광주통합특별시,영암군,일로읍,남악,S629,2026.0,87.5,86.0,84.6,83.3,82.0,80.7,79.5,87.5,전남광주통합특별시,무안군,삼향읍,S629,2026.0,810.0,820.0,820.0,820.0,820.0,820.0,820.0,810.0,전남광주통합특별시,무안군,삼향읍,S629,2026.0,0.0,0.0,0.0,0.0,0.0,0.0,0.0,0.0,94.6535,전남광주통합특별시,무안군,S629,8.0,4.0,4.0,0.0,13.0,11.0,0.0,2.0
전남광주통합특별시,영암군,일로읍,남악,S629,2026.0,87.5,86.0,84.6,83.3,82.0,80.7,79.5,87.5,전남광주통합특별시,무안군,삼향읍,S629,2026.0,810.0,820.0,820.0,820.0,820.0,820.0,820.0,810.0,전남광주통합특별시,무안군,삼향읍,S629,2026.0,0.0,0.0,0.0,0.0,0.0,0.0,0.0,0.0,94.6535,전남광주통합특별시,영암군,S629,8.0,4.0,4.0,0.0,13.0,11.0,0.0,2.0
경기도,안산시상록구,사동,남안산,S325,2026.0,0.0,0.0,0.0,0.0,0.0,0.0,0.0,0.0,경기도,안산시상록구,사동,S325,2026.0,150.0,150.0,150.0,150.0,150.0,150.0,150.0,150.0,경기도,안산시상록구,사동,S325,2026.0,965.0,965.0,965.0,965.0,965.0,965.0,965.0,965.0,0.0,경기도,안산시상록구,S325,8.0,4.0,1.0,3.0,26.0,24.0,2.0,0.0
경기도,안성시,옥산동,남안성,D504,2026.0,0.0,0.0,0.0,0.0,0.0,0.0,0.0,0.0,경기도,안성시,가사동,D504,2026.0,0.0,0.0,0.0,0.0,0.0,0.0,0.0,0.0,경기도,안성시,가사동,D504,2026.0,465.0,465.0,465.0,475.0,480.0,480.0,535.0,465.0,0.0,경기도,안성시,D504,6.0,2.0,0.0,4.0,26.0,18.0,2.0,6.0
경기도,화성시,남양읍,남양,D329,2026.0,0.0,0.0,0.0,0.0,0.0,0.0,0.0,0.0,경기도,화성시,비봉면,D329,2026.0,0.0,0.0,0.0,0.0,0.0,400.0,400.0,0.0,경기도,화성시,비봉면,D329,2026.0,985.0,990.0,990.0,1345.0,1345.0,1345.0,1350.0,985.0,19.8,경기도,화성시,D329,12.0,4.0,0.0,8.0,26.0,25.0,1.0,0.0
경기도,남양주시,진건읍,남양주1(건설중),E760,2026.0,0.0,0.0,0.0,0.0,6.6,6.6,6.6,0.0,경기도,남양주시,진건읍,E760,2026.0,0.0,0.0,0.0,0.0,90.0,90.0,90.0,0.0,경기도,남양주시,진건읍,E760,2026.0,0.0,0.0,1250.0,1250.0,1250.0,1265.0,1290.0,0.0,0.0,,,,,,,,,,,
,,,남울산,,,,,,,,,,,,,,,,,,,,,,,,울산광역시,남구,성암동,E432,2026.0,1380.0,1380.0,1380.0,1380.0,1380.0,1380.0,1380.0,1380.0,0.0,울산광역시,남구,E432,12.0,8.0,0.0,4.0,0.0,0.0,0.0,0.0
전북특별자치도,임실군,사매면,남원,2528,2026.0,103.5,99.8,98.4,88.6,82.6,76.7,66.1,103.5,전북특별자치도,남원시,산내면,2528,2026.0,0.0,0.0,0.0,0.0,0.0,0.0,0.0,0.0,전북특별자치도,남원시,산내면,2528,2026.0,0.0,0.0,0.0,0.0,0.0,0.0,0.0,0.0,0.0,,,,,,,,,,,
강원특별자치도,원주시,개운동,남원주,2820,2026.0,6.2,2.9,19.9,17.7,15.3,13.0,10.7,6.2,강원특별자치도,원주시,개운동,2820,2026.0,0.0,0.0,0.0,0.0,0.0,0.0,0.0,0.0,강원특별자치도,원주시,개운동,2820,2026.0,0.0,0.0,0.0,0.0,570.0,580.0,580.0,0.0,39.0,강원특별자치도,원주시,2820,7.0,6.0,1.0,0.0,28.0,24.0,0.0,4.0
충청북도,음성군,맹동면,남음성,D986,2026.0,0.0,0.0,0.0,0.0,0.0,0.0,0.0,0.0,충청북도,음성군,맹동면,D986,2026.0,90.0,95.0,420.0,395.0,0.0,355.0,355.0,90.0,충청북도,음성군,맹동면,D986,2026.0,0.0,0.0,0.0,0.0,0.0,595.0,655.0,0.0,0.0,충청북도,음성군,D986,8.0,4.0,1.0,3.0,24.0,24.0,0.0,0.0
경상북도,구미시,공단동,남인동,2734,2026.0,82.0,80.2,78.5,76.5,74.7,72.9,71.3,82.0,경상북도,구미시,공단동,2734,2026.0,200.0,200.0,200.0,195.0,200.0,205.0,200.0,200.0,경상북도,구미시,공단동,2734,2026.0,0.0,0.0,0.0,0.0,0.0,545.0,550.0,0.0,0.0,,,,,,,,,,,
인천광역시,중구,신흥동1가,남인천,2425,2026.0,0.0,0.0,0.0,0.0,0.0,0.0,0.0,0.0,인천광역시,중구,신흥동1가,2425,2026.0,0.0,0.0,0.0,0.0,0.0,25.0,25.0,0.0,인천광역시,중구,신흥동1가,2425,2026.0,765.0,765.0,765.0,765.0,765.0,765.0,775.0,765.0,0.0,,,,,,,,,,,
전북특별자치도,전주시완산구,효자동3가,남전주,2491,2026.0,0.0,0.0,0.0,0.0,10.7,7.9,5.2,0.0,전북특별자치도,완주군,구이면,2491,2026.0,0.0,0.0,0.0,0.0,0.0,0.0,0.0,0.0,전북특별자치도,완주군,구이면,2491,2026.0,0.0,0.0,0.0,0.0,0.0,0.0,0.0,0.0,0.0,전북특별자치도,완주군,2491,7.0,5.0,2.0,0.0,28.0,27.0,0.0,1.0
전북특별자치도,전주시완산구,효자동3가,남전주,2491,2026.0,0.0,0.0,0.0,0.0,10.7,7.9,5.2,0.0,전북특별자치도,완주군,구이면,2491,2026.0,0.0,0.0,0.0,0.0,0.0,0.0,0.0,0.0,전북특별자치도,완주군,구이면,2491,2026.0,0.0,0.0,0.0,0.0,0.0,0.0,0.0,0.0,0.0,전북특별자치도,전주시완산구,2491,7.0,5.0,2.0,0.0,28.0,27.0,0.0,1.0
경기도,시흥시,정왕동,남정왕,D325,2026.0,0.0,0.0,0.0,0.0,0.0,0.0,0.0,0.0,경기도,시흥시,정왕동,D325,2026.0,0.0,0.0,0.0,0.0,0.0,0.0,0.0,0.0,경기도,시흥시,정왕동,D325,2026.0,850.0,850.0,1090.0,1090.0,1090.0,1090.0,1090.0,850.0,0.0,경기도,시흥시,D325,8.0,8.0,0.0,0.0,18.0,11.0,2.0,5.0
전남광주통합특별시,해남군,화산면,남창,5029,2026.0,63.6,61.4,59.2,57.0,54.9,52.9,50.8,63.6,전남광주통합특별시,해남군,북일면,5029,2026.0,0.0,0.0,0.0,0.0,0.0,0.0,0.0,0.0,전남광주통합특별시,해남군,북일면,5029,2026.0,0.0,0.0,0.0,0.0,0.0,0.0,0.0,0.0,252.7461,전남광주통합특별시,해남군,5029,13.0,6.0,7.0,0.0,19.0,17.0,0.0,2.0
충청북도,증평군,증평읍,남청주,2508,2026.0,0.0,0.0,0.0,0.0,0.0,0.0,0.0,0.0,충청북도,청주시서원구,남이면,2508,2026.0,0.0,0.0,0.0,0.0,0.0,0.0,0.0,0.0,충청북도,증평군,증평읍,2508,2026.0,0.0,0.0,0.0,0.0,0.0,2185.0,2185.0,0.0,0.0,충청북도,증평군,2508,20.0,20.0,0.0,0.0,13.0,9.0,4.0,0.0
충청북도,증평군,증평읍,남청주,2508,2026.0,0.0,0.0,0.0,0.0,0.0,0.0,0.0,0.0,충청북도,청주시서원구,남이면,2508,2026.0,0.0,0.0,0.0,0.0,0.0,0.0,0.0,0.0,충청북도,증평군,증평읍,2508,2026.0,0.0,0.0,0.0,0.0,0.0,2185.0,2185.0,0.0,0.0,충청북도,청주시상당구,2508,20.0,20.0,0.0,0.0,13.0,9.0,4.0,0.0
충청북도,증평군,증평읍,남청주,2508,2026.0,0.0,0.0,0.0,0.0,0.0,0.0,0.0,0.0,충청북도,청주시서원구,남이면,2508,2026.0,0.0,0.0,0.0,0.0,0.0,0.0,0.0,0.0,충청북도,증평군,증평읍,2508,2026.0,0.0,0.0,0.0,0.0,0.0,2185.0,2185.0,0.0,0.0,충청북도,청주시서원구,2508,20.0,20.0,0.0,0.0,13.0,9.0,4.0,0.0
충청북도,증평군,증평읍,남청주,2508,2026.0,0.0,0.0,0.0,0.0,0.0,0.0,0.0,0.0,충청북도,청주시서원구,남이면,2508,2026.0,0.0,0.0,0.0,0.0,0.0,0.0,0.0,0.0,충청북도,증평군,증평읍,2508,2026.0,0.0,0.0,0.0,0.0,0.0,2185.0,2185.0,0.0,0.0,충청북도,청주시청원구,2508,20.0,20.0,0.0,0.0,13.0,9.0,4.0,0.0
충청북도,증평군,증평읍,남청주,2508,2026.0,0.0,0.0,0.0,0.0,0.0,0.0,0.0,0.0,충청북도,청주시서원구,남이면,2508,2026.0,0.0,0.0,0.0,0.0,0.0,0.0,0.0,0.0,충청북도,증평군,증평읍,2508,2026.0,0.0,0.0,0.0,0.0,0.0,2185.0,2185.0,0.0,0.0,충청북도,청주시흥덕구,2508,20.0,20.0,0.0,0.0,13.0,9.0,4.0,0.0
강원특별자치도,춘천시,동내면,남춘천,2784,2026.0,0.0,0.0,0.0,0.0,0.0,0.0,0.0,0.0,강원특별자치도,춘천시,동내면,2784,2026.0,0.0,0.0,0.0,0.0,0.0,0.0,0.0,0.0,강원특별자치도,춘천시,동내면,2784,2026.0,0.0,0.0,0.0,0.0,0.0,0.0,0.0,0.0,0.0,강원특별자치도,춘천시,2784,8.0,6.0,2.0,0.0,29.0,26.0,0.0,3.0
경상북도,포항시남구,연일읍,남포항,S717,2026.0,41.3,39.4,37.6,35.7,33.9,32.0,30.2,41.3,경상북도,포항시남구,연일읍,S717,2026.0,145.0,45.0,405.0,400.0,405.0,405.0,405.0,145.0,경상북도,포항시남구,연일읍,S717,2026.0,710.0,710.0,710.0,710.0,710.0,710.0,710.0,710.0,0.0,경상북도,포항시남구,S717,6.0,4.0,0.0,2.0,24.0,16.0,4.0,4.0
경상북도,포항시남구,연일읍,남포항,S717,2026.0,41.3,39.4,37.6,35.7,33.9,32.0,30.2,41.3,경상북도,포항시남구,연일읍,S717,2026.0,145.0,45.0,405.0,400.0,405.0,405.0,405.0,145.0,경상북도,포항시남구,연일읍,S717,2026.0,710.0,710.0,710.0,710.0,710.0,710.0,710.0,710.0,0.0,경상북도,포항시북구,S717,6.0,4.0,0.0,2.0,24.0,16.0,4.0,4.0
경상남도,남해군,고현면,남해,2379,2026.0,0.0,0.0,0.0,0.0,88.2,86.7,86.0,0.0,경상남도,남해군,고현면,2379,2026.0,0.0,0.0,0.0,0.0,150.0,210.0,180.0,0.0,경상남도,남해군,고현면,2379,2026.0,0.0,0.0,0.0,0.0,0.0,0.0,265.0,0.0,0.0,경상남도,남해군,2379,6.0,2.0,2.0,2.0,20.0,9.0,2.0,9.0
전북특별자치도,익산시,황등면,낭산,D431,2026.0,136.6,136.0,135.5,134.9,134.3,133.8,133.2,136.6,전북특별자치도,익산시,낭산면,D431,2026.0,0.0,0.0,0.0,0.0,695.0,685.0,685.0,0.0,전북특별자치도,익산시,낭산면,D431,2026.0,0.0,0.0,0.0,0.0,0.0,0.0,1055.0,0.0,0.0,전북특별자치도,익산시,D431,8.0,4.0,0.0,4.0,22.0,12.0,0.0,10.0
경상남도,창원시의창구,용동,내곡(건설중),D412,2026.0,0.0,0.0,0.0,0.0,121.0,121.0,121.0,0.0,경상남도,창원시의창구,용동,D412,2026.0,0.0,0.0,0.0,0.0,250.0,250.0,250.0,0.0,경상남도,창원시의창구,용동,D412,2026.0,0.0,290.0,290.0,290.0,1105.0,1110.0,1110.0,0.0,0.0,,,,,,,,,,,
대구광역시,중구,남산동,내당,5428,2026.0,36.3,34.5,33.1,31.7,30.4,29.0,27.6,36.3,대구광역시,서구,내당동,5428,2026.0,0.0,0.0,245.0,240.0,230.0,225.0,110.0,0.0,대구광역시,서구,내당동,5428,2026.0,470.0,470.0,470.0,470.0,470.0,485.0,490.0,470.0,0.0,대구광역시,서구,5428,8.0,6.0,0.0,2.0,21.0,19.0,0.0,2.0
대구광역시,중구,남산동,내당,5428,2026.0,36.3,34.5,33.1,31.7,30.4,29.0,27.6,36.3,대구광역시,서구,내당동,5428,2026.0,0.0,0.0,245.0,240.0,230.0,225.0,110.0,0.0,대구광역시,서구,내당동,5428,2026.0,470.0,470.0,470.0,470.0,470.0,485.0,490.0,470.0,0.0,대구광역시,중구,5428,8.0,6.0,0.0,2.0,21.0,19.0,0.0,2.0
전북특별자치도,군산시,신관동,내초,2742,2026.0,23.2,20.6,18.0,15.4,12.9,10.3,7.8,23.2,전북특별자치도,군산시,개사동,2742,2026.0,0.0,0.0,0.0,0.0,0.0,0.0,0.0,0.0,전북특별자치도,군산시,개사동,2742,2026.0,0.0,0.0,0.0,0.0,0.0,0.0,0.0,0.0,0.0,,,,,,,,,,,
경기도,포천시,내촌면,내촌,D283,2026.0,0.0,0.0,0.0,0.0,39.9,39.9,39.9,0.0,경기도,가평군,상면,D283,2026.0,0.0,0.0,0.0,0.0,245.0,245.0,245.0,0.0,경기도,가평군,상면,D283,2026.0,905.0,905.0,975.0,1070.0,1075.0,1075.0,1075.0,905.0,0.0,경기도,가평군,D283,12.0,4.0,0.0,8.0,28.0,16.0,0.0,12.0
경기도,포천시,내촌면,내촌,D283,2026.0,0.0,0.0,0.0,0.0,39.9,39.9,39.9,0.0,경기도,가평군,상면,D283,2026.0,0.0,0.0,0.0,0.0,245.0,245.0,245.0,0.0,경기도,가평군,상면,D283,2026.0,905.0,905.0,975.0,1070.0,1075.0,1075.0,1075.0,905.0,0.0,경기도,남양주시,D283,12.0,4.0,0.0,8.0,28.0,16.0,0.0,12.0
경기도,포천시,내촌면,내촌,D283,2026.0,0.0,0.0,0.0,0.0,39.9,39.9,39.9,0.0,경기도,가평군,상면,D283,2026.0,0.0,0.0,0.0,0.0,245.0,245.0,245.0,0.0,경기도,가평군,상면,D283,2026.0,905.0,905.0,975.0,1070.0,1075.0,1075.0,1075.0,905.0,0.0,경기도,포천시,D283,12.0,4.0,0.0,8.0,28.0,16.0,0.0,12.0
서울특별시,영등포구,신길동,노들,S203,2026.0,0.0,0.0,0.0,0.0,0.0,0.0,0.0,0.0,서울특별시,영등포구,신길동,S203,2026.0,0.0,0.0,0.0,0.0,0.0,75.0,75.0,0.0,서울특별시,영등포구,신길동,S203,2026.0,325.0,325.0,480.0,480.0,480.0,480.0,480.0,325.0,0.0,서울특별시,영등포구,S203,6.0,2.0,2.0,2.0,17.0,17.0,0.0,0.0
서울특별시,동작구,흑석동,노량진,2154,2026.0,0.0,0.0,0.0,0.0,0.0,0.0,0.0,0.0,서울특별시,동작구,노량진동,2154,2026.0,0.0,0.0,0.0,0.0,0.0,140.0,140.0,0.0,서울특별시,동작구,노량진동,2154,2026.0,310.0,310.0,310.0,310.0,310.0,310.0,315.0,310.0,0.0,서울특별시,동작구,2154,4.0,3.0,0.0,1.0,22.0,22.0,0.0,0.0
대구광역시,수성구,중동,노변,2745,2026.0,0.0,0.0,0.0,0.0,0.0,0.0,0.0,0.0,대구광역시,수성구,매호동,2745,2026.0,135.0,160.0,210.0,210.0,195.0,190.0,155.0,135.0,대구광역시,수성구,매호동,2745,2026.0,550.0,905.0,905.0,905.0,905.0,905.0,905.0,550.0,0.0,대구광역시,수성구,2745,8.0,6.0,0.0,2.0,24.0,24.0,0.0,0.0
서울특별시,노원구,하계동,노원,2633,2026.0,0.0,0.0,0.0,0.0,0.0,0.0,0.0,0.0,서울특별시,노원구,공릉동,2633,2026.0,85.0,80.0,35.0,30.0,30.0,0.0,0.0,85.0,서울특별시,노원구,공릉동,2633,2026.0,0.0,0.0,0.0,0.0,0.0,0.0,0.0,0.0,0.0,서울특별시,강북구,2633,6.0,5.0,0.0,1.0,20.0,16.0,1.0,3.0
서울특별시,노원구,하계동,노원,2633,2026.0,0.0,0.0,0.0,0.0,0.0,0.0,0.0,0.0,서울특별시,노원구,공릉동,2633,2026.0,85.0,80.0,35.0,30.0,30.0,0.0,0.0,85.0,서울특별시,노원구,공릉동,2633,2026.0,0.0,0.0,0.0,0.0,0.0,0.0,0.0,0.0,0.0,서울특별시,노원구,2633,6.0,5.0,0.0,1.0,20.0,16.0,1.0,3.0
부산광역시,금정구,청룡동,노포,D393,2026.0,0.0,0.0,0.0,0.0,0.0,0.0,0.0,0.0,부산광역시,금정구,구서동,D393,2026.0,0.0,0.0,0.0,0.0,0.0,0.0,0.0,0.0,부산광역시,금정구,구서동,D393,2026.0,550.0,555.0,555.0,560.0,560.0,560.0,560.0,550.0,0.0,부산광역시,금정구,D393,12.0,7.0,2.0,3.0,14.0,7.0,2.0,5.0
부산광역시,강서구,신호동,녹공,S822,2026.0,0.0,0.0,0.0,0.0,0.0,0.0,0.0,0.0,부산광역시,강서구,송정동,S822,2026.0,0.0,0.0,0.0,0.0,0.0,0.0,0.0,0.0,경상남도,창원시진해구,가주동,S822,2026.0,0.0,0.0,0.0,0.0,0.0,0.0,0.0,0.0,0.0,경상남도,창원시진해구,S822,9.0,6.0,3.0,0.0,29.0,25.0,4.0,0.0
부산광역시,강서구,신호동,녹공,S822,2026.0,0.0,0.0,0.0,0.0,0.0,0.0,0.0,0.0,부산광역시,강서구,송정동,S822,2026.0,0.0,0.0,0.0,0.0,0.0,0.0,0.0,0.0,경상남도,창원시진해구,가주동,S822,2026.0,0.0,0.0,0.0,0.0,0.0,0.0,0.0,0.0,0.0,부산광역시,강서구,S822,9.0,6.0,3.0,0.0,29.0,25.0,4.0,0.0
부산광역시,강서구,신호동,녹공,S822,2026.0,0.0,0.0,0.0,0.0,0.0,0.0,0.0,0.0,부산광역시,강서구,송정동,S822,2026.0,0.0,0.0,0.0,0.0,0.0,0.0,0.0,0.0,부산광역시,강서구,송정동,S822,2026.0,0.0,0.0,0.0,0.0,0.0,0.0,0.0,0.0,0.0,경상남도,창원시진해구,S822,9.0,6.0,3.0,0.0,29.0,25.0,4.0,0.0
부산광역시,강서구,신호동,녹공,S822,2026.0,0.0,0.0,0.0,0.0,0.0,0.0,0.0,0.0,부산광역시,강서구,송정동,S822,2026.0,0.0,0.0,0.0,0.0,0.0,0.0,0.0,0.0,부산광역시,강서구,송정동,S822,2026.0,0.0,0.0,0.0,0.0,0.0,0.0,0.0,0.0,0.0,부산광역시,강서구,S822,9.0,6.0,3.0,0.0,29.0,25.0,4.0,0.0
부산광역시,강서구,신호동,녹공,S822,2026.0,0.0,0.0,0.0,0.0,0.0,0.0,0.0,0.0,경상남도,창원시진해구,가주동,S822,2026.0,0.0,0.0,0.0,0.0,0.0,0.0,0.0,0.0,경상남도,창원시진해구,가주동,S822,2026.0,0.0,0.0,0.0,0.0,0.0,0.0,0.0,0.0,0.0,경상남도,창원시진해구,S822,9.0,6.0,3.0,0.0,29.0,25.0,4.0,0.0
부산광역시,강서구,신호동,녹공,S822,2026.0,0.0,0.0,0.0,0.0,0.0,0.0,0.0,0.0,경상남도,창원시진해구,가주동,S822,2026.0,0.0,0.0,0.0,0.0,0.0,0.0,0.0,0.0,경상남도,창원시진해구,가주동,S822,2026.0,0.0,0.0,0.0,0.0,0.0,0.0,0.0,0.0,0.0,부산광역시,강서구,S822,9.0,6.0,3.0,0.0,29.0,25.0,4.0,0.0
부산광역시,강서구,신호동,녹공,S822,2026.0,0.0,0.0,0.0,0.0,0.0,0.0,0.0,0.0,경상남도,창원시진해구,가주동,S822,2026.0,0.0,0.0,0.0,0.0,0.0,0.0,0.0,0.0,부산광역시,강서구,송정동,S822,2026.0,0.0,0.0,0.0,0.0,0.0,0.0,0.0,0.0,0.0,경상남도,창원시진해구,S822,9.0,6.0,3.0,0.0,29.0,25.0,4.0,0.0
부산광역시,강서구,신호동,녹공,S822,2026.0,0.0,0.0,0.0,0.0,0.0,0.0,0.0,0.0,경상남도,창원시진해구,가주동,S822,2026.0,0.0,0.0,0.0,0.0,0.0,0.0,0.0,0.0,부산광역시,강서구,송정동,S822,2026.0,0.0,0.0,0.0,0.0,0.0,0.0,0.0,0.0,0.0,부산광역시,강서구,S822,9.0,6.0,3.0,0.0,29.0,25.0,4.0,0.0
경상남도,창원시진해구,가주동,녹공,S822,2026.0,0.0,0.0,0.0,0.0,0.0,0.0,0.0,0.0,부산광역시,강서구,송정동,S822,2026.0,0.0,0.0,0.0,0.0,0.0,0.0,0.0,0.0,경상남도,창원시진해구,가주동,S822,2026.0,0.0,0.0,0.0,0.0,0.0,0.0,0.0,0.0,0.0,경상남도,창원시진해구,S822,9.0,6.0,3.0,0.0,29.0,25.0,4.0,0.0
경상남도,창원시진해구,가주동,녹공,S822,2026.0,0.0,0.0,0.0,0.0,0.0,0.0,0.0,0.0,부산광역시,강서구,송정동,S822,2026.0,0.0,0.0,0.0,0.0,0.0,0.0,0.0,0.0,경상남도,창원시진해구,가주동,S822,2026.0,0.0,0.0,0.0,0.0,0.0,0.0,0.0,0.0,0.0,부산광역시,강서구,S822,9.0,6.0,3.0,0.0,29.0,25.0,4.0,0.0
경상남도,창원시진해구,가주동,녹공,S822,2026.0,0.0,0.0,0.0,0.0,0.0,0.0,0.0,0.0,부산광역시,강서구,송정동,S822,2026.0,0.0,0.0,0.0,0.0,0.0,0.0,0.0,0.0,부산광역시,강서구,송정동,S822,2026.0,0.0,0.0,0.0,0.0,0.0,0.0,0.0,0.0,0.0,경상남도,창원시진해구,S822,9.0,6.0,3.0,0.0,29.0,25.0,4.0,0.0
경상남도,창원시진해구,가주동,녹공,S822,2026.0,0.0,0.0,0.0,0.0,0.0,0.0,0.0,0.0,부산광역시,강서구,송정동,S822,2026.0,0.0,0.0,0.0,0.0,0.0,0.0,0.0,0.0,부산광역시,강서구,송정동,S822,2026.0,0.0,0.0,0.0,0.0,0.0,0.0,0.0,0.0,0.0,부산광역시,강서구,S822,9.0,6.0,3.0,0.0,29.0,25.0,4.0,0.0
경상남도,창원시진해구,가주동,녹공,S822,2026.0,0.0,0.0,0.0,0.0,0.0,0.0,0.0,0.0,경상남도,창원시진해구,가주동,S822,2026.0,0.0,0.0,0.0,0.0,0.0,0.0,0.0,0.0,경상남도,창원시진해구,가주동,S822,2026.0,0.0,0.0,0.0,0.0,0.0,0.0,0.0,0.0,0.0,경상남도,창원시진해구,S822,9.0,6.0,3.0,0.0,29.0,25.0,4.0,0.0
경상남도,창원시진해구,가주동,녹공,S822,2026.0,0.0,0.0,0.0,0.0,0.0,0.0,0.0,0.0,경상남도,창원시진해구,가주동,S822,2026.0,0.0,0.0,0.0,0.0,0.0,0.0,0.0,0.0,경상남도,창원시진해구,가주동,S822,2026.0,0.0,0.0,0.0,0.0,0.0,0.0,0.0,0.0,0.0,부산광역시,강서구,S822,9.0,6.0,3.0,0.0,29.0,25.0,4.0,0.0
경상남도,창원시진해구,가주동,녹공,S822,2026.0,0.0,0.0,0.0,0.0,0.0,0.0,0.0,0.0,경상남도,창원시진해구,가주동,S822,2026.0,0.0,0.0,0.0,0.0,0.0,0.0,0.0,0.0,부산광역시,강서구,송정동,S822,2026.0,0.0,0.0,0.0,0.0,0.0,0.0,0.0,0.0,0.0,경상남도,창원시진해구,S822,9.0,6.0,3.0,0.0,29.0,25.0,4.0,0.0
경상남도,창원시진해구,가주동,녹공,S822,2026.0,0.0,0.0,0.0,0.0,0.0,0.0,0.0,0.0,경상남도,창원시진해구,가주동,S822,2026.0,0.0,0.0,0.0,0.0,0.0,0.0,0.0,0.0,부산광역시,강서구,송정동,S822,2026.0,0.0,0.0,0.0,0.0,0.0,0.0,0.0,0.0,0.0,부산광역시,강서구,S822,9.0,6.0,3.0,0.0,29.0,25.0,4.0,0.0
서울특별시,은평구,응암동,녹번,S112,2026.0,0.0,0.0,0.0,0.0,0.0,0.0,0.0,0.0,서울특별시,은평구,신사동,S112,2026.0,0.0,0.0,0.0,0.0,0.0,0.0,0.0,0.0,서울특별시,은평구,신사동,S112,2026.0,275.0,275.0,275.0,280.0,290.0,295.0,295.0,275.0,0.0,서울특별시,은평구,S112,6.0,4.0,4.0,-2.0,30.0,17.0,0.0,13.0
부산광역시,강서구,화전동,녹산,2803,2026.0,0.0,0.0,0.0,0.0,0.0,0.0,0.0,0.0,부산광역시,강서구,녹산동,2803,2026.0,0.0,0.0,0.0,0.0,0.0,0.0,0.0,0.0,부산광역시,강서구,녹산동,2803,2026.0,800.0,1405.0,1435.0,1435.0,1435.0,1435.0,1440.0,800.0,42.1,부산광역시,강서구,2803,9.0,8.0,2.0,-1.0,31.0,26.0,3.0,2.0
경기도,의정부시,녹양동,녹양,2810,2026.0,0.0,0.0,0.0,0.0,0.0,0.0,0.0,0.0,경기도,양주시,광사동,2810,2026.0,0.0,0.0,0.0,0.0,0.0,0.0,0.0,0.0,경기도,양주시,광사동,2810,2026.0,780.0,780.0,800.0,1210.0,1210.0,1215.0,1220.0,780.0,0.0,경기도,양주시,2810,6.0,4.0,0.0,2.0,28.0,21.0,0.0,7.0
경기도,의정부시,녹양동,녹양,2810,2026.0,0.0,0.0,0.0,0.0,0.0,0.0,0.0,0.0,경기도,양주시,광사동,2810,2026.0,0.0,0.0,0.0,0.0,0.0,0.0,0.0,0.0,경기도,양주시,광사동,2810,2026.0,780.0,780.0,800.0,1210.0,1210.0,1215.0,1220.0,780.0,0.0,경기도,의정부시,2810,6.0,4.0,0.0,2.0,28.0,21.0,0.0,7.0
대구광역시,달성군,논공읍,논공,2444,2026.0,0.0,0.0,0.0,0.0,0.0,0.0,0.0,0.0,대구광역시,달성군,논공읍,2444,2026.0,0.0,0.0,0.0,0.0,0.0,0.0,0.0,0.0,대구광역시,달성군,논공읍,2444,2026.0,0.0,0.0,0.0,0.0,0.0,0.0,0.0,0.0,39.6,대구광역시,달성군,2444,12.0,7.0,5.0,0.0,31.0,31.0,0.0,0.0
충청남도,논산시,강산동,논산,S521,2026.0,44.3,21.5,18.8,16.1,13.5,10.9,8.3,44.3,충청남도,논산시,강산동,S521,2026.0,605.0,590.0,505.0,330.0,330.0,515.0,505.0,605.0,충청남도,논산시,강산동,S521,2026.0,0.0,0.0,0.0,0.0,0.0,0.0,0.0,0.0,0.0,충청남도,논산시,S521,8.0,6.0,0.0,2.0,24.0,15.0,4.0,5.0
서울특별시,서초구,반포동,논일,D302,2026.0,0.0,0.0,0.0,0.0,0.0,0.0,0.0,0.0,서울특별시,서초구,반포동,D302,2026.0,0.0,0.0,0.0,0.0,0.0,0.0,0.0,0.0,서울특별시,서초구,반포동,D302,2026.0,775.0,775.0,775.0,775.0,795.0,795.0,795.0,775.0,0.0,서울특별시,서초구,D302,8.0,6.0,0.0,2.0,21.0,15.0,2.0,4.0
서울특별시,강남구,논현동,논현,S215,2026.0,0.0,3.3,3.3,3.3,3.3,3.3,3.3,0.0,서울특별시,강남구,논현동,S215,2026.0,0.0,0.0,0.0,0.0,0.0,0.0,0.0,0.0,서울특별시,강남구,논현동,S215,2026.0,0.0,0.0,0.0,0.0,0.0,0.0,0.0,0.0,0.0,서울특별시,강남구,S215,6.0,6.0,0.0,0.0,22.0,13.0,0.0,9.0
경기도,용인시기흥구,서천동,농서,S348,2026.0,0.0,0.0,0.0,0.0,0.0,0.0,0.0,0.0,경기도,수원시영통구,망포동,S348,2026.0,0.0,0.0,0.0,0.0,0.0,0.0,0.0,0.0,경기도,수원시영통구,망포동,S348,2026.0,1330.0,1495.0,1495.0,1495.0,1495.0,1495.0,1495.0,1330.0,0.0,경기도,수원시영통구,S348,12.0,8.0,1.0,3.0,24.0,10.0,3.0,11.0
경기도,용인시기흥구,서천동,농서,S348,2026.0,0.0,0.0,0.0,0.0,0.0,0.0,0.0,0.0,경기도,수원시영통구,망포동,S348,2026.0,0.0,0.0,0.0,0.0,0.0,0.0,0.0,0.0,경기도,수원시영통구,망포동,S348,2026.0,1330.0,1495.0,1495.0,1495.0,1495.0,1495.0,1495.0,1330.0,0.0,경기도,용인시기흥구,S348,12.0,8.0,1.0,3.0,24.0,10.0,3.0,11.0
,,,농성,,,,,,,,,,,,,,,,,,,,,,,,,,,,,,,,,,,,,,전남광주통합특별시,서구,E406,8.0,6.0,2.0,0.0,26.0,24.0,0.0,2.0
경상북도,김천시,남면,농소,D388,2026.0,100.4,87.3,85.3,72.8,60.0,46.9,33.9,100.4,경상북도,김천시,남면,D388,2026.0,300.0,305.0,285.0,255.0,265.0,365.0,340.0,300.0,경상북도,김천시,남면,D388,2026.0,820.0,820.0,820.0,840.0,855.0,880.0,890.0,820.0,0.0,경상북도,김천시,D388,8.0,4.0,0.0,4.0,13.0,12.0,0.0,1.0
경기도,고양시덕양구,화전동,능곡,S103,2026.0,0.0,0.0,0.0,0.0,0.0,0.0,0.0,0.0,경기도,고양시덕양구,강매동,S103,2026.0,0.0,0.0,0.0,0.0,0.0,0.0,0.0,0.0,경기도,고양시덕양구,강매동,S103,2026.0,650.0,650.0,665.0,665.0,665.0,700.0,705.0,650.0,0.0,경기도,고양시덕양구,S103,8.0,6.0,2.0,0.0,30.0,23.0,0.0,7.0
부산광역시,사하구,다대동,다대,2795,2026.0,0.0,0.0,0.0,0.0,0.0,0.0,0.0,0.0,부산광역시,사하구,구평동,2795,2026.0,45.0,0.0,0.0,0.0,0.0,0.0,0.0,45.0,부산광역시,사하구,구평동,2795,2026.0,0.0,0.0,0.0,0.0,0.0,730.0,730.0,0.0,306.0,부산광역시,사하구,2795,8.0,5.0,2.0,1.0,20.0,17.0,3.0,0.0
대구광역시,달성군,하빈면,다사,S738,2026.0,66.3,65.1,64.0,62.9,61.7,60.6,59.5,66.3,대구광역시,달서구,다사읍,S738,2026.0,90.0,60.0,270.0,240.0,260.0,240.0,205.0,90.0,대구광역시,달서구,다사읍,S738,2026.0,615.0,615.0,1150.0,1150.0,1150.0,1150.0,1150.0,615.0,0.0,대구광역시,달서구,S738,12.0,5.0,0.0,7.0,22.0,16.0,0.0,6.0
대구광역시,달성군,하빈면,다사,S738,2026.0,66.3,65.1,64.0,62.9,61.7,60.6,59.5,66.3,대구광역시,달서구,다사읍,S738,2026.0,90.0,60.0,270.0,240.0,260.0,240.0,205.0,90.0,대구광역시,달서구,다사읍,S738,2026.0,615.0,615.0,1150.0,1150.0,1150.0,1150.0,1150.0,615.0,0.0,대구광역시,달성군,S738,12.0,5.0,0.0,7.0,22.0,16.0,0.0,6.0
경상북도,고령군,다산면,다산,2644,2026.0,28.2,26.6,25.1,23.6,22.0,20.5,19.0,28.2,경상북도,고령군,다산면,2644,2026.0,185.0,190.0,135.0,90.0,90.0,60.0,85.0,185.0,경상북도,고령군,다산면,2644,2026.0,1175.0,1175.0,1175.0,1175.0,1175.0,1175.0,1180.0,1175.0,0.0,경상북도,고령군,2644,5.0,4.0,0.0,1.0,32.0,29.0,0.0,3.0
충청북도,단양군,가곡면,단양,4597,2026.0,26.6,24.7,22.8,21.0,19.1,17.2,15.4,26.6,충청북도,단양군,적성면,4597,2026.0,0.0,0.0,0.0,0.0,0.0,0.0,0.0,0.0,충청북도,단양군,가곡면,4597,2026.0,0.0,0.0,0.0,0.0,0.0,585.0,590.0,0.0,0.0,충청북도,단양군,4597,13.0,12.0,1.0,0.0,17.0,14.0,0.0,3.0
대구광역시,달서구,신당동,달서,2746,2026.0,25.2,23.5,21.9,20.2,18.6,17.0,15.3,25.2,대구광역시,달서구,갈산동,2746,2026.0,105.0,70.0,95.0,105.0,115.0,110.0,85.0,105.0,대구광역시,달서구,갈산동,2746,2026.0,610.0,610.0,610.0,615.0,615.0,615.0,615.0,610.0,0.0,대구광역시,달서구,2746,0.0,0.0,0.0,0.0,0.0,0.0,0.0,0.0
대구광역시,달성군,화원읍,달성,2520,2026.0,0.0,31.3,29.7,28.3,26.7,25.2,23.7,0.0,대구광역시,달서구,화원읍,2520,2026.0,0.0,0.0,0.0,0.0,0.0,0.0,0.0,0.0,대구광역시,달서구,화원읍,2520,2026.0,0.0,0.0,0.0,0.0,0.0,0.0,0.0,0.0,0.0,대구광역시,달서구,2520,8.0,8.0,0.0,0.0,33.0,28.0,0.0,5.0
대구광역시,달성군,화원읍,달성,2520,2026.0,0.0,31.3,29.7,28.3,26.7,25.2,23.7,0.0,대구광역시,달서구,화원읍,2520,2026.0,0.0,0.0,0.0,0.0,0.0,0.0,0.0,0.0,대구광역시,달서구,화원읍,2520,2026.0,0.0,0.0,0.0,0.0,0.0,0.0,0.0,0.0,0.0,대구광역시,달성군,2520,8.0,8.0,0.0,0.0,33.0,28.0,0.0,5.0
전남광주통합특별시,담양군,창평면,담양,2774,2026.0,75.1,73.5,72.0,70.4,68.9,67.4,65.9,75.1,전남광주통합특별시,북구,대전면,2774,2026.0,120.0,100.0,105.0,100.0,105.0,105.0,175.0,120.0,전남광주통합특별시,북구,대전면,2774,2026.0,0.0,0.0,0.0,0.0,0.0,0.0,0.0,0.0,0.0,전남광주통합특별시,담양군,2774,12.0,5.0,1.0,6.0,18.0,15.0,0.0,3.0
전남광주통합특별시,담양군,창평면,담양,2774,2026.0,75.1,73.5,72.0,70.4,68.9,67.4,65.9,75.1,전남광주통합특별시,북구,대전면,2774,2026.0,120.0,100.0,105.0,100.0,105.0,105.0,175.0,120.0,전남광주통합특별시,북구,대전면,2774,2026.0,0.0,0.0,0.0,0.0,0.0,0.0,0.0,0.0,0.0,전남광주통합특별시,북구,2774,12.0,5.0,1.0,6.0,18.0,15.0,0.0,3.0
경기도,수원시권선구,당수동,당수(건설중),E575,2026.0,0.0,0.0,0.0,0.0,0.0,0.0,139.1,0.0,경기도,수원시권선구,평동,E575,2026.0,0.0,0.0,0.0,0.0,0.0,0.0,50.0,0.0,경기도,수원시권선구,평동,E575,2026.0,0.0,1225.0,1225.0,1230.0,1235.0,1245.0,1725.0,0.0,0.0,,,,,,,,,,,
울산광역시,울주군,온산읍,당월,D397,2026.0,0.0,0.0,0.0,0.0,0.0,0.0,0.0,0.0,울산광역시,울주군,온산읍,D397,2026.0,0.0,0.0,0.0,0.0,0.0,0.0,0.0,0.0,울산광역시,울주군,온산읍,D397,2026.0,0.0,0.0,0.0,0.0,0.0,645.0,645.0,0.0,0.0,울산광역시,울주군,D397,8.0,5.0,2.0,1.0,14.0,13.0,1.0,0.0
서울특별시,마포구,합정동,당인리,2022,2026.0,0.0,0.0,0.0,0.0,0.0,0.0,0.0,0.0,서울특별시,마포구,망원동,2022,2026.0,0.0,0.0,0.0,0.0,0.0,0.0,0.0,0.0,서울특별시,마포구,망원동,2022,2026.0,515.0,540.0,595.0,595.0,595.0,595.0,595.0,515.0,0.0,서울특별시,마포구,2022,6.0,6.0,0.0,0.0,28.0,16.0,0.0,12.0
충청남도,당진시,순성면,당진,2229,2026.0,0.0,0.0,0.0,0.0,0.0,0.0,0.0,0.0,충청남도,당진시,순성면,2229,2026.0,525.0,425.0,440.0,410.0,450.0,425.0,425.0,525.0,충청남도,당진시,순성면,2229,2026.0,0.0,0.0,0.0,0.0,0.0,0.0,0.0,0.0,0.0,충청남도,당진시,2229,12.0,5.0,2.0,5.0,23.0,18.0,5.0,0.0
,,,당진화력,,,,,,,,,,,,,,,,,,,,,,,,충청남도,당진시,석문면,S508,2026.0,0.0,0.0,0.0,0.0,0.0,0.0,0.0,0.0,30.1,,,,,,,,,,,
경기도,고양시일산동구,백석동,대곡(건설중),E813,2026.0,0.0,0.0,0.0,0.0,0.0,0.0,0.0,0.0,경기도,고양시일산동구,백석동,E813,2026.0,0.0,0.0,0.0,0.0,0.0,0.0,0.0,0.0,경기도,고양시일산동구,백석동,E813,2026.0,0.0,0.0,0.0,0.0,0.0,1105.0,1105.0,0.0,0.0,,,,,,,,,,,
,,,대구,,,,,,,,,,,,,,,,,,,,,,,,경상북도,청도군,화양읍,S743,2026.0,1490.0,2205.0,2320.0,2320.0,2335.0,2370.0,2400.0,1490.0,0.0,경상북도,청도군,S743,18.0,8.0,0.0,10.0,0.0,0.0,0.0,0.0
,,,대구,,,,,,,,,,,,,,,,,,,,,,,,경상북도,청도군,화양읍,S743,2026.0,1490.0,2205.0,2320.0,2320.0,2335.0,2370.0,2400.0,1490.0,0.0,대구광역시,남구,S743,18.0,8.0,0.0,10.0,0.0,0.0,0.0,0.0
,,,대구,,,,,,,,,,,,,,,,,,,,,,,,경상북도,청도군,화양읍,S743,2026.0,1490.0,2205.0,2320.0,2320.0,2335.0,2370.0,2400.0,1490.0,0.0,대구광역시,달서구,S743,18.0,8.0,0.0,10.0,0.0,0.0,0.0,0.0
,,,대구,,,,,,,,,,,,,,,,,,,,,,,,경상북도,청도군,화양읍,S743,2026.0,1490.0,2205.0,2320.0,2320.0,2335.0,2370.0,2400.0,1490.0,0.0,대구광역시,달성군,S743,18.0,8.0,0.0,10.0,0.0,0.0,0.0,0.0
,,,대구,,,,,,,,,,,,,,,,,,,,,,,,경상북도,청도군,화양읍,S743,2026.0,1490.0,2205.0,2320.0,2320.0,2335.0,2370.0,2400.0,1490.0,0.0,대구광역시,동구,S743,18.0,8.0,0.0,10.0,0.0,0.0,0.0,0.0
,,,대구,,,,,,,,,,,,,,,,,,,,,,,,경상북도,청도군,화양읍,S743,2026.0,1490.0,2205.0,2320.0,2320.0,2335.0,2370.0,2400.0,1490.0,0.0,대구광역시,북구,S743,18.0,8.0,0.0,10.0,0.0,0.0,0.0,0.0
,,,대구,,,,,,,,,,,,,,,,,,,,,,,,경상북도,청도군,화양읍,S743,2026.0,1490.0,2205.0,2320.0,2320.0,2335.0,2370.0,2400.0,1490.0,0.0,대구광역시,서구,S743,18.0,8.0,0.0,10.0,0.0,0.0,0.0,0.0
,,,대구,,,,,,,,,,,,,,,,,,,,,,,,경상북도,청도군,화양읍,S743,2026.0,1490.0,2205.0,2320.0,2320.0,2335.0,2370.0,2400.0,1490.0,0.0,대구광역시,수성구,S743,18.0,8.0,0.0,10.0,0.0,0.0,0.0,0.0
,,,대구,,,,,,,,,,,,,,,,,,,,,,,,경상북도,청도군,화양읍,S743,2026.0,1490.0,2205.0,2320.0,2320.0,2335.0,2370.0,2400.0,1490.0,0.0,대구광역시,중구,S743,18.0,8.0,0.0,10.0,0.0,0.0,0.0,0.0
,,,대구,,,,,,,,,,,,,,,,,,,,,,,,대구광역시,서구,내당동,S743,2026.0,1490.0,2205.0,2320.0,2320.0,2335.0,2370.0,2400.0,1490.0,0.0,경상북도,청도군,S743,18.0,8.0,0.0,10.0,0.0,0.0,0.0,0.0
,,,대구,,,,,,,,,,,,,,,,,,,,,,,,대구광역시,서구,내당동,S743,2026.0,1490.0,2205.0,2320.0,2320.0,2335.0,2370.0,2400.0,1490.0,0.0,대구광역시,남구,S743,18.0,8.0,0.0,10.0,0.0,0.0,0.0,0.0
,,,대구,,,,,,,,,,,,,,,,,,,,,,,,대구광역시,서구,내당동,S743,2026.0,1490.0,2205.0,2320.0,2320.0,2335.0,2370.0,2400.0,1490.0,0.0,대구광역시,달서구,S743,18.0,8.0,0.0,10.0,0.0,0.0,0.0,0.0
,,,대구,,,,,,,,,,,,,,,,,,,,,,,,대구광역시,서구,내당동,S743,2026.0,1490.0,2205.0,2320.0,2320.0,2335.0,2370.0,2400.0,1490.0,0.0,대구광역시,달성군,S743,18.0,8.0,0.0,10.0,0.0,0.0,0.0,0.0
,,,대구,,,,,,,,,,,,,,,,,,,,,,,,대구광역시,서구,내당동,S743,2026.0,1490.0,2205.0,2320.0,2320.0,2335.0,2370.0,2400.0,1490.0,0.0,대구광역시,동구,S743,18.0,8.0,0.0,10.0,0.0,0.0,0.0,0.0
,,,대구,,,,,,,,,,,,,,,,,,,,,,,,대구광역시,서구,내당동,S743,2026.0,1490.0,2205.0,2320.0,2320.0,2335.0,2370.0,2400.0,1490.0,0.0,대구광역시,북구,S743,18.0,8.0,0.0,10.0,0.0,0.0,0.0,0.0
,,,대구,,,,,,,,,,,,,,,,,,,,,,,,대구광역시,서구,내당동,S743,2026.0,1490.0,2205.0,2320.0,2320.0,2335.0,2370.0,2400.0,1490.0,0.0,대구광역시,서구,S743,18.0,8.0,0.0,10.0,0.0,0.0,0.0,0.0
,,,대구,,,,,,,,,,,,,,,,,,,,,,,,대구광역시,서구,내당동,S743,2026.0,1490.0,2205.0,2320.0,2320.0,2335.0,2370.0,2400.0,1490.0,0.0,대구광역시,수성구,S743,18.0,8.0,0.0,10.0,0.0,0.0,0.0,0.0
,,,대구,,,,,,,,,,,,,,,,,,,,,,,,대구광역시,서구,내당동,S743,2026.0,1490.0,2205.0,2320.0,2320.0,2335.0,2370.0,2400.0,1490.0,0.0,대구광역시,중구,S743,18.0,8.0,0.0,10.0,0.0,0.0,0.0,0.0
대전광역시,유성구,원촌동,대덕,2207,2026.0,13.7,0.0,0.0,0.0,0.0,0.0,0.0,13.7,대전광역시,유성구,가정동,2207,2026.0,220.0,0.0,0.0,0.0,0.0,0.0,0.0,220.0,대전광역시,유성구,가정동,2207,2026.0,0.0,0.0,0.0,0.0,0.0,0.0,0.0,0.0,0.0,대전광역시,유성구,2207,8.0,6.0,0.0,2.0,26.0,26.0,0.0,0.0
서울특별시,영등포구,대림동,대림,S225,2026.0,0.0,0.0,0.0,0.0,0.0,26.2,26.2,0.0,서울특별시,영등포구,대림동,S225,2026.0,0.0,0.0,0.0,0.0,0.0,40.0,40.0,0.0,서울특별시,영등포구,대림동,S225,2026.0,0.0,0.0,0.0,0.0,0.0,980.0,980.0,0.0,0.0,서울특별시,영등포구,S225,4.0,3.0,0.0,1.0,29.0,17.0,3.0,9.0
서울특별시,금천구,독산동,대방,2157,2026.0,0.0,0.0,0.0,0.0,0.0,40.0,40.0,0.0,서울특별시,금천구,독산동,2157,2026.0,0.0,0.0,0.0,0.0,0.0,40.0,40.0,0.0,서울특별시,금천구,독산동,2157,2026.0,625.0,625.0,625.0,625.0,625.0,625.0,625.0,625.0,0.0,서울특별시,금천구,2157,8.0,4.0,0.0,4.0,28.0,16.0,4.0,8.0
전남광주통합특별시,영암군,삼호읍,대불,2689,2026.0,0.0,0.0,0.0,0.0,0.0,0.0,0.0,0.0,전남광주통합특별시,영암군,삼호읍,2689,2026.0,0.0,0.0,0.0,0.0,0.0,0.0,0.0,0.0,전남광주통합특별시,영암군,삼호읍,2689,2026.0,0.0,0.0,0.0,0.0,0.0,0.0,0.0,0.0,6.4409,전남광주통합특별시,영암군,2689,12.0,10.0,2.0,0.0,28.0,28.0,0.0,0.0
충청남도,서산시,대산읍,대산,2765,2026.0,0.0,0.0,0.0,0.0,0.0,0.0,0.0,0.0,충청남도,서산시,대산읍,2765,2026.0,0.0,0.0,0.0,0.0,0.0,0.0,0.0,0.0,충청남도,서산시,대산읍,2765,2026.0,0.0,0.0,0.0,0.0,0.0,0.0,0.0,0.0,320.0,충청남도,서산시,2765,16.0,16.0,0.0,0.0,23.0,21.0,0.0,2.0
경상북도,포항시남구,대송면,대송,S730,2026.0,124.1,50.0,123.1,122.4,121.7,121.0,120.3,124.1,경상북도,포항시남구,대송면,S730,2026.0,155.0,50.0,435.0,445.0,470.0,550.0,605.0,155.0,경상북도,포항시남구,대송면,S730,2026.0,0.0,0.0,0.0,0.0,0.0,580.0,585.0,0.0,28.8,경상북도,포항시남구,S730,13.0,4.0,1.0,8.0,14.0,10.0,0.0,4.0
부산광역시,수영구,민락동,대연,2341,2026.0,0.0,0.0,0.0,0.0,0.0,0.0,0.0,0.0,부산광역시,수영구,광안동,2341,2026.0,0.0,0.0,0.0,0.0,0.0,0.0,0.0,0.0,부산광역시,수영구,광안동,2341,2026.0,770.0,770.0,770.0,770.0,770.0,775.0,775.0,770.0,0.0,부산광역시,남구,2341,8.0,8.0,0.0,0.0,24.0,18.0,0.0,6.0
부산광역시,수영구,민락동,대연,2341,2026.0,0.0,0.0,0.0,0.0,0.0,0.0,0.0,0.0,부산광역시,수영구,광안동,2341,2026.0,0.0,0.0,0.0,0.0,0.0,0.0,0.0,0.0,부산광역시,수영구,광안동,2341,2026.0,770.0,770.0,770.0,770.0,770.0,775.0,775.0,770.0,0.0,부산광역시,수영구,2341,8.0,8.0,0.0,0.0,24.0,18.0,0.0,6.0
,,,대저,,,,,,,,,,,,,,,,,,,,,,,,,,,,,,,,,,,,,,부산광역시,강서구,E468,8.0,4.0,2.0,2.0,14.0,5.0,1.0,8.0
충청남도,보령시,내항동,대천,2238,2026.0,77.7,75.6,73.4,67.1,63.6,60.2,56.8,77.7,충청남도,보령시,내항동,2238,2026.0,690.0,680.0,475.0,520.0,495.0,680.0,640.0,690.0,충청남도,보령시,내항동,2238,2026.0,0.0,0.0,0.0,0.0,0.0,0.0,0.0,0.0,0.0,,,,,,,,,,,
서울특별시,강남구,대치동,대치,2650,2026.0,0.0,0.0,0.0,0.0,0.0,0.0,0.0,0.0,서울특별시,강남구,대치동,2650,2026.0,0.0,0.0,0.0,0.0,0.0,0.0,0.0,0.0,서울특별시,강남구,대치동,2650,2026.0,0.0,0.0,0.0,0.0,0.0,0.0,0.0,0.0,0.0,서울특별시,강남구,2650,4.0,4.0,0.0,0.0,26.0,25.0,0.0,1.0
대전광역시,대덕구,대화동,대화,2680,2026.0,0.0,0.0,0.0,0.0,0.0,0.0,0.0,0.0,대전광역시,대덕구,대화동,2680,2026.0,0.0,0.0,0.0,0.0,0.0,0.0,0.0,0.0,대전광역시,대덕구,대화동,2680,2026.0,0.0,0.0,0.0,0.0,0.0,0.0,0.0,0.0,0.0,대전광역시,대덕구,2680,8.0,8.0,0.0,0.0,26.0,18.0,1.0,7.0
경기도,양주시,회정동,덕계,S104,2026.0,0.0,0.0,0.0,0.0,0.0,0.0,0.0,0.0,경기도,양주시,덕계동,S104,2026.0,0.0,0.0,0.0,0.0,0.0,0.0,0.0,0.0,경기도,양주시,덕계동,S104,2026.0,910.0,910.0,910.0,910.0,910.0,1080.0,1085.0,910.0,0.0,경기도,양주시,S104,6.0,4.0,2.0,0.0,25.0,25.0,0.0,0.0
전남광주통합특별시,함평군,해보면,덕림,E157,2026.0,71.3,59.0,49.1,20.0,0.7,4.7,0.0,71.3,전남광주통합특별시,함평군,나산면,E157,2026.0,0.0,0.0,0.0,0.0,0.0,0.0,0.0,0.0,전남광주통합특별시,함평군,나산면,E157,2026.0,0.0,0.0,0.0,0.0,0.0,0.0,0.0,0.0,150.1378,전남광주통합특별시,광산구,E157,8.0,4.0,4.0,0.0,25.0,12.0,0.0,13.0
전남광주통합특별시,함평군,해보면,덕림,E157,2026.0,71.3,59.0,49.1,20.0,0.7,4.7,0.0,71.3,전남광주통합특별시,함평군,나산면,E157,2026.0,0.0,0.0,0.0,0.0,0.0,0.0,0.0,0.0,전남광주통합특별시,함평군,나산면,E157,2026.0,0.0,0.0,0.0,0.0,0.0,0.0,0.0,0.0,150.1378,전남광주통합특별시,장성군,E157,8.0,4.0,4.0,0.0,25.0,12.0,0.0,13.0
전남광주통합특별시,함평군,해보면,덕림,E157,2026.0,71.3,59.0,49.1,20.0,0.7,4.7,0.0,71.3,전남광주통합특별시,함평군,나산면,E157,2026.0,0.0,0.0,0.0,0.0,0.0,0.0,0.0,0.0,전남광주통합특별시,함평군,나산면,E157,2026.0,0.0,0.0,0.0,0.0,0.0,0.0,0.0,0.0,150.1378,전남광주통합특별시,함평군,E157,8.0,4.0,4.0,0.0,25.0,12.0,0.0,13.0
충청북도,진천군,덕산면,덕산,D342,2026.0,0.0,0.0,0.0,0.0,0.0,0.0,0.0,0.0,충청북도,진천군,진천읍,D342,2026.0,100.0,0.0,355.0,405.0,0.0,360.0,360.0,100.0,충청북도,진천군,덕산면,D342,2026.0,0.0,0.0,0.0,0.0,0.0,475.0,1230.0,0.0,0.0,충청북도,진천군,D342,12.0,5.0,2.0,5.0,17.0,17.0,0.0,0.0
경기도,용인시처인구,이동읍,덕성,D502,2026.0,0.0,0.0,0.0,0.0,0.0,0.0,0.0,0.0,경기도,용인시처인구,이동읍,D502,2026.0,0.0,0.0,0.0,0.0,0.0,0.0,0.0,0.0,경기도,용인시처인구,이동읍,D502,2026.0,1180.0,1270.0,1270.0,1285.0,1285.0,1290.0,1295.0,1180.0,0.0,경기도,용인시처인구,D502,8.0,4.0,2.0,2.0,26.0,6.0,18.0,2.0
경기도,남양주시,화도읍,덕소,2629,2026.0,0.0,0.0,0.0,0.0,8.3,8.3,8.3,0.0,경기도,남양주시,삼패동,2629,2026.0,0.0,0.0,0.0,0.0,0.0,0.0,0.0,0.0,경기도,남양주시,삼패동,2629,2026.0,0.0,0.0,0.0,0.0,0.0,0.0,0.0,0.0,0.0,,,,,,,,,,,
,,,덕소(SA),,,,,,,,,,,,,,,,,,,,,,,,,,,,,,,,,,,,,,경기도,남양주시,E381,10.0,10.0,0.0,0.0,28.0,17.0,0.0,11.0
경기도,고양시일산서구,덕이동,덕이,D289,2026.0,0.0,0.0,0.0,0.0,0.0,0.0,0.0,0.0,경기도,고양시일산서구,가좌동,D289,2026.0,0.0,0.0,0.0,0.0,0.0,0.0,0.0,0.0,경기도,고양시일산서구,가좌동,D289,2026.0,605.0,615.0,750.0,770.0,785.0,845.0,855.0,605.0,0.0,경기도,고양시일산서구,D289,12.0,4.0,0.0,8.0,24.0,13.0,3.0,8.0
대전광역시,유성구,화암동,덕진,2671,2026.0,6.0,0.0,0.0,0.0,0.0,0.0,0.0,6.0,대전광역시,유성구,관평동,2671,2026.0,30.0,0.0,0.0,0.0,0.0,0.0,0.0,30.0,대전광역시,유성구,관평동,2671,2026.0,0.0,0.0,0.0,0.0,0.0,0.0,0.0,0.0,0.0,대전광역시,유성구,2671,12.0,10.0,0.0,2.0,28.0,24.0,1.0,3.0
부산광역시,사상구,삼락동,덕포,S806,2026.0,101.0,0.0,0.0,0.0,0.0,0.0,0.0,101.0,부산광역시,사상구,감전동,S806,2026.0,230.0,0.0,0.0,0.0,0.0,0.0,0.0,230.0,부산광역시,사상구,감전동,S806,2026.0,490.0,490.0,490.0,540.0,540.0,540.0,540.0,490.0,0.0,부산광역시,사상구,S806,8.0,4.0,0.0,4.0,12.0,9.0,4.0,-1.0
부산광역시,부산광역시강서구,강동동,델타(건설중),E234,2026.0,0.0,0.0,0.0,0.0,0.0,0.0,0.0,0.0,부산광역시,부산광역시강서구,강동동,E234,2026.0,0.0,0.0,0.0,0.0,0.0,0.0,0.0,0.0,부산광역시,부산광역시강서구,강동동,E234,2026.0,0.0,0.0,0.0,0.0,1690.0,1805.0,1875.0,0.0,0.0,,,,,,,,,,,
강원특별자치도,삼척시,가곡면,도계,S440,2026.0,86.9,86.7,86.5,86.3,86.1,85.9,85.7,86.9,강원특별자치도,삼척시,가곡면,S440,2026.0,0.0,0.0,0.0,0.0,0.0,0.0,0.0,0.0,강원특별자치도,삼척시,가곡면,S440,2026.0,0.0,0.0,0.0,0.0,0.0,0.0,0.0,0.0,113.4,강원특별자치도,삼척시,S440,11.0,8.0,3.0,0.0,13.0,10.0,2.0,1.0
충청북도,청주시흥덕구,신성동,도계2S/S(건설중),E257,2026.0,0.0,0.0,0.0,0.0,0.0,0.0,0.0,0.0,충청북도,청주시흥덕구,옥산면,E257,2026.0,0.0,0.0,0.0,0.0,0.0,0.0,0.0,0.0,충청북도,청주시흥덕구,신성동,E257,2026.0,0.0,0.0,0.0,0.0,0.0,0.0,0.0,0.0,0.0,,,,,,,,,,,
충청남도,아산시,선장면,도고(건설중),E838,2026.0,0.0,0.0,0.0,0.0,0.0,0.0,0.0,0.0,충청남도,아산시,선장면,E838,2026.0,0.0,0.0,0.0,0.0,0.0,0.0,0.0,0.0,충청남도,아산시,선장면,E838,2026.0,0.0,0.0,0.0,0.0,0.0,0.0,0.0,0.0,0.0,,,,,,,,,,,
서울특별시,강남구,도곡동,도곡,S217,2026.0,0.0,0.0,0.0,0.0,0.0,0.0,92.0,0.0,서울특별시,강남구,도곡동,S217,2026.0,0.0,0.0,0.0,0.0,0.0,0.0,350.0,0.0,서울특별시,강남구,도곡동,S217,2026.0,395.0,395.0,395.0,395.0,395.0,395.0,1020.0,395.0,0.0,서울특별시,강남구,S217,8.0,2.0,2.0,4.0,29.0,12.0,1.0,16.0
경기도,,춘의동,도당,E004,2026.0,0.0,0.0,0.0,0.0,0.0,0.0,0.0,0.0,경기도,,도당동,E004,2026.0,0.0,0.0,0.0,0.0,0.0,0.0,0.0,0.0,경기도,,도당동,E004,2026.0,560.0,560.0,605.0,615.0,615.0,615.0,620.0,560.0,0.0,경기도,부천시,E004,8.0,5.0,3.0,0.0,14.0,11.0,3.0,0.0
인천광역시,남동구,논현동,도림,D312,2026.0,0.0,0.0,0.0,0.0,0.0,35.0,35.0,0.0,인천광역시,남동구,논현동,D312,2026.0,0.0,0.0,0.0,0.0,0.0,35.0,35.0,0.0,경기도,시흥시,도창동,D312,2026.0,970.0,970.0,1010.0,1010.0,1010.0,1010.0,1015.0,970.0,0.0,경기도,시흥시,D312,12.0,6.0,0.0,6.0,26.0,20.0,4.0,2.0
인천광역시,남동구,논현동,도림,D312,2026.0,0.0,0.0,0.0,0.0,0.0,35.0,35.0,0.0,인천광역시,남동구,논현동,D312,2026.0,0.0,0.0,0.0,0.0,0.0,35.0,35.0,0.0,경기도,시흥시,도창동,D312,2026.0,970.0,970.0,1010.0,1010.0,1010.0,1010.0,1015.0,970.0,0.0,인천광역시,남동구,D312,12.0,6.0,0.0,6.0,26.0,20.0,4.0,2.0
인천광역시,남동구,논현동,도림,D312,2026.0,0.0,0.0,0.0,0.0,0.0,35.0,35.0,0.0,인천광역시,남동구,논현동,D312,2026.0,0.0,0.0,0.0,0.0,0.0,35.0,35.0,0.0,인천광역시,남동구,논현동,D312,2026.0,970.0,970.0,1010.0,1010.0,1010.0,1010.0,1015.0,970.0,0.0,경기도,시흥시,D312,12.0,6.0,0.0,6.0,26.0,20.0,4.0,2.0
인천광역시,남동구,논현동,도림,D312,2026.0,0.0,0.0,0.0,0.0,0.0,35.0,35.0,0.0,인천광역시,남동구,논현동,D312,2026.0,0.0,0.0,0.0,0.0,0.0,35.0,35.0,0.0,인천광역시,남동구,논현동,D312,2026.0,970.0,970.0,1010.0,1010.0,1010.0,1010.0,1015.0,970.0,0.0,인천광역시,남동구,D312,12.0,6.0,0.0,6.0,26.0,20.0,4.0,2.0
인천광역시,남동구,논현동,도림,D312,2026.0,0.0,0.0,0.0,0.0,0.0,35.0,35.0,0.0,경기도,시흥시,도창동,D312,2026.0,0.0,0.0,0.0,0.0,0.0,35.0,35.0,0.0,경기도,시흥시,도창동,D312,2026.0,970.0,970.0,1010.0,1010.0,1010.0,1010.0,1015.0,970.0,0.0,경기도,시흥시,D312,12.0,6.0,0.0,6.0,26.0,20.0,4.0,2.0
인천광역시,남동구,논현동,도림,D312,2026.0,0.0,0.0,0.0,0.0,0.0,35.0,35.0,0.0,경기도,시흥시,도창동,D312,2026.0,0.0,0.0,0.0,0.0,0.0,35.0,35.0,0.0,경기도,시흥시,도창동,D312,2026.0,970.0,970.0,1010.0,1010.0,1010.0,1010.0,1015.0,970.0,0.0,인천광역시,남동구,D312,12.0,6.0,0.0,6.0,26.0,20.0,4.0,2.0
인천광역시,남동구,논현동,도림,D312,2026.0,0.0,0.0,0.0,0.0,0.0,35.0,35.0,0.0,경기도,시흥시,도창동,D312,2026.0,0.0,0.0,0.0,0.0,0.0,35.0,35.0,0.0,인천광역시,남동구,논현동,D312,2026.0,970.0,970.0,1010.0,1010.0,1010.0,1010.0,1015.0,970.0,0.0,경기도,시흥시,D312,12.0,6.0,0.0,6.0,26.0,20.0,4.0,2.0
인천광역시,남동구,논현동,도림,D312,2026.0,0.0,0.0,0.0,0.0,0.0,35.0,35.0,0.0,경기도,시흥시,도창동,D312,2026.0,0.0,0.0,0.0,0.0,0.0,35.0,35.0,0.0,인천광역시,남동구,논현동,D312,2026.0,970.0,970.0,1010.0,1010.0,1010.0,1010.0,1015.0,970.0,0.0,인천광역시,남동구,D312,12.0,6.0,0.0,6.0,26.0,20.0,4.0,2.0
경기도,시흥시,포동,도림,D312,2026.0,0.0,0.0,0.0,0.0,0.0,35.0,35.0,0.0,인천광역시,남동구,논현동,D312,2026.0,0.0,0.0,0.0,0.0,0.0,35.0,35.0,0.0,경기도,시흥시,도창동,D312,2026.0,970.0,970.0,1010.0,1010.0,1010.0,1010.0,1015.0,970.0,0.0,경기도,시흥시,D312,12.0,6.0,0.0,6.0,26.0,20.0,4.0,2.0
경기도,시흥시,포동,도림,D312,2026.0,0.0,0.0,0.0,0.0,0.0,35.0,35.0,0.0,인천광역시,남동구,논현동,D312,2026.0,0.0,0.0,0.0,0.0,0.0,35.0,35.0,0.0,경기도,시흥시,도창동,D312,2026.0,970.0,970.0,1010.0,1010.0,1010.0,1010.0,1015.0,970.0,0.0,인천광역시,남동구,D312,12.0,6.0,0.0,6.0,26.0,20.0,4.0,2.0
경기도,시흥시,포동,도림,D312,2026.0,0.0,0.0,0.0,0.0,0.0,35.0,35.0,0.0,인천광역시,남동구,논현동,D312,2026.0,0.0,0.0,0.0,0.0,0.0,35.0,35.0,0.0,인천광역시,남동구,논현동,D312,2026.0,970.0,970.0,1010.0,1010.0,1010.0,1010.0,1015.0,970.0,0.0,경기도,시흥시,D312,12.0,6.0,0.0,6.0,26.0,20.0,4.0,2.0
경기도,시흥시,포동,도림,D312,2026.0,0.0,0.0,0.0,0.0,0.0,35.0,35.0,0.0,인천광역시,남동구,논현동,D312,2026.0,0.0,0.0,0.0,0.0,0.0,35.0,35.0,0.0,인천광역시,남동구,논현동,D312,2026.0,970.0,970.0,1010.0,1010.0,1010.0,1010.0,1015.0,970.0,0.0,인천광역시,남동구,D312,12.0,6.0,0.0,6.0,26.0,20.0,4.0,2.0
경기도,시흥시,포동,도림,D312,2026.0,0.0,0.0,0.0,0.0,0.0,35.0,35.0,0.0,경기도,시흥시,도창동,D312,2026.0,0.0,0.0,0.0,0.0,0.0,35.0,35.0,0.0,경기도,시흥시,도창동,D312,2026.0,970.0,970.0,1010.0,1010.0,1010.0,1010.0,1015.0,970.0,0.0,경기도,시흥시,D312,12.0,6.0,0.0,6.0,26.0,20.0,4.0,2.0
경기도,시흥시,포동,도림,D312,2026.0,0.0,0.0,0.0,0.0,0.0,35.0,35.0,0.0,경기도,시흥시,도창동,D312,2026.0,0.0,0.0,0.0,0.0,0.0,35.0,35.0,0.0,경기도,시흥시,도창동,D312,2026.0,970.0,970.0,1010.0,1010.0,1010.0,1010.0,1015.0,970.0,0.0,인천광역시,남동구,D312,12.0,6.0,0.0,6.0,26.0,20.0,4.0,2.0
경기도,시흥시,포동,도림,D312,2026.0,0.0,0.0,0.0,0.0,0.0,35.0,35.0,0.0,경기도,시흥시,도창동,D312,2026.0,0.0,0.0,0.0,0.0,0.0,35.0,35.0,0.0,인천광역시,남동구,논현동,D312,2026.0,970.0,970.0,1010.0,1010.0,1010.0,1010.0,1015.0,970.0,0.0,경기도,시흥시,D312,12.0,6.0,0.0,6.0,26.0,20.0,4.0,2.0
경기도,시흥시,포동,도림,D312,2026.0,0.0,0.0,0.0,0.0,0.0,35.0,35.0,0.0,경기도,시흥시,도창동,D312,2026.0,0.0,0.0,0.0,0.0,0.0,35.0,35.0,0.0,인천광역시,남동구,논현동,D312,2026.0,970.0,970.0,1010.0,1010.0,1010.0,1010.0,1015.0,970.0,0.0,인천광역시,남동구,D312,12.0,6.0,0.0,6.0,26.0,20.0,4.0,2.0
경기도,의정부시,장암동,도봉,2090,2026.0,0.0,0.0,0.0,0.0,0.0,0.0,0.0,0.0,경기도,의정부시,장암동,2090,2026.0,0.0,0.0,0.0,0.0,0.0,0.0,0.0,0.0,경기도,의정부시,장암동,2090,2026.0,0.0,0.0,0.0,0.0,0.0,0.0,0.0,0.0,0.0,,,,,,,,,,,
경기도,평택시,도일동,도일(건설중),E580,2026.0,0.0,0.0,0.0,0.0,0.0,0.0,0.0,0.0,경기도,평택시,도일동,E580,2026.0,0.0,0.0,0.0,0.0,0.0,0.0,0.0,0.0,경기도,평택시,도일동,E580,2026.0,0.0,0.0,0.0,1225.0,1230.0,1240.0,1240.0,0.0,0.0,,,,,,,,,,,
경상북도,구미시,산동읍,도중,D997,2026.0,0.0,0.0,0.0,0.0,0.0,42.1,29.8,0.0,경상북도,구미시,산동읍,D997,2026.0,0.0,0.0,0.0,0.0,0.0,210.0,205.0,0.0,경상북도,구미시,산동읍,D997,2026.0,0.0,0.0,0.0,0.0,0.0,135.0,150.0,0.0,20.0,경상북도,구미시,D997,8.0,5.0,1.0,2.0,14.0,5.0,6.0,3.0
서울특별시,금천구,독산동,독산,S214,2026.0,0.0,0.0,0.0,0.0,0.0,0.0,0.0,0.0,서울특별시,금천구,독산동,S214,2026.0,0.0,0.0,0.0,0.0,0.0,0.0,0.0,0.0,서울특별시,금천구,독산동,S214,2026.0,0.0,0.0,0.0,0.0,0.0,0.0,0.0,0.0,0.0,서울특별시,금천구,S214,6.0,6.0,0.0,0.0,26.0,21.0,0.0,5.0
서울특별시,성북구,성북동,돈암,S117,2026.0,68.1,67.3,66.5,65.7,65.0,0.0,0.0,68.1,서울특별시,성북구,돈암동,S117,2026.0,135.0,145.0,100.0,90.0,95.0,0.0,0.0,135.0,서울특별시,성북구,돈암동,S117,2026.0,0.0,0.0,0.0,0.0,0.0,0.0,0.0,0.0,0.0,서울특별시,성북구,S117,8.0,3.0,0.0,5.0,28.0,14.0,0.0,14.0
대구광역시,달성군,구지면,동구지(건설중),E133,2026.0,0.0,165.6,165.6,165.6,165.6,165.6,165.6,0.0,대구광역시,달성군,가창면,E133,2026.0,0.0,465.0,350.0,315.0,285.0,255.0,215.0,0.0,대구광역시,달성군,가창면,E133,2026.0,0.0,675.0,675.0,685.0,700.0,715.0,720.0,0.0,0.0,,,,,,,,,,,
전북특별자치도,군산시,장미동,동군산,2674,2026.0,25.9,21.4,19.6,17.7,15.9,14.1,12.3,25.9,전북특별자치도,군산시,개정면,2674,2026.0,400.0,400.0,400.0,400.0,400.0,400.0,400.0,400.0,전북특별자치도,군산시,개정면,2674,2026.0,0.0,0.0,0.0,0.0,0.0,0.0,830.0,0.0,0.0,전북특별자치도,군산시,2674,9.0,8.0,0.0,1.0,31.0,22.0,3.0,6.0
서울특별시,송파구,장지동,동남,S228,2026.0,0.0,0.0,0.0,0.0,0.0,0.0,0.0,0.0,서울특별시,송파구,장지동,S228,2026.0,35.0,35.0,35.0,35.0,35.0,35.0,35.0,35.0,서울특별시,송파구,장지동,S228,2026.0,300.0,300.0,300.0,300.0,300.0,305.0,305.0,300.0,0.0,서울특별시,송파구,S228,9.0,4.0,1.0,4.0,30.0,16.0,6.0,8.0
대전광역시,동구,효평동,동대전,2672,2026.0,0.0,0.0,0.0,0.0,0.0,0.0,0.0,0.0,대전광역시,동구,내탑동,2672,2026.0,185.0,0.0,0.0,0.0,0.0,0.0,0.0,185.0,대전광역시,동구,내탑동,2672,2026.0,0.0,0.0,0.0,0.0,0.0,0.0,0.0,0.0,0.0,대전광역시,동구,2672,8.0,7.0,0.0,1.0,27.0,23.0,0.0,4.0
경기도,양주시,은현면,동두천,2431,2026.0,0.0,0.0,0.0,0.0,0.0,0.0,0.0,0.0,경기도,동두천시,걸산동,2431,2026.0,0.0,0.0,0.0,0.0,0.0,0.0,0.0,0.0,경기도,동두천시,걸산동,2431,2026.0,960.0,960.0,970.0,970.0,970.0,1020.0,1030.0,960.0,0.0,경기도,동두천시,2431,8.0,4.0,2.0,2.0,29.0,26.0,0.0,3.0
경기도,양주시,은현면,동두천,2431,2026.0,0.0,0.0,0.0,0.0,0.0,0.0,0.0,0.0,경기도,동두천시,걸산동,2431,2026.0,0.0,0.0,0.0,0.0,0.0,0.0,0.0,0.0,경기도,동두천시,걸산동,2431,2026.0,960.0,960.0,970.0,970.0,970.0,1020.0,1030.0,960.0,0.0,경기도,양주시,2431,8.0,4.0,2.0,2.0,29.0,26.0,0.0,3.0
부산광역시,동래구,온천동,동래,2697,2026.0,0.0,0.0,0.0,0.0,0.0,0.0,0.0,0.0,부산광역시,동래구,명륜동,2697,2026.0,0.0,0.0,0.0,0.0,0.0,0.0,0.0,0.0,부산광역시,동래구,명륜동,2697,2026.0,915.0,915.0,915.0,920.0,925.0,925.0,925.0,915.0,0.0,부산광역시,동래구,2697,6.0,4.0,1.0,1.0,20.0,20.0,0.0,0.0
강원특별자치도,춘천시,서면,동면(건설중),E354,2026.0,0.0,165.6,165.6,165.6,165.6,165.6,165.6,0.0,강원특별자치도,춘천시,서면,E354,2026.0,0.0,250.0,285.0,295.0,300.0,300.0,300.0,0.0,강원특별자치도,춘천시,서면,E354,2026.0,0.0,0.0,0.0,0.0,0.0,0.0,445.0,0.0,0.0,,,,,,,,,,,
경기도,용인시기흥구,지곡동,동백,S334,2026.0,0.0,0.0,0.0,0.0,0.0,0.0,9.1,0.0,경기도,용인시기흥구,동백동,S334,2026.0,0.0,0.0,0.0,0.0,0.0,0.0,0.0,0.0,경기도,용인시기흥구,동백동,S334,2026.0,425.0,425.0,425.0,425.0,425.0,425.0,1015.0,425.0,0.0,경기도,용인시기흥구,S334,8.0,5.0,0.0,3.0,26.0,23.0,3.0,0.0
경기도,용인시기흥구,지곡동,동백,S334,2026.0,0.0,0.0,0.0,0.0,0.0,0.0,9.1,0.0,경기도,용인시기흥구,동백동,S334,2026.0,0.0,0.0,0.0,0.0,0.0,0.0,0.0,0.0,경기도,용인시기흥구,동백동,S334,2026.0,425.0,425.0,425.0,425.0,425.0,425.0,1015.0,425.0,0.0,경기도,용인시처인구,S334,8.0,5.0,0.0,3.0,26.0,23.0,3.0,0.0
전북특별자치도,군산시,오식도동,동비응,E128,2026.0,102.2,102.2,102.2,92.4,82.6,72.9,68.0,102.2,전북특별자치도,군산시,회현면,E128,2026.0,725.0,660.0,775.0,705.0,660.0,610.0,580.0,725.0,전북특별자치도,군산시,회현면,E128,2026.0,0.0,0.0,0.0,0.0,0.0,0.0,1160.0,0.0,0.0,,,,,,,,,,,
서울특별시,용산구,한강로2가,동빙고,2011,2026.0,0.0,0.0,0.0,0.0,0.0,0.0,0.0,0.0,서울특별시,용산구,서빙고동,2011,2026.0,0.0,0.0,0.0,0.0,0.0,0.0,0.0,0.0,서울특별시,용산구,서빙고동,2011,2026.0,315.0,315.0,315.0,315.0,315.0,315.0,315.0,315.0,0.0,서울특별시,용산구,2011,8.0,5.0,0.0,3.0,16.0,14.0,2.0,0.0
,,,동상주개폐소,,,,,,,,,,,,,,,,,,,,,,,,경상북도,상주시,무양동,E226,2026.0,0.0,0.0,0.0,0.0,0.0,185.0,355.0,0.0,0.0,,,,,,,,,,,
서울특별시,강동구,강일동,동서울,2197,2026.0,0.0,0.0,0.0,0.0,0.0,0.0,0.0,0.0,서울특별시,광진구,자양동,2197,2026.0,0.0,0.0,0.0,0.0,0.0,0.0,0.0,0.0,경기도,하남시,천현동,2197,2026.0,355.0,1950.0,2105.0,2105.0,2260.0,2260.0,2280.0,355.0,0.0,경기도,양평군,2197,13.0,9.0,0.0,4.0,19.0,7.0,0.0,12.0
서울특별시,강동구,강일동,동서울,2197,2026.0,0.0,0.0,0.0,0.0,0.0,0.0,0.0,0.0,서울특별시,광진구,자양동,2197,2026.0,0.0,0.0,0.0,0.0,0.0,0.0,0.0,0.0,경기도,하남시,천현동,2197,2026.0,355.0,1950.0,2105.0,2105.0,2260.0,2260.0,2280.0,355.0,0.0,경기도,하남시,2197,13.0,9.0,0.0,4.0,19.0,7.0,0.0,12.0
서울특별시,강동구,강일동,동서울,2197,2026.0,0.0,0.0,0.0,0.0,0.0,0.0,0.0,0.0,서울특별시,광진구,자양동,2197,2026.0,0.0,0.0,0.0,0.0,0.0,0.0,0.0,0.0,경기도,하남시,천현동,2197,2026.0,355.0,1950.0,2105.0,2105.0,2260.0,2260.0,2280.0,355.0,0.0,서울특별시,강남구,2197,13.0,9.0,0.0,4.0,19.0,7.0,0.0,12.0
서울특별시,강동구,강일동,동서울,2197,2026.0,0.0,0.0,0.0,0.0,0.0,0.0,0.0,0.0,서울특별시,광진구,자양동,2197,2026.0,0.0,0.0,0.0,0.0,0.0,0.0,0.0,0.0,경기도,하남시,천현동,2197,2026.0,355.0,1950.0,2105.0,2105.0,2260.0,2260.0,2280.0,355.0,0.0,서울특별시,강동구,2197,13.0,9.0,0.0,4.0,19.0,7.0,0.0,12.0
서울특별시,강동구,강일동,동서울,2197,2026.0,0.0,0.0,0.0,0.0,0.0,0.0,0.0,0.0,서울특별시,광진구,자양동,2197,2026.0,0.0,0.0,0.0,0.0,0.0,0.0,0.0,0.0,경기도,하남시,천현동,2197,2026.0,355.0,1950.0,2105.0,2105.0,2260.0,2260.0,2280.0,355.0,0.0,서울특별시,광진구,2197,13.0,9.0,0.0,4.0,19.0,7.0,0.0,12.0
서울특별시,강동구,강일동,동서울,2197,2026.0,0.0,0.0,0.0,0.0,0.0,0.0,0.0,0.0,서울특별시,광진구,자양동,2197,2026.0,0.0,0.0,0.0,0.0,0.0,0.0,0.0,0.0,경기도,하남시,천현동,2197,2026.0,355.0,1950.0,2105.0,2105.0,2260.0,2260.0,2280.0,355.0,0.0,서울특별시,송파구,2197,13.0,9.0,0.0,4.0,19.0,7.0,0.0,12.0
서울특별시,강동구,강일동,동서울,2197,2026.0,0.0,0.0,0.0,0.0,0.0,0.0,0.0,0.0,서울특별시,광진구,자양동,2197,2026.0,0.0,0.0,0.0,0.0,0.0,0.0,0.0,0.0,서울특별시,광진구,자양동,2197,2026.0,355.0,1950.0,2105.0,2105.0,2260.0,2260.0,2280.0,355.0,0.0,경기도,양평군,2197,13.0,9.0,0.0,4.0,19.0,7.0,0.0,12.0
서울특별시,강동구,강일동,동서울,2197,2026.0,0.0,0.0,0.0,0.0,0.0,0.0,0.0,0.0,서울특별시,광진구,자양동,2197,2026.0,0.0,0.0,0.0,0.0,0.0,0.0,0.0,0.0,서울특별시,광진구,자양동,2197,2026.0,355.0,1950.0,2105.0,2105.0,2260.0,2260.0,2280.0,355.0,0.0,경기도,하남시,2197,13.0,9.0,0.0,4.0,19.0,7.0,0.0,12.0
서울특별시,강동구,강일동,동서울,2197,2026.0,0.0,0.0,0.0,0.0,0.0,0.0,0.0,0.0,서울특별시,광진구,자양동,2197,2026.0,0.0,0.0,0.0,0.0,0.0,0.0,0.0,0.0,서울특별시,광진구,자양동,2197,2026.0,355.0,1950.0,2105.0,2105.0,2260.0,2260.0,2280.0,355.0,0.0,서울특별시,강남구,2197,13.0,9.0,0.0,4.0,19.0,7.0,0.0,12.0
서울특별시,강동구,강일동,동서울,2197,2026.0,0.0,0.0,0.0,0.0,0.0,0.0,0.0,0.0,서울특별시,광진구,자양동,2197,2026.0,0.0,0.0,0.0,0.0,0.0,0.0,0.0,0.0,서울특별시,광진구,자양동,2197,2026.0,355.0,1950.0,2105.0,2105.0,2260.0,2260.0,2280.0,355.0,0.0,서울특별시,강동구,2197,13.0,9.0,0.0,4.0,19.0,7.0,0.0,12.0
서울특별시,강동구,강일동,동서울,2197,2026.0,0.0,0.0,0.0,0.0,0.0,0.0,0.0,0.0,서울특별시,광진구,자양동,2197,2026.0,0.0,0.0,0.0,0.0,0.0,0.0,0.0,0.0,서울특별시,광진구,자양동,2197,2026.0,355.0,1950.0,2105.0,2105.0,2260.0,2260.0,2280.0,355.0,0.0,서울특별시,광진구,2197,13.0,9.0,0.0,4.0,19.0,7.0,0.0,12.0
서울특별시,강동구,강일동,동서울,2197,2026.0,0.0,0.0,0.0,0.0,0.0,0.0,0.0,0.0,서울특별시,광진구,자양동,2197,2026.0,0.0,0.0,0.0,0.0,0.0,0.0,0.0,0.0,서울특별시,광진구,자양동,2197,2026.0,355.0,1950.0,2105.0,2105.0,2260.0,2260.0,2280.0,355.0,0.0,서울특별시,송파구,2197,13.0,9.0,0.0,4.0,19.0,7.0,0.0,12.0
서울특별시,강동구,강일동,동서울,2197,2026.0,0.0,0.0,0.0,0.0,0.0,0.0,0.0,0.0,경기도,하남시,천현동,2197,2026.0,0.0,0.0,0.0,0.0,0.0,0.0,0.0,0.0,경기도,하남시,천현동,2197,2026.0,355.0,1950.0,2105.0,2105.0,2260.0,2260.0,2280.0,355.0,0.0,경기도,양평군,2197,13.0,9.0,0.0,4.0,19.0,7.0,0.0,12.0
서울특별시,강동구,강일동,동서울,2197,2026.0,0.0,0.0,0.0,0.0,0.0,0.0,0.0,0.0,경기도,하남시,천현동,2197,2026.0,0.0,0.0,0.0,0.0,0.0,0.0,0.0,0.0,경기도,하남시,천현동,2197,2026.0,355.0,1950.0,2105.0,2105.0,2260.0,2260.0,2280.0,355.0,0.0,경기도,하남시,2197,13.0,9.0,0.0,4.0,19.0,7.0,0.0,12.0
서울특별시,강동구,강일동,동서울,2197,2026.0,0.0,0.0,0.0,0.0,0.0,0.0,0.0,0.0,경기도,하남시,천현동,2197,2026.0,0.0,0.0,0.0,0.0,0.0,0.0,0.0,0.0,경기도,하남시,천현동,2197,2026.0,355.0,1950.0,2105.0,2105.0,2260.0,2260.0,2280.0,355.0,0.0,서울특별시,강남구,2197,13.0,9.0,0.0,4.0,19.0,7.0,0.0,12.0
서울특별시,강동구,강일동,동서울,2197,2026.0,0.0,0.0,0.0,0.0,0.0,0.0,0.0,0.0,경기도,하남시,천현동,2197,2026.0,0.0,0.0,0.0,0.0,0.0,0.0,0.0,0.0,경기도,하남시,천현동,2197,2026.0,355.0,1950.0,2105.0,2105.0,2260.0,2260.0,2280.0,355.0,0.0,서울특별시,강동구,2197,13.0,9.0,0.0,4.0,19.0,7.0,0.0,12.0
서울특별시,강동구,강일동,동서울,2197,2026.0,0.0,0.0,0.0,0.0,0.0,0.0,0.0,0.0,경기도,하남시,천현동,2197,2026.0,0.0,0.0,0.0,0.0,0.0,0.0,0.0,0.0,경기도,하남시,천현동,2197,2026.0,355.0,1950.0,2105.0,2105.0,2260.0,2260.0,2280.0,355.0,0.0,서울특별시,광진구,2197,13.0,9.0,0.0,4.0,19.0,7.0,0.0,12.0
서울특별시,강동구,강일동,동서울,2197,2026.0,0.0,0.0,0.0,0.0,0.0,0.0,0.0,0.0,경기도,하남시,천현동,2197,2026.0,0.0,0.0,0.0,0.0,0.0,0.0,0.0,0.0,경기도,하남시,천현동,2197,2026.0,355.0,1950.0,2105.0,2105.0,2260.0,2260.0,2280.0,355.0,0.0,서울특별시,송파구,2197,13.0,9.0,0.0,4.0,19.0,7.0,0.0,12.0
서울특별시,강동구,강일동,동서울,2197,2026.0,0.0,0.0,0.0,0.0,0.0,0.0,0.0,0.0,경기도,하남시,천현동,2197,2026.0,0.0,0.0,0.0,0.0,0.0,0.0,0.0,0.0,서울특별시,광진구,자양동,2197,2026.0,355.0,1950.0,2105.0,2105.0,2260.0,2260.0,2280.0,355.0,0.0,경기도,양평군,2197,13.0,9.0,0.0,4.0,19.0,7.0,0.0,12.0
서울특별시,강동구,강일동,동서울,2197,2026.0,0.0,0.0,0.0,0.0,0.0,0.0,0.0,0.0,경기도,하남시,천현동,2197,2026.0,0.0,0.0,0.0,0.0,0.0,0.0,0.0,0.0,서울특별시,광진구,자양동,2197,2026.0,355.0,1950.0,2105.0,2105.0,2260.0,2260.0,2280.0,355.0,0.0,경기도,하남시,2197,13.0,9.0,0.0,4.0,19.0,7.0,0.0,12.0
서울특별시,강동구,강일동,동서울,2197,2026.0,0.0,0.0,0.0,0.0,0.0,0.0,0.0,0.0,경기도,하남시,천현동,2197,2026.0,0.0,0.0,0.0,0.0,0.0,0.0,0.0,0.0,서울특별시,광진구,자양동,2197,2026.0,355.0,1950.0,2105.0,2105.0,2260.0,2260.0,2280.0,355.0,0.0,서울특별시,강남구,2197,13.0,9.0,0.0,4.0,19.0,7.0,0.0,12.0
서울특별시,강동구,강일동,동서울,2197,2026.0,0.0,0.0,0.0,0.0,0.0,0.0,0.0,0.0,경기도,하남시,천현동,2197,2026.0,0.0,0.0,0.0,0.0,0.0,0.0,0.0,0.0,서울특별시,광진구,자양동,2197,2026.0,355.0,1950.0,2105.0,2105.0,2260.0,2260.0,2280.0,355.0,0.0,서울특별시,강동구,2197,13.0,9.0,0.0,4.0,19.0,7.0,0.0,12.0
서울특별시,강동구,강일동,동서울,2197,2026.0,0.0,0.0,0.0,0.0,0.0,0.0,0.0,0.0,경기도,하남시,천현동,2197,2026.0,0.0,0.0,0.0,0.0,0.0,0.0,0.0,0.0,서울특별시,광진구,자양동,2197,2026.0,355.0,1950.0,2105.0,2105.0,2260.0,2260.0,2280.0,355.0,0.0,서울특별시,광진구,2197,13.0,9.0,0.0,4.0,19.0,7.0,0.0,12.0
서울특별시,강동구,강일동,동서울,2197,2026.0,0.0,0.0,0.0,0.0,0.0,0.0,0.0,0.0,경기도,하남시,천현동,2197,2026.0,0.0,0.0,0.0,0.0,0.0,0.0,0.0,0.0,서울특별시,광진구,자양동,2197,2026.0,355.0,1950.0,2105.0,2105.0,2260.0,2260.0,2280.0,355.0,0.0,서울특별시,송파구,2197,13.0,9.0,0.0,4.0,19.0,7.0,0.0,12.0
경기도,하남시,감일동,동서울,2197,2026.0,0.0,0.0,0.0,0.0,0.0,0.0,0.0,0.0,서울특별시,광진구,자양동,2197,2026.0,0.0,0.0,0.0,0.0,0.0,0.0,0.0,0.0,경기도,하남시,천현동,2197,2026.0,355.0,1950.0,2105.0,2105.0,2260.0,2260.0,2280.0,355.0,0.0,경기도,양평군,2197,13.0,9.0,0.0,4.0,19.0,7.0,0.0,12.0
경기도,하남시,감일동,동서울,2197,2026.0,0.0,0.0,0.0,0.0,0.0,0.0,0.0,0.0,서울특별시,광진구,자양동,2197,2026.0,0.0,0.0,0.0,0.0,0.0,0.0,0.0,0.0,경기도,하남시,천현동,2197,2026.0,355.0,1950.0,2105.0,2105.0,2260.0,2260.0,2280.0,355.0,0.0,경기도,하남시,2197,13.0,9.0,0.0,4.0,19.0,7.0,0.0,12.0
경기도,하남시,감일동,동서울,2197,2026.0,0.0,0.0,0.0,0.0,0.0,0.0,0.0,0.0,서울특별시,광진구,자양동,2197,2026.0,0.0,0.0,0.0,0.0,0.0,0.0,0.0,0.0,경기도,하남시,천현동,2197,2026.0,355.0,1950.0,2105.0,2105.0,2260.0,2260.0,2280.0,355.0,0.0,서울특별시,강남구,2197,13.0,9.0,0.0,4.0,19.0,7.0,0.0,12.0
경기도,하남시,감일동,동서울,2197,2026.0,0.0,0.0,0.0,0.0,0.0,0.0,0.0,0.0,서울특별시,광진구,자양동,2197,2026.0,0.0,0.0,0.0,0.0,0.0,0.0,0.0,0.0,경기도,하남시,천현동,2197,2026.0,355.0,1950.0,2105.0,2105.0,2260.0,2260.0,2280.0,355.0,0.0,서울특별시,강동구,2197,13.0,9.0,0.0,4.0,19.0,7.0,0.0,12.0
경기도,하남시,감일동,동서울,2197,2026.0,0.0,0.0,0.0,0.0,0.0,0.0,0.0,0.0,서울특별시,광진구,자양동,2197,2026.0,0.0,0.0,0.0,0.0,0.0,0.0,0.0,0.0,경기도,하남시,천현동,2197,2026.0,355.0,1950.0,2105.0,2105.0,2260.0,2260.0,2280.0,355.0,0.0,서울특별시,광진구,2197,13.0,9.0,0.0,4.0,19.0,7.0,0.0,12.0
경기도,하남시,감일동,동서울,2197,2026.0,0.0,0.0,0.0,0.0,0.0,0.0,0.0,0.0,서울특별시,광진구,자양동,2197,2026.0,0.0,0.0,0.0,0.0,0.0,0.0,0.0,0.0,경기도,하남시,천현동,2197,2026.0,355.0,1950.0,2105.0,2105.0,2260.0,2260.0,2280.0,355.0,0.0,서울특별시,송파구,2197,13.0,9.0,0.0,4.0,19.0,7.0,0.0,12.0
경기도,하남시,감일동,동서울,2197,2026.0,0.0,0.0,0.0,0.0,0.0,0.0,0.0,0.0,서울특별시,광진구,자양동,2197,2026.0,0.0,0.0,0.0,0.0,0.0,0.0,0.0,0.0,서울특별시,광진구,자양동,2197,2026.0,355.0,1950.0,2105.0,2105.0,2260.0,2260.0,2280.0,355.0,0.0,경기도,양평군,2197,13.0,9.0,0.0,4.0,19.0,7.0,0.0,12.0
경기도,하남시,감일동,동서울,2197,2026.0,0.0,0.0,0.0,0.0,0.0,0.0,0.0,0.0,서울특별시,광진구,자양동,2197,2026.0,0.0,0.0,0.0,0.0,0.0,0.0,0.0,0.0,서울특별시,광진구,자양동,2197,2026.0,355.0,1950.0,2105.0,2105.0,2260.0,2260.0,2280.0,355.0,0.0,경기도,하남시,2197,13.0,9.0,0.0,4.0,19.0,7.0,0.0,12.0
경기도,하남시,감일동,동서울,2197,2026.0,0.0,0.0,0.0,0.0,0.0,0.0,0.0,0.0,서울특별시,광진구,자양동,2197,2026.0,0.0,0.0,0.0,0.0,0.0,0.0,0.0,0.0,서울특별시,광진구,자양동,2197,2026.0,355.0,1950.0,2105.0,2105.0,2260.0,2260.0,2280.0,355.0,0.0,서울특별시,강남구,2197,13.0,9.0,0.0,4.0,19.0,7.0,0.0,12.0
경기도,하남시,감일동,동서울,2197,2026.0,0.0,0.0,0.0,0.0,0.0,0.0,0.0,0.0,서울특별시,광진구,자양동,2197,2026.0,0.0,0.0,0.0,0.0,0.0,0.0,0.0,0.0,서울특별시,광진구,자양동,2197,2026.0,355.0,1950.0,2105.0,2105.0,2260.0,2260.0,2280.0,355.0,0.0,서울특별시,강동구,2197,13.0,9.0,0.0,4.0,19.0,7.0,0.0,12.0
경기도,하남시,감일동,동서울,2197,2026.0,0.0,0.0,0.0,0.0,0.0,0.0,0.0,0.0,서울특별시,광진구,자양동,2197,2026.0,0.0,0.0,0.0,0.0,0.0,0.0,0.0,0.0,서울특별시,광진구,자양동,2197,2026.0,355.0,1950.0,2105.0,2105.0,2260.0,2260.0,2280.0,355.0,0.0,서울특별시,광진구,2197,13.0,9.0,0.0,4.0,19.0,7.0,0.0,12.0
경기도,하남시,감일동,동서울,2197,2026.0,0.0,0.0,0.0,0.0,0.0,0.0,0.0,0.0,서울특별시,광진구,자양동,2197,2026.0,0.0,0.0,0.0,0.0,0.0,0.0,0.0,0.0,서울특별시,광진구,자양동,2197,2026.0,355.0,1950.0,2105.0,2105.0,2260.0,2260.0,2280.0,355.0,0.0,서울특별시,송파구,2197,13.0,9.0,0.0,4.0,19.0,7.0,0.0,12.0
경기도,하남시,감일동,동서울,2197,2026.0,0.0,0.0,0.0,0.0,0.0,0.0,0.0,0.0,경기도,하남시,천현동,2197,2026.0,0.0,0.0,0.0,0.0,0.0,0.0,0.0,0.0,경기도,하남시,천현동,2197,2026.0,355.0,1950.0,2105.0,2105.0,2260.0,2260.0,2280.0,355.0,0.0,경기도,양평군,2197,13.0,9.0,0.0,4.0,19.0,7.0,0.0,12.0
경기도,하남시,감일동,동서울,2197,2026.0,0.0,0.0,0.0,0.0,0.0,0.0,0.0,0.0,경기도,하남시,천현동,2197,2026.0,0.0,0.0,0.0,0.0,0.0,0.0,0.0,0.0,경기도,하남시,천현동,2197,2026.0,355.0,1950.0,2105.0,2105.0,2260.0,2260.0,2280.0,355.0,0.0,경기도,하남시,2197,13.0,9.0,0.0,4.0,19.0,7.0,0.0,12.0
경기도,하남시,감일동,동서울,2197,2026.0,0.0,0.0,0.0,0.0,0.0,0.0,0.0,0.0,경기도,하남시,천현동,2197,2026.0,0.0,0.0,0.0,0.0,0.0,0.0,0.0,0.0,경기도,하남시,천현동,2197,2026.0,355.0,1950.0,2105.0,2105.0,2260.0,2260.0,2280.0,355.0,0.0,서울특별시,강남구,2197,13.0,9.0,0.0,4.0,19.0,7.0,0.0,12.0
경기도,하남시,감일동,동서울,2197,2026.0,0.0,0.0,0.0,0.0,0.0,0.0,0.0,0.0,경기도,하남시,천현동,2197,2026.0,0.0,0.0,0.0,0.0,0.0,0.0,0.0,0.0,경기도,하남시,천현동,2197,2026.0,355.0,1950.0,2105.0,2105.0,2260.0,2260.0,2280.0,355.0,0.0,서울특별시,강동구,2197,13.0,9.0,0.0,4.0,19.0,7.0,0.0,12.0
경기도,하남시,감일동,동서울,2197,2026.0,0.0,0.0,0.0,0.0,0.0,0.0,0.0,0.0,경기도,하남시,천현동,2197,2026.0,0.0,0.0,0.0,0.0,0.0,0.0,0.0,0.0,경기도,하남시,천현동,2197,2026.0,355.0,1950.0,2105.0,2105.0,2260.0,2260.0,2280.0,355.0,0.0,서울특별시,광진구,2197,13.0,9.0,0.0,4.0,19.0,7.0,0.0,12.0
경기도,하남시,감일동,동서울,2197,2026.0,0.0,0.0,0.0,0.0,0.0,0.0,0.0,0.0,경기도,하남시,천현동,2197,2026.0,0.0,0.0,0.0,0.0,0.0,0.0,0.0,0.0,경기도,하남시,천현동,2197,2026.0,355.0,1950.0,2105.0,2105.0,2260.0,2260.0,2280.0,355.0,0.0,서울특별시,송파구,2197,13.0,9.0,0.0,4.0,19.0,7.0,0.0,12.0
경기도,하남시,감일동,동서울,2197,2026.0,0.0,0.0,0.0,0.0,0.0,0.0,0.0,0.0,경기도,하남시,천현동,2197,2026.0,0.0,0.0,0.0,0.0,0.0,0.0,0.0,0.0,서울특별시,광진구,자양동,2197,2026.0,355.0,1950.0,2105.0,2105.0,2260.0,2260.0,2280.0,355.0,0.0,경기도,양평군,2197,13.0,9.0,0.0,4.0,19.0,7.0,0.0,12.0
경기도,하남시,감일동,동서울,2197,2026.0,0.0,0.0,0.0,0.0,0.0,0.0,0.0,0.0,경기도,하남시,천현동,2197,2026.0,0.0,0.0,0.0,0.0,0.0,0.0,0.0,0.0,서울특별시,광진구,자양동,2197,2026.0,355.0,1950.0,2105.0,2105.0,2260.0,2260.0,2280.0,355.0,0.0,경기도,하남시,2197,13.0,9.0,0.0,4.0,19.0,7.0,0.0,12.0
경기도,하남시,감일동,동서울,2197,2026.0,0.0,0.0,0.0,0.0,0.0,0.0,0.0,0.0,경기도,하남시,천현동,2197,2026.0,0.0,0.0,0.0,0.0,0.0,0.0,0.0,0.0,서울특별시,광진구,자양동,2197,2026.0,355.0,1950.0,2105.0,2105.0,2260.0,2260.0,2280.0,355.0,0.0,서울특별시,강남구,2197,13.0,9.0,0.0,4.0,19.0,7.0,0.0,12.0
경기도,하남시,감일동,동서울,2197,2026.0,0.0,0.0,0.0,0.0,0.0,0.0,0.0,0.0,경기도,하남시,천현동,2197,2026.0,0.0,0.0,0.0,0.0,0.0,0.0,0.0,0.0,서울특별시,광진구,자양동,2197,2026.0,355.0,1950.0,2105.0,2105.0,2260.0,2260.0,2280.0,355.0,0.0,서울특별시,강동구,2197,13.0,9.0,0.0,4.0,19.0,7.0,0.0,12.0
경기도,하남시,감일동,동서울,2197,2026.0,0.0,0.0,0.0,0.0,0.0,0.0,0.0,0.0,경기도,하남시,천현동,2197,2026.0,0.0,0.0,0.0,0.0,0.0,0.0,0.0,0.0,서울특별시,광진구,자양동,2197,2026.0,355.0,1950.0,2105.0,2105.0,2260.0,2260.0,2280.0,355.0,0.0,서울특별시,광진구,2197,13.0,9.0,0.0,4.0,19.0,7.0,0.0,12.0
경기도,하남시,감일동,동서울,2197,2026.0,0.0,0.0,0.0,0.0,0.0,0.0,0.0,0.0,경기도,하남시,천현동,2197,2026.0,0.0,0.0,0.0,0.0,0.0,0.0,0.0,0.0,서울특별시,광진구,자양동,2197,2026.0,355.0,1950.0,2105.0,2105.0,2260.0,2260.0,2280.0,355.0,0.0,서울특별시,송파구,2197,13.0,9.0,0.0,4.0,19.0,7.0,0.0,12.0
,,,동서울#2,,,,,,,,,,,,,,,,,,,,,,,,경기도,하남시,교산동,D416,2026.0,280.0,1700.0,1700.0,1700.0,1700.0,1700.0,1745.0,280.0,0.0,,,,,,,,,,,
세종특별자치시,세종시,용호동,동세종(건설중),D479,2026.0,143.6,136.3,136.3,121.7,0.0,0.0,0.0,143.6,세종특별자치시,세종시,합강동,D479,2026.0,0.0,255.0,590.0,535.0,0.0,0.0,0.0,0.0,세종특별자치시,세종시,용호동,D479,2026.0,0.0,0.0,0.0,0.0,0.0,0.0,0.0,0.0,0.0,,,,,,,,,,,
강원특별자치도,철원군,원남면,동송(건설중),D296,2026.0,165.6,165.6,165.6,165.6,165.6,165.6,165.6,165.6,강원특별자치도,철원군,원남면,D296,2026.0,480.0,560.0,455.0,570.0,845.0,850.0,835.0,480.0,강원특별자치도,철원군,원남면,D296,2026.0,175.0,175.0,175.0,175.0,175.0,175.0,300.0,175.0,0.0,,,,,,,,,,,
인천광역시,연수구,송도동,동송도,D980,2026.0,0.0,0.0,0.0,0.0,0.0,0.0,0.0,0.0,인천광역시,연수구,송도동,D980,2026.0,0.0,0.0,0.0,0.0,0.0,0.0,0.0,0.0,인천광역시,연수구,송도동,D980,2026.0,780.0,915.0,915.0,915.0,965.0,1040.0,1040.0,780.0,0.0,인천광역시,연수구,D980,10.0,6.0,4.0,0.0,26.0,16.0,10.0,0.0
경기도,화성시만세구,송산면,동송산,D516,2026.0,0.0,0.0,0.0,0.0,0.0,0.0,0.0,0.0,경기도,화성시,장안면,D516,2026.0,0.0,0.0,0.0,0.0,0.0,250.0,250.0,0.0,경기도,화성시,장안면,D516,2026.0,985.0,1000.0,1010.0,1075.0,1085.0,1230.0,1245.0,985.0,0.0,,,,,,,,,,,
경기도,수원시영통구,매탄동,동수원#2(건설중),E815,2026.0,0.0,0.0,0.0,0.0,0.0,0.0,150.0,0.0,경기도,수원시영통구,매탄동,E815,2026.0,0.0,0.0,0.0,0.0,0.0,0.0,150.0,0.0,경기도,수원시영통구,매탄동,E815,2026.0,0.0,0.0,0.0,540.0,540.0,540.0,1710.0,0.0,0.0,,,,,,,,,,,
경기도,시흥시,정왕동,동시화,S340,2026.0,0.0,0.0,0.0,0.0,0.0,0.0,0.0,0.0,경기도,시흥시,정왕동,S340,2026.0,0.0,0.0,0.0,0.0,0.0,0.0,0.0,0.0,경기도,시흥시,정왕동,S340,2026.0,825.0,825.0,825.0,825.0,825.0,825.0,825.0,825.0,0.0,경기도,시흥시,S340,8.0,4.0,0.0,4.0,48.0,30.0,10.0,8.0
경상북도,안동시,길안면,동안동,S715,2026.0,0.0,0.0,0.0,0.0,78.4,77.0,75.6,0.0,경상북도,안동시,길안면,S715,2026.0,0.0,0.0,0.0,0.0,685.0,690.0,570.0,0.0,경상북도,안동시,길안면,S715,2026.0,0.0,0.0,0.0,0.0,0.0,295.0,345.0,0.0,0.0,경상북도,안동시,S715,6.0,5.0,0.0,1.0,20.0,12.0,5.0,3.0
경상북도,안동시,길안면,동안동,S715,2026.0,0.0,0.0,0.0,0.0,78.4,77.0,75.6,0.0,경상북도,안동시,길안면,S715,2026.0,0.0,0.0,0.0,0.0,685.0,690.0,570.0,0.0,경상북도,안동시,길안면,S715,2026.0,0.0,0.0,0.0,0.0,0.0,295.0,345.0,0.0,0.0,경상북도,의성군,S715,6.0,5.0,0.0,1.0,20.0,12.0,5.0,3.0
경기도,의왕시,학의동,동안양,2438,2026.0,0.0,0.0,0.0,0.0,0.0,0.0,0.0,0.0,경기도,안양시동안구,평촌동,2438,2026.0,0.0,0.0,0.0,0.0,0.0,0.0,0.0,0.0,경기도,안양시동안구,평촌동,2438,2026.0,0.0,0.0,0.0,0.0,0.0,0.0,0.0,0.0,0.0,경기도,안양시동안구,2438,7.0,7.0,0.0,0.0,28.0,28.0,0.0,0.0
경기도,의왕시,학의동,동안양,2438,2026.0,0.0,0.0,0.0,0.0,0.0,0.0,0.0,0.0,경기도,안양시동안구,평촌동,2438,2026.0,0.0,0.0,0.0,0.0,0.0,0.0,0.0,0.0,경기도,안양시동안구,평촌동,2438,2026.0,0.0,0.0,0.0,0.0,0.0,0.0,0.0,0.0,0.0,경기도,의왕시,2438,7.0,7.0,0.0,0.0,28.0,28.0,0.0,0.0
강원특별자치도,영월군,상동읍,동영월,S442,2026.0,140.7,140.4,140.0,139.7,139.4,139.0,138.7,140.7,강원특별자치도,영월군,상동읍,S442,2026.0,265.0,245.0,200.0,250.0,265.0,275.0,270.0,265.0,강원특별자치도,영월군,상동읍,S442,2026.0,0.0,0.0,0.0,0.0,0.0,300.0,405.0,0.0,58.8,강원특별자치도,영월군,S442,10.0,2.0,5.0,3.0,28.0,7.0,6.0,15.0
강원특별자치도,영월군,상동읍,동영월,S442,2026.0,140.7,140.4,140.0,139.7,139.4,139.0,138.7,140.7,강원특별자치도,영월군,상동읍,S442,2026.0,265.0,245.0,200.0,250.0,265.0,275.0,270.0,265.0,강원특별자치도,영월군,상동읍,S442,2026.0,0.0,0.0,0.0,0.0,0.0,300.0,405.0,0.0,58.8,강원특별자치도,정선군,S442,10.0,2.0,5.0,3.0,28.0,7.0,6.0,15.0
,,,동울산,,,,,,,,,,,,,,,,,,,,,,,,울산광역시,동구,방어동,D277,2026.0,290.0,290.0,645.0,830.0,830.0,830.0,830.0,290.0,0.0,울산광역시,동구,D277,21.0,6.0,1.0,14.0,0.0,0.0,0.0,0.0
,,,동울산,,,,,,,,,,,,,,,,,,,,,,,,울산광역시,동구,방어동,D277,2026.0,290.0,290.0,645.0,830.0,830.0,830.0,830.0,290.0,0.0,울산광역시,북구,D277,21.0,6.0,1.0,14.0,0.0,0.0,0.0,0.0
강원특별자치도,원주시,반곡동,동원주,D345,2026.0,72.4,70.8,69.1,67.4,65.8,64.1,62.4,72.4,강원특별자치도,원주시,반곡동,D345,2026.0,95.0,230.0,230.0,225.0,210.0,210.0,210.0,95.0,강원특별자치도,원주시,반곡동,D345,2026.0,0.0,0.0,0.0,0.0,365.0,365.0,365.0,0.0,0.0,강원특별자치도,원주시,D345,8.0,2.0,4.0,2.0,28.0,11.0,0.0,17.0
경상남도,창원시의창구,북면,동읍,S915,2026.0,0.0,0.0,0.0,0.0,0.0,0.0,0.0,0.0,경상남도,창원시의창구,북면,S915,2026.0,0.0,0.0,0.0,115.0,110.0,70.0,60.0,0.0,경상남도,창원시의창구,북면,S915,2026.0,470.0,510.0,510.0,510.0,515.0,520.0,520.0,470.0,0.0,경상남도,김해시,S915,12.0,6.0,0.0,6.0,31.0,27.0,0.0,4.0
경상남도,창원시의창구,북면,동읍,S915,2026.0,0.0,0.0,0.0,0.0,0.0,0.0,0.0,0.0,경상남도,창원시의창구,북면,S915,2026.0,0.0,0.0,0.0,115.0,110.0,70.0,60.0,0.0,경상남도,창원시의창구,북면,S915,2026.0,470.0,510.0,510.0,510.0,515.0,520.0,520.0,470.0,0.0,경상남도,창원시의창구,S915,12.0,6.0,0.0,6.0,31.0,27.0,0.0,4.0
대구광역시,중구,삼덕동1가,동인,2540,2026.0,0.0,0.0,0.0,0.0,0.0,0.0,0.0,0.0,대구광역시,중구,대봉동,2540,2026.0,0.0,0.0,0.0,0.0,0.0,0.0,0.0,0.0,대구광역시,중구,대봉동,2540,2026.0,0.0,0.0,0.0,0.0,0.0,0.0,0.0,0.0,0.0,대구광역시,중구,2540,6.0,6.0,0.0,0.0,22.0,20.0,0.0,2.0
전북특별자치도,전주시덕진구,인후동2가,동전주,2767,2026.0,0.0,0.0,0.0,0.0,13.0,10.3,7.6,0.0,전북특별자치도,전주시완산구,동서학동,2767,2026.0,0.0,0.0,0.0,0.0,300.0,350.0,280.0,0.0,전북특별자치도,전주시완산구,동서학동,2767,2026.0,0.0,0.0,0.0,0.0,0.0,0.0,735.0,0.0,0.0,,,,,,,,,,,
경상남도,진주시,금산면,동진주,E011,2026.0,73.9,72.0,70.2,68.4,66.6,64.8,63.0,73.9,경상남도,진주시,금산면,E011,2026.0,0.0,0.0,0.0,0.0,0.0,0.0,0.0,0.0,경상남도,진주시,금산면,E011,2026.0,0.0,0.0,0.0,490.0,490.0,490.0,490.0,0.0,0.0,경상남도,진주시,E011,8.0,4.0,0.0,4.0,21.0,14.0,0.0,7.0
충청남도,천안시동남구,동면,동천안,S520,2026.0,0.0,0.0,0.0,0.0,0.0,11.3,0.0,0.0,충청남도,천안시동남구,동면,S520,2026.0,0.0,0.0,0.0,0.0,0.0,495.0,0.0,0.0,충청남도,천안시동남구,동면,S520,2026.0,0.0,0.0,0.0,0.0,0.0,0.0,0.0,0.0,0.0,충청남도,천안시동남구,S520,8.0,4.0,0.0,4.0,22.0,17.0,2.0,3.0
충청북도,청주시상당구,낭성면,동청주(건설중),D350,2026.0,0.0,0.0,0.0,0.0,0.0,0.0,0.0,0.0,충청북도,청주시상당구,낭성면,D350,2026.0,0.0,0.0,0.0,0.0,0.0,0.0,0.0,0.0,충청북도,청주시상당구,낭성면,D350,2026.0,0.0,0.0,0.0,0.0,0.0,0.0,590.0,0.0,0.0,,,,,,,,,,,
인천광역시,남동구,고잔동,동춘,2819,2026.0,0.0,0.0,0.0,0.0,0.0,0.0,0.0,0.0,인천광역시,남동구,고잔동,2819,2026.0,0.0,0.0,0.0,0.0,0.0,0.0,0.0,0.0,인천광역시,남동구,고잔동,2819,2026.0,530.0,530.0,880.0,880.0,880.0,880.0,880.0,530.0,0.0,인천광역시,남동구,2819,8.0,6.0,2.0,0.0,26.0,26.0,0.0,0.0
강원특별자치도,춘천시,동면,동춘천(건설중),E374,2026.0,165.6,165.6,165.6,165.6,165.6,165.6,165.6,165.6,강원특별자치도,춘천시,동면,E374,2026.0,0.0,105.0,105.0,120.0,135.0,130.0,150.0,0.0,강원특별자치도,춘천시,동면,E374,2026.0,0.0,0.0,0.0,0.0,0.0,0.0,0.0,0.0,0.0,,,,,,,,,,,
경기도,화성시,장지동,동탄,D335,2026.0,0.0,0.0,0.0,0.0,0.0,0.0,0.0,0.0,경기도,오산시,부산동,D335,2026.0,0.0,0.0,0.0,0.0,0.0,0.0,0.0,0.0,경기도,오산시,부산동,D335,2026.0,1190.0,1200.0,1200.0,1235.0,1255.0,1270.0,1275.0,1190.0,0.0,경기도,오산시,D335,8.0,4.0,0.0,4.0,26.0,20.0,4.0,2.0
경기도,화성시,장지동,동탄,D335,2026.0,0.0,0.0,0.0,0.0,0.0,0.0,0.0,0.0,경기도,오산시,부산동,D335,2026.0,0.0,0.0,0.0,0.0,0.0,0.0,0.0,0.0,경기도,오산시,부산동,D335,2026.0,1190.0,1200.0,1200.0,1235.0,1255.0,1270.0,1275.0,1190.0,0.0,경기도,화성시,D335,8.0,4.0,0.0,4.0,26.0,20.0,4.0,2.0
경기도,성남시수정구,시흥동,동판교,S231,2026.0,0.0,0.0,0.0,0.0,0.0,0.0,0.0,0.0,경기도,성남시분당구,백현동,S231,2026.0,0.0,0.0,0.0,0.0,0.0,0.0,0.0,0.0,경기도,성남시분당구,백현동,S231,2026.0,795.0,795.0,795.0,795.0,795.0,795.0,830.0,795.0,0.0,경기도,성남시분당구,S231,12.0,9.0,0.0,3.0,30.0,21.0,5.0,4.0
경기도,성남시수정구,시흥동,동판교,S231,2026.0,0.0,0.0,0.0,0.0,0.0,0.0,0.0,0.0,경기도,성남시분당구,백현동,S231,2026.0,0.0,0.0,0.0,0.0,0.0,0.0,0.0,0.0,경기도,성남시분당구,백현동,S231,2026.0,795.0,795.0,795.0,795.0,795.0,795.0,830.0,795.0,0.0,경기도,성남시수정구,S231,12.0,9.0,0.0,3.0,30.0,21.0,5.0,4.0
경기도,평택시,고덕면,동평택(SA),D517,2026.0,0.0,0.0,0.0,0.0,0.0,0.0,0.0,0.0,경기도,평택시,신장동,D517,2026.0,0.0,0.0,0.0,0.0,0.0,0.0,0.0,0.0,경기도,평택시,신장동,D517,2026.0,785.0,785.0,785.0,805.0,835.0,860.0,1040.0,785.0,0.0,경기도,평택시,D517,8.0,2.0,2.0,4.0,26.0,13.0,12.0,1.0
,,,동해,,,,,,,,,,,,,,,,,,,,,,,,강원특별자치도,강릉시,입암동,2509,2026.0,0.0,0.0,0.0,0.0,0.0,980.0,980.0,0.0,0.0,,,,,,,,,,,
,,,동해T/P,,,,,,,,,,,,,,,,,,,,,,,,강원특별자치도,동해시,구호동,S409,2026.0,0.0,25.0,25.0,25.0,25.0,25.0,425.0,0.0,0.0,,,,,,,,,,,
대구광역시,달서구,성당동,두류,S727,2026.0,0.0,0.0,101.5,100.8,100.2,99.5,98.9,0.0,대구광역시,달서구,두류동,S727,2026.0,0.0,0.0,245.0,240.0,230.0,225.0,135.0,0.0,대구광역시,달서구,두류동,S727,2026.0,285.0,285.0,285.0,290.0,290.0,310.0,310.0,285.0,0.0,대구광역시,달서구,S727,8.0,4.0,1.0,3.0,9.0,8.0,0.0,1.0
충청남도,계룡시,금암동,두마,2512,2026.0,0.0,0.0,0.0,0.0,0.0,0.0,0.0,0.0,충청남도,계룡시,금암동,2512,2026.0,0.0,0.0,0.0,0.0,0.0,0.0,0.0,0.0,충청남도,계룡시,금암동,2512,2026.0,0.0,0.0,0.0,0.0,0.0,0.0,0.0,0.0,0.0,충청남도,계룡시,2512,8.0,4.0,0.0,4.0,26.0,17.0,4.0,5.0
울산광역시,남구,두왕동,두왕,E064,2026.0,0.0,0.0,0.0,0.0,0.0,0.0,0.0,0.0,울산광역시,남구,두왕동,E064,2026.0,0.0,0.0,0.0,0.0,55.0,100.0,175.0,0.0,울산광역시,남구,두왕동,E064,2026.0,0.0,0.0,0.0,0.0,0.0,890.0,890.0,0.0,0.0,울산광역시,남구,E064,8.0,4.0,0.0,4.0,13.0,13.0,1.0,-1.0
울산광역시,남구,두왕동,두왕,E064,2026.0,0.0,0.0,0.0,0.0,0.0,0.0,0.0,0.0,울산광역시,남구,두왕동,E064,2026.0,0.0,0.0,0.0,0.0,55.0,100.0,175.0,0.0,울산광역시,남구,두왕동,E064,2026.0,0.0,0.0,0.0,0.0,0.0,890.0,890.0,0.0,0.0,울산광역시,울주군,E064,8.0,4.0,0.0,4.0,13.0,13.0,1.0,-1.0
대전광역시,유성구,신동,둔곡,E227,2026.0,133.9,109.5,109.0,105.0,0.0,0.0,0.0,133.9,대전광역시,유성구,구룡동,E227,2026.0,205.0,115.0,115.0,105.0,0.0,0.0,0.0,205.0,대전광역시,유성구,구룡동,E227,2026.0,0.0,0.0,0.0,0.0,0.0,0.0,0.0,0.0,0.0,대전광역시,유성구,E227,8.0,5.0,0.0,3.0,26.0,3.0,8.0,15.0
강원특별자치도,횡성군,둔내면,둔내,D339,2026.0,130.7,130.1,129.5,128.9,128.3,127.6,127.0,130.7,강원특별자치도,횡성군,둔내면,D339,2026.0,195.0,405.0,295.0,305.0,510.0,505.0,455.0,195.0,강원특별자치도,횡성군,둔내면,D339,2026.0,0.0,0.0,0.0,0.0,260.0,360.0,370.0,0.0,99.0,강원특별자치도,횡성군,D339,12.0,4.0,4.0,4.0,26.0,7.0,1.0,18.0
대전광역시,서구,둔산동,둔산,2673,2026.0,0.0,0.0,0.0,0.0,0.0,0.0,0.0,0.0,대전광역시,서구,둔산동,2673,2026.0,30.0,0.0,0.0,0.0,0.0,0.0,0.0,30.0,대전광역시,서구,둔산동,2673,2026.0,0.0,0.0,0.0,0.0,0.0,0.0,0.0,0.0,0.0,대전광역시,서구,2673,8.0,5.0,0.0,3.0,27.0,27.0,-1.0,1.0
대전광역시,서구,탄방동,둔지,S524,2026.0,53.1,0.0,0.0,0.0,0.0,0.0,0.0,53.1,대전광역시,서구,갈마동,S524,2026.0,190.0,0.0,0.0,0.0,0.0,0.0,0.0,190.0,대전광역시,서구,갈마동,S524,2026.0,0.0,0.0,0.0,0.0,0.0,0.0,0.0,0.0,0.0,대전광역시,서구,S524,8.0,3.0,0.0,5.0,25.0,18.0,5.0,2.0
충청남도,아산시,둔포면,둔포,S506,2026.0,0.0,0.0,0.0,0.0,0.0,0.0,0.0,0.0,충청남도,아산시,둔포면,S506,2026.0,0.0,0.0,0.0,0.0,0.0,0.0,0.0,0.0,충청남도,아산시,둔포면,S506,2026.0,0.0,0.0,0.0,0.0,0.0,0.0,0.0,0.0,0.0,충청남도,아산시,S506,8.0,6.0,2.0,0.0,22.0,16.0,2.0,4.0
충청남도,아산시,둔포면,둔포,S506,2026.0,0.0,0.0,0.0,0.0,0.0,0.0,0.0,0.0,충청남도,아산시,둔포면,S506,2026.0,0.0,0.0,0.0,0.0,0.0,0.0,0.0,0.0,충청남도,아산시,둔포면,S506,2026.0,0.0,0.0,0.0,0.0,0.0,0.0,0.0,0.0,0.0,충청남도,천안시서북구,S506,8.0,6.0,2.0,0.0,22.0,16.0,2.0,4.0
전남광주통합특별시,보성군,득량면,득량(건설중),E272,2026.0,165.6,165.6,165.6,165.6,165.6,165.6,165.6,165.6,전남광주통합특별시,고흥군,포두면,E272,2026.0,0.0,0.0,0.0,0.0,0.0,0.0,0.0,0.0,전남광주통합특별시,고흥군,포두면,E272,2026.0,0.0,0.0,0.0,0.0,0.0,0.0,0.0,0.0,1.1259,,,,,,,,,,,
서울특별시,마포구,염창동,등촌,S224,2026.0,0.0,0.0,0.0,3.8,3.8,3.8,3.8,0.0,서울특별시,마포구,등촌동,S224,2026.0,0.0,0.0,0.0,35.0,35.0,35.0,35.0,0.0,서울특별시,마포구,등촌동,S224,2026.0,340.0,335.0,330.0,335.0,335.0,335.0,335.0,340.0,0.0,서울특별시,마포구,S224,8.0,4.0,0.0,4.0,28.0,17.0,4.0,7.0
서울특별시,성동구,송정동,뚝도,2088,2026.0,1.5,0.0,0.0,0.0,0.0,0.0,0.0,1.5,서울특별시,성동구,송정동,2088,2026.0,30.0,30.0,25.0,15.0,15.0,10.0,10.0,30.0,서울특별시,성동구,송정동,2088,2026.0,355.0,355.0,355.0,355.0,355.0,360.0,360.0,355.0,0.0,서울특별시,성동구,2088,8.0,4.0,0.0,4.0,34.0,29.0,0.0,5.0
서울특별시,서울특별시강서구,마곡동,마곡,D303,2026.0,0.0,0.0,0.0,0.0,0.0,0.0,0.0,0.0,서울특별시,마포구,마곡동,D303,2026.0,0.0,0.0,0.0,0.0,0.0,0.0,0.0,0.0,서울특별시,마포구,마곡동,D303,2026.0,675.0,675.0,675.0,675.0,675.0,675.0,675.0,675.0,19.8,서울특별시,강서구,D303,8.0,5.0,2.0,1.0,26.0,26.0,0.0,0.0
서울특별시,서울특별시강서구,마곡동,마곡,D303,2026.0,0.0,0.0,0.0,0.0,0.0,0.0,0.0,0.0,서울특별시,마포구,마곡동,D303,2026.0,0.0,0.0,0.0,0.0,0.0,0.0,0.0,0.0,서울특별시,마포구,마곡동,D303,2026.0,675.0,675.0,675.0,675.0,675.0,675.0,675.0,675.0,19.8,서울특별시,마포구,D303,8.0,5.0,2.0,1.0,26.0,26.0,0.0,0.0
경기도,화성시,마도면,마도,E050,2026.0,0.0,0.0,0.0,0.0,0.0,0.0,0.0,0.0,경기도,화성시,마도면,E050,2026.0,0.0,0.0,0.0,0.0,0.0,250.0,250.0,0.0,경기도,화성시,마도면,E050,2026.0,1010.0,1010.0,1010.0,1010.0,1010.0,1190.0,1190.0,1010.0,0.0,경기도,화성시,E050,8.0,4.0,0.0,4.0,25.0,13.0,4.0,8.0
경기도,용인시기흥구,청덕동,마북,D323,2026.0,0.0,0.0,0.0,0.0,0.0,0.0,25.7,0.0,경기도,용인시기흥구,구갈동,D323,2026.0,0.0,0.0,0.0,0.0,0.0,0.0,0.0,0.0,경기도,용인시기흥구,구갈동,D323,2026.0,830.0,875.0,875.0,875.0,875.0,875.0,1015.0,830.0,0.0,경기도,용인시기흥구,D323,12.0,6.0,4.0,2.0,26.0,11.0,1.0,14.0
경상남도,창원시마산회원구,구암동,마산,2355,2026.0,0.0,0.0,0.0,0.0,0.0,0.0,0.0,0.0,경상남도,창원시마산회원구,구암동,2355,2026.0,0.0,0.0,0.0,0.0,0.0,0.0,0.0,0.0,경상남도,창원시마산회원구,구암동,2355,2026.0,345.0,785.0,790.0,830.0,830.0,830.0,830.0,345.0,0.0,경상남도,창원시마산회원구,2355,9.0,4.0,0.0,5.0,31.0,26.0,0.0,5.0
경기도,남양주시,화도읍,마석,S119,2026.0,0.0,0.0,0.0,0.0,0.0,0.0,0.0,0.0,경기도,남양주시,수동면,S119,2026.0,0.0,0.0,0.0,0.0,0.0,0.0,0.0,0.0,경기도,남양주시,수동면,S119,2026.0,0.0,0.0,0.0,0.0,0.0,0.0,0.0,0.0,0.0,경기도,남양주시,S119,8.0,6.0,2.0,0.0,25.0,23.0,1.0,1.0
서울특별시,성동구,행당동,마장,2623,2026.0,49.5,49.3,49.1,48.9,0.0,0.0,0.0,49.5,서울특별시,중구,하왕십리동,2623,2026.0,80.0,65.0,65.0,5.0,10.0,0.0,0.0,80.0,서울특별시,중구,하왕십리동,2623,2026.0,1490.0,1490.0,1490.0,1490.0,1490.0,1490.0,1490.0,1490.0,0.0,,,,,,,,,,,
인천광역시,서구,가정동,마전(건설중),E144,2026.0,0.0,0.0,0.0,0.0,0.0,0.0,21.5,0.0,인천광역시,서구,가정동,E144,2026.0,0.0,0.0,0.0,0.0,0.0,0.0,75.0,0.0,인천광역시,서구,가정동,E144,2026.0,0.0,0.0,0.0,735.0,740.0,750.0,760.0,0.0,0.0,,,,,,,,,,,
경상남도,창원시진해구,수도동,마천(SA),2529,2026.0,27.2,18.1,8.6,0.0,0.0,0.0,0.0,27.2,경상남도,창원시진해구,수도동,2529,2026.0,0.0,0.0,0.0,0.0,0.0,0.0,0.0,0.0,경상남도,창원시진해구,수도동,2529,2026.0,985.0,985.0,985.0,985.0,990.0,995.0,1000.0,985.0,0.0,경상남도,창원시진해구,2529,6.0,6.0,0.0,0.0,26.0,16.0,1.0,9.0
서울특별시,용산구,도화동,마포,2040,2026.0,0.0,1.5,0.1,0.0,0.0,0.0,0.0,0.0,서울특별시,마포구,도화동,2040,2026.0,0.0,0.0,0.0,0.0,0.0,0.0,0.0,0.0,서울특별시,마포구,도화동,2040,2026.0,490.0,490.0,490.0,490.0,490.0,490.0,1325.0,490.0,0.0,서울특별시,마포구,2040,7.0,3.0,3.0,1.0,23.0,20.0,0.0,3.0
서울특별시,용산구,도화동,마포,2040,2026.0,0.0,1.5,0.1,0.0,0.0,0.0,0.0,0.0,서울특별시,마포구,도화동,2040,2026.0,0.0,0.0,0.0,0.0,0.0,0.0,0.0,0.0,서울특별시,마포구,도화동,2040,2026.0,490.0,490.0,490.0,490.0,490.0,490.0,1325.0,490.0,0.0,서울특별시,용산구,2040,7.0,3.0,3.0,1.0,23.0,20.0,0.0,3.0
인천광역시,남동구,구월동,만수,S324,2026.0,0.0,0.0,0.0,0.0,0.0,0.0,0.0,0.0,인천광역시,남동구,구월동,S324,2026.0,0.0,0.0,0.0,0.0,0.0,0.0,0.0,0.0,인천광역시,남동구,구월동,S324,2026.0,555.0,555.0,555.0,555.0,555.0,550.0,555.0,555.0,0.0,인천광역시,남동구,S324,8.0,7.0,0.0,1.0,26.0,26.0,0.0,0.0
경기도,평택시,신평면,만호,S350,2026.0,0.0,0.0,0.0,0.0,0.0,0.0,0.0,0.0,경기도,평택시,신평면,S350,2026.0,0.0,0.0,0.0,0.0,0.0,0.0,0.0,0.0,경기도,평택시,신평면,S350,2026.0,830.0,830.0,830.0,845.0,865.0,895.0,915.0,830.0,0.0,경기도,평택시,S350,12.0,6.0,0.0,6.0,26.0,18.0,0.0,8.0
울산광역시,북구,달천동,매곡,D448,2026.0,20.0,10.0,5.0,15.0,95.0,105.0,110.8,20.0,울산광역시,북구,달천동,D448,2026.0,20.0,10.0,5.0,15.0,95.0,105.0,115.0,20.0,울산광역시,북구,달천동,D448,2026.0,535.0,535.0,700.0,865.0,865.0,865.0,865.0,535.0,0.0,울산광역시,북구,D448,12.0,4.0,0.0,8.0,19.0,9.0,2.0,8.0
경상남도,김해시,상동면,매리,S823,2026.0,55.0,0.0,45.0,0.0,0.0,57.4,45.0,55.0,경상남도,김해시,상동면,S823,2026.0,55.0,0.0,45.0,0.0,0.0,95.0,45.0,55.0,경상남도,김해시,상동면,S823,2026.0,0.0,0.0,0.0,0.0,0.0,0.0,0.0,0.0,0.0,,,,,,,,,,,
울산광역시,남구,달동,매암,S817,2026.0,0.0,0.0,0.0,0.0,0.0,0.0,0.0,0.0,울산광역시,남구,달동,S817,2026.0,0.0,0.0,0.0,0.0,0.0,0.0,0.0,0.0,울산광역시,남구,달동,S817,2026.0,0.0,0.0,0.0,0.0,0.0,870.0,870.0,0.0,0.0,울산광역시,남구,S817,8.0,7.0,1.0,0.0,25.0,20.0,5.0,0.0
전남광주통합특별시,서구,풍암동,매월,S619,2026.0,0.0,0.0,0.0,0.0,0.0,0.0,0.0,0.0,전남광주통합특별시,남구,대지동,S619,2026.0,0.0,175.0,175.0,150.0,0.0,0.0,170.0,0.0,전남광주통합특별시,남구,대지동,S619,2026.0,0.0,0.0,0.0,0.0,0.0,0.0,0.0,0.0,35.7053,전남광주통합특별시,남구,S619,8.0,4.0,0.0,4.0,26.0,14.0,0.0,12.0
전남광주통합특별시,서구,풍암동,매월,S619,2026.0,0.0,0.0,0.0,0.0,0.0,0.0,0.0,0.0,전남광주통합특별시,남구,대지동,S619,2026.0,0.0,175.0,175.0,150.0,0.0,0.0,170.0,0.0,전남광주통합특별시,남구,대지동,S619,2026.0,0.0,0.0,0.0,0.0,0.0,0.0,0.0,0.0,35.7053,전남광주통합특별시,서구,S619,8.0,4.0,0.0,4.0,26.0,14.0,0.0,12.0
대구광역시,달성군,화원읍,명곡,D390,2026.0,55.2,55.2,55.2,55.2,55.2,55.2,55.2,55.2,대구광역시,달성군,화원읍,D390,2026.0,535.0,525.0,125.0,85.0,85.0,60.0,80.0,535.0,대구광역시,달성군,화원읍,D390,2026.0,1095.0,1095.0,1095.0,1120.0,1120.0,1125.0,1125.0,1095.0,0.0,,,,,,,,,,,
부산광역시,기장군,장안읍,명례,E016,2026.0,0.0,0.0,0.0,0.0,6.2,26.2,8.6,0.0,부산광역시,기장군,장안읍,E016,2026.0,0.0,0.0,0.0,0.0,55.0,95.0,165.0,0.0,부산광역시,기장군,장안읍,E016,2026.0,0.0,0.0,0.0,0.0,0.0,930.0,930.0,0.0,19.8,부산광역시,기장군,E016,8.0,7.0,0.0,1.0,14.0,9.0,2.0,3.0
부산광역시,기장군,장안읍,명례,E016,2026.0,0.0,0.0,0.0,0.0,6.2,26.2,8.6,0.0,부산광역시,기장군,장안읍,E016,2026.0,0.0,0.0,0.0,0.0,55.0,95.0,165.0,0.0,부산광역시,기장군,장안읍,E016,2026.0,0.0,0.0,0.0,0.0,0.0,930.0,930.0,0.0,19.8,울산광역시,울주군,E016,8.0,7.0,0.0,1.0,14.0,9.0,2.0,3.0
부산광역시,기장군,장안읍,명례,E016,2026.0,0.0,0.0,0.0,0.0,6.2,26.2,8.6,0.0,부산광역시,기장군,장안읍,E016,2026.0,0.0,0.0,0.0,0.0,55.0,95.0,165.0,0.0,울산광역시,울주군,서생면,E016,2026.0,0.0,0.0,0.0,0.0,0.0,930.0,930.0,0.0,19.8,부산광역시,기장군,E016,8.0,7.0,0.0,1.0,14.0,9.0,2.0,3.0
부산광역시,기장군,장안읍,명례,E016,2026.0,0.0,0.0,0.0,0.0,6.2,26.2,8.6,0.0,부산광역시,기장군,장안읍,E016,2026.0,0.0,0.0,0.0,0.0,55.0,95.0,165.0,0.0,울산광역시,울주군,서생면,E016,2026.0,0.0,0.0,0.0,0.0,0.0,930.0,930.0,0.0,19.8,울산광역시,울주군,E016,8.0,7.0,0.0,1.0,14.0,9.0,2.0,3.0
부산광역시,기장군,장안읍,명례,E016,2026.0,0.0,0.0,0.0,0.0,6.2,26.2,8.6,0.0,울산광역시,울주군,서생면,E016,2026.0,0.0,0.0,0.0,0.0,55.0,95.0,165.0,0.0,부산광역시,기장군,장안읍,E016,2026.0,0.0,0.0,0.0,0.0,0.0,930.0,930.0,0.0,19.8,부산광역시,기장군,E016,8.0,7.0,0.0,1.0,14.0,9.0,2.0,3.0
부산광역시,기장군,장안읍,명례,E016,2026.0,0.0,0.0,0.0,0.0,6.2,26.2,8.6,0.0,울산광역시,울주군,서생면,E016,2026.0,0.0,0.0,0.0,0.0,55.0,95.0,165.0,0.0,부산광역시,기장군,장안읍,E016,2026.0,0.0,0.0,0.0,0.0,0.0,930.0,930.0,0.0,19.8,울산광역시,울주군,E016,8.0,7.0,0.0,1.0,14.0,9.0,2.0,3.0
부산광역시,기장군,장안읍,명례,E016,2026.0,0.0,0.0,0.0,0.0,6.2,26.2,8.6,0.0,울산광역시,울주군,서생면,E016,2026.0,0.0,0.0,0.0,0.0,55.0,95.0,165.0,0.0,울산광역시,울주군,서생면,E016,2026.0,0.0,0.0,0.0,0.0,0.0,930.0,930.0,0.0,19.8,부산광역시,기장군,E016,8.0,7.0,0.0,1.0,14.0,9.0,2.0,3.0
부산광역시,기장군,장안읍,명례,E016,2026.0,0.0,0.0,0.0,0.0,6.2,26.2,8.6,0.0,울산광역시,울주군,서생면,E016,2026.0,0.0,0.0,0.0,0.0,55.0,95.0,165.0,0.0,울산광역시,울주군,서생면,E016,2026.0,0.0,0.0,0.0,0.0,0.0,930.0,930.0,0.0,19.8,울산광역시,울주군,E016,8.0,7.0,0.0,1.0,14.0,9.0,2.0,3.0
울산광역시,울주군,서생면,명례,E016,2026.0,0.0,0.0,0.0,0.0,6.2,26.2,8.6,0.0,부산광역시,기장군,장안읍,E016,2026.0,0.0,0.0,0.0,0.0,55.0,95.0,165.0,0.0,부산광역시,기장군,장안읍,E016,2026.0,0.0,0.0,0.0,0.0,0.0,930.0,930.0,0.0,19.8,부산광역시,기장군,E016,8.0,7.0,0.0,1.0,14.0,9.0,2.0,3.0
울산광역시,울주군,서생면,명례,E016,2026.0,0.0,0.0,0.0,0.0,6.2,26.2,8.6,0.0,부산광역시,기장군,장안읍,E016,2026.0,0.0,0.0,0.0,0.0,55.0,95.0,165.0,0.0,부산광역시,기장군,장안읍,E016,2026.0,0.0,0.0,0.0,0.0,0.0,930.0,930.0,0.0,19.8,울산광역시,울주군,E016,8.0,7.0,0.0,1.0,14.0,9.0,2.0,3.0
울산광역시,울주군,서생면,명례,E016,2026.0,0.0,0.0,0.0,0.0,6.2,26.2,8.6,0.0,부산광역시,기장군,장안읍,E016,2026.0,0.0,0.0,0.0,0.0,55.0,95.0,165.0,0.0,울산광역시,울주군,서생면,E016,2026.0,0.0,0.0,0.0,0.0,0.0,930.0,930.0,0.0,19.8,부산광역시,기장군,E016,8.0,7.0,0.0,1.0,14.0,9.0,2.0,3.0
울산광역시,울주군,서생면,명례,E016,2026.0,0.0,0.0,0.0,0.0,6.2,26.2,8.6,0.0,부산광역시,기장군,장안읍,E016,2026.0,0.0,0.0,0.0,0.0,55.0,95.0,165.0,0.0,울산광역시,울주군,서생면,E016,2026.0,0.0,0.0,0.0,0.0,0.0,930.0,930.0,0.0,19.8,울산광역시,울주군,E016,8.0,7.0,0.0,1.0,14.0,9.0,2.0,3.0
울산광역시,울주군,서생면,명례,E016,2026.0,0.0,0.0,0.0,0.0,6.2,26.2,8.6,0.0,울산광역시,울주군,서생면,E016,2026.0,0.0,0.0,0.0,0.0,55.0,95.0,165.0,0.0,부산광역시,기장군,장안읍,E016,2026.0,0.0,0.0,0.0,0.0,0.0,930.0,930.0,0.0,19.8,부산광역시,기장군,E016,8.0,7.0,0.0,1.0,14.0,9.0,2.0,3.0
울산광역시,울주군,서생면,명례,E016,2026.0,0.0,0.0,0.0,0.0,6.2,26.2,8.6,0.0,울산광역시,울주군,서생면,E016,2026.0,0.0,0.0,0.0,0.0,55.0,95.0,165.0,0.0,부산광역시,기장군,장안읍,E016,2026.0,0.0,0.0,0.0,0.0,0.0,930.0,930.0,0.0,19.8,울산광역시,울주군,E016,8.0,7.0,0.0,1.0,14.0,9.0,2.0,3.0
울산광역시,울주군,서생면,명례,E016,2026.0,0.0,0.0,0.0,0.0,6.2,26.2,8.6,0.0,울산광역시,울주군,서생면,E016,2026.0,0.0,0.0,0.0,0.0,55.0,95.0,165.0,0.0,울산광역시,울주군,서생면,E016,2026.0,0.0,0.0,0.0,0.0,0.0,930.0,930.0,0.0,19.8,부산광역시,기장군,E016,8.0,7.0,0.0,1.0,14.0,9.0,2.0,3.0
울산광역시,울주군,서생면,명례,E016,2026.0,0.0,0.0,0.0,0.0,6.2,26.2,8.6,0.0,울산광역시,울주군,서생면,E016,2026.0,0.0,0.0,0.0,0.0,55.0,95.0,165.0,0.0,울산광역시,울주군,서생면,E016,2026.0,0.0,0.0,0.0,0.0,0.0,930.0,930.0,0.0,19.8,울산광역시,울주군,E016,8.0,7.0,0.0,1.0,14.0,9.0,2.0,3.0
부산광역시,해운대구,반여동,명장(SA),2336,2026.0,0.0,0.0,0.0,0.0,0.0,0.0,0.0,0.0,부산광역시,해운대구,반송동,2336,2026.0,0.0,0.0,0.0,0.0,0.0,0.0,0.0,0.0,부산광역시,해운대구,반송동,2336,2026.0,1615.0,1615.0,1615.0,1625.0,1625.0,1625.0,1625.0,1615.0,19.8,부산광역시,금정구,2336,8.0,6.0,0.0,2.0,26.0,22.0,1.0,3.0
부산광역시,해운대구,반여동,명장(SA),2336,2026.0,0.0,0.0,0.0,0.0,0.0,0.0,0.0,0.0,부산광역시,해운대구,반송동,2336,2026.0,0.0,0.0,0.0,0.0,0.0,0.0,0.0,0.0,부산광역시,해운대구,반송동,2336,2026.0,1615.0,1615.0,1615.0,1625.0,1625.0,1625.0,1625.0,1615.0,19.8,부산광역시,동래구,2336,8.0,6.0,0.0,2.0,26.0,22.0,1.0,3.0
부산광역시,해운대구,반여동,명장(SA),2336,2026.0,0.0,0.0,0.0,0.0,0.0,0.0,0.0,0.0,부산광역시,해운대구,반송동,2336,2026.0,0.0,0.0,0.0,0.0,0.0,0.0,0.0,0.0,부산광역시,해운대구,반송동,2336,2026.0,1615.0,1615.0,1615.0,1625.0,1625.0,1625.0,1625.0,1615.0,19.8,부산광역시,해운대구,2336,8.0,6.0,0.0,2.0,26.0,22.0,1.0,3.0
부산광역시,강서구,명지동,명지,D395,2026.0,0.0,88.6,0.0,0.0,0.0,0.0,0.0,0.0,부산광역시,금정구,선동,D395,2026.0,0.0,240.0,0.0,0.0,0.0,0.0,0.0,0.0,부산광역시,금정구,선동,D395,2026.0,645.0,660.0,660.0,660.0,660.0,660.0,660.0,645.0,0.0,부산광역시,강서구,D395,7.0,5.0,0.0,2.0,19.0,14.0,3.0,2.0
부산광역시,강서구,명지동,명지,D395,2026.0,0.0,88.6,0.0,0.0,0.0,0.0,0.0,0.0,부산광역시,금정구,선동,D395,2026.0,0.0,240.0,0.0,0.0,0.0,0.0,0.0,0.0,부산광역시,금정구,선동,D395,2026.0,645.0,660.0,660.0,660.0,660.0,660.0,660.0,645.0,0.0,부산광역시,금정구,D395,7.0,5.0,0.0,2.0,19.0,14.0,3.0,2.0
부산광역시,사상구,삼락동,모라,2347,2026.0,0.0,0.0,0.0,0.0,0.0,0.0,0.0,0.0,부산광역시,사상구,모라동,2347,2026.0,265.0,0.0,0.0,0.0,0.0,0.0,0.0,265.0,부산광역시,사상구,모라동,2347,2026.0,0.0,0.0,605.0,0.0,0.0,600.0,600.0,0.0,0.0,부산광역시,사상구,2347,8.0,4.0,0.0,4.0,21.0,21.0,0.0,0.0
경기도,용인시처인구,포곡읍,모현,S341,2026.0,0.0,0.0,0.0,0.0,0.0,0.0,0.0,0.0,경기도,용인시처인구,모현읍,S341,2026.0,0.0,0.0,0.0,0.0,0.0,0.0,0.0,0.0,경기도,용인시처인구,모현읍,S341,2026.0,1215.0,1220.0,1220.0,1220.0,1220.0,1225.0,1230.0,1215.0,20.0,경기도,용인시처인구,S341,8.0,6.0,0.0,2.0,26.0,10.0,1.0,15.0
경기도,안산시단원구,목내동,목내,K419,2026.0,24.0,23.2,22.5,21.9,21.3,20.8,20.4,24.0,경기도,안산시단원구,목내동,K419,2026.0,0.0,0.0,0.0,0.0,0.0,0.0,0.0,0.0,경기도,안산시단원구,목내동,K419,2026.0,0.0,0.0,0.0,0.0,0.0,0.0,0.0,0.0,0.0,경기도,안산시단원구,K419,8.0,7.0,1.0,0.0,26.0,25.0,0.0,1.0
서울특별시,양천구,신정동,목동,2487,2026.0,0.0,0.0,0.0,0.0,0.0,0.0,0.0,0.0,서울특별시,양천구,목동,2487,2026.0,0.0,0.0,0.0,0.0,0.0,0.0,0.0,0.0,서울특별시,양천구,목동,2487,2026.0,0.0,0.0,0.0,0.0,0.0,0.0,0.0,0.0,0.0,서울특별시,양천구,2487,9.0,9.0,0.0,0.0,30.0,30.0,0.0,0.0
서울특별시,양천구,신정동,목동,2487,2026.0,0.0,0.0,0.0,0.0,0.0,0.0,0.0,0.0,서울특별시,양천구,목동,2487,2026.0,0.0,0.0,0.0,0.0,0.0,0.0,0.0,0.0,서울특별시,양천구,목동,2487,2026.0,0.0,0.0,0.0,0.0,0.0,0.0,0.0,0.0,0.0,서울특별시,영등포구,2487,9.0,9.0,0.0,0.0,30.0,30.0,0.0,0.0
전남광주통합특별시,무안군,일로읍,목포,S635,2026.0,32.3,29.9,27.5,25.2,23.0,20.8,18.7,32.3,전남광주통합특별시,목포시,금화동,S635,2026.0,560.0,570.0,570.0,580.0,505.0,500.0,495.0,560.0,전남광주통합특별시,목포시,금화동,S635,2026.0,0.0,0.0,0.0,0.0,0.0,0.0,0.0,0.0,29.7,전남광주통합특별시,목포시,S635,8.0,4.0,1.0,3.0,26.0,20.0,1.0,5.0
전남광주통합특별시,무안군,일로읍,목포,S635,2026.0,32.3,29.9,27.5,25.2,23.0,20.8,18.7,32.3,전남광주통합특별시,목포시,금화동,S635,2026.0,560.0,570.0,570.0,580.0,505.0,500.0,495.0,560.0,전남광주통합특별시,목포시,금화동,S635,2026.0,0.0,0.0,0.0,0.0,0.0,0.0,0.0,0.0,29.7,전남광주통합특별시,무안군,S635,8.0,4.0,1.0,3.0,26.0,20.0,1.0,5.0
전북특별자치도,무주군,적상면,무주,2990,2026.0,0.0,0.0,0.0,0.0,110.5,109.7,108.8,0.0,전북특별자치도,무주군,무주읍,2990,2026.0,0.0,0.0,0.0,0.0,400.0,400.0,400.0,0.0,전북특별자치도,무주군,무주읍,2990,2026.0,0.0,0.0,0.0,0.0,0.0,0.0,845.0,0.0,0.0,,,,,,,,,,,
경상북도,문경시,가은읍,문경,S734,2026.0,0.0,0.0,60.0,0.0,0.0,99.6,99.0,0.0,경상북도,문경시,가은읍,S734,2026.0,0.0,0.0,60.0,0.0,0.0,280.0,285.0,0.0,경상북도,문경시,가은읍,S734,2026.0,0.0,0.0,0.0,0.0,0.0,405.0,415.0,0.0,0.0,경상북도,문경시,S734,10.0,2.0,8.0,0.0,24.0,6.0,0.0,18.0
서울특별시,영등포구,문래동3가,문래,2152,2026.0,0.0,0.0,0.0,0.0,0.0,0.0,0.0,0.0,서울특별시,영등포구,도림동,2152,2026.0,0.0,0.0,0.0,0.0,0.0,0.0,0.0,0.0,서울특별시,영등포구,도림동,2152,2026.0,455.0,455.0,455.0,455.0,455.0,455.0,455.0,455.0,0.0,서울특별시,영등포구,2152,0.0,0.0,0.0,0.0,27.0,24.0,3.0,0.0
강원특별자치도,원주시,문막읍,문막,2667,2026.0,46.8,45.2,43.5,41.9,40.2,38.5,36.9,46.8,강원특별자치도,원주시,문막읍,2667,2026.0,0.0,0.0,0.0,0.0,0.0,0.0,0.0,0.0,강원특별자치도,원주시,문막읍,2667,2026.0,0.0,0.0,0.0,0.0,570.0,1320.0,1320.0,0.0,0.0,강원특별자치도,원주시,2667,11.0,9.0,0.0,2.0,24.0,13.0,0.0,11.0
경기도,파주시,와동동,문발,S122,2026.0,0.0,0.0,0.0,0.0,0.0,0.0,0.0,0.0,경기도,파주시,야동동,S122,2026.0,0.0,0.0,0.0,0.0,0.0,0.0,0.0,0.0,경기도,파주시,야동동,S122,2026.0,0.0,0.0,0.0,0.0,0.0,0.0,0.0,0.0,29.65,경기도,파주시,S122,8.0,8.0,0.0,0.0,27.0,22.0,4.0,1.0
경기도,파주시,진서면,문산,2061,2026.0,0.0,0.0,0.0,0.0,0.0,0.0,16.0,0.0,경기도,파주시,문산읍,2061,2026.0,0.0,0.0,0.0,0.0,0.0,0.0,0.0,0.0,경기도,파주시,문산읍,2061,2026.0,610.0,610.0,610.0,610.0,610.0,610.0,1000.0,610.0,0.0,경기도,파주시,2061,8.0,8.0,0.0,0.0,33.0,22.0,0.0,11.0
경상남도,양산시,교동,물금,S824,2026.0,0.0,0.0,0.0,0.0,0.0,0.0,0.0,0.0,경상남도,양산시,교동,S824,2026.0,0.0,0.0,0.0,0.0,0.0,35.0,0.0,0.0,경상남도,양산시,교동,S824,2026.0,810.0,840.0,840.0,840.0,840.0,840.0,840.0,810.0,0.0,경상남도,양산시,S824,8.0,6.0,0.0,2.0,26.0,26.0,0.0,0.0
서울특별시,노원구,공릉동,미금,2771,2026.0,0.0,0.0,8.7,8.7,8.7,8.7,8.7,0.0,서울특별시,중랑구,면목동,2771,2026.0,0.0,0.0,210.0,210.0,240.0,240.0,240.0,0.0,경기도,가평군,설악면,2771,2026.0,0.0,0.0,785.0,815.0,985.0,990.0,990.0,0.0,0.0,,,,,,,,,,,
서울특별시,노원구,공릉동,미금,2771,2026.0,0.0,0.0,8.7,8.7,8.7,8.7,8.7,0.0,서울특별시,중랑구,면목동,2771,2026.0,0.0,0.0,210.0,210.0,240.0,240.0,240.0,0.0,서울특별시,중랑구,면목동,2771,2026.0,0.0,0.0,785.0,815.0,985.0,990.0,990.0,0.0,0.0,,,,,,,,,,,
서울특별시,노원구,공릉동,미금,2771,2026.0,0.0,0.0,8.7,8.7,8.7,8.7,8.7,0.0,경기도,가평군,설악면,2771,2026.0,0.0,0.0,210.0,210.0,240.0,240.0,240.0,0.0,경기도,가평군,설악면,2771,2026.0,0.0,0.0,785.0,815.0,985.0,990.0,990.0,0.0,0.0,,,,,,,,,,,
서울특별시,노원구,공릉동,미금,2771,2026.0,0.0,0.0,8.7,8.7,8.7,8.7,8.7,0.0,경기도,가평군,설악면,2771,2026.0,0.0,0.0,210.0,210.0,240.0,240.0,240.0,0.0,서울특별시,중랑구,면목동,2771,2026.0,0.0,0.0,785.0,815.0,985.0,990.0,990.0,0.0,0.0,,,,,,,,,,,
경기도,남양주시,조안면,미금,2771,2026.0,0.0,0.0,8.7,8.7,8.7,8.7,8.7,0.0,서울특별시,중랑구,면목동,2771,2026.0,0.0,0.0,210.0,210.0,240.0,240.0,240.0,0.0,경기도,가평군,설악면,2771,2026.0,0.0,0.0,785.0,815.0,985.0,990.0,990.0,0.0,0.0,,,,,,,,,,,
경기도,남양주시,조안면,미금,2771,2026.0,0.0,0.0,8.7,8.7,8.7,8.7,8.7,0.0,서울특별시,중랑구,면목동,2771,2026.0,0.0,0.0,210.0,210.0,240.0,240.0,240.0,0.0,서울특별시,중랑구,면목동,2771,2026.0,0.0,0.0,785.0,815.0,985.0,990.0,990.0,0.0,0.0,,,,,,,,,,,
경기도,남양주시,조안면,미금,2771,2026.0,0.0,0.0,8.7,8.7,8.7,8.7,8.7,0.0,경기도,가평군,설악면,2771,2026.0,0.0,0.0,210.0,210.0,240.0,240.0,240.0,0.0,경기도,가평군,설악면,2771,2026.0,0.0,0.0,785.0,815.0,985.0,990.0,990.0,0.0,0.0,,,,,,,,,,,
경기도,남양주시,조안면,미금,2771,2026.0,0.0,0.0,8.7,8.7,8.7,8.7,8.7,0.0,경기도,가평군,설악면,2771,2026.0,0.0,0.0,210.0,210.0,240.0,240.0,240.0,0.0,서울특별시,중랑구,면목동,2771,2026.0,0.0,0.0,785.0,815.0,985.0,990.0,990.0,0.0,0.0,,,,,,,,,,,
,,,미금(SA),,,,,,,,,,,,,,,,,,,,,,,,,,,,,,,,,,,,,,경기도,남양주시,E378,12.0,7.0,0.0,5.0,24.0,22.0,1.0,1.0
부산광역시,동래구,사직동,미남,2344,2026.0,0.0,0.0,0.0,0.0,0.0,0.0,0.0,0.0,부산광역시,동래구,사직동,2344,2026.0,0.0,0.0,0.0,0.0,0.0,0.0,0.0,0.0,부산광역시,동래구,사직동,2344,2026.0,810.0,810.0,810.0,820.0,825.0,825.0,830.0,810.0,0.0,부산광역시,동래구,2344,8.0,8.0,0.0,0.0,19.0,18.0,0.0,1.0
부산광역시,동래구,사직동,미남,2344,2026.0,0.0,0.0,0.0,0.0,0.0,0.0,0.0,0.0,부산광역시,동래구,사직동,2344,2026.0,0.0,0.0,0.0,0.0,0.0,0.0,0.0,0.0,부산광역시,동래구,사직동,2344,2026.0,810.0,810.0,810.0,820.0,825.0,825.0,830.0,810.0,0.0,부산광역시,부산진구,2344,8.0,8.0,0.0,0.0,19.0,18.0,0.0,1.0
부산광역시,동래구,사직동,미남,2344,2026.0,0.0,0.0,0.0,0.0,0.0,0.0,0.0,0.0,부산광역시,동래구,사직동,2344,2026.0,0.0,0.0,0.0,0.0,0.0,0.0,0.0,0.0,부산광역시,동래구,사직동,2344,2026.0,810.0,810.0,810.0,820.0,825.0,825.0,830.0,810.0,0.0,부산광역시,북구,2344,8.0,8.0,0.0,0.0,19.0,18.0,0.0,1.0
부산광역시,동래구,사직동,미남,2344,2026.0,0.0,0.0,0.0,0.0,0.0,0.0,0.0,0.0,부산광역시,동래구,사직동,2344,2026.0,0.0,0.0,0.0,0.0,0.0,0.0,0.0,0.0,부산광역시,동래구,사직동,2344,2026.0,810.0,810.0,810.0,820.0,825.0,825.0,830.0,810.0,0.0,부산광역시,연제구,2344,8.0,8.0,0.0,0.0,19.0,18.0,0.0,1.0
서울특별시,종로구,정릉동,미아,2634,2026.0,9.4,8.1,6.8,5.6,4.4,3.2,2.1,9.4,서울특별시,강북구,미아동,2634,2026.0,75.0,75.0,70.0,70.0,70.0,0.0,0.0,75.0,서울특별시,강북구,미아동,2634,2026.0,0.0,0.0,0.0,0.0,0.0,0.0,0.0,0.0,0.0,서울특별시,강북구,2634,8.0,4.0,0.0,4.0,25.0,23.0,0.0,2.0
서울특별시,종로구,정릉동,미아,2634,2026.0,9.4,8.1,6.8,5.6,4.4,3.2,2.1,9.4,서울특별시,강북구,미아동,2634,2026.0,75.0,75.0,70.0,70.0,70.0,0.0,0.0,75.0,서울특별시,강북구,미아동,2634,2026.0,0.0,0.0,0.0,0.0,0.0,0.0,0.0,0.0,0.0,서울특별시,성북구,2634,8.0,4.0,0.0,4.0,25.0,23.0,0.0,2.0
서울특별시,종로구,정릉동,미아,2634,2026.0,9.4,8.1,6.8,5.6,4.4,3.2,2.1,9.4,서울특별시,강북구,미아동,2634,2026.0,75.0,75.0,70.0,70.0,70.0,0.0,0.0,75.0,서울특별시,강북구,미아동,2634,2026.0,0.0,0.0,0.0,0.0,0.0,0.0,0.0,0.0,0.0,서울특별시,종로구,2634,8.0,4.0,0.0,4.0,25.0,23.0,0.0,2.0
부산광역시,강서구,봉림동,미음,E000,2026.0,0.0,0.0,0.0,0.0,0.0,0.0,0.0,0.0,부산광역시,강서구,구랑동,E000,2026.0,0.0,0.0,0.0,0.0,0.0,0.0,0.0,0.0,부산광역시,강서구,구랑동,E000,2026.0,1250.0,1265.0,1265.0,1265.0,1265.0,1265.0,1265.0,1250.0,0.0,부산광역시,강서구,E000,8.0,8.0,0.0,0.0,28.0,20.0,2.0,6.0
경상남도,밀양시,부북면,밀양(SA),2737,2026.0,0.0,0.0,0.0,0.0,0.0,0.0,0.0,0.0,경상남도,밀양시,부북면,2737,2026.0,0.0,0.0,0.0,0.0,0.0,0.0,0.0,0.0,경상남도,밀양시,부북면,2737,2026.0,250.0,250.0,490.0,490.0,500.0,510.0,525.0,250.0,0.0,경상남도,밀양시,2737,8.0,4.0,0.0,4.0,26.0,23.0,0.0,3.0
대구광역시,대구광역시동구,괴전동,반야월,2445,2026.0,0.0,0.0,0.0,0.0,0.0,0.0,0.0,0.0,대구광역시,동구,각산동,2445,2026.0,370.0,240.0,300.0,300.0,285.0,275.0,220.0,370.0,대구광역시,동구,각산동,2445,2026.0,575.0,575.0,655.0,655.0,655.0,655.0,655.0,575.0,0.0,대구광역시,동구,2445,11.0,4.0,4.0,3.0,25.0,25.0,0.0,0.0
대구광역시,대구광역시동구,괴전동,반야월,2445,2026.0,0.0,0.0,0.0,0.0,0.0,0.0,0.0,0.0,대구광역시,동구,각산동,2445,2026.0,370.0,240.0,300.0,300.0,285.0,275.0,220.0,370.0,대구광역시,동구,각산동,2445,2026.0,575.0,575.0,655.0,655.0,655.0,655.0,655.0,575.0,0.0,대구광역시,수성구,2445,11.0,4.0,4.0,3.0,25.0,25.0,0.0,0.0
경기도,안산시단원구,원시동,반월,2193,2026.0,0.0,0.0,0.0,0.0,0.0,0.0,0.0,0.0,경기도,안산시단원구,신길동,2193,2026.0,250.0,220.0,220.0,225.0,215.0,220.0,200.0,250.0,경기도,안산시단원구,신길동,2193,2026.0,785.0,785.0,785.0,785.0,785.0,785.0,785.0,785.0,0.0,경기도,안산시단원구,2193,10.0,8.0,0.0,2.0,29.0,29.0,0.0,0.0
울산광역시,울주군,삼남읍,반천,E001,2026.0,0.0,0.0,0.0,73.1,64.8,56.5,56.2,0.0,울산광역시,울주군,삼남읍,E001,2026.0,0.0,0.0,0.0,130.0,200.0,150.0,135.0,0.0,울산광역시,울주군,삼남읍,E001,2026.0,0.0,0.0,0.0,0.0,0.0,1100.0,1100.0,0.0,0.0,울산광역시,울주군,E001,8.0,5.0,0.0,3.0,12.0,7.0,4.0,1.0
서울특별시,서초구,잠원동,반포,2652,2026.0,0.0,0.0,0.0,0.0,0.0,0.0,0.0,0.0,서울특별시,서초구,잠원동,2652,2026.0,0.0,0.0,0.0,0.0,0.0,0.0,0.0,0.0,서울특별시,서초구,잠원동,2652,2026.0,285.0,285.0,290.0,290.0,325.0,325.0,325.0,285.0,0.0,서울특별시,서초구,2652,5.0,4.0,0.0,1.0,21.0,21.0,0.0,0.0
경기도,화성시,향남읍,발안,S310,2026.0,0.0,0.0,0.0,0.0,0.0,0.0,0.0,0.0,경기도,화성시,양감면,S310,2026.0,0.0,0.0,0.0,0.0,0.0,0.0,0.0,0.0,경기도,화성시,양감면,S310,2026.0,0.0,0.0,0.0,0.0,0.0,0.0,0.0,0.0,0.0,경기도,화성시,S310,8.0,8.0,0.0,0.0,23.0,21.0,0.0,2.0
서울특별시,중구,장충동2가,방산,D291,2026.0,80.0,60.0,65.0,5.0,0.0,0.0,0.0,80.0,서울특별시,중구,을지로6가,D291,2026.0,80.0,60.0,65.0,5.0,10.0,0.0,0.0,80.0,서울특별시,중구,을지로6가,D291,2026.0,825.0,825.0,825.0,825.0,825.0,825.0,825.0,825.0,0.0,서울특별시,중구,D291,8.0,4.0,0.0,4.0,28.0,10.0,1.0,17.0
울산광역시,동구,방어동,방어진,2587,2026.0,0.0,0.0,0.0,0.0,0.0,0.0,0.0,0.0,울산광역시,동구,방어동,2587,2026.0,0.0,0.0,0.0,0.0,0.0,0.0,0.0,0.0,울산광역시,동구,방어동,2587,2026.0,0.0,0.0,0.0,0.0,0.0,0.0,0.0,0.0,0.0,울산광역시,동구,2587,8.0,8.0,0.0,0.0,22.0,22.0,0.0,0.0
울산광역시,동구,방어동,방어진,2587,2026.0,0.0,0.0,0.0,0.0,0.0,0.0,0.0,0.0,울산광역시,동구,방어동,2587,2026.0,0.0,0.0,0.0,0.0,0.0,0.0,0.0,0.0,울산광역시,동구,방어동,2587,2026.0,0.0,0.0,0.0,0.0,0.0,0.0,0.0,0.0,0.0,울산광역시,북구,2587,8.0,8.0,0.0,0.0,22.0,22.0,0.0,0.0
경기도,평택시,가재동,방여울,D327,2026.0,0.0,0.0,0.0,0.0,0.0,0.0,0.0,0.0,경기도,평택시,가재동,D327,2026.0,0.0,0.0,0.0,0.0,0.0,0.0,0.0,0.0,경기도,평택시,가재동,D327,2026.0,1080.0,1090.0,1090.0,1225.0,1230.0,1240.0,1240.0,1080.0,0.0,,,,,,,,,,,
서울특별시,도봉구,도봉동,방학,D285,2026.0,126.9,126.6,126.3,120.0,125.7,0.0,0.0,126.9,서울특별시,도봉구,도봉동,D285,2026.0,455.0,415.0,450.0,120.0,180.0,0.0,0.0,455.0,서울특별시,도봉구,도봉동,D285,2026.0,0.0,0.0,0.0,0.0,0.0,0.0,0.0,0.0,0.0,서울특별시,도봉구,D285,8.0,4.0,0.0,4.0,28.0,5.0,0.0,23.0
경기도,시흥시,정왕동,배곧(건설중),E142,2026.0,0.0,0.0,65.0,65.0,65.0,65.0,65.0,0.0,경기도,시흥시,산현동,E142,2026.0,0.0,0.0,65.0,65.0,65.0,65.0,65.0,0.0,경기도,시흥시,산현동,E142,2026.0,0.0,0.0,1245.0,1375.0,1385.0,1395.0,1405.0,0.0,0.0,,,,,,,,,,,
전북특별자치도,군산시,진봉면,백산,D364,2026.0,84.8,0.0,0.0,0.0,79.3,78.0,76.7,84.8,전북특별자치도,김제시,공덕면,D364,2026.0,400.0,0.0,0.0,0.0,400.0,400.0,400.0,400.0,전북특별자치도,김제시,공덕면,D364,2026.0,0.0,0.0,0.0,0.0,0.0,0.0,725.0,0.0,0.0,전북특별자치도,군산시,D364,8.0,4.0,3.0,1.0,28.0,20.0,1.0,7.0
전북특별자치도,군산시,진봉면,백산,D364,2026.0,84.8,0.0,0.0,0.0,79.3,78.0,76.7,84.8,전북특별자치도,김제시,공덕면,D364,2026.0,400.0,0.0,0.0,0.0,400.0,400.0,400.0,400.0,전북특별자치도,김제시,공덕면,D364,2026.0,0.0,0.0,0.0,0.0,0.0,0.0,725.0,0.0,0.0,전북특별자치도,김제시,D364,8.0,4.0,3.0,1.0,28.0,20.0,1.0,7.0
경기도,파주시,광적면,백석,S132,2026.0,0.0,0.0,0.0,0.0,0.0,0.0,0.0,0.0,경기도,양주시,광적면,S132,2026.0,0.0,0.0,0.0,0.0,0.0,0.0,0.0,0.0,경기도,양주시,광적면,S132,2026.0,1340.0,1340.0,1340.0,1340.0,1340.0,1340.0,1340.0,1340.0,0.0,경기도,양주시,S132,6.0,6.0,0.0,0.0,25.0,20.0,2.0,3.0
경기도,파주시,광적면,백석,S132,2026.0,0.0,0.0,0.0,0.0,0.0,0.0,0.0,0.0,경기도,양주시,광적면,S132,2026.0,0.0,0.0,0.0,0.0,0.0,0.0,0.0,0.0,경기도,양주시,광적면,S132,2026.0,1340.0,1340.0,1340.0,1340.0,1340.0,1340.0,1340.0,1340.0,0.0,경기도,파주시,S132,6.0,6.0,0.0,0.0,25.0,20.0,2.0,3.0
전남광주통합특별시,순천시,광양읍,백운,S630,2026.0,0.0,0.0,0.0,0.0,0.0,0.0,0.0,0.0,전남광주통합특별시,광양시,광영동,S630,2026.0,0.0,0.0,0.0,0.0,0.0,0.0,0.0,0.0,전남광주통합특별시,광양시,광영동,S630,2026.0,0.0,0.0,0.0,0.0,0.0,0.0,0.0,0.0,0.0,전남광주통합특별시,광양시,S630,8.0,4.0,0.0,4.0,13.0,10.0,0.0,3.0
전남광주통합특별시,순천시,광양읍,백운,S630,2026.0,0.0,0.0,0.0,0.0,0.0,0.0,0.0,0.0,전남광주통합특별시,광양시,광영동,S630,2026.0,0.0,0.0,0.0,0.0,0.0,0.0,0.0,0.0,전남광주통합특별시,광양시,광영동,S630,2026.0,0.0,0.0,0.0,0.0,0.0,0.0,0.0,0.0,0.0,전남광주통합특별시,순천시,S630,8.0,4.0,0.0,4.0,13.0,10.0,0.0,3.0
경기도,연천군,장남면,백학,D292,2026.0,0.0,0.0,0.0,0.0,0.0,0.0,0.0,0.0,경기도,연천군,미산면,D292,2026.0,0.0,0.0,0.0,0.0,0.0,0.0,0.0,0.0,경기도,연천군,미산면,D292,2026.0,760.0,760.0,760.0,840.0,840.0,850.0,850.0,760.0,0.0,경기도,연천군,D292,12.0,4.0,0.0,8.0,25.0,10.0,2.0,13.0
경기도,광주시,남한산성면,번천(건설중),E330,2026.0,0.0,0.0,0.0,0.0,0.0,0.0,0.0,0.0,경기도,광주시,남한산성면,E330,2026.0,0.0,0.0,0.0,0.0,0.0,0.0,0.0,0.0,경기도,광주시,남한산성면,E330,2026.0,1260.0,1260.0,1260.0,1275.0,1275.0,1285.0,1310.0,1260.0,0.0,,,,,,,,,,,
전남광주통합특별시,보성군,조성면,벌교,2739,2026.0,0.0,0.0,0.0,0.0,0.0,0.0,0.0,0.0,전남광주통합특별시,고흥군,과역면,2739,2026.0,0.0,0.0,0.0,0.0,0.0,0.0,0.0,0.0,전남광주통합특별시,고흥군,과역면,2739,2026.0,0.0,0.0,0.0,0.0,0.0,0.0,0.0,0.0,168.5273,전남광주통합특별시,고흥군,2739,8.0,6.0,2.0,0.0,21.0,14.0,1.0,6.0
전남광주통합특별시,보성군,조성면,벌교,2739,2026.0,0.0,0.0,0.0,0.0,0.0,0.0,0.0,0.0,전남광주통합특별시,고흥군,과역면,2739,2026.0,0.0,0.0,0.0,0.0,0.0,0.0,0.0,0.0,전남광주통합특별시,고흥군,과역면,2739,2026.0,0.0,0.0,0.0,0.0,0.0,0.0,0.0,0.0,168.5273,전남광주통합특별시,보성군,2739,8.0,6.0,2.0,0.0,21.0,14.0,1.0,6.0
,,,범물(SA),,,,,,,,,,,,,,,,,,,,,,,,,,,,,,,,,,,,,,대구광역시,달성군,E488,8.0,6.0,2.0,0.0,26.0,21.0,2.0,3.0
,,,범물(SA),,,,,,,,,,,,,,,,,,,,,,,,,,,,,,,,,,,,,,대구광역시,수성구,E488,8.0,6.0,2.0,0.0,26.0,21.0,2.0,3.0
부산광역시,부산진구,전포동,범일,S819,2026.0,0.0,0.0,0.0,25.0,15.0,0.0,0.0,0.0,부산광역시,남구,문현동,S819,2026.0,0.0,0.0,0.0,25.0,15.0,0.0,0.0,0.0,부산광역시,남구,문현동,S819,2026.0,355.0,365.0,365.0,375.0,395.0,400.0,405.0,355.0,0.0,부산광역시,남구,S819,8.0,4.0,1.0,3.0,21.0,10.0,3.0,8.0
부산광역시,부산진구,전포동,범일,S819,2026.0,0.0,0.0,0.0,25.0,15.0,0.0,0.0,0.0,부산광역시,남구,문현동,S819,2026.0,0.0,0.0,0.0,25.0,15.0,0.0,0.0,0.0,부산광역시,남구,문현동,S819,2026.0,355.0,365.0,365.0,375.0,395.0,400.0,405.0,355.0,0.0,부산광역시,동구,S819,8.0,4.0,1.0,3.0,21.0,10.0,3.0,8.0
부산광역시,부산진구,전포동,범일,S819,2026.0,0.0,0.0,0.0,25.0,15.0,0.0,0.0,0.0,부산광역시,남구,문현동,S819,2026.0,0.0,0.0,0.0,25.0,15.0,0.0,0.0,0.0,부산광역시,남구,문현동,S819,2026.0,355.0,365.0,365.0,375.0,395.0,400.0,405.0,355.0,0.0,부산광역시,부산진구,S819,8.0,4.0,1.0,3.0,21.0,10.0,3.0,8.0
부산광역시,부산진구,부암동,범천,2794,2026.0,84.9,0.0,0.0,0.0,0.0,0.0,0.0,84.9,부산광역시,부산진구,당감동,2794,2026.0,190.0,0.0,0.0,0.0,0.0,0.0,0.0,190.0,부산광역시,부산진구,당감동,2794,2026.0,0.0,0.0,0.0,0.0,0.0,475.0,475.0,0.0,0.0,,,,,,,,,,,
경기도,남양주시,퇴계원읍,별내,D546,2026.0,0.0,0.0,0.0,0.0,0.0,0.0,0.0,0.0,경기도,구리시,갈매동,D546,2026.0,0.0,0.0,0.0,0.0,0.0,0.0,0.0,0.0,경기도,구리시,갈매동,D546,2026.0,0.0,0.0,0.0,0.0,0.0,0.0,0.0,0.0,0.0,경기도,구리시,D546,12.0,6.0,0.0,6.0,28.0,24.0,0.0,4.0
경기도,남양주시,퇴계원읍,별내,D546,2026.0,0.0,0.0,0.0,0.0,0.0,0.0,0.0,0.0,경기도,구리시,갈매동,D546,2026.0,0.0,0.0,0.0,0.0,0.0,0.0,0.0,0.0,경기도,구리시,갈매동,D546,2026.0,0.0,0.0,0.0,0.0,0.0,0.0,0.0,0.0,0.0,경기도,남양주시,D546,12.0,6.0,0.0,6.0,28.0,24.0,0.0,4.0
경기도,화성시,석우동,병점,S330,2026.0,0.0,0.0,0.0,0.0,0.0,0.0,0.0,0.0,경기도,오산시,능동,S330,2026.0,0.0,0.0,0.0,0.0,0.0,0.0,400.0,0.0,경기도,오산시,능동,S330,2026.0,1030.0,1430.0,1430.0,1430.0,1430.0,1450.0,1450.0,1030.0,0.0,경기도,오산시,S330,12.0,6.0,1.0,5.0,32.0,32.0,0.0,0.0
경기도,화성시,석우동,병점,S330,2026.0,0.0,0.0,0.0,0.0,0.0,0.0,0.0,0.0,경기도,오산시,능동,S330,2026.0,0.0,0.0,0.0,0.0,0.0,0.0,400.0,0.0,경기도,오산시,능동,S330,2026.0,1030.0,1430.0,1430.0,1430.0,1430.0,1450.0,1450.0,1030.0,0.0,경기도,화성시,S330,12.0,6.0,1.0,5.0,32.0,32.0,0.0,0.0
,,,보령C/C,,,,,,,,,,,,,,,,,,,,,,,,충청남도,보령시,오천면,S513,2026.0,0.0,0.0,0.0,0.0,0.0,0.0,0.0,0.0,0.0,,,,,,,,,,,
,,,보령T/P,,,,,,,,,,,,,,,,,,,,,,,,충청남도,보령시,오천면,S512,2026.0,0.0,0.0,0.0,0.0,0.0,0.0,0.0,0.0,1720.0,,,,,,,,,,,
전남광주통합특별시,보성군,조성면,보성,S626,2026.0,122.2,121.2,120.3,119.3,118.5,117.6,116.7,122.2,전남광주통합특별시,보성군,노동면,S626,2026.0,0.0,0.0,0.0,0.0,0.0,0.0,0.0,0.0,전남광주통합특별시,보성군,노동면,S626,2026.0,0.0,0.0,0.0,0.0,0.0,0.0,0.0,0.0,85.1019,전남광주통합특별시,보성군,S626,8.0,3.0,5.0,0.0,26.0,13.0,3.0,10.0
전남광주통합특별시,보성군,조성면,보성,S626,2026.0,122.2,121.2,120.3,119.3,118.5,117.6,116.7,122.2,전남광주통합특별시,보성군,노동면,S626,2026.0,0.0,0.0,0.0,0.0,0.0,0.0,0.0,0.0,전남광주통합특별시,보성군,노동면,S626,2026.0,0.0,0.0,0.0,0.0,0.0,0.0,0.0,0.0,85.1019,전남광주통합특별시,장흥군,S626,8.0,3.0,5.0,0.0,26.0,13.0,3.0,10.0
충청북도,보은군,산외면,보은,2611,2026.0,90.0,88.5,87.1,85.6,84.2,82.8,81.4,90.0,충청북도,보은군,보은읍,2611,2026.0,0.0,0.0,0.0,0.0,0.0,450.0,470.0,0.0,충청북도,보은군,산외면,2611,2026.0,0.0,0.0,0.0,0.0,0.0,470.0,470.0,0.0,0.0,충청북도,보은군,2611,7.0,3.0,2.0,2.0,24.0,19.0,1.0,4.0
경기도,화성시,봉담읍,봉담,D334,2026.0,0.0,0.0,0.0,0.0,0.0,0.0,36.7,0.0,경기도,수원시권선구,매송면,D334,2026.0,65.0,65.0,65.0,40.0,35.0,40.0,270.0,65.0,경기도,수원시권선구,매송면,D334,2026.0,570.0,570.0,570.0,570.0,570.0,570.0,570.0,570.0,0.0,경기도,수원시권선구,D334,8.0,4.0,0.0,4.0,26.0,9.0,9.0,8.0
경기도,화성시,봉담읍,봉담,D334,2026.0,0.0,0.0,0.0,0.0,0.0,0.0,36.7,0.0,경기도,수원시권선구,매송면,D334,2026.0,65.0,65.0,65.0,40.0,35.0,40.0,270.0,65.0,경기도,수원시권선구,매송면,D334,2026.0,570.0,570.0,570.0,570.0,570.0,570.0,570.0,570.0,0.0,경기도,화성시,D334,8.0,4.0,0.0,4.0,26.0,9.0,9.0,8.0
대구광역시,수성구,상동,봉덕,5245,2026.0,56.2,55.0,53.8,52.6,51.5,50.3,49.2,56.2,대구광역시,남구,대명동,5245,2026.0,0.0,0.0,0.0,0.0,0.0,0.0,0.0,0.0,대구광역시,남구,대명동,5245,2026.0,0.0,0.0,0.0,0.0,0.0,0.0,0.0,0.0,0.0,대구광역시,남구,5245,7.0,6.0,1.0,0.0,24.0,17.0,0.0,7.0
대구광역시,수성구,상동,봉덕,5245,2026.0,56.2,55.0,53.8,52.6,51.5,50.3,49.2,56.2,대구광역시,남구,대명동,5245,2026.0,0.0,0.0,0.0,0.0,0.0,0.0,0.0,0.0,대구광역시,남구,대명동,5245,2026.0,0.0,0.0,0.0,0.0,0.0,0.0,0.0,0.0,0.0,대구광역시,수성구,5245,7.0,6.0,1.0,0.0,24.0,17.0,0.0,7.0
전북특별자치도,완주군,운주면,봉동,D362,2026.0,0.0,0.0,0.0,0.0,19.3,2.4,0.0,0.0,전북특별자치도,완주군,경천면,D362,2026.0,0.0,0.0,0.0,0.0,345.0,340.0,190.0,0.0,전북특별자치도,완주군,경천면,D362,2026.0,0.0,0.0,0.0,0.0,0.0,0.0,0.0,0.0,0.0,전북특별자치도,완주군,D362,8.0,4.0,0.0,4.0,26.0,19.0,3.0,4.0
,,,봉명(SA),,,,,,,,,,,,,,,,,,,,,,,,,,,,,,,,,,,,,,충청북도,청주시흥덕구,E416,8.0,8.0,0.0,0.0,28.0,28.0,0.0,0.0
대구광역시,동구,진인동,봉무,S744,2026.0,0.0,0.0,113.6,113.1,112.5,112.0,111.5,0.0,대구광역시,동구,내동,S744,2026.0,0.0,425.0,500.0,475.0,485.0,435.0,415.0,0.0,대구광역시,동구,내동,S744,2026.0,1130.0,1130.0,1130.0,1130.0,1130.0,1130.0,1130.0,1130.0,0.0,대구광역시,동구,S744,12.0,4.0,0.0,8.0,24.0,10.0,0.0,14.0
서울특별시,관악구,봉천동,봉천,S213,2026.0,0.0,0.0,0.0,0.0,0.0,0.0,0.0,0.0,서울특별시,관악구,봉천동,S213,2026.0,0.0,0.0,0.0,0.0,0.0,0.0,0.0,0.0,서울특별시,관악구,봉천동,S213,2026.0,0.0,0.0,0.0,0.0,0.0,0.0,0.0,0.0,0.0,서울특별시,관악구,S213,6.0,5.0,1.0,0.0,20.0,13.0,0.0,7.0
경기도,광주시,곤지암읍,봉현(건설중),E818,2026.0,0.0,0.0,0.0,0.0,0.0,0.0,0.0,0.0,경기도,광주시,곤지암읍,E818,2026.0,0.0,0.0,0.0,0.0,0.0,0.0,0.0,0.0,경기도,광주시,곤지암읍,E818,2026.0,0.0,0.0,0.0,1460.0,1470.0,1475.0,1495.0,0.0,0.0,,,,,,,,,,,
경상북도,봉화군,명호면,봉화,S718,2026.0,0.0,0.0,0.0,0.0,107.3,106.7,106.0,0.0,경상북도,봉화군,명호면,S718,2026.0,0.0,0.0,0.0,0.0,295.0,315.0,310.0,0.0,경상북도,봉화군,명호면,S718,2026.0,0.0,0.0,0.0,0.0,0.0,0.0,40.0,0.0,0.0,경상북도,봉화군,S718,8.0,6.0,1.0,1.0,32.0,14.0,1.0,17.0
경상북도,봉화군,명호면,봉화,S718,2026.0,0.0,0.0,0.0,0.0,107.3,106.7,106.0,0.0,경상북도,봉화군,명호면,S718,2026.0,0.0,0.0,0.0,0.0,295.0,315.0,310.0,0.0,경상북도,봉화군,명호면,S718,2026.0,0.0,0.0,0.0,0.0,0.0,0.0,40.0,0.0,0.0,경상북도,안동시,S718,8.0,6.0,1.0,1.0,32.0,14.0,1.0,17.0
경상북도,봉화군,상운면,봉화#2(건설중),E600,2026.0,0.0,0.0,0.0,0.0,0.0,0.0,165.6,0.0,경상북도,봉화군,상운면,E600,2026.0,0.0,0.0,0.0,0.0,0.0,0.0,365.0,0.0,경상북도,봉화군,상운면,E600,2026.0,0.0,0.0,0.0,0.0,0.0,0.0,50.0,0.0,0.0,,,,,,,,,,,
세종특별자치시,세종특별자치시,부강면,부강,S419,2026.0,52.1,47.3,44.7,42.0,0.0,0.0,0.0,52.1,세종특별자치시,세종특별자치시,부강면,S419,2026.0,125.0,60.0,55.0,45.0,0.0,0.0,0.0,125.0,세종특별자치시,세종특별자치시,부강면,S419,2026.0,0.0,0.0,0.0,0.0,0.0,0.0,0.0,0.0,0.0,세종특별자치시,세종시,S419,8.0,6.0,0.0,2.0,20.0,17.0,0.0,3.0
인천광역시,부평구,구산동,부개,2535,2026.0,0.0,0.0,0.0,0.0,0.0,0.0,0.0,0.0,인천광역시,부평구,구산동,2535,2026.0,0.0,0.0,0.0,0.0,0.0,0.0,0.0,0.0,경기도,,부개동,2535,2026.0,650.0,895.0,895.0,895.0,895.0,895.0,895.0,650.0,0.0,경기도,부천시,2535,8.0,6.0,0.0,2.0,23.0,23.0,0.0,0.0
인천광역시,부평구,구산동,부개,2535,2026.0,0.0,0.0,0.0,0.0,0.0,0.0,0.0,0.0,인천광역시,부평구,구산동,2535,2026.0,0.0,0.0,0.0,0.0,0.0,0.0,0.0,0.0,경기도,,부개동,2535,2026.0,650.0,895.0,895.0,895.0,895.0,895.0,895.0,650.0,0.0,인천광역시,부평구,2535,8.0,6.0,0.0,2.0,23.0,23.0,0.0,0.0
인천광역시,부평구,구산동,부개,2535,2026.0,0.0,0.0,0.0,0.0,0.0,0.0,0.0,0.0,인천광역시,부평구,구산동,2535,2026.0,0.0,0.0,0.0,0.0,0.0,0.0,0.0,0.0,인천광역시,부평구,구산동,2535,2026.0,650.0,895.0,895.0,895.0,895.0,895.0,895.0,650.0,0.0,경기도,부천시,2535,8.0,6.0,0.0,2.0,23.0,23.0,0.0,0.0
인천광역시,부평구,구산동,부개,2535,2026.0,0.0,0.0,0.0,0.0,0.0,0.0,0.0,0.0,인천광역시,부평구,구산동,2535,2026.0,0.0,0.0,0.0,0.0,0.0,0.0,0.0,0.0,인천광역시,부평구,구산동,2535,2026.0,650.0,895.0,895.0,895.0,895.0,895.0,895.0,650.0,0.0,인천광역시,부평구,2535,8.0,6.0,0.0,2.0,23.0,23.0,0.0,0.0
인천광역시,부평구,구산동,부개,2535,2026.0,0.0,0.0,0.0,0.0,0.0,0.0,0.0,0.0,경기도,,부개동,2535,2026.0,0.0,0.0,0.0,0.0,0.0,0.0,0.0,0.0,경기도,,부개동,2535,2026.0,650.0,895.0,895.0,895.0,895.0,895.0,895.0,650.0,0.0,경기도,부천시,2535,8.0,6.0,0.0,2.0,23.0,23.0,0.0,0.0
인천광역시,부평구,구산동,부개,2535,2026.0,0.0,0.0,0.0,0.0,0.0,0.0,0.0,0.0,경기도,,부개동,2535,2026.0,0.0,0.0,0.0,0.0,0.0,0.0,0.0,0.0,경기도,,부개동,2535,2026.0,650.0,895.0,895.0,895.0,895.0,895.0,895.0,650.0,0.0,인천광역시,부평구,2535,8.0,6.0,0.0,2.0,23.0,23.0,0.0,0.0
인천광역시,부평구,구산동,부개,2535,2026.0,0.0,0.0,0.0,0.0,0.0,0.0,0.0,0.0,경기도,,부개동,2535,2026.0,0.0,0.0,0.0,0.0,0.0,0.0,0.0,0.0,인천광역시,부평구,구산동,2535,2026.0,650.0,895.0,895.0,895.0,895.0,895.0,895.0,650.0,0.0,경기도,부천시,2535,8.0,6.0,0.0,2.0,23.0,23.0,0.0,0.0
인천광역시,부평구,구산동,부개,2535,2026.0,0.0,0.0,0.0,0.0,0.0,0.0,0.0,0.0,경기도,,부개동,2535,2026.0,0.0,0.0,0.0,0.0,0.0,0.0,0.0,0.0,인천광역시,부평구,구산동,2535,2026.0,650.0,895.0,895.0,895.0,895.0,895.0,895.0,650.0,0.0,인천광역시,부평구,2535,8.0,6.0,0.0,2.0,23.0,23.0,0.0,0.0
경기도,,송내동,부개,2535,2026.0,0.0,0.0,0.0,0.0,0.0,0.0,0.0,0.0,인천광역시,부평구,구산동,2535,2026.0,0.0,0.0,0.0,0.0,0.0,0.0,0.0,0.0,경기도,,부개동,2535,2026.0,650.0,895.0,895.0,895.0,895.0,895.0,895.0,650.0,0.0,경기도,부천시,2535,8.0,6.0,0.0,2.0,23.0,23.0,0.0,0.0
경기도,,송내동,부개,2535,2026.0,0.0,0.0,0.0,0.0,0.0,0.0,0.0,0.0,인천광역시,부평구,구산동,2535,2026.0,0.0,0.0,0.0,0.0,0.0,0.0,0.0,0.0,경기도,,부개동,2535,2026.0,650.0,895.0,895.0,895.0,895.0,895.0,895.0,650.0,0.0,인천광역시,부평구,2535,8.0,6.0,0.0,2.0,23.0,23.0,0.0,0.0
경기도,,송내동,부개,2535,2026.0,0.0,0.0,0.0,0.0,0.0,0.0,0.0,0.0,인천광역시,부평구,구산동,2535,2026.0,0.0,0.0,0.0,0.0,0.0,0.0,0.0,0.0,인천광역시,부평구,구산동,2535,2026.0,650.0,895.0,895.0,895.0,895.0,895.0,895.0,650.0,0.0,경기도,부천시,2535,8.0,6.0,0.0,2.0,23.0,23.0,0.0,0.0
경기도,,송내동,부개,2535,2026.0,0.0,0.0,0.0,0.0,0.0,0.0,0.0,0.0,인천광역시,부평구,구산동,2535,2026.0,0.0,0.0,0.0,0.0,0.0,0.0,0.0,0.0,인천광역시,부평구,구산동,2535,2026.0,650.0,895.0,895.0,895.0,895.0,895.0,895.0,650.0,0.0,인천광역시,부평구,2535,8.0,6.0,0.0,2.0,23.0,23.0,0.0,0.0
경기도,,송내동,부개,2535,2026.0,0.0,0.0,0.0,0.0,0.0,0.0,0.0,0.0,경기도,,부개동,2535,2026.0,0.0,0.0,0.0,0.0,0.0,0.0,0.0,0.0,경기도,,부개동,2535,2026.0,650.0,895.0,895.0,895.0,895.0,895.0,895.0,650.0,0.0,경기도,부천시,2535,8.0,6.0,0.0,2.0,23.0,23.0,0.0,0.0
경기도,,송내동,부개,2535,2026.0,0.0,0.0,0.0,0.0,0.0,0.0,0.0,0.0,경기도,,부개동,2535,2026.0,0.0,0.0,0.0,0.0,0.0,0.0,0.0,0.0,경기도,,부개동,2535,2026.0,650.0,895.0,895.0,895.0,895.0,895.0,895.0,650.0,0.0,인천광역시,부평구,2535,8.0,6.0,0.0,2.0,23.0,23.0,0.0,0.0
경기도,,송내동,부개,2535,2026.0,0.0,0.0,0.0,0.0,0.0,0.0,0.0,0.0,경기도,,부개동,2535,2026.0,0.0,0.0,0.0,0.0,0.0,0.0,0.0,0.0,인천광역시,부평구,구산동,2535,2026.0,650.0,895.0,895.0,895.0,895.0,895.0,895.0,650.0,0.0,경기도,부천시,2535,8.0,6.0,0.0,2.0,23.0,23.0,0.0,0.0
경기도,,송내동,부개,2535,2026.0,0.0,0.0,0.0,0.0,0.0,0.0,0.0,0.0,경기도,,부개동,2535,2026.0,0.0,0.0,0.0,0.0,0.0,0.0,0.0,0.0,인천광역시,부평구,구산동,2535,2026.0,650.0,895.0,895.0,895.0,895.0,895.0,895.0,650.0,0.0,인천광역시,부평구,2535,8.0,6.0,0.0,2.0,23.0,23.0,0.0,0.0
부산광역시,사하구,감천동,부민,2748,2026.0,0.0,0.0,0.0,0.0,0.0,0.0,0.0,0.0,부산광역시,동구,동대신동3가,2748,2026.0,0.0,0.0,0.0,0.0,0.0,0.0,0.0,0.0,부산광역시,동구,동대신동3가,2748,2026.0,0.0,0.0,0.0,0.0,0.0,625.0,635.0,0.0,0.0,부산광역시,동구,2748,5.0,4.0,1.0,0.0,17.0,13.0,0.0,4.0
부산광역시,사하구,감천동,부민,2748,2026.0,0.0,0.0,0.0,0.0,0.0,0.0,0.0,0.0,부산광역시,동구,동대신동3가,2748,2026.0,0.0,0.0,0.0,0.0,0.0,0.0,0.0,0.0,부산광역시,동구,동대신동3가,2748,2026.0,0.0,0.0,0.0,0.0,0.0,625.0,635.0,0.0,0.0,부산광역시,사하구,2748,5.0,4.0,1.0,0.0,17.0,13.0,0.0,4.0
부산광역시,사하구,감천동,부민,2748,2026.0,0.0,0.0,0.0,0.0,0.0,0.0,0.0,0.0,부산광역시,동구,동대신동3가,2748,2026.0,0.0,0.0,0.0,0.0,0.0,0.0,0.0,0.0,부산광역시,동구,동대신동3가,2748,2026.0,0.0,0.0,0.0,0.0,0.0,625.0,635.0,0.0,0.0,부산광역시,서구,2748,5.0,4.0,1.0,0.0,17.0,13.0,0.0,4.0
경기도,이천시,부발읍,부발(건설중),E819,2026.0,0.0,0.0,0.0,0.0,0.0,0.0,0.0,0.0,경기도,이천시,부발읍,E819,2026.0,0.0,0.0,0.0,0.0,0.0,0.0,0.0,0.0,경기도,이천시,부발읍,E819,2026.0,0.0,1555.0,1555.0,1555.0,1555.0,1580.0,1580.0,0.0,0.0,,,,,,,,,,,
부산광역시,서구,암남동,부산,2345,2026.0,0.0,0.0,0.0,0.0,0.0,0.0,0.0,0.0,부산광역시,동구,중앙동4가,2345,2026.0,0.0,0.0,0.0,0.0,0.0,0.0,0.0,0.0,부산광역시,동구,중앙동4가,2345,2026.0,0.0,0.0,0.0,0.0,0.0,0.0,0.0,0.0,0.0,부산광역시,동구,2345,8.0,7.0,1.0,0.0,21.0,19.0,2.0,0.0
부산광역시,서구,암남동,부산,2345,2026.0,0.0,0.0,0.0,0.0,0.0,0.0,0.0,0.0,부산광역시,동구,중앙동4가,2345,2026.0,0.0,0.0,0.0,0.0,0.0,0.0,0.0,0.0,부산광역시,동구,중앙동4가,2345,2026.0,0.0,0.0,0.0,0.0,0.0,0.0,0.0,0.0,0.0,부산광역시,서구,2345,8.0,7.0,1.0,0.0,21.0,19.0,2.0,0.0
부산광역시,부산광역시동구,초량동,부산항(건설중),E842,2026.0,0.0,0.0,0.0,110.0,105.0,95.0,75.0,0.0,부산광역시,부산광역시동구,초량동,E842,2026.0,0.0,0.0,0.0,110.0,105.0,95.0,75.0,0.0,부산광역시,부산광역시동구,초량동,E842,2026.0,0.0,0.0,0.0,375.0,395.0,400.0,405.0,0.0,0.0,,,,,,,,,,,
충청남도,서산시,부석면,부석(건설중),E836,2026.0,0.0,0.0,0.0,0.0,0.0,165.6,165.6,0.0,충청남도,서산시,부석면,E836,2026.0,0.0,0.0,0.0,0.0,0.0,1150.0,1100.0,0.0,충청남도,서산시,부석면,E836,2026.0,0.0,0.0,0.0,0.0,0.0,0.0,0.0,0.0,0.0,,,,,,,,,,,
전북특별자치도,부안군,진서면,부안,2728,2026.0,91.4,0.0,0.0,0.0,84.7,83.1,81.6,91.4,전북특별자치도,부안군,계화면,2728,2026.0,400.0,0.0,0.0,0.0,370.0,400.0,400.0,400.0,전북특별자치도,부안군,계화면,2728,2026.0,0.0,0.0,0.0,0.0,0.0,0.0,390.0,0.0,0.0,,,,,,,,,,,
충청남도,부여군,구룡면,부여,2439,2026.0,48.2,44.4,40.5,36.8,32.2,27.9,23.6,48.2,충청남도,부여군,구룡면,2439,2026.0,615.0,680.0,545.0,335.0,335.0,495.0,730.0,615.0,충청남도,부여군,구룡면,2439,2026.0,0.0,0.0,0.0,0.0,0.0,0.0,0.0,0.0,0.0,충청남도,부여군,2439,12.0,4.0,0.0,8.0,24.0,16.0,3.0,5.0
경기도,부천시원미구,도당동,부천,2176,2026.0,0.0,0.0,0.0,0.0,0.0,0.0,0.0,0.0,경기도,,내동,2176,2026.0,0.0,0.0,0.0,0.0,0.0,0.0,0.0,0.0,경기도,,내동,2176,2026.0,0.0,0.0,0.0,0.0,0.0,0.0,0.0,0.0,0.0,경기도,부천시,2176,11.0,11.0,1.0,-1.0,28.0,28.0,0.0,0.0
경기도,부천시원미구,도당동,부천,2176,2026.0,0.0,0.0,0.0,0.0,0.0,0.0,0.0,0.0,경기도,,내동,2176,2026.0,0.0,0.0,0.0,0.0,0.0,0.0,0.0,0.0,경기도,,내동,2176,2026.0,0.0,0.0,0.0,0.0,0.0,0.0,0.0,0.0,0.0,경기도,부천시원미구,2176,11.0,11.0,1.0,-1.0,28.0,28.0,0.0,0.0
인천광역시,부평구,부평동,부흥,S320,2026.0,0.0,0.0,0.0,0.0,0.0,0.0,0.0,0.0,인천광역시,부평구,부평동,S320,2026.0,0.0,0.0,0.0,0.0,0.0,0.0,0.0,0.0,인천광역시,부평구,부평동,S320,2026.0,1050.0,1245.0,1255.0,1255.0,1255.0,1255.0,1255.0,1050.0,0.0,인천광역시,부평구,S320,8.0,6.0,0.0,2.0,20.0,20.0,0.0,0.0
강원특별자치도,강릉시,난곡동,북강릉,D338,2026.0,68.6,66.2,65.4,64.7,63.9,63.2,62.5,68.6,강원특별자치도,강릉시,난곡동,D338,2026.0,200.0,200.0,215.0,250.0,220.0,230.0,230.0,200.0,강원특별자치도,강릉시,난곡동,D338,2026.0,0.0,0.0,0.0,0.0,640.0,640.0,640.0,0.0,0.0,강원특별자치도,강릉시,D338,8.0,4.0,1.0,3.0,26.0,10.0,1.0,15.0
서울특별시,양천구,신월동,북과천(건설중),E566,2026.0,0.0,0.0,0.0,0.0,0.0,0.0,0.0,0.0,서울특별시,양천구,신정동,E566,2026.0,0.0,0.0,0.0,0.0,0.0,0.0,0.0,0.0,경기도,과천시,막계동,E566,2026.0,0.0,0.0,0.0,560.0,610.0,625.0,1040.0,0.0,0.0,,,,,,,,,,,
서울특별시,양천구,신월동,북과천(건설중),E566,2026.0,0.0,0.0,0.0,0.0,0.0,0.0,0.0,0.0,서울특별시,양천구,신정동,E566,2026.0,0.0,0.0,0.0,0.0,0.0,0.0,0.0,0.0,서울특별시,양천구,신정동,E566,2026.0,0.0,0.0,0.0,560.0,610.0,625.0,1040.0,0.0,0.0,,,,,,,,,,,
서울특별시,양천구,신월동,북과천(건설중),E566,2026.0,0.0,0.0,0.0,0.0,0.0,0.0,0.0,0.0,경기도,과천시,막계동,E566,2026.0,0.0,0.0,0.0,0.0,0.0,0.0,0.0,0.0,경기도,과천시,막계동,E566,2026.0,0.0,0.0,0.0,560.0,610.0,625.0,1040.0,0.0,0.0,,,,,,,,,,,
서울특별시,양천구,신월동,북과천(건설중),E566,2026.0,0.0,0.0,0.0,0.0,0.0,0.0,0.0,0.0,경기도,과천시,막계동,E566,2026.0,0.0,0.0,0.0,0.0,0.0,0.0,0.0,0.0,서울특별시,양천구,신정동,E566,2026.0,0.0,0.0,0.0,560.0,610.0,625.0,1040.0,0.0,0.0,,,,,,,,,,,
경기도,과천시,과천동,북과천(건설중),E566,2026.0,0.0,0.0,0.0,0.0,0.0,0.0,0.0,0.0,서울특별시,양천구,신정동,E566,2026.0,0.0,0.0,0.0,0.0,0.0,0.0,0.0,0.0,경기도,과천시,막계동,E566,2026.0,0.0,0.0,0.0,560.0,610.0,625.0,1040.0,0.0,0.0,,,,,,,,,,,
경기도,과천시,과천동,북과천(건설중),E566,2026.0,0.0,0.0,0.0,0.0,0.0,0.0,0.0,0.0,서울특별시,양천구,신정동,E566,2026.0,0.0,0.0,0.0,0.0,0.0,0.0,0.0,0.0,서울특별시,양천구,신정동,E566,2026.0,0.0,0.0,0.0,560.0,610.0,625.0,1040.0,0.0,0.0,,,,,,,,,,,
경기도,과천시,과천동,북과천(건설중),E566,2026.0,0.0,0.0,0.0,0.0,0.0,0.0,0.0,0.0,경기도,과천시,막계동,E566,2026.0,0.0,0.0,0.0,0.0,0.0,0.0,0.0,0.0,경기도,과천시,막계동,E566,2026.0,0.0,0.0,0.0,560.0,610.0,625.0,1040.0,0.0,0.0,,,,,,,,,,,
경기도,과천시,과천동,북과천(건설중),E566,2026.0,0.0,0.0,0.0,0.0,0.0,0.0,0.0,0.0,경기도,과천시,막계동,E566,2026.0,0.0,0.0,0.0,0.0,0.0,0.0,0.0,0.0,서울특별시,양천구,신정동,E566,2026.0,0.0,0.0,0.0,560.0,610.0,625.0,1040.0,0.0,0.0,,,,,,,,,,,
전남광주통합특별시,서구,유촌동,북광주,5180,2026.0,0.0,0.0,0.0,0.0,5.5,0.0,0.0,0.0,전남광주통합특별시,광산구,동림동,5180,2026.0,0.0,0.0,0.0,0.0,55.0,40.0,45.0,0.0,전남광주통합특별시,광산구,동림동,5180,2026.0,0.0,0.0,0.0,0.0,0.0,0.0,0.0,0.0,0.0,전남광주통합특별시,광산구,5180,8.0,4.0,0.0,4.0,26.0,16.0,0.0,10.0
전남광주통합특별시,서구,유촌동,북광주,5180,2026.0,0.0,0.0,0.0,0.0,5.5,0.0,0.0,0.0,전남광주통합특별시,광산구,동림동,5180,2026.0,0.0,0.0,0.0,0.0,55.0,40.0,45.0,0.0,전남광주통합특별시,광산구,동림동,5180,2026.0,0.0,0.0,0.0,0.0,0.0,0.0,0.0,0.0,0.0,전남광주통합특별시,북구,5180,8.0,4.0,0.0,4.0,26.0,16.0,0.0,10.0
전남광주통합특별시,서구,유촌동,북광주,5180,2026.0,0.0,0.0,0.0,0.0,5.5,0.0,0.0,0.0,전남광주통합특별시,광산구,동림동,5180,2026.0,0.0,0.0,0.0,0.0,55.0,40.0,45.0,0.0,전남광주통합특별시,광산구,동림동,5180,2026.0,0.0,0.0,0.0,0.0,0.0,0.0,0.0,0.0,0.0,전남광주통합특별시,서구,5180,8.0,4.0,0.0,4.0,26.0,16.0,0.0,10.0
전북특별자치도,김제시,백구면,북김제(건설중),E320,2026.0,0.0,165.6,165.6,165.6,165.6,165.6,165.6,0.0,전북특별자치도,전주시덕진구,전미동2가,E320,2026.0,0.0,310.0,415.0,335.0,575.0,450.0,250.0,0.0,전북특별자치도,전주시덕진구,전미동2가,E320,2026.0,0.0,0.0,0.0,0.0,0.0,0.0,780.0,0.0,0.0,,,,,,,,,,,
경상북도,고령군,운수면,북다산,E594,2026.0,0.0,73.6,73.6,73.6,73.6,73.6,73.6,0.0,경상북도,고령군,운수면,E594,2026.0,190.0,195.0,150.0,100.0,100.0,70.0,95.0,190.0,경상북도,고령군,운수면,E594,2026.0,730.0,730.0,1205.0,1210.0,1210.0,1210.0,1210.0,730.0,0.0,,,,,,,,,,,
,,,북당진,,,,,,,,,,,,,,,,,,,,,,,,충청남도,당진시,송악읍,E012,2026.0,0.0,0.0,0.0,0.0,0.0,0.0,0.0,0.0,0.0,충청남도,당진시,E012,8.0,0.0,1.0,7.0,0.0,0.0,0.0,0.0
,,,북대구,,,,,,,,,,,,,,,,,,,,,,,,경상북도,칠곡군,왜관읍,S733,2026.0,1775.0,1775.0,1775.0,1780.0,1780.0,1780.0,1795.0,1775.0,0.0,경상북도,칠곡군,S733,12.0,10.0,0.0,2.0,0.0,0.0,0.0,0.0
경기도,화성시,영천동,북동탄,D503,2026.0,0.0,0.0,0.0,0.0,0.0,0.0,0.0,0.0,경기도,용인시기흥구,고매동,D503,2026.0,0.0,0.0,0.0,0.0,0.0,0.0,0.0,0.0,경기도,용인시기흥구,고매동,D503,2026.0,1105.0,2225.0,2235.0,2270.0,2270.0,2270.0,2270.0,1105.0,0.0,경기도,용인시기흥구,D503,8.0,8.0,0.0,0.0,26.0,19.0,4.0,3.0
경기도,화성시,영천동,북동탄,D503,2026.0,0.0,0.0,0.0,0.0,0.0,0.0,0.0,0.0,경기도,용인시기흥구,고매동,D503,2026.0,0.0,0.0,0.0,0.0,0.0,0.0,0.0,0.0,경기도,용인시기흥구,고매동,D503,2026.0,1105.0,2225.0,2235.0,2270.0,2270.0,2270.0,2270.0,1105.0,0.0,경기도,화성시,D503,8.0,8.0,0.0,0.0,26.0,19.0,4.0,3.0
경기도,용인시처인구,남사읍,북리(건설중),E820,2026.0,0.0,0.0,0.0,0.0,0.0,0.0,0.0,0.0,경기도,용인시처인구,남사읍,E820,2026.0,0.0,0.0,0.0,0.0,0.0,0.0,0.0,0.0,경기도,용인시처인구,남사읍,E820,2026.0,0.0,0.0,0.0,1875.0,1905.0,1920.0,1925.0,0.0,0.0,,,,,,,,,,,
부산광역시,부산광역시북구,화명동,북부산,2393,2026.0,0.0,0.0,0.0,0.0,0.0,0.0,0.0,0.0,부산광역시,사상구,삼락동,2393,2026.0,0.0,0.0,0.0,0.0,0.0,0.0,0.0,0.0,경상남도,양산시,다방동,2393,2026.0,860.0,860.0,895.0,945.0,965.0,970.0,975.0,860.0,0.0,경상남도,양산시,2393,17.0,9.0,2.0,6.0,17.0,11.0,0.0,6.0
부산광역시,부산광역시북구,화명동,북부산,2393,2026.0,0.0,0.0,0.0,0.0,0.0,0.0,0.0,0.0,부산광역시,사상구,삼락동,2393,2026.0,0.0,0.0,0.0,0.0,0.0,0.0,0.0,0.0,경상남도,양산시,다방동,2393,2026.0,860.0,860.0,895.0,945.0,965.0,970.0,975.0,860.0,0.0,부산광역시,북구,2393,17.0,9.0,2.0,6.0,17.0,11.0,0.0,6.0
부산광역시,부산광역시북구,화명동,북부산,2393,2026.0,0.0,0.0,0.0,0.0,0.0,0.0,0.0,0.0,부산광역시,사상구,삼락동,2393,2026.0,0.0,0.0,0.0,0.0,0.0,0.0,0.0,0.0,경상남도,양산시,다방동,2393,2026.0,860.0,860.0,895.0,945.0,965.0,970.0,975.0,860.0,0.0,부산광역시,사상구,2393,17.0,9.0,2.0,6.0,17.0,11.0,0.0,6.0
부산광역시,부산광역시북구,화명동,북부산,2393,2026.0,0.0,0.0,0.0,0.0,0.0,0.0,0.0,0.0,부산광역시,사상구,삼락동,2393,2026.0,0.0,0.0,0.0,0.0,0.0,0.0,0.0,0.0,부산광역시,사상구,삼락동,2393,2026.0,860.0,860.0,895.0,945.0,965.0,970.0,975.0,860.0,0.0,경상남도,양산시,2393,17.0,9.0,2.0,6.0,17.0,11.0,0.0,6.0
부산광역시,부산광역시북구,화명동,북부산,2393,2026.0,0.0,0.0,0.0,0.0,0.0,0.0,0.0,0.0,부산광역시,사상구,삼락동,2393,2026.0,0.0,0.0,0.0,0.0,0.0,0.0,0.0,0.0,부산광역시,사상구,삼락동,2393,2026.0,860.0,860.0,895.0,945.0,965.0,970.0,975.0,860.0,0.0,부산광역시,북구,2393,17.0,9.0,2.0,6.0,17.0,11.0,0.0,6.0
부산광역시,부산광역시북구,화명동,북부산,2393,2026.0,0.0,0.0,0.0,0.0,0.0,0.0,0.0,0.0,부산광역시,사상구,삼락동,2393,2026.0,0.0,0.0,0.0,0.0,0.0,0.0,0.0,0.0,부산광역시,사상구,삼락동,2393,2026.0,860.0,860.0,895.0,945.0,965.0,970.0,975.0,860.0,0.0,부산광역시,사상구,2393,17.0,9.0,2.0,6.0,17.0,11.0,0.0,6.0
부산광역시,부산광역시북구,화명동,북부산,2393,2026.0,0.0,0.0,0.0,0.0,0.0,0.0,0.0,0.0,경상남도,양산시,다방동,2393,2026.0,0.0,0.0,0.0,0.0,0.0,0.0,0.0,0.0,경상남도,양산시,다방동,2393,2026.0,860.0,860.0,895.0,945.0,965.0,970.0,975.0,860.0,0.0,경상남도,양산시,2393,17.0,9.0,2.0,6.0,17.0,11.0,0.0,6.0
부산광역시,부산광역시북구,화명동,북부산,2393,2026.0,0.0,0.0,0.0,0.0,0.0,0.0,0.0,0.0,경상남도,양산시,다방동,2393,2026.0,0.0,0.0,0.0,0.0,0.0,0.0,0.0,0.0,경상남도,양산시,다방동,2393,2026.0,860.0,860.0,895.0,945.0,965.0,970.0,975.0,860.0,0.0,부산광역시,북구,2393,17.0,9.0,2.0,6.0,17.0,11.0,0.0,6.0
부산광역시,부산광역시북구,화명동,북부산,2393,2026.0,0.0,0.0,0.0,0.0,0.0,0.0,0.0,0.0,경상남도,양산시,다방동,2393,2026.0,0.0,0.0,0.0,0.0,0.0,0.0,0.0,0.0,경상남도,양산시,다방동,2393,2026.0,860.0,860.0,895.0,945.0,965.0,970.0,975.0,860.0,0.0,부산광역시,사상구,2393,17.0,9.0,2.0,6.0,17.0,11.0,0.0,6.0
부산광역시,부산광역시북구,화명동,북부산,2393,2026.0,0.0,0.0,0.0,0.0,0.0,0.0,0.0,0.0,경상남도,양산시,다방동,2393,2026.0,0.0,0.0,0.0,0.0,0.0,0.0,0.0,0.0,부산광역시,사상구,삼락동,2393,2026.0,860.0,860.0,895.0,945.0,965.0,970.0,975.0,860.0,0.0,경상남도,양산시,2393,17.0,9.0,2.0,6.0,17.0,11.0,0.0,6.0
부산광역시,부산광역시북구,화명동,북부산,2393,2026.0,0.0,0.0,0.0,0.0,0.0,0.0,0.0,0.0,경상남도,양산시,다방동,2393,2026.0,0.0,0.0,0.0,0.0,0.0,0.0,0.0,0.0,부산광역시,사상구,삼락동,2393,2026.0,860.0,860.0,895.0,945.0,965.0,970.0,975.0,860.0,0.0,부산광역시,북구,2393,17.0,9.0,2.0,6.0,17.0,11.0,0.0,6.0
부산광역시,부산광역시북구,화명동,북부산,2393,2026.0,0.0,0.0,0.0,0.0,0.0,0.0,0.0,0.0,경상남도,양산시,다방동,2393,2026.0,0.0,0.0,0.0,0.0,0.0,0.0,0.0,0.0,부산광역시,사상구,삼락동,2393,2026.0,860.0,860.0,895.0,945.0,965.0,970.0,975.0,860.0,0.0,부산광역시,사상구,2393,17.0,9.0,2.0,6.0,17.0,11.0,0.0,6.0
경상남도,양산시,다방동,북부산,2393,2026.0,0.0,0.0,0.0,0.0,0.0,0.0,0.0,0.0,부산광역시,사상구,삼락동,2393,2026.0,0.0,0.0,0.0,0.0,0.0,0.0,0.0,0.0,경상남도,양산시,다방동,2393,2026.0,860.0,860.0,895.0,945.0,965.0,970.0,975.0,860.0,0.0,경상남도,양산시,2393,17.0,9.0,2.0,6.0,17.0,11.0,0.0,6.0
경상남도,양산시,다방동,북부산,2393,2026.0,0.0,0.0,0.0,0.0,0.0,0.0,0.0,0.0,부산광역시,사상구,삼락동,2393,2026.0,0.0,0.0,0.0,0.0,0.0,0.0,0.0,0.0,경상남도,양산시,다방동,2393,2026.0,860.0,860.0,895.0,945.0,965.0,970.0,975.0,860.0,0.0,부산광역시,북구,2393,17.0,9.0,2.0,6.0,17.0,11.0,0.0,6.0
경상남도,양산시,다방동,북부산,2393,2026.0,0.0,0.0,0.0,0.0,0.0,0.0,0.0,0.0,부산광역시,사상구,삼락동,2393,2026.0,0.0,0.0,0.0,0.0,0.0,0.0,0.0,0.0,경상남도,양산시,다방동,2393,2026.0,860.0,860.0,895.0,945.0,965.0,970.0,975.0,860.0,0.0,부산광역시,사상구,2393,17.0,9.0,2.0,6.0,17.0,11.0,0.0,6.0
경상남도,양산시,다방동,북부산,2393,2026.0,0.0,0.0,0.0,0.0,0.0,0.0,0.0,0.0,부산광역시,사상구,삼락동,2393,2026.0,0.0,0.0,0.0,0.0,0.0,0.0,0.0,0.0,부산광역시,사상구,삼락동,2393,2026.0,860.0,860.0,895.0,945.0,965.0,970.0,975.0,860.0,0.0,경상남도,양산시,2393,17.0,9.0,2.0,6.0,17.0,11.0,0.0,6.0
경상남도,양산시,다방동,북부산,2393,2026.0,0.0,0.0,0.0,0.0,0.0,0.0,0.0,0.0,부산광역시,사상구,삼락동,2393,2026.0,0.0,0.0,0.0,0.0,0.0,0.0,0.0,0.0,부산광역시,사상구,삼락동,2393,2026.0,860.0,860.0,895.0,945.0,965.0,970.0,975.0,860.0,0.0,부산광역시,북구,2393,17.0,9.0,2.0,6.0,17.0,11.0,0.0,6.0
경상남도,양산시,다방동,북부산,2393,2026.0,0.0,0.0,0.0,0.0,0.0,0.0,0.0,0.0,부산광역시,사상구,삼락동,2393,2026.0,0.0,0.0,0.0,0.0,0.0,0.0,0.0,0.0,부산광역시,사상구,삼락동,2393,2026.0,860.0,860.0,895.0,945.0,965.0,970.0,975.0,860.0,0.0,부산광역시,사상구,2393,17.0,9.0,2.0,6.0,17.0,11.0,0.0,6.0
경상남도,양산시,다방동,북부산,2393,2026.0,0.0,0.0,0.0,0.0,0.0,0.0,0.0,0.0,경상남도,양산시,다방동,2393,2026.0,0.0,0.0,0.0,0.0,0.0,0.0,0.0,0.0,경상남도,양산시,다방동,2393,2026.0,860.0,860.0,895.0,945.0,965.0,970.0,975.0,860.0,0.0,경상남도,양산시,2393,17.0,9.0,2.0,6.0,17.0,11.0,0.0,6.0
경상남도,양산시,다방동,북부산,2393,2026.0,0.0,0.0,0.0,0.0,0.0,0.0,0.0,0.0,경상남도,양산시,다방동,2393,2026.0,0.0,0.0,0.0,0.0,0.0,0.0,0.0,0.0,경상남도,양산시,다방동,2393,2026.0,860.0,860.0,895.0,945.0,965.0,970.0,975.0,860.0,0.0,부산광역시,북구,2393,17.0,9.0,2.0,6.0,17.0,11.0,0.0,6.0
경상남도,양산시,다방동,북부산,2393,2026.0,0.0,0.0,0.0,0.0,0.0,0.0,0.0,0.0,경상남도,양산시,다방동,2393,2026.0,0.0,0.0,0.0,0.0,0.0,0.0,0.0,0.0,경상남도,양산시,다방동,2393,2026.0,860.0,860.0,895.0,945.0,965.0,970.0,975.0,860.0,0.0,부산광역시,사상구,2393,17.0,9.0,2.0,6.0,17.0,11.0,0.0,6.0
경상남도,양산시,다방동,북부산,2393,2026.0,0.0,0.0,0.0,0.0,0.0,0.0,0.0,0.0,경상남도,양산시,다방동,2393,2026.0,0.0,0.0,0.0,0.0,0.0,0.0,0.0,0.0,부산광역시,사상구,삼락동,2393,2026.0,860.0,860.0,895.0,945.0,965.0,970.0,975.0,860.0,0.0,경상남도,양산시,2393,17.0,9.0,2.0,6.0,17.0,11.0,0.0,6.0
경상남도,양산시,다방동,북부산,2393,2026.0,0.0,0.0,0.0,0.0,0.0,0.0,0.0,0.0,경상남도,양산시,다방동,2393,2026.0,0.0,0.0,0.0,0.0,0.0,0.0,0.0,0.0,부산광역시,사상구,삼락동,2393,2026.0,860.0,860.0,895.0,945.0,965.0,970.0,975.0,860.0,0.0,부산광역시,북구,2393,17.0,9.0,2.0,6.0,17.0,11.0,0.0,6.0
경상남도,양산시,다방동,북부산,2393,2026.0,0.0,0.0,0.0,0.0,0.0,0.0,0.0,0.0,경상남도,양산시,다방동,2393,2026.0,0.0,0.0,0.0,0.0,0.0,0.0,0.0,0.0,부산광역시,사상구,삼락동,2393,2026.0,860.0,860.0,895.0,945.0,965.0,970.0,975.0,860.0,0.0,부산광역시,사상구,2393,17.0,9.0,2.0,6.0,17.0,11.0,0.0,6.0
경상북도,성주군,대가면,북성주(건설중),E339,2026.0,0.0,55.2,55.2,55.2,55.2,55.2,55.2,0.0,경상북도,성주군,대가면,E339,2026.0,295.0,295.0,285.0,260.0,275.0,345.0,330.0,295.0,경상북도,성주군,대가면,E339,2026.0,670.0,670.0,670.0,670.0,675.0,675.0,675.0,670.0,0.0,,,,,,,,,,,
세종특별자치시,세종시,전의면,북세종(건설중),D481,2026.0,0.0,0.0,165.6,159.8,0.0,0.0,0.0,0.0,세종특별자치시,세종시,한별동,D481,2026.0,0.0,0.0,505.0,460.0,0.0,0.0,0.0,0.0,세종특별자치시,세종시,전의면,D481,2026.0,0.0,0.0,0.0,0.0,0.0,0.0,0.0,0.0,0.0,,,,,,,,,,,
인천광역시,연수구,송도동,북송도,D309,2026.0,0.0,0.0,0.0,0.0,0.0,0.0,0.0,0.0,인천광역시,연수구,송도동,D309,2026.0,0.0,0.0,0.0,0.0,0.0,0.0,0.0,0.0,인천광역시,연수구,송도동,D309,2026.0,950.0,950.0,950.0,950.0,950.0,950.0,980.0,950.0,500.0,인천광역시,연수구,D309,8.0,4.0,2.0,2.0,30.0,45.0,0.0,-15.0
경기도,시흥시,죽율동,북시화,2723,2026.0,0.0,0.0,0.0,0.0,0.0,0.0,0.0,0.0,경기도,시흥시,광석동,2723,2026.0,0.0,0.0,0.0,0.0,0.0,0.0,0.0,0.0,경기도,시흥시,광석동,2723,2026.0,0.0,0.0,0.0,0.0,0.0,0.0,0.0,0.0,0.0,,,,,,,,,,,
경기도,용인시기흥구,신갈동,북신갈(건설중),E821,2026.0,0.0,0.0,0.0,0.0,0.0,0.0,0.0,0.0,경기도,용인시기흥구,신갈동,E821,2026.0,0.0,0.0,0.0,0.0,0.0,0.0,0.0,0.0,경기도,용인시기흥구,신갈동,E821,2026.0,0.0,0.0,960.0,960.0,960.0,960.0,1370.0,0.0,0.0,,,,,,,,,,,
충청남도,아산시,음봉면,북아산,E335,2026.0,0.0,0.0,0.0,0.0,0.0,0.0,0.0,0.0,충청남도,아산시,음봉면,E335,2026.0,0.0,0.0,0.0,0.0,0.0,0.0,0.0,0.0,충청남도,아산시,음봉면,E335,2026.0,0.0,0.0,0.0,0.0,0.0,0.0,0.0,0.0,0.0,,,,,,,,,,,
경기도,안산시상록구,장하동,북안산,D331,2026.0,109.7,109.4,109.2,108.9,108.7,108.5,108.3,109.7,경기도,시흥시,금이동,D331,2026.0,330.0,300.0,300.0,300.0,295.0,340.0,285.0,330.0,경기도,시흥시,금이동,D331,2026.0,635.0,635.0,635.0,640.0,640.0,645.0,645.0,635.0,0.0,경기도,시흥시,D331,8.0,4.0,0.0,4.0,26.0,5.0,5.0,16.0
경기도,안산시상록구,장하동,북안산,D331,2026.0,109.7,109.4,109.2,108.9,108.7,108.5,108.3,109.7,경기도,시흥시,금이동,D331,2026.0,330.0,300.0,300.0,300.0,295.0,340.0,285.0,330.0,경기도,시흥시,금이동,D331,2026.0,635.0,635.0,635.0,640.0,640.0,645.0,645.0,635.0,0.0,경기도,안산시단원구,D331,8.0,4.0,0.0,4.0,26.0,5.0,5.0,16.0
경기도,안산시상록구,장하동,북안산,D331,2026.0,109.7,109.4,109.2,108.9,108.7,108.5,108.3,109.7,경기도,시흥시,금이동,D331,2026.0,330.0,300.0,300.0,300.0,295.0,340.0,285.0,330.0,경기도,시흥시,금이동,D331,2026.0,635.0,635.0,635.0,640.0,640.0,645.0,645.0,635.0,0.0,경기도,안산시상록구,D331,8.0,4.0,0.0,4.0,26.0,5.0,5.0,16.0
충청북도,청주시흥덕구,오송읍,북오송,D988,2026.0,79.9,66.4,65.1,52.1,40.3,30.9,17.9,79.9,충청북도,청주시흥덕구,오송읍,D988,2026.0,0.0,0.0,0.0,0.0,0.0,0.0,0.0,0.0,충청북도,청주시흥덕구,오송읍,D988,2026.0,0.0,0.0,0.0,0.0,0.0,685.0,700.0,0.0,0.0,충청북도,청주시흥덕구,D988,8.0,4.0,0.0,4.0,28.0,7.0,4.0,17.0
울산광역시,북구,가대동,북울산,S815,2026.0,0.0,0.0,0.0,0.0,25.6,24.6,23.6,0.0,울산광역시,북구,가대동,S815,2026.0,0.0,0.0,0.0,0.0,95.0,105.0,115.0,0.0,울산광역시,북구,가대동,S815,2026.0,0.0,0.0,0.0,0.0,0.0,1140.0,1140.0,0.0,0.0,울산광역시,북구,S815,8.0,4.0,1.0,3.0,25.0,20.0,0.0,5.0
울산광역시,북구,가대동,북울산,S815,2026.0,0.0,0.0,0.0,0.0,25.6,24.6,23.6,0.0,울산광역시,북구,가대동,S815,2026.0,0.0,0.0,0.0,0.0,95.0,105.0,115.0,0.0,울산광역시,북구,가대동,S815,2026.0,0.0,0.0,0.0,0.0,0.0,1140.0,1140.0,0.0,0.0,울산광역시,중구,S815,8.0,4.0,1.0,3.0,25.0,20.0,0.0,5.0
강원특별자치도,원주시,가현동,북원주,S435,2026.0,51.3,49.5,47.6,45.7,31.8,19.0,5.1,51.3,강원특별자치도,원주시,가현동,S435,2026.0,80.0,205.0,240.0,220.0,290.0,420.0,345.0,80.0,강원특별자치도,원주시,가현동,S435,2026.0,0.0,0.0,0.0,0.0,260.0,260.0,280.0,0.0,0.0,강원특별자치도,원주시,S435,10.0,6.0,3.0,1.0,28.0,20.0,3.0,5.0
인천광역시,서구,가정동,북인천,2455,2026.0,0.0,0.0,0.0,0.0,0.0,0.0,0.0,0.0,인천광역시,서구,가정동,2455,2026.0,0.0,0.0,0.0,0.0,0.0,0.0,0.0,0.0,인천광역시,서구,가정동,2455,2026.0,330.0,330.0,330.0,330.0,330.0,330.0,330.0,330.0,0.0,,,,,,,,,,,
전북특별자치도,임실군,신덕면,북임실,E271,2026.0,165.6,0.0,0.0,0.0,165.6,165.6,165.6,165.6,전북특별자치도,임실군,신덕면,E271,2026.0,180.0,0.0,0.0,0.0,540.0,800.0,680.0,180.0,전북특별자치도,임실군,신덕면,E271,2026.0,0.0,0.0,0.0,0.0,0.0,0.0,905.0,0.0,0.0,,,,,,,,,,,
경기도,평택시,장안동,북장안,E332,2026.0,0.0,0.0,0.0,0.0,0.0,0.0,0.0,0.0,경기도,평택시,장안동,E332,2026.0,0.0,0.0,0.0,0.0,0.0,0.0,0.0,0.0,경기도,평택시,장안동,E332,2026.0,1160.0,1160.0,1280.0,1290.0,1300.0,1310.0,1310.0,1160.0,0.0,,,,,,,,,,,
전북특별자치도,완주군,용진읍,북전주,2677,2026.0,0.0,0.0,0.0,0.0,1.9,13.0,10.3,0.0,전북특별자치도,완주군,봉동읍,2677,2026.0,0.0,0.0,0.0,0.0,400.0,400.0,210.0,0.0,전북특별자치도,완주군,봉동읍,2677,2026.0,0.0,0.0,0.0,0.0,0.0,0.0,355.0,0.0,0.0,전북특별자치도,완주군,2677,9.0,8.0,0.0,1.0,31.0,28.0,1.0,2.0
경상남도,창녕군,도천면,북창녕(건설중),D490,2026.0,0.0,0.0,0.0,0.0,121.0,121.0,121.0,0.0,경상남도,창녕군,도천면,D490,2026.0,0.0,0.0,0.0,0.0,210.0,170.0,220.0,0.0,경상남도,창녕군,도천면,D490,2026.0,0.0,900.0,900.0,900.0,900.0,1135.0,1140.0,0.0,0.0,,,,,,,,,,,
충청북도,청주시흥덕구,복대동,북청주,S441,2026.0,0.0,0.0,0.0,0.0,0.0,0.0,0.0,0.0,충청북도,청주시청원구,오동동,S441,2026.0,0.0,0.0,345.0,285.0,265.0,210.0,225.0,0.0,충청북도,청주시흥덕구,복대동,S441,2026.0,0.0,0.0,0.0,0.0,0.0,0.0,0.0,0.0,0.0,충청북도,청주시청원구,S441,12.0,12.0,-3.0,3.0,29.0,19.0,1.0,9.0
충청북도,청주시흥덕구,복대동,북청주,S441,2026.0,0.0,0.0,0.0,0.0,0.0,0.0,0.0,0.0,충청북도,청주시청원구,오동동,S441,2026.0,0.0,0.0,345.0,285.0,265.0,210.0,225.0,0.0,충청북도,청주시흥덕구,복대동,S441,2026.0,0.0,0.0,0.0,0.0,0.0,0.0,0.0,0.0,0.0,충청북도,청주시흥덕구,S441,12.0,12.0,-3.0,3.0,29.0,19.0,1.0,9.0
강원특별자치도,춘천시,북산면,북춘천,S436,2026.0,0.0,92.8,91.8,90.8,89.8,88.8,87.7,0.0,강원특별자치도,춘천시,북산면,S436,2026.0,0.0,120.0,135.0,135.0,150.0,155.0,160.0,0.0,강원특별자치도,춘천시,북산면,S436,2026.0,0.0,0.0,0.0,0.0,0.0,0.0,700.0,0.0,0.0,강원특별자치도,춘천시,S436,12.0,4.0,4.0,4.0,30.0,17.0,2.0,11.0
충청북도,충주시,동량면,북충주,D344,2026.0,109.2,99.7,90.2,80.8,62.9,45.1,44.0,109.2,충청북도,충주시,중앙탑면,D344,2026.0,760.0,520.0,465.0,260.0,415.0,555.0,500.0,760.0,충청북도,충주시,동량면,D344,2026.0,0.0,0.0,0.0,0.0,0.0,755.0,1500.0,0.0,0.0,충청북도,충주시,D344,12.0,4.0,3.0,5.0,23.0,10.0,0.0,13.0
경기도,김포시,통진읍,북통진(건설중),E569,2026.0,0.0,0.0,0.0,0.0,0.0,0.0,0.0,0.0,경기도,김포시,통진읍,E569,2026.0,0.0,0.0,0.0,0.0,0.0,0.0,0.0,0.0,경기도,김포시,통진읍,E569,2026.0,380.0,500.0,560.0,560.0,565.0,565.0,570.0,380.0,0.0,,,,,,,,,,,
강원특별자치도,동해시,괴란동,북평,4363,2026.0,37.1,11.0,9.8,8.5,7.2,6.0,4.7,37.1,강원특별자치도,동해시,괴란동,4363,2026.0,200.0,150.0,90.0,115.0,230.0,230.0,155.0,200.0,강원특별자치도,동해시,괴란동,4363,2026.0,0.0,0.0,0.0,0.0,610.0,615.0,615.0,0.0,0.0,강원특별자치도,강릉시,4363,11.0,7.0,0.0,4.0,24.0,15.0,8.0,1.0
강원특별자치도,동해시,괴란동,북평,4363,2026.0,37.1,11.0,9.8,8.5,7.2,6.0,4.7,37.1,강원특별자치도,동해시,괴란동,4363,2026.0,200.0,150.0,90.0,115.0,230.0,230.0,155.0,200.0,강원특별자치도,동해시,괴란동,4363,2026.0,0.0,0.0,0.0,0.0,610.0,615.0,615.0,0.0,0.0,강원특별자치도,동해시,4363,11.0,7.0,0.0,4.0,24.0,15.0,8.0,1.0
경기도,평택시,고덕면,북평택(건설중),D466,2026.0,0.0,0.0,0.0,0.0,0.0,0.0,0.0,0.0,경기도,평택시,가재동,D466,2026.0,0.0,0.0,0.0,5.0,0.0,0.0,0.0,0.0,경기도,평택시,가재동,D466,2026.0,385.0,385.0,385.0,400.0,420.0,435.0,700.0,385.0,0.0,,,,,,,,,,,
경상북도,포항시북구,장성동,북포항,2564,2026.0,0.0,35.4,34.0,32.6,31.3,29.9,28.6,0.0,경상북도,포항시북구,장성동,2564,2026.0,140.0,45.0,400.0,395.0,400.0,400.0,395.0,140.0,경상북도,포항시북구,장성동,2564,2026.0,0.0,0.0,0.0,0.0,0.0,0.0,0.0,0.0,0.0,경상북도,포항시북구,2564,7.0,5.0,0.0,2.0,26.0,23.0,0.0,3.0
전남광주통합특별시,신안군,압해읍,북항,S603,2026.0,49.9,43.9,38.0,28.8,19.5,17.3,15.1,49.9,전남광주통합특별시,목포시,달동,S603,2026.0,0.0,0.0,0.0,0.0,0.0,0.0,0.0,0.0,전남광주통합특별시,목포시,달동,S603,2026.0,0.0,0.0,0.0,0.0,0.0,0.0,0.0,0.0,59.4574,전남광주통합특별시,목포시,S603,9.0,5.0,4.0,0.0,21.0,19.0,2.0,0.0
전남광주통합특별시,신안군,압해읍,북항,S603,2026.0,49.9,43.9,38.0,28.8,19.5,17.3,15.1,49.9,전남광주통합특별시,목포시,달동,S603,2026.0,0.0,0.0,0.0,0.0,0.0,0.0,0.0,0.0,전남광주통합특별시,목포시,달동,S603,2026.0,0.0,0.0,0.0,0.0,0.0,0.0,0.0,0.0,59.4574,전남광주통합특별시,신안군,S603,9.0,5.0,4.0,0.0,21.0,19.0,2.0,0.0
경기도,평택시,현덕면,북현덕,E579,2026.0,0.0,0.0,0.0,0.0,0.0,0.0,0.0,0.0,경기도,평택시,현덕면,E579,2026.0,0.0,0.0,0.0,0.0,0.0,0.0,0.0,0.0,경기도,평택시,현덕면,E579,2026.0,1060.0,1060.0,1060.0,1060.0,1060.0,1060.0,1060.0,1060.0,0.0,,,,,,,,,,,
강원특별자치도,홍천군,홍천읍,북홍천(건설중),D343,2026.0,0.0,0.0,0.0,0.0,0.0,0.0,165.6,0.0,강원특별자치도,홍천군,홍천읍,D343,2026.0,0.0,0.0,0.0,0.0,0.0,0.0,430.0,0.0,강원특별자치도,홍천군,홍천읍,D343,2026.0,0.0,0.0,0.0,0.0,0.0,0.0,0.0,0.0,0.0,,,,,,,,,,,
경기도,성남시분당구,율동,분당,2562,2026.0,0.0,0.0,0.0,0.0,0.0,0.0,0.0,0.0,경기도,성남시분당구,분당동,2562,2026.0,0.0,0.0,0.0,0.0,0.0,0.0,0.0,0.0,경기도,성남시분당구,분당동,2562,2026.0,0.0,0.0,0.0,0.0,0.0,0.0,0.0,0.0,0.0,경기도,성남시분당구,2562,14.0,14.0,-6.0,6.0,34.0,34.0,0.0,0.0
충청남도,천안시서북구,백석동,불당,S507,2026.0,0.0,0.0,0.0,0.0,0.0,0.0,0.0,0.0,충청남도,천안시서북구,백석동,S507,2026.0,0.0,0.0,0.0,0.0,0.0,0.0,0.0,0.0,충청남도,천안시서북구,백석동,S507,2026.0,0.0,0.0,0.0,0.0,0.0,0.0,0.0,0.0,0.0,충청남도,천안시서북구,S507,8.0,6.0,2.0,0.0,24.0,21.0,0.0,3.0
인천광역시,서구,당하동,불로,D313,2026.0,0.0,0.0,0.0,0.0,0.0,0.0,32.0,0.0,인천광역시,서구,당하동,D313,2026.0,0.0,0.0,0.0,0.0,0.0,0.0,100.0,0.0,인천광역시,서구,당하동,D313,2026.0,160.0,680.0,680.0,825.0,825.0,825.0,825.0,160.0,0.0,,,,,,,,,,,
전북특별자치도,군산시,비응도동,비응,D510,2026.0,0.0,0.0,0.0,0.0,0.0,0.0,0.0,0.0,전북특별자치도,군산시,비응도동,D510,2026.0,0.0,0.0,0.0,0.0,0.0,0.0,0.0,0.0,전북특별자치도,군산시,비응도동,D510,2026.0,0.0,0.0,0.0,0.0,0.0,0.0,0.0,0.0,0.0,전북특별자치도,군산시,D510,8.0,6.0,4.0,-2.0,28.0,19.0,8.0,1.0
전북특별자치도,군산시,오식도동,비응#3(건설중),E129,2026.0,0.0,165.6,165.6,165.6,165.6,165.6,165.6,0.0,전북특별자치도,군산시,회현면,E129,2026.0,0.0,355.0,515.0,495.0,450.0,440.0,435.0,0.0,전북특별자치도,군산시,회현면,E129,2026.0,0.0,0.0,0.0,0.0,0.0,0.0,790.0,0.0,300.0,,,,,,,,,,,
전북특별자치도,군산시,오식도동,비응#4(건설중),E764,2026.0,0.0,165.6,165.6,165.6,165.6,165.6,165.6,0.0,전북특별자치도,군산시,오식도동,E764,2026.0,0.0,0.0,770.0,740.0,730.0,705.0,690.0,0.0,전북특별자치도,군산시,오식도동,E764,2026.0,0.0,0.0,0.0,0.0,0.0,0.0,1060.0,0.0,0.0,,,,,,,,,,,
경기도,화성시,송산면,사강,2817,2026.0,0.0,0.0,0.0,0.0,0.0,0.0,0.0,0.0,경기도,화성시,서신면,2817,2026.0,0.0,0.0,0.0,0.0,0.0,400.0,400.0,0.0,경기도,화성시,서신면,2817,2026.0,915.0,915.0,915.0,915.0,920.0,920.0,925.0,915.0,0.0,경기도,안산시단원구,2817,8.0,5.0,2.0,1.0,29.0,20.0,1.0,8.0
경기도,화성시,송산면,사강,2817,2026.0,0.0,0.0,0.0,0.0,0.0,0.0,0.0,0.0,경기도,화성시,서신면,2817,2026.0,0.0,0.0,0.0,0.0,0.0,400.0,400.0,0.0,경기도,화성시,서신면,2817,2026.0,915.0,915.0,915.0,915.0,920.0,920.0,925.0,915.0,0.0,경기도,화성시,2817,8.0,5.0,2.0,1.0,29.0,20.0,1.0,8.0
경상남도,사천시,내동면,사남(SA),S916,2026.0,0.0,0.0,100.3,99.1,97.8,96.6,95.0,0.0,경상남도,사천시,내동면,S916,2026.0,0.0,0.0,105.0,105.0,100.0,100.0,120.0,0.0,경상남도,사천시,내동면,S916,2026.0,0.0,0.0,0.0,0.0,0.0,0.0,575.0,0.0,0.0,경상남도,사천시,S916,10.0,3.0,3.0,4.0,14.0,13.0,0.0,1.0
충청북도,괴산군,청천면,사담(건설중),E588,2026.0,0.0,0.0,0.0,165.6,165.6,165.6,165.6,0.0,충청북도,괴산군,청안면,E588,2026.0,0.0,0.0,0.0,270.0,260.0,310.0,300.0,0.0,충청북도,괴산군,청천면,E588,2026.0,0.0,0.0,0.0,0.0,0.0,470.0,980.0,0.0,0.0,,,,,,,,,,,
서울특별시,서초구,방배동,사당,2430,2026.0,0.0,0.0,0.0,0.0,0.0,0.0,0.0,0.0,서울특별시,관악구,남현동,2430,2026.0,0.0,0.0,0.0,0.0,0.0,0.0,0.0,0.0,서울특별시,관악구,남현동,2430,2026.0,0.0,0.0,0.0,0.0,0.0,0.0,0.0,0.0,0.0,서울특별시,관악구,2430,7.0,7.0,0.0,0.0,30.0,25.0,0.0,5.0
서울특별시,서초구,방배동,사당,2430,2026.0,0.0,0.0,0.0,0.0,0.0,0.0,0.0,0.0,서울특별시,관악구,남현동,2430,2026.0,0.0,0.0,0.0,0.0,0.0,0.0,0.0,0.0,서울특별시,관악구,남현동,2430,2026.0,0.0,0.0,0.0,0.0,0.0,0.0,0.0,0.0,0.0,서울특별시,동작구,2430,7.0,7.0,0.0,0.0,30.0,25.0,0.0,5.0
서울특별시,서초구,방배동,사당,2430,2026.0,0.0,0.0,0.0,0.0,0.0,0.0,0.0,0.0,서울특별시,관악구,남현동,2430,2026.0,0.0,0.0,0.0,0.0,0.0,0.0,0.0,0.0,서울특별시,관악구,남현동,2430,2026.0,0.0,0.0,0.0,0.0,0.0,0.0,0.0,0.0,0.0,서울특별시,서초구,2430,7.0,7.0,0.0,0.0,30.0,25.0,0.0,5.0
경상남도,거제시,연초면,사등(건설중),E066,2026.0,0.0,0.0,0.0,0.0,0.0,0.0,45.0,0.0,경상남도,거제시,연초면,E066,2026.0,0.0,0.0,0.0,0.0,0.0,0.0,45.0,0.0,경상남도,거제시,연초면,E066,2026.0,0.0,0.0,0.0,0.0,0.0,0.0,315.0,0.0,0.0,,,,,,,,,,,
충청북도,괴산군,문광면,사리,2536,2026.0,0.0,0.0,0.0,0.0,0.0,0.0,0.0,0.0,충청북도,괴산군,사리면,2536,2026.0,0.0,0.0,0.0,0.0,0.0,0.0,0.0,0.0,충청북도,괴산군,문광면,2536,2026.0,0.0,0.0,0.0,0.0,0.0,495.0,1015.0,0.0,0.0,충청북도,괴산군,2536,11.0,7.0,0.0,4.0,27.0,21.0,0.0,6.0
충청북도,괴산군,문광면,사리,2536,2026.0,0.0,0.0,0.0,0.0,0.0,0.0,0.0,0.0,충청북도,괴산군,사리면,2536,2026.0,0.0,0.0,0.0,0.0,0.0,0.0,0.0,0.0,충청북도,괴산군,문광면,2536,2026.0,0.0,0.0,0.0,0.0,0.0,495.0,1015.0,0.0,0.0,충청북도,증평군,2536,11.0,7.0,0.0,4.0,27.0,21.0,0.0,6.0
경상남도,진주시,사봉면,사봉,D406,2026.0,0.0,0.0,0.0,46.8,44.6,42.4,40.0,0.0,경상남도,진주시,사봉면,D406,2026.0,0.0,0.0,0.0,245.0,255.0,255.0,255.0,0.0,경상남도,진주시,사봉면,D406,2026.0,0.0,0.0,0.0,495.0,495.0,495.0,495.0,0.0,0.0,경상남도,진주시,D406,10.0,4.0,0.0,6.0,21.0,17.0,0.0,4.0
충청북도,청주시서원구,모충동,사직,S406,2026.0,62.6,58.8,56.7,54.6,52.5,50.5,48.4,62.6,충청북도,청주시상당구,대성동,S406,2026.0,0.0,0.0,0.0,0.0,0.0,0.0,0.0,0.0,충청북도,청주시서원구,모충동,S406,2026.0,0.0,0.0,0.0,0.0,0.0,655.0,655.0,0.0,0.0,충청북도,청주시상당구,S406,8.0,4.0,2.0,2.0,27.0,17.0,0.0,10.0
충청북도,청주시서원구,모충동,사직,S406,2026.0,62.6,58.8,56.7,54.6,52.5,50.5,48.4,62.6,충청북도,청주시상당구,대성동,S406,2026.0,0.0,0.0,0.0,0.0,0.0,0.0,0.0,0.0,충청북도,청주시서원구,모충동,S406,2026.0,0.0,0.0,0.0,0.0,0.0,655.0,655.0,0.0,0.0,충청북도,청주시서원구,S406,8.0,4.0,2.0,2.0,27.0,17.0,0.0,10.0
경상남도,사천시,곤양면,사천(SA),2591,2026.0,0.0,0.0,0.0,0.0,0.0,0.0,0.0,0.0,경상남도,사천시,곤양면,2591,2026.0,0.0,0.0,0.0,0.0,0.0,0.0,0.0,0.0,경상남도,사천시,곤양면,2591,2026.0,0.0,0.0,0.0,0.0,0.0,0.0,0.0,0.0,0.0,경상남도,사천시,2591,8.0,8.0,0.0,0.0,28.0,24.0,0.0,4.0
대구광역시,북구,학정동,산격,2769,2026.0,64.7,63.6,62.6,61.5,60.4,59.4,58.3,64.7,대구광역시,동구,입석동,2769,2026.0,0.0,65.0,100.0,95.0,65.0,45.0,25.0,0.0,대구광역시,동구,입석동,2769,2026.0,455.0,455.0,575.0,575.0,580.0,580.0,585.0,455.0,0.0,대구광역시,동구,2769,6.0,4.0,0.0,2.0,21.0,19.0,1.0,1.0
대구광역시,북구,학정동,산격,2769,2026.0,64.7,63.6,62.6,61.5,60.4,59.4,58.3,64.7,대구광역시,동구,입석동,2769,2026.0,0.0,65.0,100.0,95.0,65.0,45.0,25.0,0.0,대구광역시,동구,입석동,2769,2026.0,455.0,455.0,575.0,575.0,580.0,580.0,585.0,455.0,0.0,대구광역시,북구,2769,6.0,4.0,0.0,2.0,21.0,19.0,1.0,1.0
대구광역시,군위군,소보면,산동,D381,2026.0,0.0,0.0,0.0,0.0,0.0,44.4,42.7,0.0,대구광역시,군위군,소보면,D381,2026.0,0.0,0.0,0.0,0.0,0.0,245.0,245.0,0.0,경상북도,구미시,산동면,D381,2026.0,0.0,0.0,0.0,0.0,0.0,100.0,110.0,0.0,0.0,경상북도,구미시,D381,11.0,5.0,4.0,2.0,23.0,13.0,0.0,10.0
대구광역시,군위군,소보면,산동,D381,2026.0,0.0,0.0,0.0,0.0,0.0,44.4,42.7,0.0,대구광역시,군위군,소보면,D381,2026.0,0.0,0.0,0.0,0.0,0.0,245.0,245.0,0.0,경상북도,구미시,산동면,D381,2026.0,0.0,0.0,0.0,0.0,0.0,100.0,110.0,0.0,0.0,대구광역시,군위군,D381,11.0,5.0,4.0,2.0,23.0,13.0,0.0,10.0
대구광역시,군위군,소보면,산동,D381,2026.0,0.0,0.0,0.0,0.0,0.0,44.4,42.7,0.0,대구광역시,군위군,소보면,D381,2026.0,0.0,0.0,0.0,0.0,0.0,245.0,245.0,0.0,대구광역시,군위군,소보면,D381,2026.0,0.0,0.0,0.0,0.0,0.0,100.0,110.0,0.0,0.0,경상북도,구미시,D381,11.0,5.0,4.0,2.0,23.0,13.0,0.0,10.0
대구광역시,군위군,소보면,산동,D381,2026.0,0.0,0.0,0.0,0.0,0.0,44.4,42.7,0.0,대구광역시,군위군,소보면,D381,2026.0,0.0,0.0,0.0,0.0,0.0,245.0,245.0,0.0,대구광역시,군위군,소보면,D381,2026.0,0.0,0.0,0.0,0.0,0.0,100.0,110.0,0.0,0.0,대구광역시,군위군,D381,11.0,5.0,4.0,2.0,23.0,13.0,0.0,10.0
대구광역시,군위군,소보면,산동,D381,2026.0,0.0,0.0,0.0,0.0,0.0,44.4,42.7,0.0,경상북도,구미시,산동면,D381,2026.0,0.0,0.0,0.0,0.0,0.0,245.0,245.0,0.0,경상북도,구미시,산동면,D381,2026.0,0.0,0.0,0.0,0.0,0.0,100.0,110.0,0.0,0.0,경상북도,구미시,D381,11.0,5.0,4.0,2.0,23.0,13.0,0.0,10.0
대구광역시,군위군,소보면,산동,D381,2026.0,0.0,0.0,0.0,0.0,0.0,44.4,42.7,0.0,경상북도,구미시,산동면,D381,2026.0,0.0,0.0,0.0,0.0,0.0,245.0,245.0,0.0,경상북도,구미시,산동면,D381,2026.0,0.0,0.0,0.0,0.0,0.0,100.0,110.0,0.0,0.0,대구광역시,군위군,D381,11.0,5.0,4.0,2.0,23.0,13.0,0.0,10.0
대구광역시,군위군,소보면,산동,D381,2026.0,0.0,0.0,0.0,0.0,0.0,44.4,42.7,0.0,경상북도,구미시,산동면,D381,2026.0,0.0,0.0,0.0,0.0,0.0,245.0,245.0,0.0,대구광역시,군위군,소보면,D381,2026.0,0.0,0.0,0.0,0.0,0.0,100.0,110.0,0.0,0.0,경상북도,구미시,D381,11.0,5.0,4.0,2.0,23.0,13.0,0.0,10.0
대구광역시,군위군,소보면,산동,D381,2026.0,0.0,0.0,0.0,0.0,0.0,44.4,42.7,0.0,경상북도,구미시,산동면,D381,2026.0,0.0,0.0,0.0,0.0,0.0,245.0,245.0,0.0,대구광역시,군위군,소보면,D381,2026.0,0.0,0.0,0.0,0.0,0.0,100.0,110.0,0.0,0.0,대구광역시,군위군,D381,11.0,5.0,4.0,2.0,23.0,13.0,0.0,10.0
경상북도,구미시,산동면,산동,D381,2026.0,0.0,0.0,0.0,0.0,0.0,44.4,42.7,0.0,대구광역시,군위군,소보면,D381,2026.0,0.0,0.0,0.0,0.0,0.0,245.0,245.0,0.0,경상북도,구미시,산동면,D381,2026.0,0.0,0.0,0.0,0.0,0.0,100.0,110.0,0.0,0.0,경상북도,구미시,D381,11.0,5.0,4.0,2.0,23.0,13.0,0.0,10.0
경상북도,구미시,산동면,산동,D381,2026.0,0.0,0.0,0.0,0.0,0.0,44.4,42.7,0.0,대구광역시,군위군,소보면,D381,2026.0,0.0,0.0,0.0,0.0,0.0,245.0,245.0,0.0,경상북도,구미시,산동면,D381,2026.0,0.0,0.0,0.0,0.0,0.0,100.0,110.0,0.0,0.0,대구광역시,군위군,D381,11.0,5.0,4.0,2.0,23.0,13.0,0.0,10.0
경상북도,구미시,산동면,산동,D381,2026.0,0.0,0.0,0.0,0.0,0.0,44.4,42.7,0.0,대구광역시,군위군,소보면,D381,2026.0,0.0,0.0,0.0,0.0,0.0,245.0,245.0,0.0,대구광역시,군위군,소보면,D381,2026.0,0.0,0.0,0.0,0.0,0.0,100.0,110.0,0.0,0.0,경상북도,구미시,D381,11.0,5.0,4.0,2.0,23.0,13.0,0.0,10.0
경상북도,구미시,산동면,산동,D381,2026.0,0.0,0.0,0.0,0.0,0.0,44.4,42.7,0.0,대구광역시,군위군,소보면,D381,2026.0,0.0,0.0,0.0,0.0,0.0,245.0,245.0,0.0,대구광역시,군위군,소보면,D381,2026.0,0.0,0.0,0.0,0.0,0.0,100.0,110.0,0.0,0.0,대구광역시,군위군,D381,11.0,5.0,4.0,2.0,23.0,13.0,0.0,10.0
경상북도,구미시,산동면,산동,D381,2026.0,0.0,0.0,0.0,0.0,0.0,44.4,42.7,0.0,경상북도,구미시,산동면,D381,2026.0,0.0,0.0,0.0,0.0,0.0,245.0,245.0,0.0,경상북도,구미시,산동면,D381,2026.0,0.0,0.0,0.0,0.0,0.0,100.0,110.0,0.0,0.0,경상북도,구미시,D381,11.0,5.0,4.0,2.0,23.0,13.0,0.0,10.0
경상북도,구미시,산동면,산동,D381,2026.0,0.0,0.0,0.0,0.0,0.0,44.4,42.7,0.0,경상북도,구미시,산동면,D381,2026.0,0.0,0.0,0.0,0.0,0.0,245.0,245.0,0.0,경상북도,구미시,산동면,D381,2026.0,0.0,0.0,0.0,0.0,0.0,100.0,110.0,0.0,0.0,대구광역시,군위군,D381,11.0,5.0,4.0,2.0,23.0,13.0,0.0,10.0
경상북도,구미시,산동면,산동,D381,2026.0,0.0,0.0,0.0,0.0,0.0,44.4,42.7,0.0,경상북도,구미시,산동면,D381,2026.0,0.0,0.0,0.0,0.0,0.0,245.0,245.0,0.0,대구광역시,군위군,소보면,D381,2026.0,0.0,0.0,0.0,0.0,0.0,100.0,110.0,0.0,0.0,경상북도,구미시,D381,11.0,5.0,4.0,2.0,23.0,13.0,0.0,10.0
경상북도,구미시,산동면,산동,D381,2026.0,0.0,0.0,0.0,0.0,0.0,44.4,42.7,0.0,경상북도,구미시,산동면,D381,2026.0,0.0,0.0,0.0,0.0,0.0,245.0,245.0,0.0,대구광역시,군위군,소보면,D381,2026.0,0.0,0.0,0.0,0.0,0.0,100.0,110.0,0.0,0.0,대구광역시,군위군,D381,11.0,5.0,4.0,2.0,23.0,13.0,0.0,10.0
경상남도,양산시,덕계동,산막,2584,2026.0,0.0,0.0,0.0,0.0,0.0,18.9,0.0,0.0,경상남도,양산시,덕계동,2584,2026.0,0.0,0.0,0.0,0.0,0.0,65.0,0.0,0.0,경상남도,양산시,덕계동,2584,2026.0,845.0,845.0,845.0,845.0,845.0,845.0,845.0,845.0,19.8,경상남도,양산시,2584,9.0,7.0,1.0,1.0,24.0,19.0,4.0,1.0
경기도,군포시,산본동,산본,2665,2026.0,0.0,0.0,0.0,0.0,0.0,0.0,0.0,0.0,경기도,군포시,금정동,2665,2026.0,0.0,0.0,0.0,0.0,0.0,150.0,150.0,0.0,경기도,군포시,금정동,2665,2026.0,0.0,0.0,0.0,0.0,0.0,0.0,0.0,0.0,0.0,경기도,군포시,2665,8.0,6.0,2.0,0.0,26.0,24.0,2.0,0.0
,,,산성,,,,,,,,,,,,,,,,,,,,,,,,,,,,,,,,,,,,,,경기도,성남시수정구,2155,8.0,6.0,0.0,2.0,30.0,30.0,0.0,0.0
,,,산성,,,,,,,,,,,,,,,,,,,,,,,,,,,,,,,,,,,,,,경기도,성남시중원구,2155,8.0,6.0,0.0,2.0,30.0,30.0,0.0,0.0
,,,산지,,,,,,,,,,,,,,,,,,,,,,,,,,,,,,,,,,,,,,제주특별자치도,제주시,SA05,5.0,2.0,1.0,2.0,20.0,16.0,0.0,4.0
경상남도,산청군,금서면,산청,S913,2026.0,26.6,24.9,23.2,21.5,19.9,18.3,16.0,26.6,경상남도,산청군,금서면,S913,2026.0,0.0,0.0,0.0,0.0,0.0,0.0,0.0,0.0,경상남도,산청군,금서면,S913,2026.0,0.0,0.0,0.0,115.0,115.0,115.0,215.0,0.0,0.0,경상남도,산청군,S913,8.0,2.0,2.0,4.0,28.0,14.0,2.0,12.0
경상남도,산청군,금서면,산청,S913,2026.0,26.6,24.9,23.2,21.5,19.9,18.3,16.0,26.6,경상남도,산청군,금서면,S913,2026.0,0.0,0.0,0.0,0.0,0.0,0.0,0.0,0.0,경상남도,산청군,금서면,S913,2026.0,0.0,0.0,0.0,115.0,115.0,115.0,215.0,0.0,0.0,경상남도,합천군,S913,8.0,2.0,2.0,4.0,28.0,14.0,2.0,12.0
울산광역시,동구,주전동,산하,D509,2026.0,148.7,135.0,125.0,148.3,148.1,148.0,147.9,148.7,울산광역시,동구,주전동,D509,2026.0,740.0,135.0,125.0,495.0,475.0,350.0,330.0,740.0,울산광역시,동구,주전동,D509,2026.0,235.0,235.0,235.0,235.0,235.0,235.0,235.0,235.0,0.0,울산광역시,동구,D509,8.0,4.0,0.0,4.0,14.0,3.0,1.0,10.0
울산광역시,동구,주전동,산하,D509,2026.0,148.7,135.0,125.0,148.3,148.1,148.0,147.9,148.7,울산광역시,동구,주전동,D509,2026.0,740.0,135.0,125.0,495.0,475.0,350.0,330.0,740.0,울산광역시,동구,주전동,D509,2026.0,235.0,235.0,235.0,235.0,235.0,235.0,235.0,235.0,0.0,울산광역시,북구,D509,8.0,4.0,0.0,4.0,14.0,3.0,1.0,10.0
경상남도,김해시,삼계동,삼계(SA),2841,2026.0,16.9,13.8,10.7,7.7,4.8,1.8,0.0,16.9,경상남도,김해시,삼계동,2841,2026.0,0.0,0.0,0.0,0.0,0.0,0.0,0.0,0.0,경상남도,김해시,삼계동,2841,2026.0,0.0,0.0,0.0,0.0,0.0,0.0,0.0,0.0,0.0,,,,,,,,,,,
경기도,화성시,오산동,삼미,S337,2026.0,0.0,0.0,0.0,0.0,0.0,0.0,0.0,0.0,경기도,화성시,금곡동,S337,2026.0,0.0,600.0,600.0,600.0,600.0,600.0,600.0,0.0,경기도,화성시,금곡동,S337,2026.0,1175.0,1175.0,1175.0,1175.0,1175.0,1175.0,1175.0,1175.0,0.0,경기도,오산시,S337,12.0,9.0,0.0,3.0,32.0,32.0,0.0,0.0
경기도,화성시,오산동,삼미,S337,2026.0,0.0,0.0,0.0,0.0,0.0,0.0,0.0,0.0,경기도,화성시,금곡동,S337,2026.0,0.0,600.0,600.0,600.0,600.0,600.0,600.0,0.0,경기도,화성시,금곡동,S337,2026.0,1175.0,1175.0,1175.0,1175.0,1175.0,1175.0,1175.0,1175.0,0.0,경기도,화성시,S337,12.0,9.0,0.0,3.0,32.0,32.0,0.0,0.0
경상남도,창원시성산구,남산동,삼정(SA),2039,2026.0,0.0,0.0,0.0,14.9,14.1,13.3,12.0,0.0,경상남도,창원시성산구,남산동,2039,2026.0,0.0,0.0,0.0,40.0,85.0,50.0,40.0,0.0,경상남도,창원시성산구,남산동,2039,2026.0,830.0,835.0,1555.0,1555.0,1560.0,1565.0,1570.0,830.0,0.0,,,,,,,,,,,
경기도,용인시처인구,원삼면,삼죽,S349,2026.0,0.2,0.0,0.0,0.0,0.0,0.0,0.0,0.2,경기도,안성시,삼죽면,S349,2026.0,0.0,0.0,0.0,0.0,0.0,0.0,0.0,0.0,경기도,안성시,삼죽면,S349,2026.0,560.0,560.0,560.0,565.0,565.0,565.0,570.0,560.0,0.0,경기도,안성시,S349,12.0,3.0,2.0,7.0,28.0,21.0,1.0,6.0
경기도,용인시처인구,원삼면,삼죽,S349,2026.0,0.2,0.0,0.0,0.0,0.0,0.0,0.0,0.2,경기도,안성시,삼죽면,S349,2026.0,0.0,0.0,0.0,0.0,0.0,0.0,0.0,0.0,경기도,안성시,삼죽면,S349,2026.0,560.0,560.0,560.0,565.0,565.0,565.0,570.0,560.0,0.0,경기도,용인시처인구,S349,12.0,3.0,2.0,7.0,28.0,21.0,1.0,6.0
경기도,용인시처인구,원삼면,삼죽,S349,2026.0,0.2,0.0,0.0,0.0,0.0,0.0,0.0,0.2,경기도,안성시,삼죽면,S349,2026.0,0.0,0.0,0.0,0.0,0.0,0.0,0.0,0.0,경기도,안성시,삼죽면,S349,2026.0,560.0,560.0,560.0,565.0,565.0,565.0,570.0,560.0,0.0,경기도,이천시,S349,12.0,3.0,2.0,7.0,28.0,21.0,1.0,6.0
강원특별자치도,삼척시,갈천동,삼척,S418,2026.0,93.7,92.8,92.0,80.0,90.4,89.5,88.7,93.7,강원특별자치도,삼척시,갈천동,S418,2026.0,355.0,215.0,400.0,80.0,175.0,125.0,135.0,355.0,강원특별자치도,삼척시,갈천동,S418,2026.0,0.0,40.0,40.0,40.0,40.0,475.0,475.0,0.0,0.0,강원특별자치도,삼척시,S418,11.0,4.0,2.0,5.0,24.0,12.0,2.0,10.0
,,,삼척G/P,,,,,,,,,,,,,,,,,,,,,,,,강원특별자치도,태백시,황지동,D984,2026.0,0.0,0.0,0.0,0.0,0.0,610.0,610.0,0.0,0.0,,,,,,,,,,,
,,,삼척G/P,,,,,,,,,,,,,,,,,,,,,,,,경상북도,봉화군,석포면,D984,2026.0,0.0,0.0,0.0,0.0,0.0,610.0,610.0,0.0,0.0,,,,,,,,,,,
,,,삼척도계(건설중),,,,,,,,,,,,,,,,,,,,,,,,강원특별자치도,삼척시,도계읍,E584,2026.0,0.0,0.0,0.0,0.0,0.0,1250.0,1650.0,0.0,138.6,,,,,,,,,,,
경상남도,사천시,궁지동,삼천포,2738,2026.0,109.8,108.6,107.4,106.2,105.1,103.9,103.2,109.8,경상남도,사천시,궁지동,2738,2026.0,0.0,0.0,0.0,0.0,0.0,0.0,0.0,0.0,경상남도,사천시,궁지동,2738,2026.0,0.0,0.0,0.0,0.0,0.0,0.0,0.0,0.0,0.0,,,,,,,,,,,
전남광주통합특별시,영암군,삼호읍,삼호,D491,2026.0,0.0,0.0,0.0,0.0,0.0,0.0,0.0,0.0,전남광주통합특별시,영암군,삼호읍,D491,2026.0,0.0,0.0,0.0,0.0,0.0,0.0,0.0,0.0,전남광주통합특별시,영암군,삼호읍,D491,2026.0,0.0,0.0,0.0,0.0,0.0,0.0,0.0,0.0,21.3496,전남광주통합특별시,영암군,D491,8.0,6.0,2.0,0.0,13.0,3.0,8.0,2.0
서울특별시,노원구,상계동,상계,2632,2026.0,0.0,0.0,0.0,0.0,0.0,0.0,0.0,0.0,서울특별시,노원구,상계동,2632,2026.0,260.0,250.0,220.0,140.0,215.0,0.0,0.0,260.0,서울특별시,노원구,상계동,2632,2026.0,0.0,0.0,0.0,0.0,0.0,0.0,0.0,0.0,0.0,서울특별시,노원구,2632,8.0,7.0,0.0,1.0,31.0,28.0,0.0,3.0
강원특별자치도,홍천군,내면,상남,2554,2026.0,96.5,95.6,94.6,93.7,92.7,91.8,90.9,96.5,강원특별자치도,홍천군,내면,2554,2026.0,0.0,0.0,0.0,0.0,0.0,0.0,0.0,0.0,강원특별자치도,홍천군,내면,2554,2026.0,0.0,0.0,0.0,0.0,0.0,0.0,0.0,0.0,0.0,강원특별자치도,홍천군,2554,8.0,6.0,0.0,2.0,23.0,10.0,2.0,11.0
서울특별시,중랑구,중화동,상봉,D286,2026.0,91.9,91.3,90.7,90.1,86.4,85.9,85.4,91.9,서울특별시,중랑구,망우동,D286,2026.0,205.0,170.0,290.0,255.0,260.0,260.0,245.0,205.0,서울특별시,중랑구,망우동,D286,2026.0,1300.0,1265.0,1265.0,1265.0,1265.0,1265.0,1265.0,1300.0,0.0,서울특별시,중랑구,D286,8.0,7.0,0.0,1.0,27.0,10.0,0.0,17.0
서울특별시,마포구,상암동,상암,S114,2026.0,0.0,0.0,0.0,0.0,0.0,0.0,0.0,0.0,서울특별시,마포구,상암동,S114,2026.0,0.0,0.0,0.0,0.0,0.0,0.0,0.0,0.0,서울특별시,마포구,상암동,S114,2026.0,0.0,0.0,0.0,0.0,0.0,0.0,0.0,0.0,0.0,서울특별시,마포구,S114,8.0,8.0,0.0,0.0,30.0,25.0,3.0,2.0
대구광역시,달서구,도원동,상인(SA),2645,2026.0,47.4,42.0,40.8,39.5,38.3,37.0,35.8,47.4,대구광역시,달서구,도원동,2645,2026.0,0.0,0.0,0.0,0.0,0.0,0.0,0.0,0.0,대구광역시,달서구,도원동,2645,2026.0,805.0,805.0,865.0,865.0,865.0,865.0,865.0,805.0,0.0,대구광역시,달서구,2645,8.0,4.0,2.0,2.0,28.0,19.0,1.0,8.0
경기도,하남시,학암동,상일,D301,2026.0,0.0,0.0,0.0,0.0,0.0,0.0,0.0,0.0,경기도,하남시,풍산동,D301,2026.0,0.0,0.0,0.0,0.0,0.0,0.0,0.0,0.0,경기도,하남시,풍산동,D301,2026.0,300.0,650.0,650.0,650.0,650.0,925.0,930.0,300.0,0.0,경기도,하남시,D301,11.0,6.0,0.0,5.0,30.0,30.0,0.0,0.0
경상북도,포항시남구,구룡포읍,상정,S705,2026.0,79.7,67.4,66.7,57.3,45.4,33.4,23.6,79.7,경상북도,포항시남구,구룡포읍,S705,2026.0,100.0,90.0,80.0,70.0,60.0,50.0,50.0,100.0,경상북도,포항시남구,구룡포읍,S705,2026.0,0.0,0.0,0.0,0.0,0.0,0.0,0.0,0.0,86.8,경상북도,포항시남구,S705,8.0,5.0,2.0,1.0,20.0,11.0,4.0,5.0
경상북도,상주시,가장동,상주,2726,2026.0,0.0,0.0,56.0,41.6,37.7,34.0,28.2,0.0,경상북도,상주시,가장동,2726,2026.0,0.0,0.0,0.0,0.0,0.0,330.0,295.0,0.0,경상북도,상주시,가장동,2726,2026.0,0.0,0.0,0.0,0.0,0.0,265.0,265.0,0.0,0.0,경상북도,상주시,2726,12.0,6.0,4.0,2.0,27.0,23.0,1.0,3.0
,,,새만금,,,,,,,,,,,,,,,,,,,,,,,,전북특별자치도,군산시,산북동,D494,2026.0,0.0,0.0,0.0,0.0,0.0,0.0,1125.0,0.0,90.0,전북특별자치도,군산시,D494,15.0,5.0,7.0,3.0,0.0,0.0,0.0,0.0
인천광역시,강화군,교동면,서강화,D317,2026.0,0.0,0.0,0.0,0.0,0.0,0.0,0.0,0.0,인천광역시,강화군,교동면,D317,2026.0,0.0,0.0,0.0,0.0,0.0,0.0,0.0,0.0,인천광역시,강화군,교동면,D317,2026.0,270.0,290.0,290.0,290.0,290.0,290.0,290.0,270.0,0.0,인천광역시,강화군,D317,8.0,2.0,2.0,4.0,12.0,6.0,1.0,5.0
전북특별자치도,고창군,해리면,서고창,D264,2026.0,0.0,0.0,0.0,0.0,0.0,0.0,0.0,0.0,전북특별자치도,고창군,상하면,D264,2026.0,0.0,0.0,0.0,0.0,0.0,0.0,0.0,0.0,전북특별자치도,고창군,상하면,D264,2026.0,0.0,0.0,0.0,0.0,0.0,0.0,0.0,0.0,0.0,전북특별자치도,고창군,D264,7.0,6.0,3.0,-2.0,9.0,9.0,0.0,0.0
전북특별자치도,전주시덕진구,팔복동4가,서곡,SC02,2026.0,0.0,0.0,0.0,0.0,0.0,15.8,13.2,0.0,전북특별자치도,전주시덕진구,팔복동1가,SC02,2026.0,0.0,0.0,0.0,0.0,190.0,225.0,190.0,0.0,전북특별자치도,전주시덕진구,팔복동1가,SC02,2026.0,0.0,0.0,0.0,0.0,0.0,0.0,70.0,0.0,0.0,전북특별자치도,전주시덕진구,SC02,8.0,7.0,0.0,1.0,31.0,27.0,3.0,1.0
,,,서구지SA,,,,,,,,,,,,,,,,,,,,,,,,,,,,,,,,,,,,,,경상북도,고령군,E390,8.0,6.0,1.0,1.0,14.0,10.0,0.0,4.0
,,,서구지SA,,,,,,,,,,,,,,,,,,,,,,,,,,,,,,,,,,,,,,대구광역시,달성군,E390,8.0,6.0,1.0,1.0,14.0,10.0,0.0,4.0
전북특별자치도,군산시,지곡동,서군산,2274,2026.0,67.2,65.8,64.5,63.1,61.7,60.4,59.0,67.2,전북특별자치도,군산시,회현면,2274,2026.0,265.0,300.0,370.0,445.0,575.0,170.0,150.0,265.0,전북특별자치도,군산시,회현면,2274,2026.0,0.0,0.0,0.0,0.0,0.0,0.0,705.0,0.0,0.0,전북특별자치도,군산시,2274,9.0,4.0,0.0,5.0,22.0,13.0,1.0,8.0
,,,서대구,,,,,,,,,,,,,,,,,,,,,,,,경상북도,칠곡군,왜관읍,5418,2026.0,2425.0,2425.0,2425.0,2425.0,2445.0,2470.0,2520.0,2425.0,0.0,경상북도,칠곡군,5418,12.0,10.0,1.0,1.0,0.0,0.0,0.0,0.0
서울특별시,서대문구,정동,서대문,S118,2026.0,0.0,0.0,0.0,0.0,0.0,0.0,0.0,0.0,서울특별시,서대문구,정동,S118,2026.0,0.0,0.0,0.0,0.0,0.0,0.0,0.0,0.0,서울특별시,서대문구,정동,S118,2026.0,400.0,435.0,525.0,525.0,525.0,525.0,530.0,400.0,0.0,서울특별시,서대문구,S118,6.0,6.0,0.0,0.0,23.0,22.0,0.0,1.0
대전광역시,서구,정림동,서대전,2203,2026.0,0.0,0.0,0.0,0.0,0.0,0.0,0.0,0.0,대전광역시,서구,내동,2203,2026.0,0.0,0.0,0.0,0.0,0.0,0.0,0.0,0.0,대전광역시,서구,내동,2203,2026.0,0.0,0.0,0.0,0.0,0.0,0.0,0.0,0.0,0.0,대전광역시,서구,2203,8.0,5.0,0.0,3.0,28.0,20.0,1.0,7.0
경상남도,창원시마산합포구,월포동,서마산,2488,2026.0,10.3,9.4,8.6,7.8,7.1,6.3,5.0,10.3,경상남도,창원시마산합포구,월포동,2488,2026.0,0.0,0.0,0.0,0.0,0.0,0.0,0.0,0.0,경상남도,창원시마산합포구,월포동,2488,2026.0,0.0,0.0,0.0,390.0,390.0,390.0,630.0,0.0,0.0,경상남도,창원시마산합포구,2488,7.0,2.0,2.0,3.0,24.0,23.0,0.0,1.0
부산광역시,부산진구,전포동,서면,2997,2026.0,0.0,0.0,0.0,0.0,0.0,0.0,0.0,0.0,부산광역시,부산진구,범전동,2997,2026.0,0.0,0.0,0.0,0.0,0.0,0.0,0.0,0.0,부산광역시,부산진구,범전동,2997,2026.0,635.0,660.0,660.0,665.0,685.0,685.0,690.0,635.0,0.0,부산광역시,부산진구,2997,7.0,7.0,0.0,0.0,26.0,23.0,2.0,1.0
부산광역시,사하구,감천동,서부산,2845,2026.0,0.0,0.0,0.0,0.0,0.0,0.0,0.0,0.0,부산광역시,중구,동광동2가,2845,2026.0,0.0,0.0,0.0,0.0,0.0,0.0,0.0,0.0,부산광역시,중구,동광동2가,2845,2026.0,0.0,0.0,0.0,0.0,0.0,550.0,570.0,0.0,0.0,부산광역시,동구,2845,22.0,15.0,5.0,2.0,20.0,17.0,1.0,2.0
부산광역시,사하구,감천동,서부산,2845,2026.0,0.0,0.0,0.0,0.0,0.0,0.0,0.0,0.0,부산광역시,중구,동광동2가,2845,2026.0,0.0,0.0,0.0,0.0,0.0,0.0,0.0,0.0,부산광역시,중구,동광동2가,2845,2026.0,0.0,0.0,0.0,0.0,0.0,550.0,570.0,0.0,0.0,부산광역시,사하구,2845,22.0,15.0,5.0,2.0,20.0,17.0,1.0,2.0
부산광역시,사하구,감천동,서부산,2845,2026.0,0.0,0.0,0.0,0.0,0.0,0.0,0.0,0.0,부산광역시,중구,동광동2가,2845,2026.0,0.0,0.0,0.0,0.0,0.0,0.0,0.0,0.0,부산광역시,중구,동광동2가,2845,2026.0,0.0,0.0,0.0,0.0,0.0,550.0,570.0,0.0,0.0,부산광역시,서구,2845,22.0,15.0,5.0,2.0,20.0,17.0,1.0,2.0
부산광역시,사하구,감천동,서부산,2845,2026.0,0.0,0.0,0.0,0.0,0.0,0.0,0.0,0.0,부산광역시,중구,동광동2가,2845,2026.0,0.0,0.0,0.0,0.0,0.0,0.0,0.0,0.0,부산광역시,중구,동광동2가,2845,2026.0,0.0,0.0,0.0,0.0,0.0,550.0,570.0,0.0,0.0,부산광역시,영도구,2845,22.0,15.0,5.0,2.0,20.0,17.0,1.0,2.0
부산광역시,사하구,감천동,서부산,2845,2026.0,0.0,0.0,0.0,0.0,0.0,0.0,0.0,0.0,부산광역시,중구,동광동2가,2845,2026.0,0.0,0.0,0.0,0.0,0.0,0.0,0.0,0.0,부산광역시,중구,동광동2가,2845,2026.0,0.0,0.0,0.0,0.0,0.0,550.0,570.0,0.0,0.0,부산광역시,중구,2845,22.0,15.0,5.0,2.0,20.0,17.0,1.0,2.0
충청남도,서산시,온석동,서산,2044,2026.0,9.7,5.6,1.4,16.4,13.1,9.9,6.7,9.7,충청남도,서산시,온석동,2044,2026.0,745.0,720.0,835.0,750.0,775.0,780.0,755.0,745.0,충청남도,서산시,온석동,2044,2026.0,0.0,0.0,0.0,0.0,0.0,0.0,0.0,0.0,0.0,충청남도,서산시,2044,12.0,10.0,-4.0,6.0,24.0,21.0,1.0,2.0
충청남도,아산시,도고면,서산2S/S(건설중),E264,2026.0,0.0,0.0,0.0,0.0,0.0,0.0,0.0,0.0,충청남도,아산시,도고면,E264,2026.0,0.0,0.0,0.0,0.0,0.0,0.0,0.0,0.0,충청남도,아산시,도고면,E264,2026.0,0.0,0.0,0.0,0.0,0.0,0.0,0.0,0.0,0.0,,,,,,,,,,,
,,,서서울,,,,,,,,,,,,,,,,,,,,,,,,경기도,안양시동안구,비산동,2192,2026.0,0.0,0.0,0.0,0.0,0.0,0.0,0.0,0.0,0.0,경기도,군포시,2192,11.0,10.0,1.0,0.0,0.0,0.0,0.0,0.0
,,,서서울,,,,,,,,,,,,,,,,,,,,,,,,경기도,안양시동안구,비산동,2192,2026.0,0.0,0.0,0.0,0.0,0.0,0.0,0.0,0.0,0.0,경기도,안양시동안구,2192,11.0,10.0,1.0,0.0,0.0,0.0,0.0,0.0
,,,서서울,,,,,,,,,,,,,,,,,,,,,,,,경기도,안양시동안구,비산동,2192,2026.0,0.0,0.0,0.0,0.0,0.0,0.0,0.0,0.0,0.0,경기도,의왕시,2192,11.0,10.0,1.0,0.0,0.0,0.0,0.0,0.0
,,,서서울#2,,,,,,,,,,,,,,,,,,,,,,,,경기도,수원시장안구,파장동,D280,2026.0,1820.0,1820.0,1820.0,1820.0,1820.0,1820.0,1820.0,1820.0,0.0,경기도,군포시,D280,10.0,6.0,4.0,0.0,0.0,0.0,0.0,0.0
,,,서서울#2,,,,,,,,,,,,,,,,,,,,,,,,경기도,수원시장안구,파장동,D280,2026.0,1820.0,1820.0,1820.0,1820.0,1820.0,1820.0,1820.0,1820.0,0.0,경기도,수원시권선구,D280,10.0,6.0,4.0,0.0,0.0,0.0,0.0,0.0
,,,서서울#2,,,,,,,,,,,,,,,,,,,,,,,,경기도,수원시장안구,파장동,D280,2026.0,1820.0,1820.0,1820.0,1820.0,1820.0,1820.0,1820.0,1820.0,0.0,경기도,수원시장안구,D280,10.0,6.0,4.0,0.0,0.0,0.0,0.0,0.0
,,,서서울#2,,,,,,,,,,,,,,,,,,,,,,,,경기도,수원시장안구,파장동,D280,2026.0,1820.0,1820.0,1820.0,1820.0,1820.0,1820.0,1820.0,1820.0,0.0,경기도,수원시팔달구,D280,10.0,6.0,4.0,0.0,0.0,0.0,0.0,0.0
,,,서서울#2,,,,,,,,,,,,,,,,,,,,,,,,경기도,수원시장안구,파장동,D280,2026.0,1820.0,1820.0,1820.0,1820.0,1820.0,1820.0,1820.0,1820.0,0.0,경기도,시흥시,D280,10.0,6.0,4.0,0.0,0.0,0.0,0.0,0.0
,,,서서울#2,,,,,,,,,,,,,,,,,,,,,,,,경기도,수원시장안구,파장동,D280,2026.0,1820.0,1820.0,1820.0,1820.0,1820.0,1820.0,1820.0,1820.0,0.0,경기도,안산시상록구,D280,10.0,6.0,4.0,0.0,0.0,0.0,0.0,0.0
,,,서서울#2,,,,,,,,,,,,,,,,,,,,,,,,경기도,수원시장안구,파장동,D280,2026.0,1820.0,1820.0,1820.0,1820.0,1820.0,1820.0,1820.0,1820.0,0.0,경기도,안양시만안구,D280,10.0,6.0,4.0,0.0,0.0,0.0,0.0,0.0
,,,서서울#2,,,,,,,,,,,,,,,,,,,,,,,,경기도,수원시장안구,파장동,D280,2026.0,1820.0,1820.0,1820.0,1820.0,1820.0,1820.0,1820.0,1820.0,0.0,경기도,화성시,D280,10.0,6.0,4.0,0.0,0.0,0.0,0.0,0.0
세종특별자치시,세종특별자치시,가람동,서세종,D455,2026.0,0.0,0.0,0.0,0.0,0.0,0.0,0.0,0.0,세종특별자치시,세종특별자치시,한솔동,D455,2026.0,0.0,0.0,0.0,0.0,0.0,0.0,0.0,0.0,세종특별자치시,세종특별자치시,가람동,D455,2026.0,0.0,0.0,0.0,0.0,0.0,0.0,0.0,0.0,0.0,세종특별자치시,세종시,D455,8.0,6.0,2.0,0.0,26.0,23.0,3.0,0.0
서울특별시,서울특별시중구,서소문동,서소문,2622,2026.0,22.8,22.5,22.3,22.1,0.0,0.0,0.0,22.8,서울특별시,중구,정동,2622,2026.0,0.0,0.0,0.0,0.0,0.0,0.0,0.0,0.0,서울특별시,중구,정동,2622,2026.0,595.0,595.0,595.0,595.0,595.0,595.0,595.0,595.0,0.0,서울특별시,중구,2622,8.0,7.0,0.0,1.0,29.0,24.0,1.0,4.0
인천광역시,연수구,송도동,서송도,E045,2026.0,0.0,0.0,0.0,0.0,0.0,0.0,0.0,0.0,인천광역시,연수구,송도동,E045,2026.0,0.0,0.0,0.0,0.0,0.0,0.0,0.0,0.0,인천광역시,연수구,송도동,E045,2026.0,290.0,360.0,360.0,360.0,360.0,360.0,360.0,290.0,100.32,,,,,,,,,,,
경기도,수원시권선구,당수동,서수원,2178,2026.0,0.0,0.0,0.0,0.0,0.0,0.0,0.0,0.0,경기도,수원시권선구,구운동,2178,2026.0,0.0,0.0,0.0,0.0,0.0,0.0,50.0,0.0,경기도,수원시권선구,구운동,2178,2026.0,0.0,0.0,0.0,0.0,0.0,0.0,0.0,0.0,0.0,경기도,수원시권선구,2178,9.0,8.0,1.0,0.0,27.0,23.0,4.0,0.0
경기도,수원시권선구,당수동,서수원,2178,2026.0,0.0,0.0,0.0,0.0,0.0,0.0,0.0,0.0,경기도,수원시권선구,구운동,2178,2026.0,0.0,0.0,0.0,0.0,0.0,0.0,50.0,0.0,경기도,수원시권선구,구운동,2178,2026.0,0.0,0.0,0.0,0.0,0.0,0.0,0.0,0.0,0.0,경기도,의왕시,2178,9.0,8.0,1.0,0.0,27.0,23.0,4.0,0.0
전남광주통합특별시,순천시,홍내동,서순천,S604,2026.0,0.0,0.0,0.0,0.0,0.0,0.0,0.0,0.0,전남광주통합특별시,순천시,가곡동,S604,2026.0,0.0,0.0,0.0,0.0,0.0,0.0,0.0,0.0,전남광주통합특별시,순천시,가곡동,S604,2026.0,0.0,0.0,0.0,0.0,0.0,0.0,0.0,0.0,0.0,전남광주통합특별시,순천시,S604,8.0,8.0,0.0,0.0,22.0,19.0,4.0,-1.0
,,,서시화,,,,,,,,,,,,,,,,,,,,,,,,,,,,,,,,,,,,,,경기도,시흥시,E430,7.0,7.0,0.0,0.0,26.0,26.0,0.0,0.0
,,,서안성,,,,,,,,,,,,,,,,,,,,,,,,경기도,안성시,양성면,D273,2026.0,495.0,495.0,495.0,495.0,495.0,495.0,495.0,495.0,0.0,경기도,안성시,D273,11.0,4.0,2.0,5.0,0.0,7.0,0.0,-7.0
경기도,안양시만안구,석수동,서안양,S329,2026.0,0.0,0.0,3.2,1.4,19.5,18.0,16.6,0.0,경기도,시흥시,논곡동,S329,2026.0,0.0,0.0,0.0,0.0,0.0,0.0,0.0,0.0,경기도,시흥시,논곡동,S329,2026.0,0.0,0.0,0.0,0.0,0.0,0.0,0.0,0.0,0.0,경기도,시흥시,S329,8.0,4.0,3.0,1.0,26.0,19.0,0.0,7.0
경기도,안양시만안구,석수동,서안양,S329,2026.0,0.0,0.0,3.2,1.4,19.5,18.0,16.6,0.0,경기도,시흥시,논곡동,S329,2026.0,0.0,0.0,0.0,0.0,0.0,0.0,0.0,0.0,경기도,시흥시,논곡동,S329,2026.0,0.0,0.0,0.0,0.0,0.0,0.0,0.0,0.0,0.0,경기도,안양시만안구,S329,8.0,4.0,3.0,1.0,26.0,19.0,0.0,7.0
전남광주통합특별시,영광군,염산면,서영광(건설중),E269,2026.0,0.0,165.6,165.6,165.6,165.6,165.6,165.6,0.0,전남광주통합특별시,영광군,군서면,E269,2026.0,0.0,570.0,870.0,910.0,1155.0,1475.0,1445.0,0.0,전남광주통합특별시,영광군,군서면,E269,2026.0,0.0,0.0,0.0,0.0,0.0,0.0,0.0,0.0,240.0265,,,,,,,,,,,
충청남도,예산군,예산읍,서예산(건설중),E127,2026.0,165.6,165.6,0.0,0.0,0.0,101.7,91.7,165.6,충청남도,예산군,예산읍,E127,2026.0,520.0,550.0,0.0,0.0,0.0,440.0,390.0,520.0,충청남도,예산군,예산읍,E127,2026.0,0.0,0.0,0.0,0.0,0.0,0.0,0.0,0.0,0.0,,,,,,,,,,,
충청북도,청주시흥덕구,신성동,서오창(건설중),E257,2026.0,0.0,0.0,0.0,0.0,0.0,0.0,0.0,0.0,충청북도,청주시흥덕구,옥산면,E257,2026.0,0.0,0.0,0.0,0.0,0.0,0.0,0.0,0.0,충청북도,청주시흥덕구,신성동,E257,2026.0,0.0,0.0,0.0,0.0,0.0,0.0,0.0,0.0,0.0,,,,,,,,,,,
경기도,안성시,현수동,서운,S333,2026.0,0.0,0.0,0.0,0.0,0.0,0.0,0.0,0.0,경기도,안성시,계동,S333,2026.0,0.0,0.0,0.0,0.0,0.0,0.0,0.0,0.0,경기도,안성시,계동,S333,2026.0,905.0,905.0,905.0,905.0,905.0,905.0,905.0,905.0,0.0,,,,,,,,,,,
전남광주통합특별시,무안군,운남면,서운남S/Y,E528,2026.0,0.0,165.6,165.6,165.6,165.6,165.6,165.6,0.0,전남광주통합특별시,신안군,증도면,E528,2026.0,0.0,0.0,0.0,0.0,0.0,0.0,0.0,0.0,전남광주통합특별시,신안군,증도면,E528,2026.0,0.0,0.0,0.0,0.0,0.0,0.0,0.0,0.0,271.9666,,,,,,,,,,,
강원특별자치도,원주시,지정면,서원주,D464,2026.0,37.4,25.2,23.9,1.7,72.6,71.8,70.9,37.4,강원특별자치도,원주시,지정면,D464,2026.0,190.0,390.0,325.0,305.0,305.0,325.0,265.0,190.0,강원특별자치도,원주시,지정면,D464,2026.0,0.0,740.0,740.0,740.0,740.0,790.0,955.0,0.0,0.0,강원특별자치도,원주시,D464,8.0,4.0,2.0,2.0,26.0,11.0,0.0,15.0
경기도,고양시일산서구,대화동,서일산(건설중),D476,2026.0,0.0,0.0,0.0,0.0,0.0,0.0,0.0,0.0,경기도,고양시일산동구,백석동,D476,2026.0,0.0,0.0,0.0,0.0,0.0,0.0,0.0,0.0,경기도,고양시일산동구,백석동,D476,2026.0,0.0,0.0,475.0,475.0,490.0,650.0,665.0,0.0,0.0,,,,,,,,,,,
경기도,양평군,양서면,서종,D290,2026.0,71.9,71.9,71.9,71.9,71.9,71.9,71.9,71.9,경기도,가평군,설악면,D290,2026.0,410.0,410.0,410.0,410.0,410.0,410.0,410.0,410.0,경기도,가평군,설악면,D290,2026.0,550.0,550.0,550.0,550.0,550.0,550.0,550.0,550.0,0.0,경기도,가평군,D290,8.0,4.0,0.0,4.0,21.0,11.0,0.0,10.0
경기도,양평군,양서면,서종,D290,2026.0,71.9,71.9,71.9,71.9,71.9,71.9,71.9,71.9,경기도,가평군,설악면,D290,2026.0,410.0,410.0,410.0,410.0,410.0,410.0,410.0,410.0,경기도,가평군,설악면,D290,2026.0,550.0,550.0,550.0,550.0,550.0,550.0,550.0,550.0,0.0,경기도,양평군,D290,8.0,4.0,0.0,4.0,21.0,11.0,0.0,10.0
경상남도,양산시,덕계동,서창,2467,2026.0,0.0,0.0,0.0,0.0,14.0,12.9,11.9,0.0,경상남도,양산시,덕계동,2467,2026.0,0.0,0.0,0.0,0.0,115.0,110.0,105.0,0.0,경상남도,양산시,덕계동,2467,2026.0,0.0,0.0,0.0,0.0,0.0,5.0,530.0,0.0,0.0,경상남도,양산시,2467,11.0,5.0,1.0,5.0,24.0,23.0,0.0,1.0
,,,서천,,,,,,,,,,,,,,,,,,,,,,,,,,,,,,,,,,,,,,충청남도,서천군,E389,5.0,4.0,1.0,0.0,12.0,6.0,0.0,6.0
충청남도,천안시서북구,두정동,서천안,2676,2026.0,0.0,0.0,0.0,0.0,0.0,0.0,0.0,0.0,충청남도,천안시서북구,두정동,2676,2026.0,0.0,0.0,0.0,0.0,0.0,0.0,0.0,0.0,충청남도,천안시서북구,두정동,2676,2026.0,0.0,0.0,0.0,0.0,0.0,0.0,0.0,0.0,0.0,충청남도,천안시서북구,2676,12.0,11.0,0.0,1.0,27.0,27.0,0.0,0.0
인천광역시,서구,검암동,서청라(건설중),D315,2026.0,0.0,0.0,0.0,0.0,0.0,0.0,0.0,0.0,인천광역시,서구,검암동,D315,2026.0,0.0,0.0,0.0,0.0,0.0,0.0,0.0,0.0,인천광역시,서구,검암동,D315,2026.0,0.0,0.0,800.0,800.0,800.0,800.0,800.0,0.0,0.0,,,,,,,,,,,
충청북도,청주시흥덕구,가경동,서청주,4569,2026.0,0.0,0.0,0.0,0.0,0.0,0.0,0.0,0.0,충청북도,청주시흥덕구,휴암동,4569,2026.0,0.0,0.0,0.0,0.0,0.0,0.0,0.0,0.0,충청북도,청주시흥덕구,가경동,4569,2026.0,0.0,0.0,0.0,0.0,0.0,0.0,0.0,0.0,0.0,충청북도,청주시흥덕구,4569,7.0,7.0,0.0,0.0,22.0,20.0,0.0,2.0
서울특별시,서초구,서초동,서초,S219,2026.0,0.0,0.0,0.0,0.0,0.0,0.0,14.9,0.0,서울특별시,서초구,서초동,S219,2026.0,0.0,0.0,0.0,0.0,0.0,0.0,170.0,0.0,서울특별시,서초구,서초동,S219,2026.0,575.0,575.0,575.0,575.0,575.0,575.0,580.0,575.0,0.0,서울특별시,서초구,S219,7.0,3.0,0.0,4.0,25.0,20.0,2.0,3.0
강원특별자치도,춘천시,퇴계동,서춘천(건설중),D463,2026.0,0.0,0.0,0.0,165.6,165.6,165.6,165.6,0.0,강원특별자치도,춘천시,퇴계동,D463,2026.0,0.0,0.0,0.0,570.0,475.0,530.0,445.0,0.0,강원특별자치도,춘천시,퇴계동,D463,2026.0,0.0,0.0,0.0,0.0,0.0,0.0,320.0,0.0,0.0,,,,,,,,,,,
충청북도,충주시,노은면,서충주(건설중),E585,2026.0,0.0,0.0,165.6,165.6,165.6,165.6,165.6,0.0,충청북도,충주시,중앙탑면,E585,2026.0,0.0,375.0,335.0,220.0,305.0,385.0,350.0,0.0,충청북도,충주시,노은면,E585,2026.0,0.0,0.0,0.0,0.0,0.0,645.0,645.0,0.0,0.0,,,,,,,,,,,
대구광역시,중구,고성동3가,서침산,S722,2026.0,71.6,71.1,70.7,70.2,69.8,69.4,68.9,71.6,대구광역시,북구,노원동3가,S722,2026.0,0.0,0.0,0.0,0.0,0.0,0.0,0.0,0.0,대구광역시,북구,노원동3가,S722,2026.0,0.0,0.0,0.0,0.0,0.0,0.0,0.0,0.0,0.0,대구광역시,북구,S722,4.0,2.0,2.0,0.0,19.0,14.0,0.0,5.0
대구광역시,중구,고성동3가,서침산,S722,2026.0,71.6,71.1,70.7,70.2,69.8,69.4,68.9,71.6,대구광역시,북구,노원동3가,S722,2026.0,0.0,0.0,0.0,0.0,0.0,0.0,0.0,0.0,대구광역시,북구,노원동3가,S722,2026.0,0.0,0.0,0.0,0.0,0.0,0.0,0.0,0.0,0.0,대구광역시,중구,S722,4.0,2.0,2.0,0.0,19.0,14.0,0.0,5.0
경기도,평택시,서탄면,서탄(건설중),E822,2026.0,0.0,0.0,0.0,0.0,0.0,0.0,0.0,0.0,경기도,평택시,서탄면,E822,2026.0,0.0,0.0,0.0,0.0,0.0,0.0,0.0,0.0,경기도,평택시,서탄면,E822,2026.0,0.0,0.0,545.0,550.0,560.0,565.0,575.0,0.0,0.0,,,,,,,,,,,
경기도,성남시분당구,하산운동,서판교,S232,2026.0,0.0,0.0,0.0,0.0,0.0,0.0,0.0,0.0,경기도,성남시분당구,대장동,S232,2026.0,0.0,0.0,0.0,0.0,0.0,0.0,0.0,0.0,경기도,성남시분당구,대장동,S232,2026.0,870.0,870.0,870.0,870.0,870.0,870.0,905.0,870.0,0.0,경기도,성남시분당구,S232,8.0,6.0,1.0,1.0,26.0,16.0,0.0,10.0
경상북도,포항시북구,신광면,서포항,E057,2026.0,135.0,45.0,122.0,115.6,102.7,89.9,83.0,135.0,경상북도,포항시북구,신광면,E057,2026.0,135.0,45.0,450.0,380.0,525.0,610.0,590.0,135.0,경상북도,포항시북구,신광면,E057,2026.0,1100.0,1100.0,1120.0,1125.0,1125.0,1130.0,1130.0,1100.0,33.36,,,,,,,,,,,
경기도,가평군,설악면,서홍천,D337,2026.0,30.6,29.4,28.3,27.2,26.1,24.9,23.8,30.6,경기도,가평군,설악면,D337,2026.0,80.0,235.0,245.0,310.0,325.0,330.0,325.0,80.0,강원특별자치도,춘천시,남면,D337,2026.0,0.0,0.0,0.0,0.0,0.0,0.0,0.0,0.0,0.0,강원특별자치도,춘천시,D337,12.0,2.0,2.0,8.0,26.0,9.0,0.0,17.0
경기도,가평군,설악면,서홍천,D337,2026.0,30.6,29.4,28.3,27.2,26.1,24.9,23.8,30.6,경기도,가평군,설악면,D337,2026.0,80.0,235.0,245.0,310.0,325.0,330.0,325.0,80.0,강원특별자치도,춘천시,남면,D337,2026.0,0.0,0.0,0.0,0.0,0.0,0.0,0.0,0.0,0.0,강원특별자치도,홍천군,D337,12.0,2.0,2.0,8.0,26.0,9.0,0.0,17.0
경기도,가평군,설악면,서홍천,D337,2026.0,30.6,29.4,28.3,27.2,26.1,24.9,23.8,30.6,경기도,가평군,설악면,D337,2026.0,80.0,235.0,245.0,310.0,325.0,330.0,325.0,80.0,강원특별자치도,춘천시,남면,D337,2026.0,0.0,0.0,0.0,0.0,0.0,0.0,0.0,0.0,0.0,경기도,가평군,D337,12.0,2.0,2.0,8.0,26.0,9.0,0.0,17.0
경기도,가평군,설악면,서홍천,D337,2026.0,30.6,29.4,28.3,27.2,26.1,24.9,23.8,30.6,경기도,가평군,설악면,D337,2026.0,80.0,235.0,245.0,310.0,325.0,330.0,325.0,80.0,경기도,가평군,설악면,D337,2026.0,0.0,0.0,0.0,0.0,0.0,0.0,0.0,0.0,0.0,강원특별자치도,춘천시,D337,12.0,2.0,2.0,8.0,26.0,9.0,0.0,17.0
경기도,가평군,설악면,서홍천,D337,2026.0,30.6,29.4,28.3,27.2,26.1,24.9,23.8,30.6,경기도,가평군,설악면,D337,2026.0,80.0,235.0,245.0,310.0,325.0,330.0,325.0,80.0,경기도,가평군,설악면,D337,2026.0,0.0,0.0,0.0,0.0,0.0,0.0,0.0,0.0,0.0,강원특별자치도,홍천군,D337,12.0,2.0,2.0,8.0,26.0,9.0,0.0,17.0
경기도,가평군,설악면,서홍천,D337,2026.0,30.6,29.4,28.3,27.2,26.1,24.9,23.8,30.6,경기도,가평군,설악면,D337,2026.0,80.0,235.0,245.0,310.0,325.0,330.0,325.0,80.0,경기도,가평군,설악면,D337,2026.0,0.0,0.0,0.0,0.0,0.0,0.0,0.0,0.0,0.0,경기도,가평군,D337,12.0,2.0,2.0,8.0,26.0,9.0,0.0,17.0
경기도,가평군,설악면,서홍천,D337,2026.0,30.6,29.4,28.3,27.2,26.1,24.9,23.8,30.6,강원특별자치도,춘천시,남면,D337,2026.0,80.0,235.0,245.0,310.0,325.0,330.0,325.0,80.0,강원특별자치도,춘천시,남면,D337,2026.0,0.0,0.0,0.0,0.0,0.0,0.0,0.0,0.0,0.0,강원특별자치도,춘천시,D337,12.0,2.0,2.0,8.0,26.0,9.0,0.0,17.0
경기도,가평군,설악면,서홍천,D337,2026.0,30.6,29.4,28.3,27.2,26.1,24.9,23.8,30.6,강원특별자치도,춘천시,남면,D337,2026.0,80.0,235.0,245.0,310.0,325.0,330.0,325.0,80.0,강원특별자치도,춘천시,남면,D337,2026.0,0.0,0.0,0.0,0.0,0.0,0.0,0.0,0.0,0.0,강원특별자치도,홍천군,D337,12.0,2.0,2.0,8.0,26.0,9.0,0.0,17.0
경기도,가평군,설악면,서홍천,D337,2026.0,30.6,29.4,28.3,27.2,26.1,24.9,23.8,30.6,강원특별자치도,춘천시,남면,D337,2026.0,80.0,235.0,245.0,310.0,325.0,330.0,325.0,80.0,강원특별자치도,춘천시,남면,D337,2026.0,0.0,0.0,0.0,0.0,0.0,0.0,0.0,0.0,0.0,경기도,가평군,D337,12.0,2.0,2.0,8.0,26.0,9.0,0.0,17.0
경기도,가평군,설악면,서홍천,D337,2026.0,30.6,29.4,28.3,27.2,26.1,24.9,23.8,30.6,강원특별자치도,춘천시,남면,D337,2026.0,80.0,235.0,245.0,310.0,325.0,330.0,325.0,80.0,경기도,가평군,설악면,D337,2026.0,0.0,0.0,0.0,0.0,0.0,0.0,0.0,0.0,0.0,강원특별자치도,춘천시,D337,12.0,2.0,2.0,8.0,26.0,9.0,0.0,17.0
경기도,가평군,설악면,서홍천,D337,2026.0,30.6,29.4,28.3,27.2,26.1,24.9,23.8,30.6,강원특별자치도,춘천시,남면,D337,2026.0,80.0,235.0,245.0,310.0,325.0,330.0,325.0,80.0,경기도,가평군,설악면,D337,2026.0,0.0,0.0,0.0,0.0,0.0,0.0,0.0,0.0,0.0,강원특별자치도,홍천군,D337,12.0,2.0,2.0,8.0,26.0,9.0,0.0,17.0
경기도,가평군,설악면,서홍천,D337,2026.0,30.6,29.4,28.3,27.2,26.1,24.9,23.8,30.6,강원특별자치도,춘천시,남면,D337,2026.0,80.0,235.0,245.0,310.0,325.0,330.0,325.0,80.0,경기도,가평군,설악면,D337,2026.0,0.0,0.0,0.0,0.0,0.0,0.0,0.0,0.0,0.0,경기도,가평군,D337,12.0,2.0,2.0,8.0,26.0,9.0,0.0,17.0
강원특별자치도,춘천시,남면,서홍천,D337,2026.0,30.6,29.4,28.3,27.2,26.1,24.9,23.8,30.6,경기도,가평군,설악면,D337,2026.0,80.0,235.0,245.0,310.0,325.0,330.0,325.0,80.0,강원특별자치도,춘천시,남면,D337,2026.0,0.0,0.0,0.0,0.0,0.0,0.0,0.0,0.0,0.0,강원특별자치도,춘천시,D337,12.0,2.0,2.0,8.0,26.0,9.0,0.0,17.0
강원특별자치도,춘천시,남면,서홍천,D337,2026.0,30.6,29.4,28.3,27.2,26.1,24.9,23.8,30.6,경기도,가평군,설악면,D337,2026.0,80.0,235.0,245.0,310.0,325.0,330.0,325.0,80.0,강원특별자치도,춘천시,남면,D337,2026.0,0.0,0.0,0.0,0.0,0.0,0.0,0.0,0.0,0.0,강원특별자치도,홍천군,D337,12.0,2.0,2.0,8.0,26.0,9.0,0.0,17.0
강원특별자치도,춘천시,남면,서홍천,D337,2026.0,30.6,29.4,28.3,27.2,26.1,24.9,23.8,30.6,경기도,가평군,설악면,D337,2026.0,80.0,235.0,245.0,310.0,325.0,330.0,325.0,80.0,강원특별자치도,춘천시,남면,D337,2026.0,0.0,0.0,0.0,0.0,0.0,0.0,0.0,0.0,0.0,경기도,가평군,D337,12.0,2.0,2.0,8.0,26.0,9.0,0.0,17.0
강원특별자치도,춘천시,남면,서홍천,D337,2026.0,30.6,29.4,28.3,27.2,26.1,24.9,23.8,30.6,경기도,가평군,설악면,D337,2026.0,80.0,235.0,245.0,310.0,325.0,330.0,325.0,80.0,경기도,가평군,설악면,D337,2026.0,0.0,0.0,0.0,0.0,0.0,0.0,0.0,0.0,0.0,강원특별자치도,춘천시,D337,12.0,2.0,2.0,8.0,26.0,9.0,0.0,17.0
강원특별자치도,춘천시,남면,서홍천,D337,2026.0,30.6,29.4,28.3,27.2,26.1,24.9,23.8,30.6,경기도,가평군,설악면,D337,2026.0,80.0,235.0,245.0,310.0,325.0,330.0,325.0,80.0,경기도,가평군,설악면,D337,2026.0,0.0,0.0,0.0,0.0,0.0,0.0,0.0,0.0,0.0,강원특별자치도,홍천군,D337,12.0,2.0,2.0,8.0,26.0,9.0,0.0,17.0
강원특별자치도,춘천시,남면,서홍천,D337,2026.0,30.6,29.4,28.3,27.2,26.1,24.9,23.8,30.6,경기도,가평군,설악면,D337,2026.0,80.0,235.0,245.0,310.0,325.0,330.0,325.0,80.0,경기도,가평군,설악면,D337,2026.0,0.0,0.0,0.0,0.0,0.0,0.0,0.0,0.0,0.0,경기도,가평군,D337,12.0,2.0,2.0,8.0,26.0,9.0,0.0,17.0
강원특별자치도,춘천시,남면,서홍천,D337,2026.0,30.6,29.4,28.3,27.2,26.1,24.9,23.8,30.6,강원특별자치도,춘천시,남면,D337,2026.0,80.0,235.0,245.0,310.0,325.0,330.0,325.0,80.0,강원특별자치도,춘천시,남면,D337,2026.0,0.0,0.0,0.0,0.0,0.0,0.0,0.0,0.0,0.0,강원특별자치도,춘천시,D337,12.0,2.0,2.0,8.0,26.0,9.0,0.0,17.0
강원특별자치도,춘천시,남면,서홍천,D337,2026.0,30.6,29.4,28.3,27.2,26.1,24.9,23.8,30.6,강원특별자치도,춘천시,남면,D337,2026.0,80.0,235.0,245.0,310.0,325.0,330.0,325.0,80.0,강원특별자치도,춘천시,남면,D337,2026.0,0.0,0.0,0.0,0.0,0.0,0.0,0.0,0.0,0.0,강원특별자치도,홍천군,D337,12.0,2.0,2.0,8.0,26.0,9.0,0.0,17.0
강원특별자치도,춘천시,남면,서홍천,D337,2026.0,30.6,29.4,28.3,27.2,26.1,24.9,23.8,30.6,강원특별자치도,춘천시,남면,D337,2026.0,80.0,235.0,245.0,310.0,325.0,330.0,325.0,80.0,강원특별자치도,춘천시,남면,D337,2026.0,0.0,0.0,0.0,0.0,0.0,0.0,0.0,0.0,0.0,경기도,가평군,D337,12.0,2.0,2.0,8.0,26.0,9.0,0.0,17.0
강원특별자치도,춘천시,남면,서홍천,D337,2026.0,30.6,29.4,28.3,27.2,26.1,24.9,23.8,30.6,강원특별자치도,춘천시,남면,D337,2026.0,80.0,235.0,245.0,310.0,325.0,330.0,325.0,80.0,경기도,가평군,설악면,D337,2026.0,0.0,0.0,0.0,0.0,0.0,0.0,0.0,0.0,0.0,강원특별자치도,춘천시,D337,12.0,2.0,2.0,8.0,26.0,9.0,0.0,17.0
강원특별자치도,춘천시,남면,서홍천,D337,2026.0,30.6,29.4,28.3,27.2,26.1,24.9,23.8,30.6,강원특별자치도,춘천시,남면,D337,2026.0,80.0,235.0,245.0,310.0,325.0,330.0,325.0,80.0,경기도,가평군,설악면,D337,2026.0,0.0,0.0,0.0,0.0,0.0,0.0,0.0,0.0,0.0,강원특별자치도,홍천군,D337,12.0,2.0,2.0,8.0,26.0,9.0,0.0,17.0
강원특별자치도,춘천시,남면,서홍천,D337,2026.0,30.6,29.4,28.3,27.2,26.1,24.9,23.8,30.6,강원특별자치도,춘천시,남면,D337,2026.0,80.0,235.0,245.0,310.0,325.0,330.0,325.0,80.0,경기도,가평군,설악면,D337,2026.0,0.0,0.0,0.0,0.0,0.0,0.0,0.0,0.0,0.0,경기도,가평군,D337,12.0,2.0,2.0,8.0,26.0,9.0,0.0,17.0
경상남도,양산시,상북면,석계,E134,2026.0,0.0,0.0,0.0,0.0,144.3,142.4,140.6,0.0,경상남도,양산시,상북면,E134,2026.0,0.0,0.0,0.0,0.0,300.0,335.0,400.0,0.0,경상남도,양산시,상북면,E134,2026.0,510.0,510.0,510.0,510.0,510.0,510.0,510.0,510.0,0.0,,,,,,,,,,,
충청남도,아산시,둔포면,석곡,D352,2026.0,0.0,0.0,0.0,0.0,0.0,0.0,0.0,0.0,충청남도,아산시,둔포면,D352,2026.0,0.0,0.0,0.0,0.0,0.0,0.0,0.0,0.0,충청남도,아산시,둔포면,D352,2026.0,0.0,0.0,0.0,0.0,0.0,0.0,0.0,0.0,19.8,충청남도,아산시,D352,8.0,4.0,0.0,4.0,25.0,18.0,5.0,2.0
부산광역시,해운대구,반여동,석대(건설중),E843,2026.0,0.0,0.0,0.0,96.6,82.8,69.0,55.2,0.0,부산광역시,해운대구,반여동,E843,2026.0,0.0,0.0,0.0,505.0,475.0,440.0,390.0,0.0,부산광역시,해운대구,반여동,E843,2026.0,0.0,0.0,0.0,1190.0,1195.0,1200.0,1210.0,0.0,0.0,,,,,,,,,,,
충청남도,당진시,고대면,석문,D521,2026.0,0.0,0.0,0.0,0.0,0.0,0.0,0.0,0.0,충청남도,당진시,고대면,D521,2026.0,0.0,0.0,0.0,0.0,0.0,0.0,75.0,0.0,충청남도,당진시,고대면,D521,2026.0,0.0,0.0,0.0,0.0,0.0,0.0,0.0,0.0,10.044,충청남도,당진시,D521,8.0,5.0,3.0,0.0,25.0,17.0,8.0,0.0
서울특별시,송파구,신천동,석촌,S227,2026.0,0.0,0.0,0.0,0.0,0.0,0.0,0.0,0.0,서울특별시,송파구,석촌동,S227,2026.0,0.0,0.0,0.0,0.0,0.0,0.0,0.0,0.0,서울특별시,송파구,석촌동,S227,2026.0,725.0,725.0,755.0,765.0,810.0,810.0,830.0,725.0,0.0,서울특별시,송파구,S227,9.0,4.0,0.0,5.0,36.0,22.0,0.0,14.0
서울특별시,강남구,청담동,선릉,S201,2026.0,0.0,5.0,5.0,5.0,5.0,5.0,5.0,0.0,서울특별시,강남구,청담동,S201,2026.0,0.0,5.0,5.0,5.0,5.0,5.0,5.0,0.0,서울특별시,강남구,청담동,S201,2026.0,530.0,680.0,680.0,680.0,680.0,680.0,680.0,530.0,0.0,서울특별시,강남구,S201,11.0,6.0,0.0,5.0,34.0,25.0,0.0,9.0
,,,선산,,,,,,,,,,,,,,,,,,,,,,,,경상북도,구미시,사곡동,2735,2026.0,0.0,0.0,0.0,0.0,0.0,625.0,670.0,0.0,0.0,경상북도,구미시,2735,24.0,16.0,4.0,4.0,0.0,0.0,0.0,0.0
,,,선산,,,,,,,,,,,,,,,,,,,,,,,,경상북도,구미시,사곡동,2735,2026.0,0.0,0.0,0.0,0.0,0.0,625.0,670.0,0.0,0.0,경상북도,상주시,2735,24.0,16.0,4.0,4.0,0.0,0.0,0.0,0.0
,,,선산,,,,,,,,,,,,,,,,,,,,,,,,경상북도,구미시,사곡동,2735,2026.0,0.0,0.0,0.0,0.0,0.0,625.0,670.0,0.0,0.0,경상북도,의성군,2735,24.0,16.0,4.0,4.0,0.0,0.0,0.0,0.0
,,,선산,,,,,,,,,,,,,,,,,,,,,,,,경상북도,구미시,사곡동,2735,2026.0,0.0,0.0,0.0,0.0,0.0,625.0,670.0,0.0,0.0,대구광역시,군위군,2735,24.0,16.0,4.0,4.0,0.0,0.0,0.0,0.0
,,,선산,,,,,,,,,,,,,,,,,,,,,,,,대구광역시,군위군,군위읍,2735,2026.0,0.0,0.0,0.0,0.0,0.0,625.0,670.0,0.0,0.0,경상북도,구미시,2735,24.0,16.0,4.0,4.0,0.0,0.0,0.0,0.0
,,,선산,,,,,,,,,,,,,,,,,,,,,,,,대구광역시,군위군,군위읍,2735,2026.0,0.0,0.0,0.0,0.0,0.0,625.0,670.0,0.0,0.0,경상북도,상주시,2735,24.0,16.0,4.0,4.0,0.0,0.0,0.0,0.0
,,,선산,,,,,,,,,,,,,,,,,,,,,,,,대구광역시,군위군,군위읍,2735,2026.0,0.0,0.0,0.0,0.0,0.0,625.0,670.0,0.0,0.0,경상북도,의성군,2735,24.0,16.0,4.0,4.0,0.0,0.0,0.0,0.0
,,,선산,,,,,,,,,,,,,,,,,,,,,,,,대구광역시,군위군,군위읍,2735,2026.0,0.0,0.0,0.0,0.0,0.0,625.0,670.0,0.0,0.0,대구광역시,군위군,2735,24.0,16.0,4.0,4.0,0.0,0.0,0.0,0.0
경기도,파주시,파평면,선유,S130,2026.0,0.0,0.0,0.0,0.0,0.0,0.0,47.3,0.0,경기도,파주시,법원읍,S130,2026.0,0.0,0.0,0.0,0.0,0.0,0.0,50.0,0.0,경기도,파주시,법원읍,S130,2026.0,385.0,395.0,400.0,400.0,400.0,400.0,550.0,385.0,0.0,경기도,파주시,S130,8.0,2.0,3.0,3.0,25.0,12.0,7.0,6.0
충청남도,천안시서북구,성거읍,성거,2610,2026.0,0.0,0.0,0.0,0.0,0.0,0.0,0.0,0.0,충청남도,천안시서북구,성거읍,2610,2026.0,0.0,0.0,0.0,0.0,0.0,490.0,0.0,0.0,충청남도,천안시서북구,성거읍,2610,2026.0,0.0,0.0,0.0,0.0,0.0,0.0,0.0,0.0,0.0,충청남도,천안시서북구,2610,12.0,4.0,2.0,6.0,24.0,24.0,0.0,0.0
경기도,안산시단원구,성곡동,성곡,S345,2026.0,10.3,4.6,3.9,3.2,2.5,2.0,1.5,10.3,경기도,안산시단원구,성곡동,S345,2026.0,0.0,0.0,0.0,0.0,0.0,0.0,0.0,0.0,경기도,안산시단원구,성곡동,S345,2026.0,0.0,0.0,0.0,0.0,0.0,0.0,0.0,0.0,0.0,경기도,안산시단원구,S345,8.0,4.0,4.0,0.0,28.0,28.0,0.0,0.0
,,,성동,,,,,,,,,,,,,,,,,,,,,,,,서울특별시,동대문구,이문동,2071,2026.0,2265.0,2265.0,2265.0,2265.0,2265.0,2265.0,2285.0,2265.0,0.0,서울특별시,광진구,2071,18.0,14.0,0.0,4.0,0.0,0.0,0.0,0.0
,,,성동,,,,,,,,,,,,,,,,,,,,,,,,서울특별시,동대문구,이문동,2071,2026.0,2265.0,2265.0,2265.0,2265.0,2265.0,2265.0,2285.0,2265.0,0.0,서울특별시,동대문구,2071,18.0,14.0,0.0,4.0,0.0,0.0,0.0,0.0
,,,성동,,,,,,,,,,,,,,,,,,,,,,,,서울특별시,동대문구,이문동,2071,2026.0,2265.0,2265.0,2265.0,2265.0,2265.0,2265.0,2285.0,2265.0,0.0,서울특별시,성동구,2071,18.0,14.0,0.0,4.0,0.0,0.0,0.0,0.0
,,,성동,,,,,,,,,,,,,,,,,,,,,,,,서울특별시,동대문구,이문동,2071,2026.0,2265.0,2265.0,2265.0,2265.0,2265.0,2265.0,2285.0,2265.0,0.0,서울특별시,성북구,2071,18.0,14.0,0.0,4.0,0.0,0.0,0.0,0.0
,,,성동,,,,,,,,,,,,,,,,,,,,,,,,서울특별시,동대문구,이문동,2071,2026.0,2265.0,2265.0,2265.0,2265.0,2265.0,2265.0,2285.0,2265.0,0.0,서울특별시,용산구,2071,18.0,14.0,0.0,4.0,0.0,0.0,0.0,0.0
,,,성동,,,,,,,,,,,,,,,,,,,,,,,,서울특별시,동대문구,이문동,2071,2026.0,2265.0,2265.0,2265.0,2265.0,2265.0,2265.0,2285.0,2265.0,0.0,서울특별시,종로구,2071,18.0,14.0,0.0,4.0,0.0,0.0,0.0,0.0
,,,성동,,,,,,,,,,,,,,,,,,,,,,,,서울특별시,동대문구,이문동,2071,2026.0,2265.0,2265.0,2265.0,2265.0,2265.0,2265.0,2285.0,2265.0,0.0,서울특별시,중구,2071,18.0,14.0,0.0,4.0,0.0,0.0,0.0,0.0
충청북도,음성군,맹동면,성본,E136,2026.0,0.0,0.0,0.0,0.0,0.0,0.0,0.0,0.0,충청북도,음성군,대소면,E136,2026.0,0.0,0.0,0.0,0.0,0.0,0.0,0.0,0.0,충청북도,음성군,맹동면,E136,2026.0,0.0,0.0,0.0,0.0,0.0,330.0,845.0,0.0,0.0,,,,,,,,,,,
,,,성산,,,,,,,,,,,,,,,,,,,,,,,,,,,,,,,,,,,,,,제주특별자치도,서귀포시,SA01,6.0,5.0,1.0,0.0,31.0,19.0,1.0,11.0
,,,성산,,,,,,,,,,,,,,,,,,,,,,,,,,,,,,,,,,,,,,제주특별자치도,제주시,SA01,6.0,5.0,1.0,0.0,31.0,19.0,1.0,11.0
대구광역시,달서구,진천동,성서,2551,2026.0,0.0,0.0,0.0,0.0,0.0,0.0,0.0,0.0,대구광역시,달서구,용산동,2551,2026.0,195.0,195.0,150.0,105.0,105.0,70.0,95.0,195.0,대구광역시,달서구,용산동,2551,2026.0,625.0,625.0,625.0,625.0,625.0,625.0,625.0,625.0,0.0,대구광역시,달서구,2551,8.0,7.0,0.0,1.0,24.0,24.0,0.0,0.0
서울특별시,성동구,성수동2가,성수,S133,2026.0,83.9,72.2,71.5,70.9,70.2,69.6,65.0,83.9,서울특별시,성동구,성수동1가,S133,2026.0,125.0,110.0,90.0,70.0,70.0,70.0,65.0,125.0,서울특별시,성동구,성수동1가,S133,2026.0,350.0,350.0,380.0,380.0,380.0,385.0,385.0,350.0,0.0,서울특별시,성동구,S133,6.0,4.0,0.0,2.0,29.0,12.0,4.0,13.0
울산광역시,울산광역시남구,용연동,성암개폐소,D399,2026.0,0.0,0.0,0.0,0.0,0.0,0.0,0.0,0.0,울산광역시,울산광역시남구,용연동,D399,2026.0,0.0,0.0,0.0,0.0,0.0,0.0,0.0,0.0,울산광역시,울산광역시남구,용연동,D399,2026.0,0.0,0.0,0.0,0.0,0.0,0.0,0.0,0.0,0.0,,,,,,,,,,,
충청남도,서산시,성연면,성연,S522,2026.0,0.0,0.0,0.0,0.0,0.0,0.0,0.0,0.0,충청남도,서산시,성연면,S522,2026.0,0.0,0.0,0.0,0.0,0.0,0.0,0.0,0.0,충청남도,서산시,성연면,S522,2026.0,0.0,0.0,0.0,0.0,0.0,0.0,0.0,0.0,0.0,충청남도,서산시,S522,7.0,5.0,2.0,0.0,26.0,17.0,8.0,1.0
경상북도,성주군,가천면,성주,2731,2026.0,22.0,13.5,10.8,8.0,5.3,2.5,0.0,22.0,경상북도,성주군,가천면,2731,2026.0,290.0,290.0,280.0,260.0,270.0,335.0,325.0,290.0,경상북도,성주군,가천면,2731,2026.0,1135.0,1135.0,1135.0,1135.0,1135.0,1135.0,1145.0,1135.0,0.0,경상북도,성주군,2731,8.0,4.0,0.0,4.0,25.0,22.0,0.0,3.0
경기도,안산시상록구,이동,성포,S309,2026.0,0.0,17.2,16.5,15.9,15.3,14.9,14.4,0.0,경기도,안산시단원구,고잔동,S309,2026.0,685.0,660.0,510.0,665.0,650.0,690.0,640.0,685.0,경기도,안산시단원구,고잔동,S309,2026.0,1275.0,1275.0,1275.0,1275.0,1275.0,1275.0,1280.0,1275.0,0.0,경기도,안산시단원구,S309,8.0,5.0,2.0,1.0,26.0,26.0,0.0,0.0
경기도,안산시상록구,이동,성포,S309,2026.0,0.0,17.2,16.5,15.9,15.3,14.9,14.4,0.0,경기도,안산시단원구,고잔동,S309,2026.0,685.0,660.0,510.0,665.0,650.0,690.0,640.0,685.0,경기도,안산시단원구,고잔동,S309,2026.0,1275.0,1275.0,1275.0,1275.0,1275.0,1275.0,1280.0,1275.0,0.0,경기도,안산시상록구,S309,8.0,5.0,2.0,1.0,26.0,26.0,0.0,0.0
경기도,성남시중원구,상대원동,성현,2561,2026.0,0.0,0.0,0.0,0.0,0.0,0.0,0.0,0.0,경기도,광주시,목현동,2561,2026.0,0.0,0.0,0.0,0.0,0.0,0.0,0.0,0.0,경기도,광주시,목현동,2561,2026.0,1395.0,1395.0,1395.0,1395.0,1395.0,1395.0,1400.0,1395.0,0.0,경기도,광주시,2561,15.0,13.0,0.0,2.0,32.0,32.0,0.0,0.0
경기도,성남시중원구,상대원동,성현,2561,2026.0,0.0,0.0,0.0,0.0,0.0,0.0,0.0,0.0,경기도,광주시,목현동,2561,2026.0,0.0,0.0,0.0,0.0,0.0,0.0,0.0,0.0,경기도,광주시,목현동,2561,2026.0,1395.0,1395.0,1395.0,1395.0,1395.0,1395.0,1400.0,1395.0,0.0,경기도,성남시중원구,2561,15.0,13.0,0.0,2.0,32.0,32.0,0.0,0.0
경기도,오산시,외삼미동,세교,S351,2026.0,0.0,0.0,0.0,0.0,0.0,0.0,0.0,0.0,경기도,오산시,금암동,S351,2026.0,0.0,200.0,200.0,200.0,200.0,200.0,200.0,0.0,경기도,오산시,금암동,S351,2026.0,1155.0,1155.0,1155.0,1155.0,1155.0,1155.0,1155.0,1155.0,0.0,경기도,오산시,S351,8.0,4.0,2.0,2.0,26.0,14.0,11.0,1.0
부산광역시,부산광역시강서구,생곡동,세산,E062,2026.0,0.0,0.0,0.0,0.0,0.0,0.0,0.0,0.0,부산광역시,부산광역시강서구,생곡동,E062,2026.0,0.0,0.0,0.0,0.0,0.0,0.0,0.0,0.0,부산광역시,부산광역시강서구,생곡동,E062,2026.0,1185.0,1290.0,1330.0,1330.0,1330.0,1340.0,1355.0,1185.0,0.0,부산광역시,강서구,E062,8.0,4.0,4.0,0.0,13.0,3.0,3.0,7.0
대전광역시,서구,평촌동,세종,D452,2026.0,67.4,55.1,53.4,41.1,0.0,0.0,0.0,67.4,대전광역시,유성구,탑립동,D452,2026.0,265.0,365.0,360.0,310.0,0.0,0.0,0.0,265.0,대전광역시,유성구,탑립동,D452,2026.0,0.0,0.0,0.0,0.0,0.0,0.0,0.0,0.0,0.0,대전광역시,대덕구,D452,18.0,10.0,0.0,8.0,26.0,12.0,10.0,4.0
대전광역시,서구,평촌동,세종,D452,2026.0,67.4,55.1,53.4,41.1,0.0,0.0,0.0,67.4,대전광역시,유성구,탑립동,D452,2026.0,265.0,365.0,360.0,310.0,0.0,0.0,0.0,265.0,대전광역시,유성구,탑립동,D452,2026.0,0.0,0.0,0.0,0.0,0.0,0.0,0.0,0.0,0.0,대전광역시,서구,D452,18.0,10.0,0.0,8.0,26.0,12.0,10.0,4.0
대전광역시,서구,평촌동,세종,D452,2026.0,67.4,55.1,53.4,41.1,0.0,0.0,0.0,67.4,대전광역시,유성구,탑립동,D452,2026.0,265.0,365.0,360.0,310.0,0.0,0.0,0.0,265.0,대전광역시,유성구,탑립동,D452,2026.0,0.0,0.0,0.0,0.0,0.0,0.0,0.0,0.0,0.0,대전광역시,유성구,D452,18.0,10.0,0.0,8.0,26.0,12.0,10.0,4.0
대전광역시,서구,평촌동,세종,D452,2026.0,67.4,55.1,53.4,41.1,0.0,0.0,0.0,67.4,대전광역시,유성구,탑립동,D452,2026.0,265.0,365.0,360.0,310.0,0.0,0.0,0.0,265.0,대전광역시,유성구,탑립동,D452,2026.0,0.0,0.0,0.0,0.0,0.0,0.0,0.0,0.0,0.0,세종특별자치시,세종시,D452,18.0,10.0,0.0,8.0,26.0,12.0,10.0,4.0
대전광역시,서구,평촌동,세종,D452,2026.0,67.4,55.1,53.4,41.1,0.0,0.0,0.0,67.4,대전광역시,유성구,탑립동,D452,2026.0,265.0,365.0,360.0,310.0,0.0,0.0,0.0,265.0,세종특별자치시,세종특별자치시,보람동,D452,2026.0,0.0,0.0,0.0,0.0,0.0,0.0,0.0,0.0,0.0,대전광역시,대덕구,D452,18.0,10.0,0.0,8.0,26.0,12.0,10.0,4.0
대전광역시,서구,평촌동,세종,D452,2026.0,67.4,55.1,53.4,41.1,0.0,0.0,0.0,67.4,대전광역시,유성구,탑립동,D452,2026.0,265.0,365.0,360.0,310.0,0.0,0.0,0.0,265.0,세종특별자치시,세종특별자치시,보람동,D452,2026.0,0.0,0.0,0.0,0.0,0.0,0.0,0.0,0.0,0.0,대전광역시,서구,D452,18.0,10.0,0.0,8.0,26.0,12.0,10.0,4.0
대전광역시,서구,평촌동,세종,D452,2026.0,67.4,55.1,53.4,41.1,0.0,0.0,0.0,67.4,대전광역시,유성구,탑립동,D452,2026.0,265.0,365.0,360.0,310.0,0.0,0.0,0.0,265.0,세종특별자치시,세종특별자치시,보람동,D452,2026.0,0.0,0.0,0.0,0.0,0.0,0.0,0.0,0.0,0.0,대전광역시,유성구,D452,18.0,10.0,0.0,8.0,26.0,12.0,10.0,4.0
대전광역시,서구,평촌동,세종,D452,2026.0,67.4,55.1,53.4,41.1,0.0,0.0,0.0,67.4,대전광역시,유성구,탑립동,D452,2026.0,265.0,365.0,360.0,310.0,0.0,0.0,0.0,265.0,세종특별자치시,세종특별자치시,보람동,D452,2026.0,0.0,0.0,0.0,0.0,0.0,0.0,0.0,0.0,0.0,세종특별자치시,세종시,D452,18.0,10.0,0.0,8.0,26.0,12.0,10.0,4.0
대전광역시,서구,평촌동,세종,D452,2026.0,67.4,55.1,53.4,41.1,0.0,0.0,0.0,67.4,세종특별자치시,세종시,금남면,D452,2026.0,265.0,365.0,360.0,310.0,0.0,0.0,0.0,265.0,대전광역시,유성구,탑립동,D452,2026.0,0.0,0.0,0.0,0.0,0.0,0.0,0.0,0.0,0.0,대전광역시,대덕구,D452,18.0,10.0,0.0,8.0,26.0,12.0,10.0,4.0
대전광역시,서구,평촌동,세종,D452,2026.0,67.4,55.1,53.4,41.1,0.0,0.0,0.0,67.4,세종특별자치시,세종시,금남면,D452,2026.0,265.0,365.0,360.0,310.0,0.0,0.0,0.0,265.0,대전광역시,유성구,탑립동,D452,2026.0,0.0,0.0,0.0,0.0,0.0,0.0,0.0,0.0,0.0,대전광역시,서구,D452,18.0,10.0,0.0,8.0,26.0,12.0,10.0,4.0
대전광역시,서구,평촌동,세종,D452,2026.0,67.4,55.1,53.4,41.1,0.0,0.0,0.0,67.4,세종특별자치시,세종시,금남면,D452,2026.0,265.0,365.0,360.0,310.0,0.0,0.0,0.0,265.0,대전광역시,유성구,탑립동,D452,2026.0,0.0,0.0,0.0,0.0,0.0,0.0,0.0,0.0,0.0,대전광역시,유성구,D452,18.0,10.0,0.0,8.0,26.0,12.0,10.0,4.0
대전광역시,서구,평촌동,세종,D452,2026.0,67.4,55.1,53.4,41.1,0.0,0.0,0.0,67.4,세종특별자치시,세종시,금남면,D452,2026.0,265.0,365.0,360.0,310.0,0.0,0.0,0.0,265.0,대전광역시,유성구,탑립동,D452,2026.0,0.0,0.0,0.0,0.0,0.0,0.0,0.0,0.0,0.0,세종특별자치시,세종시,D452,18.0,10.0,0.0,8.0,26.0,12.0,10.0,4.0
대전광역시,서구,평촌동,세종,D452,2026.0,67.4,55.1,53.4,41.1,0.0,0.0,0.0,67.4,세종특별자치시,세종시,금남면,D452,2026.0,265.0,365.0,360.0,310.0,0.0,0.0,0.0,265.0,세종특별자치시,세종특별자치시,보람동,D452,2026.0,0.0,0.0,0.0,0.0,0.0,0.0,0.0,0.0,0.0,대전광역시,대덕구,D452,18.0,10.0,0.0,8.0,26.0,12.0,10.0,4.0
대전광역시,서구,평촌동,세종,D452,2026.0,67.4,55.1,53.4,41.1,0.0,0.0,0.0,67.4,세종특별자치시,세종시,금남면,D452,2026.0,265.0,365.0,360.0,310.0,0.0,0.0,0.0,265.0,세종특별자치시,세종특별자치시,보람동,D452,2026.0,0.0,0.0,0.0,0.0,0.0,0.0,0.0,0.0,0.0,대전광역시,서구,D452,18.0,10.0,0.0,8.0,26.0,12.0,10.0,4.0
대전광역시,서구,평촌동,세종,D452,2026.0,67.4,55.1,53.4,41.1,0.0,0.0,0.0,67.4,세종특별자치시,세종시,금남면,D452,2026.0,265.0,365.0,360.0,310.0,0.0,0.0,0.0,265.0,세종특별자치시,세종특별자치시,보람동,D452,2026.0,0.0,0.0,0.0,0.0,0.0,0.0,0.0,0.0,0.0,대전광역시,유성구,D452,18.0,10.0,0.0,8.0,26.0,12.0,10.0,4.0
대전광역시,서구,평촌동,세종,D452,2026.0,67.4,55.1,53.4,41.1,0.0,0.0,0.0,67.4,세종특별자치시,세종시,금남면,D452,2026.0,265.0,365.0,360.0,310.0,0.0,0.0,0.0,265.0,세종특별자치시,세종특별자치시,보람동,D452,2026.0,0.0,0.0,0.0,0.0,0.0,0.0,0.0,0.0,0.0,세종특별자치시,세종시,D452,18.0,10.0,0.0,8.0,26.0,12.0,10.0,4.0
세종특별자치시,세종특별자치시,보람동,세종,D452,2026.0,67.4,55.1,53.4,41.1,0.0,0.0,0.0,67.4,대전광역시,유성구,탑립동,D452,2026.0,265.0,365.0,360.0,310.0,0.0,0.0,0.0,265.0,대전광역시,유성구,탑립동,D452,2026.0,0.0,0.0,0.0,0.0,0.0,0.0,0.0,0.0,0.0,대전광역시,대덕구,D452,18.0,10.0,0.0,8.0,26.0,12.0,10.0,4.0
세종특별자치시,세종특별자치시,보람동,세종,D452,2026.0,67.4,55.1,53.4,41.1,0.0,0.0,0.0,67.4,대전광역시,유성구,탑립동,D452,2026.0,265.0,365.0,360.0,310.0,0.0,0.0,0.0,265.0,대전광역시,유성구,탑립동,D452,2026.0,0.0,0.0,0.0,0.0,0.0,0.0,0.0,0.0,0.0,대전광역시,서구,D452,18.0,10.0,0.0,8.0,26.0,12.0,10.0,4.0
세종특별자치시,세종특별자치시,보람동,세종,D452,2026.0,67.4,55.1,53.4,41.1,0.0,0.0,0.0,67.4,대전광역시,유성구,탑립동,D452,2026.0,265.0,365.0,360.0,310.0,0.0,0.0,0.0,265.0,대전광역시,유성구,탑립동,D452,2026.0,0.0,0.0,0.0,0.0,0.0,0.0,0.0,0.0,0.0,대전광역시,유성구,D452,18.0,10.0,0.0,8.0,26.0,12.0,10.0,4.0
세종특별자치시,세종특별자치시,보람동,세종,D452,2026.0,67.4,55.1,53.4,41.1,0.0,0.0,0.0,67.4,대전광역시,유성구,탑립동,D452,2026.0,265.0,365.0,360.0,310.0,0.0,0.0,0.0,265.0,대전광역시,유성구,탑립동,D452,2026.0,0.0,0.0,0.0,0.0,0.0,0.0,0.0,0.0,0.0,세종특별자치시,세종시,D452,18.0,10.0,0.0,8.0,26.0,12.0,10.0,4.0
세종특별자치시,세종특별자치시,보람동,세종,D452,2026.0,67.4,55.1,53.4,41.1,0.0,0.0,0.0,67.4,대전광역시,유성구,탑립동,D452,2026.0,265.0,365.0,360.0,310.0,0.0,0.0,0.0,265.0,세종특별자치시,세종특별자치시,보람동,D452,2026.0,0.0,0.0,0.0,0.0,0.0,0.0,0.0,0.0,0.0,대전광역시,대덕구,D452,18.0,10.0,0.0,8.0,26.0,12.0,10.0,4.0
세종특별자치시,세종특별자치시,보람동,세종,D452,2026.0,67.4,55.1,53.4,41.1,0.0,0.0,0.0,67.4,대전광역시,유성구,탑립동,D452,2026.0,265.0,365.0,360.0,310.0,0.0,0.0,0.0,265.0,세종특별자치시,세종특별자치시,보람동,D452,2026.0,0.0,0.0,0.0,0.0,0.0,0.0,0.0,0.0,0.0,대전광역시,서구,D452,18.0,10.0,0.0,8.0,26.0,12.0,10.0,4.0
세종특별자치시,세종특별자치시,보람동,세종,D452,2026.0,67.4,55.1,53.4,41.1,0.0,0.0,0.0,67.4,대전광역시,유성구,탑립동,D452,2026.0,265.0,365.0,360.0,310.0,0.0,0.0,0.0,265.0,세종특별자치시,세종특별자치시,보람동,D452,2026.0,0.0,0.0,0.0,0.0,0.0,0.0,0.0,0.0,0.0,대전광역시,유성구,D452,18.0,10.0,0.0,8.0,26.0,12.0,10.0,4.0
세종특별자치시,세종특별자치시,보람동,세종,D452,2026.0,67.4,55.1,53.4,41.1,0.0,0.0,0.0,67.4,대전광역시,유성구,탑립동,D452,2026.0,265.0,365.0,360.0,310.0,0.0,0.0,0.0,265.0,세종특별자치시,세종특별자치시,보람동,D452,2026.0,0.0,0.0,0.0,0.0,0.0,0.0,0.0,0.0,0.0,세종특별자치시,세종시,D452,18.0,10.0,0.0,8.0,26.0,12.0,10.0,4.0
세종특별자치시,세종특별자치시,보람동,세종,D452,2026.0,67.4,55.1,53.4,41.1,0.0,0.0,0.0,67.4,세종특별자치시,세종시,금남면,D452,2026.0,265.0,365.0,360.0,310.0,0.0,0.0,0.0,265.0,대전광역시,유성구,탑립동,D452,2026.0,0.0,0.0,0.0,0.0,0.0,0.0,0.0,0.0,0.0,대전광역시,대덕구,D452,18.0,10.0,0.0,8.0,26.0,12.0,10.0,4.0
세종특별자치시,세종특별자치시,보람동,세종,D452,2026.0,67.4,55.1,53.4,41.1,0.0,0.0,0.0,67.4,세종특별자치시,세종시,금남면,D452,2026.0,265.0,365.0,360.0,310.0,0.0,0.0,0.0,265.0,대전광역시,유성구,탑립동,D452,2026.0,0.0,0.0,0.0,0.0,0.0,0.0,0.0,0.0,0.0,대전광역시,서구,D452,18.0,10.0,0.0,8.0,26.0,12.0,10.0,4.0
세종특별자치시,세종특별자치시,보람동,세종,D452,2026.0,67.4,55.1,53.4,41.1,0.0,0.0,0.0,67.4,세종특별자치시,세종시,금남면,D452,2026.0,265.0,365.0,360.0,310.0,0.0,0.0,0.0,265.0,대전광역시,유성구,탑립동,D452,2026.0,0.0,0.0,0.0,0.0,0.0,0.0,0.0,0.0,0.0,대전광역시,유성구,D452,18.0,10.0,0.0,8.0,26.0,12.0,10.0,4.0
세종특별자치시,세종특별자치시,보람동,세종,D452,2026.0,67.4,55.1,53.4,41.1,0.0,0.0,0.0,67.4,세종특별자치시,세종시,금남면,D452,2026.0,265.0,365.0,360.0,310.0,0.0,0.0,0.0,265.0,대전광역시,유성구,탑립동,D452,2026.0,0.0,0.0,0.0,0.0,0.0,0.0,0.0,0.0,0.0,세종특별자치시,세종시,D452,18.0,10.0,0.0,8.0,26.0,12.0,10.0,4.0
세종특별자치시,세종특별자치시,보람동,세종,D452,2026.0,67.4,55.1,53.4,41.1,0.0,0.0,0.0,67.4,세종특별자치시,세종시,금남면,D452,2026.0,265.0,365.0,360.0,310.0,0.0,0.0,0.0,265.0,세종특별자치시,세종특별자치시,보람동,D452,2026.0,0.0,0.0,0.0,0.0,0.0,0.0,0.0,0.0,0.0,대전광역시,대덕구,D452,18.0,10.0,0.0,8.0,26.0,12.0,10.0,4.0
세종특별자치시,세종특별자치시,보람동,세종,D452,2026.0,67.4,55.1,53.4,41.1,0.0,0.0,0.0,67.4,세종특별자치시,세종시,금남면,D452,2026.0,265.0,365.0,360.0,310.0,0.0,0.0,0.0,265.0,세종특별자치시,세종특별자치시,보람동,D452,2026.0,0.0,0.0,0.0,0.0,0.0,0.0,0.0,0.0,0.0,대전광역시,서구,D452,18.0,10.0,0.0,8.0,26.0,12.0,10.0,4.0
세종특별자치시,세종특별자치시,보람동,세종,D452,2026.0,67.4,55.1,53.4,41.1,0.0,0.0,0.0,67.4,세종특별자치시,세종시,금남면,D452,2026.0,265.0,365.0,360.0,310.0,0.0,0.0,0.0,265.0,세종특별자치시,세종특별자치시,보람동,D452,2026.0,0.0,0.0,0.0,0.0,0.0,0.0,0.0,0.0,0.0,대전광역시,유성구,D452,18.0,10.0,0.0,8.0,26.0,12.0,10.0,4.0
세종특별자치시,세종특별자치시,보람동,세종,D452,2026.0,67.4,55.1,53.4,41.1,0.0,0.0,0.0,67.4,세종특별자치시,세종시,금남면,D452,2026.0,265.0,365.0,360.0,310.0,0.0,0.0,0.0,265.0,세종특별자치시,세종특별자치시,보람동,D452,2026.0,0.0,0.0,0.0,0.0,0.0,0.0,0.0,0.0,0.0,세종특별자치시,세종시,D452,18.0,10.0,0.0,8.0,26.0,12.0,10.0,4.0
서울특별시,종로구,세종로,세종로,2029,2026.0,0.0,0.0,0.0,0.0,0.0,0.0,0.0,0.0,서울특별시,종로구,세종로,2029,2026.0,0.0,0.0,0.0,0.0,0.0,0.0,0.0,0.0,서울특별시,종로구,세종로,2029,2026.0,620.0,620.0,620.0,620.0,625.0,625.0,625.0,620.0,0.0,서울특별시,종로구,2029,5.0,5.0,0.0,0.0,32.0,28.0,0.0,4.0
전남광주통합특별시,순천시,해룡면,세풍,E051,2026.0,0.0,0.0,0.0,0.0,0.0,0.0,0.0,0.0,전남광주통합특별시,광양시,광양읍,E051,2026.0,0.0,0.0,0.0,0.0,0.0,0.0,0.0,0.0,전남광주통합특별시,광양시,광양읍,E051,2026.0,0.0,0.0,0.0,0.0,0.0,0.0,0.0,0.0,0.0,전남광주통합특별시,광양시,E051,9.0,4.0,5.0,0.0,0.0,3.0,0.0,-3.0
전남광주통합특별시,순천시,해룡면,세풍,E051,2026.0,0.0,0.0,0.0,0.0,0.0,0.0,0.0,0.0,전남광주통합특별시,광양시,광양읍,E051,2026.0,0.0,0.0,0.0,0.0,0.0,0.0,0.0,0.0,전남광주통합특별시,광양시,광양읍,E051,2026.0,0.0,0.0,0.0,0.0,0.0,0.0,0.0,0.0,0.0,전남광주통합특별시,순천시,E051,9.0,4.0,5.0,0.0,0.0,3.0,0.0,-3.0
전남광주통합특별시,여수시,소라면,소라,S625,2026.0,0.0,0.0,0.0,0.0,0.0,0.0,0.0,0.0,전남광주통합특별시,여수시,남면,S625,2026.0,0.0,0.0,0.0,0.0,0.0,0.0,0.0,0.0,전남광주통합특별시,여수시,남면,S625,2026.0,0.0,0.0,0.0,0.0,0.0,0.0,0.0,0.0,0.0,전남광주통합특별시,여수시,S625,8.0,5.0,0.0,3.0,21.0,17.0,3.0,1.0
인천광역시,남동구,장수동,소래,2569,2026.0,0.0,0.0,0.0,0.0,0.0,0.0,0.0,0.0,인천광역시,남동구,장수동,2569,2026.0,0.0,5.0,0.0,0.0,0.0,0.0,0.0,0.0,경기도,김포시,구래동,2569,2026.0,405.0,405.0,615.0,615.0,615.0,615.0,1640.0,405.0,0.0,경기도,김포시,2569,8.0,4.0,0.0,4.0,21.0,21.0,0.0,0.0
인천광역시,남동구,장수동,소래,2569,2026.0,0.0,0.0,0.0,0.0,0.0,0.0,0.0,0.0,인천광역시,남동구,장수동,2569,2026.0,0.0,5.0,0.0,0.0,0.0,0.0,0.0,0.0,경기도,김포시,구래동,2569,2026.0,405.0,405.0,615.0,615.0,615.0,615.0,1640.0,405.0,0.0,경기도,시흥시,2569,8.0,4.0,0.0,4.0,21.0,21.0,0.0,0.0
인천광역시,남동구,장수동,소래,2569,2026.0,0.0,0.0,0.0,0.0,0.0,0.0,0.0,0.0,인천광역시,남동구,장수동,2569,2026.0,0.0,5.0,0.0,0.0,0.0,0.0,0.0,0.0,경기도,김포시,구래동,2569,2026.0,405.0,405.0,615.0,615.0,615.0,615.0,1640.0,405.0,0.0,인천광역시,남동구,2569,8.0,4.0,0.0,4.0,21.0,21.0,0.0,0.0
인천광역시,남동구,장수동,소래,2569,2026.0,0.0,0.0,0.0,0.0,0.0,0.0,0.0,0.0,인천광역시,남동구,장수동,2569,2026.0,0.0,5.0,0.0,0.0,0.0,0.0,0.0,0.0,인천광역시,남동구,장수동,2569,2026.0,405.0,405.0,615.0,615.0,615.0,615.0,1640.0,405.0,0.0,경기도,김포시,2569,8.0,4.0,0.0,4.0,21.0,21.0,0.0,0.0
인천광역시,남동구,장수동,소래,2569,2026.0,0.0,0.0,0.0,0.0,0.0,0.0,0.0,0.0,인천광역시,남동구,장수동,2569,2026.0,0.0,5.0,0.0,0.0,0.0,0.0,0.0,0.0,인천광역시,남동구,장수동,2569,2026.0,405.0,405.0,615.0,615.0,615.0,615.0,1640.0,405.0,0.0,경기도,시흥시,2569,8.0,4.0,0.0,4.0,21.0,21.0,0.0,0.0
인천광역시,남동구,장수동,소래,2569,2026.0,0.0,0.0,0.0,0.0,0.0,0.0,0.0,0.0,인천광역시,남동구,장수동,2569,2026.0,0.0,5.0,0.0,0.0,0.0,0.0,0.0,0.0,인천광역시,남동구,장수동,2569,2026.0,405.0,405.0,615.0,615.0,615.0,615.0,1640.0,405.0,0.0,인천광역시,남동구,2569,8.0,4.0,0.0,4.0,21.0,21.0,0.0,0.0
인천광역시,남동구,장수동,소래,2569,2026.0,0.0,0.0,0.0,0.0,0.0,0.0,0.0,0.0,경기도,김포시,구래동,2569,2026.0,0.0,5.0,0.0,0.0,0.0,0.0,0.0,0.0,경기도,김포시,구래동,2569,2026.0,405.0,405.0,615.0,615.0,615.0,615.0,1640.0,405.0,0.0,경기도,김포시,2569,8.0,4.0,0.0,4.0,21.0,21.0,0.0,0.0
인천광역시,남동구,장수동,소래,2569,2026.0,0.0,0.0,0.0,0.0,0.0,0.0,0.0,0.0,경기도,김포시,구래동,2569,2026.0,0.0,5.0,0.0,0.0,0.0,0.0,0.0,0.0,경기도,김포시,구래동,2569,2026.0,405.0,405.0,615.0,615.0,615.0,615.0,1640.0,405.0,0.0,경기도,시흥시,2569,8.0,4.0,0.0,4.0,21.0,21.0,0.0,0.0
인천광역시,남동구,장수동,소래,2569,2026.0,0.0,0.0,0.0,0.0,0.0,0.0,0.0,0.0,경기도,김포시,구래동,2569,2026.0,0.0,5.0,0.0,0.0,0.0,0.0,0.0,0.0,경기도,김포시,구래동,2569,2026.0,405.0,405.0,615.0,615.0,615.0,615.0,1640.0,405.0,0.0,인천광역시,남동구,2569,8.0,4.0,0.0,4.0,21.0,21.0,0.0,0.0
인천광역시,남동구,장수동,소래,2569,2026.0,0.0,0.0,0.0,0.0,0.0,0.0,0.0,0.0,경기도,김포시,구래동,2569,2026.0,0.0,5.0,0.0,0.0,0.0,0.0,0.0,0.0,인천광역시,남동구,장수동,2569,2026.0,405.0,405.0,615.0,615.0,615.0,615.0,1640.0,405.0,0.0,경기도,김포시,2569,8.0,4.0,0.0,4.0,21.0,21.0,0.0,0.0
인천광역시,남동구,장수동,소래,2569,2026.0,0.0,0.0,0.0,0.0,0.0,0.0,0.0,0.0,경기도,김포시,구래동,2569,2026.0,0.0,5.0,0.0,0.0,0.0,0.0,0.0,0.0,인천광역시,남동구,장수동,2569,2026.0,405.0,405.0,615.0,615.0,615.0,615.0,1640.0,405.0,0.0,경기도,시흥시,2569,8.0,4.0,0.0,4.0,21.0,21.0,0.0,0.0
인천광역시,남동구,장수동,소래,2569,2026.0,0.0,0.0,0.0,0.0,0.0,0.0,0.0,0.0,경기도,김포시,구래동,2569,2026.0,0.0,5.0,0.0,0.0,0.0,0.0,0.0,0.0,인천광역시,남동구,장수동,2569,2026.0,405.0,405.0,615.0,615.0,615.0,615.0,1640.0,405.0,0.0,인천광역시,남동구,2569,8.0,4.0,0.0,4.0,21.0,21.0,0.0,0.0
경기도,시흥시,은행동,소래,2569,2026.0,0.0,0.0,0.0,0.0,0.0,0.0,0.0,0.0,인천광역시,남동구,장수동,2569,2026.0,0.0,5.0,0.0,0.0,0.0,0.0,0.0,0.0,경기도,김포시,구래동,2569,2026.0,405.0,405.0,615.0,615.0,615.0,615.0,1640.0,405.0,0.0,경기도,김포시,2569,8.0,4.0,0.0,4.0,21.0,21.0,0.0,0.0
경기도,시흥시,은행동,소래,2569,2026.0,0.0,0.0,0.0,0.0,0.0,0.0,0.0,0.0,인천광역시,남동구,장수동,2569,2026.0,0.0,5.0,0.0,0.0,0.0,0.0,0.0,0.0,경기도,김포시,구래동,2569,2026.0,405.0,405.0,615.0,615.0,615.0,615.0,1640.0,405.0,0.0,경기도,시흥시,2569,8.0,4.0,0.0,4.0,21.0,21.0,0.0,0.0
경기도,시흥시,은행동,소래,2569,2026.0,0.0,0.0,0.0,0.0,0.0,0.0,0.0,0.0,인천광역시,남동구,장수동,2569,2026.0,0.0,5.0,0.0,0.0,0.0,0.0,0.0,0.0,경기도,김포시,구래동,2569,2026.0,405.0,405.0,615.0,615.0,615.0,615.0,1640.0,405.0,0.0,인천광역시,남동구,2569,8.0,4.0,0.0,4.0,21.0,21.0,0.0,0.0
경기도,시흥시,은행동,소래,2569,2026.0,0.0,0.0,0.0,0.0,0.0,0.0,0.0,0.0,인천광역시,남동구,장수동,2569,2026.0,0.0,5.0,0.0,0.0,0.0,0.0,0.0,0.0,인천광역시,남동구,장수동,2569,2026.0,405.0,405.0,615.0,615.0,615.0,615.0,1640.0,405.0,0.0,경기도,김포시,2569,8.0,4.0,0.0,4.0,21.0,21.0,0.0,0.0
경기도,시흥시,은행동,소래,2569,2026.0,0.0,0.0,0.0,0.0,0.0,0.0,0.0,0.0,인천광역시,남동구,장수동,2569,2026.0,0.0,5.0,0.0,0.0,0.0,0.0,0.0,0.0,인천광역시,남동구,장수동,2569,2026.0,405.0,405.0,615.0,615.0,615.0,615.0,1640.0,405.0,0.0,경기도,시흥시,2569,8.0,4.0,0.0,4.0,21.0,21.0,0.0,0.0
경기도,시흥시,은행동,소래,2569,2026.0,0.0,0.0,0.0,0.0,0.0,0.0,0.0,0.0,인천광역시,남동구,장수동,2569,2026.0,0.0,5.0,0.0,0.0,0.0,0.0,0.0,0.0,인천광역시,남동구,장수동,2569,2026.0,405.0,405.0,615.0,615.0,615.0,615.0,1640.0,405.0,0.0,인천광역시,남동구,2569,8.0,4.0,0.0,4.0,21.0,21.0,0.0,0.0
경기도,시흥시,은행동,소래,2569,2026.0,0.0,0.0,0.0,0.0,0.0,0.0,0.0,0.0,경기도,김포시,구래동,2569,2026.0,0.0,5.0,0.0,0.0,0.0,0.0,0.0,0.0,경기도,김포시,구래동,2569,2026.0,405.0,405.0,615.0,615.0,615.0,615.0,1640.0,405.0,0.0,경기도,김포시,2569,8.0,4.0,0.0,4.0,21.0,21.0,0.0,0.0
경기도,시흥시,은행동,소래,2569,2026.0,0.0,0.0,0.0,0.0,0.0,0.0,0.0,0.0,경기도,김포시,구래동,2569,2026.0,0.0,5.0,0.0,0.0,0.0,0.0,0.0,0.0,경기도,김포시,구래동,2569,2026.0,405.0,405.0,615.0,615.0,615.0,615.0,1640.0,405.0,0.0,경기도,시흥시,2569,8.0,4.0,0.0,4.0,21.0,21.0,0.0,0.0
경기도,시흥시,은행동,소래,2569,2026.0,0.0,0.0,0.0,0.0,0.0,0.0,0.0,0.0,경기도,김포시,구래동,2569,2026.0,0.0,5.0,0.0,0.0,0.0,0.0,0.0,0.0,경기도,김포시,구래동,2569,2026.0,405.0,405.0,615.0,615.0,615.0,615.0,1640.0,405.0,0.0,인천광역시,남동구,2569,8.0,4.0,0.0,4.0,21.0,21.0,0.0,0.0
경기도,시흥시,은행동,소래,2569,2026.0,0.0,0.0,0.0,0.0,0.0,0.0,0.0,0.0,경기도,김포시,구래동,2569,2026.0,0.0,5.0,0.0,0.0,0.0,0.0,0.0,0.0,인천광역시,남동구,장수동,2569,2026.0,405.0,405.0,615.0,615.0,615.0,615.0,1640.0,405.0,0.0,경기도,김포시,2569,8.0,4.0,0.0,4.0,21.0,21.0,0.0,0.0
경기도,시흥시,은행동,소래,2569,2026.0,0.0,0.0,0.0,0.0,0.0,0.0,0.0,0.0,경기도,김포시,구래동,2569,2026.0,0.0,5.0,0.0,0.0,0.0,0.0,0.0,0.0,인천광역시,남동구,장수동,2569,2026.0,405.0,405.0,615.0,615.0,615.0,615.0,1640.0,405.0,0.0,경기도,시흥시,2569,8.0,4.0,0.0,4.0,21.0,21.0,0.0,0.0
경기도,시흥시,은행동,소래,2569,2026.0,0.0,0.0,0.0,0.0,0.0,0.0,0.0,0.0,경기도,김포시,구래동,2569,2026.0,0.0,5.0,0.0,0.0,0.0,0.0,0.0,0.0,인천광역시,남동구,장수동,2569,2026.0,405.0,405.0,615.0,615.0,615.0,615.0,1640.0,405.0,0.0,인천광역시,남동구,2569,8.0,4.0,0.0,4.0,21.0,21.0,0.0,0.0
전북특별자치도,군산시,소룡동,소룡,D498,2026.0,0.0,0.0,0.0,0.0,0.0,0.0,0.0,0.0,전북특별자치도,군산시,소룡동,D498,2026.0,0.0,0.0,0.0,0.0,0.0,0.0,0.0,0.0,전북특별자치도,군산시,소룡동,D498,2026.0,0.0,0.0,0.0,0.0,0.0,0.0,0.0,0.0,0.0,전북특별자치도,군산시,D498,12.0,12.0,0.0,0.0,0.0,0.0,0.0,0.0
경기도,평택시,합정동,소사벌,D321,2026.0,0.0,0.0,0.0,0.0,0.0,0.0,0.0,0.0,경기도,안성시,공도읍,D321,2026.0,0.0,0.0,0.0,0.0,0.0,0.0,0.0,0.0,경기도,안성시,공도읍,D321,2026.0,1485.0,1490.0,1490.0,1490.0,1490.0,1490.0,1590.0,1485.0,0.0,경기도,안성시,D321,8.0,2.0,2.0,4.0,26.0,19.0,0.0,7.0
경기도,평택시,합정동,소사벌,D321,2026.0,0.0,0.0,0.0,0.0,0.0,0.0,0.0,0.0,경기도,안성시,공도읍,D321,2026.0,0.0,0.0,0.0,0.0,0.0,0.0,0.0,0.0,경기도,안성시,공도읍,D321,2026.0,1485.0,1490.0,1490.0,1490.0,1490.0,1490.0,1590.0,1485.0,0.0,경기도,평택시,D321,8.0,2.0,2.0,4.0,26.0,19.0,0.0,7.0
전북특별자치도,정읍시,소성면,소성,D493,2026.0,133.2,0.0,0.0,0.0,131.0,130.4,129.9,133.2,전북특별자치도,정읍시,소성면,D493,2026.0,605.0,540.0,600.0,595.0,385.0,395.0,390.0,605.0,전북특별자치도,정읍시,소성면,D493,2026.0,0.0,0.0,0.0,0.0,0.0,0.0,770.0,0.0,0.0,,,,,,,,,,,
,,,소양HP(건설중),,,,,,,,,,,,,,,,,,,,,,,,강원특별자치도,춘천시,신북읍,S439,2026.0,0.0,0.0,0.0,0.0,0.0,0.0,0.0,0.0,0.0,,,,,,,,,,,
전남광주통합특별시,동구,월남동,소태,S618,2026.0,0.0,0.0,0.0,0.0,25.0,15.0,100.3,0.0,전남광주통합특별시,남구,방림동,S618,2026.0,0.0,0.0,0.0,0.0,0.0,0.0,0.0,0.0,전남광주통합특별시,남구,방림동,S618,2026.0,0.0,0.0,0.0,0.0,0.0,0.0,0.0,0.0,0.0,전남광주통합특별시,남구,S618,8.0,2.0,6.0,0.0,14.0,9.0,0.0,5.0
전남광주통합특별시,동구,월남동,소태,S618,2026.0,0.0,0.0,0.0,0.0,25.0,15.0,100.3,0.0,전남광주통합특별시,남구,방림동,S618,2026.0,0.0,0.0,0.0,0.0,0.0,0.0,0.0,0.0,전남광주통합특별시,남구,방림동,S618,2026.0,0.0,0.0,0.0,0.0,0.0,0.0,0.0,0.0,0.0,전남광주통합특별시,동구,S618,8.0,2.0,6.0,0.0,14.0,9.0,0.0,5.0
강원특별자치도,고성군,토성면,속초,2447,2026.0,0.0,5.2,3.6,2.1,0.5,0.0,0.0,0.0,강원특별자치도,고성군,토성면,2447,2026.0,0.0,0.0,0.0,0.0,0.0,0.0,0.0,0.0,강원특별자치도,고성군,토성면,2447,2026.0,0.0,0.0,0.0,0.0,0.0,0.0,0.0,0.0,0.0,강원특별자치도,고성군,2447,8.0,4.0,4.0,0.0,27.0,18.0,1.0,8.0
강원특별자치도,고성군,토성면,속초,2447,2026.0,0.0,5.2,3.6,2.1,0.5,0.0,0.0,0.0,강원특별자치도,고성군,토성면,2447,2026.0,0.0,0.0,0.0,0.0,0.0,0.0,0.0,0.0,강원특별자치도,고성군,토성면,2447,2026.0,0.0,0.0,0.0,0.0,0.0,0.0,0.0,0.0,0.0,강원특별자치도,속초시,2447,8.0,4.0,4.0,0.0,27.0,18.0,1.0,8.0
대전광역시,유성구,탑립동,송강,S525,2026.0,70.0,46.5,44.3,42.1,0.0,0.0,0.0,70.0,대전광역시,유성구,금탄동,S525,2026.0,205.0,115.0,120.0,105.0,0.0,0.0,0.0,205.0,대전광역시,유성구,금탄동,S525,2026.0,0.0,0.0,0.0,0.0,0.0,0.0,0.0,0.0,494.0,대전광역시,유성구,S525,8.0,4.0,3.0,1.0,27.0,16.0,3.0,8.0
인천광역시,연수구,송도동,송도,SB02,2026.0,0.0,0.0,0.0,0.0,0.0,0.0,0.0,0.0,인천광역시,연수구,송도동,SB02,2026.0,0.0,0.0,0.0,0.0,0.0,0.0,0.0,0.0,인천광역시,연수구,송도동,SB02,2026.0,650.0,770.0,775.0,775.0,775.0,775.0,800.0,650.0,0.0,인천광역시,연수구,SB02,9.0,8.0,1.0,0.0,28.0,28.0,0.0,0.0
인천광역시,연수구,동춘동,송도#6(건설중),E570,2026.0,0.0,0.0,0.0,0.0,0.0,0.0,0.0,0.0,인천광역시,연수구,동춘동,E570,2026.0,0.0,0.0,0.0,0.0,0.0,0.0,0.0,0.0,인천광역시,연수구,동춘동,E570,2026.0,0.0,0.0,0.0,0.0,0.0,965.0,1000.0,0.0,0.0,,,,,,,,,,,
경기도,화성시만세구,송산면,송산(건설중),E823,2026.0,0.0,0.0,0.0,0.0,0.0,165.6,165.6,0.0,경기도,화성시만세구,송산면,E823,2026.0,0.0,0.0,0.0,0.0,0.0,500.0,500.0,0.0,경기도,화성시만세구,송산면,E823,2026.0,0.0,0.0,0.0,0.0,0.0,810.0,2300.0,0.0,0.0,,,,,,,,,,,
충청남도,당진시,송산면,송악,2826,2026.0,15.7,10.5,6.7,1.6,0.5,0.0,0.0,15.7,충청남도,당진시,송산면,2826,2026.0,0.0,0.0,0.0,0.0,0.0,0.0,0.0,0.0,충청남도,당진시,송산면,2826,2026.0,0.0,0.0,0.0,0.0,0.0,0.0,0.0,0.0,0.0,충청남도,당진시,2826,11.0,8.0,3.0,0.0,26.0,22.0,3.0,1.0
경기도,포천시,소흘읍,송우,S110,2026.0,0.0,0.0,0.0,0.0,0.0,0.0,0.0,0.0,경기도,양주시,소흘읍,S110,2026.0,0.0,0.0,0.0,0.0,0.0,0.0,0.0,0.0,경기도,양주시,소흘읍,S110,2026.0,900.0,900.0,900.0,900.0,900.0,910.0,910.0,900.0,0.0,경기도,양주시,S110,4.0,4.0,0.0,0.0,28.0,19.0,0.0,9.0
경기도,포천시,소흘읍,송우,S110,2026.0,0.0,0.0,0.0,0.0,0.0,0.0,0.0,0.0,경기도,양주시,소흘읍,S110,2026.0,0.0,0.0,0.0,0.0,0.0,0.0,0.0,0.0,경기도,양주시,소흘읍,S110,2026.0,900.0,900.0,900.0,900.0,900.0,910.0,910.0,900.0,0.0,경기도,포천시,S110,4.0,4.0,0.0,0.0,28.0,19.0,0.0,9.0
인천광역시,중구,북성동1가,송월,2485,2026.0,0.0,0.0,0.0,0.0,0.0,25.0,25.0,0.0,인천광역시,중구,북성동1가,2485,2026.0,0.0,0.0,0.0,0.0,0.0,35.0,35.0,0.0,인천광역시,중구,북성동1가,2485,2026.0,0.0,495.0,495.0,495.0,495.0,495.0,495.0,0.0,0.0,,,,,,,,,,,
전남광주통합특별시,광산구,운수동,송정,S636,2026.0,88.2,85.1,84.0,20.0,81.8,80.7,0.0,88.2,전남광주통합특별시,광산구,도덕동,S636,2026.0,135.0,250.0,250.0,20.0,425.0,360.0,0.0,135.0,전남광주통합특별시,광산구,도덕동,S636,2026.0,0.0,0.0,0.0,0.0,0.0,0.0,0.0,0.0,0.0,전남광주통합특별시,광산구,S636,8.0,5.0,2.0,1.0,20.0,10.0,0.0,10.0
경기도,평택시,칠원동,송탄,2186,2026.0,0.0,0.0,0.0,0.0,0.0,0.0,0.0,0.0,경기도,평택시,장안동,2186,2026.0,0.0,0.0,0.0,0.0,0.0,0.0,0.0,0.0,경기도,평택시,장안동,2186,2026.0,0.0,0.0,0.0,0.0,0.0,0.0,0.0,0.0,0.0,,,,,,,,,,,
서울특별시,송파구,송파동,송파,2653,2026.0,0.0,0.0,0.0,0.0,0.0,0.0,0.0,0.0,서울특별시,송파구,거여동,2653,2026.0,0.0,0.0,0.0,0.0,0.0,0.0,0.0,0.0,경기도,하남시,감일동,2653,2026.0,0.0,0.0,0.0,0.0,0.0,0.0,0.0,0.0,0.0,경기도,하남시,2653,8.0,8.0,0.0,0.0,27.0,27.0,0.0,0.0
서울특별시,송파구,송파동,송파,2653,2026.0,0.0,0.0,0.0,0.0,0.0,0.0,0.0,0.0,서울특별시,송파구,거여동,2653,2026.0,0.0,0.0,0.0,0.0,0.0,0.0,0.0,0.0,경기도,하남시,감일동,2653,2026.0,0.0,0.0,0.0,0.0,0.0,0.0,0.0,0.0,0.0,서울특별시,송파구,2653,8.0,8.0,0.0,0.0,27.0,27.0,0.0,0.0
서울특별시,송파구,송파동,송파,2653,2026.0,0.0,0.0,0.0,0.0,0.0,0.0,0.0,0.0,서울특별시,송파구,거여동,2653,2026.0,0.0,0.0,0.0,0.0,0.0,0.0,0.0,0.0,서울특별시,송파구,거여동,2653,2026.0,0.0,0.0,0.0,0.0,0.0,0.0,0.0,0.0,0.0,경기도,하남시,2653,8.0,8.0,0.0,0.0,27.0,27.0,0.0,0.0
서울특별시,송파구,송파동,송파,2653,2026.0,0.0,0.0,0.0,0.0,0.0,0.0,0.0,0.0,서울특별시,송파구,거여동,2653,2026.0,0.0,0.0,0.0,0.0,0.0,0.0,0.0,0.0,서울특별시,송파구,거여동,2653,2026.0,0.0,0.0,0.0,0.0,0.0,0.0,0.0,0.0,0.0,서울특별시,송파구,2653,8.0,8.0,0.0,0.0,27.0,27.0,0.0,0.0
서울특별시,송파구,송파동,송파,2653,2026.0,0.0,0.0,0.0,0.0,0.0,0.0,0.0,0.0,경기도,하남시,감일동,2653,2026.0,0.0,0.0,0.0,0.0,0.0,0.0,0.0,0.0,경기도,하남시,감일동,2653,2026.0,0.0,0.0,0.0,0.0,0.0,0.0,0.0,0.0,0.0,경기도,하남시,2653,8.0,8.0,0.0,0.0,27.0,27.0,0.0,0.0
서울특별시,송파구,송파동,송파,2653,2026.0,0.0,0.0,0.0,0.0,0.0,0.0,0.0,0.0,경기도,하남시,감일동,2653,2026.0,0.0,0.0,0.0,0.0,0.0,0.0,0.0,0.0,경기도,하남시,감일동,2653,2026.0,0.0,0.0,0.0,0.0,0.0,0.0,0.0,0.0,0.0,서울특별시,송파구,2653,8.0,8.0,0.0,0.0,27.0,27.0,0.0,0.0
서울특별시,송파구,송파동,송파,2653,2026.0,0.0,0.0,0.0,0.0,0.0,0.0,0.0,0.0,경기도,하남시,감일동,2653,2026.0,0.0,0.0,0.0,0.0,0.0,0.0,0.0,0.0,서울특별시,송파구,거여동,2653,2026.0,0.0,0.0,0.0,0.0,0.0,0.0,0.0,0.0,0.0,경기도,하남시,2653,8.0,8.0,0.0,0.0,27.0,27.0,0.0,0.0
서울특별시,송파구,송파동,송파,2653,2026.0,0.0,0.0,0.0,0.0,0.0,0.0,0.0,0.0,경기도,하남시,감일동,2653,2026.0,0.0,0.0,0.0,0.0,0.0,0.0,0.0,0.0,서울특별시,송파구,거여동,2653,2026.0,0.0,0.0,0.0,0.0,0.0,0.0,0.0,0.0,0.0,서울특별시,송파구,2653,8.0,8.0,0.0,0.0,27.0,27.0,0.0,0.0
경기도,하남시,감일동,송파,2653,2026.0,0.0,0.0,0.0,0.0,0.0,0.0,0.0,0.0,서울특별시,송파구,거여동,2653,2026.0,0.0,0.0,0.0,0.0,0.0,0.0,0.0,0.0,경기도,하남시,감일동,2653,2026.0,0.0,0.0,0.0,0.0,0.0,0.0,0.0,0.0,0.0,경기도,하남시,2653,8.0,8.0,0.0,0.0,27.0,27.0,0.0,0.0
경기도,하남시,감일동,송파,2653,2026.0,0.0,0.0,0.0,0.0,0.0,0.0,0.0,0.0,서울특별시,송파구,거여동,2653,2026.0,0.0,0.0,0.0,0.0,0.0,0.0,0.0,0.0,경기도,하남시,감일동,2653,2026.0,0.0,0.0,0.0,0.0,0.0,0.0,0.0,0.0,0.0,서울특별시,송파구,2653,8.0,8.0,0.0,0.0,27.0,27.0,0.0,0.0
경기도,하남시,감일동,송파,2653,2026.0,0.0,0.0,0.0,0.0,0.0,0.0,0.0,0.0,서울특별시,송파구,거여동,2653,2026.0,0.0,0.0,0.0,0.0,0.0,0.0,0.0,0.0,서울특별시,송파구,거여동,2653,2026.0,0.0,0.0,0.0,0.0,0.0,0.0,0.0,0.0,0.0,경기도,하남시,2653,8.0,8.0,0.0,0.0,27.0,27.0,0.0,0.0
경기도,하남시,감일동,송파,2653,2026.0,0.0,0.0,0.0,0.0,0.0,0.0,0.0,0.0,서울특별시,송파구,거여동,2653,2026.0,0.0,0.0,0.0,0.0,0.0,0.0,0.0,0.0,서울특별시,송파구,거여동,2653,2026.0,0.0,0.0,0.0,0.0,0.0,0.0,0.0,0.0,0.0,서울특별시,송파구,2653,8.0,8.0,0.0,0.0,27.0,27.0,0.0,0.0
경기도,하남시,감일동,송파,2653,2026.0,0.0,0.0,0.0,0.0,0.0,0.0,0.0,0.0,경기도,하남시,감일동,2653,2026.0,0.0,0.0,0.0,0.0,0.0,0.0,0.0,0.0,경기도,하남시,감일동,2653,2026.0,0.0,0.0,0.0,0.0,0.0,0.0,0.0,0.0,0.0,경기도,하남시,2653,8.0,8.0,0.0,0.0,27.0,27.0,0.0,0.0
경기도,하남시,감일동,송파,2653,2026.0,0.0,0.0,0.0,0.0,0.0,0.0,0.0,0.0,경기도,하남시,감일동,2653,2026.0,0.0,0.0,0.0,0.0,0.0,0.0,0.0,0.0,경기도,하남시,감일동,2653,2026.0,0.0,0.0,0.0,0.0,0.0,0.0,0.0,0.0,0.0,서울특별시,송파구,2653,8.0,8.0,0.0,0.0,27.0,27.0,0.0,0.0
경기도,하남시,감일동,송파,2653,2026.0,0.0,0.0,0.0,0.0,0.0,0.0,0.0,0.0,경기도,하남시,감일동,2653,2026.0,0.0,0.0,0.0,0.0,0.0,0.0,0.0,0.0,서울특별시,송파구,거여동,2653,2026.0,0.0,0.0,0.0,0.0,0.0,0.0,0.0,0.0,0.0,경기도,하남시,2653,8.0,8.0,0.0,0.0,27.0,27.0,0.0,0.0
경기도,하남시,감일동,송파,2653,2026.0,0.0,0.0,0.0,0.0,0.0,0.0,0.0,0.0,경기도,하남시,감일동,2653,2026.0,0.0,0.0,0.0,0.0,0.0,0.0,0.0,0.0,서울특별시,송파구,거여동,2653,2026.0,0.0,0.0,0.0,0.0,0.0,0.0,0.0,0.0,0.0,서울특별시,송파구,2653,8.0,8.0,0.0,0.0,27.0,27.0,0.0,0.0
경기도,고양시일산서구,탄현동,송포,2636,2026.0,0.0,0.0,0.0,0.0,0.0,8.9,8.9,0.0,경기도,고양시일산동구,설문동,2636,2026.0,0.0,0.0,0.0,0.0,0.0,0.0,0.0,0.0,경기도,고양시일산동구,설문동,2636,2026.0,0.0,0.0,0.0,0.0,0.0,405.0,405.0,0.0,0.0,경기도,고양시일산동구,2636,8.0,4.0,4.0,0.0,30.0,28.0,0.0,2.0
경기도,고양시일산서구,탄현동,송포,2636,2026.0,0.0,0.0,0.0,0.0,0.0,8.9,8.9,0.0,경기도,고양시일산동구,설문동,2636,2026.0,0.0,0.0,0.0,0.0,0.0,0.0,0.0,0.0,경기도,고양시일산동구,설문동,2636,2026.0,0.0,0.0,0.0,0.0,0.0,405.0,405.0,0.0,0.0,경기도,고양시일산서구,2636,8.0,4.0,4.0,0.0,30.0,28.0,0.0,2.0
인천광역시,동구,만석동,송현,2174,2026.0,0.0,0.0,0.0,0.0,0.0,35.0,35.0,0.0,인천광역시,동구,만석동,2174,2026.0,0.0,0.0,0.0,0.0,0.0,35.0,35.0,0.0,인천광역시,동구,만석동,2174,2026.0,0.0,665.0,665.0,665.0,1005.0,1030.0,1030.0,0.0,0.0,,,,,,,,,,,
전북특별자치도,군산시,옥도면,수변도시(건설중),E839,2026.0,0.0,0.0,0.0,0.0,0.0,115.1,98.3,0.0,전북특별자치도,군산시,옥도면,E839,2026.0,0.0,0.0,0.0,0.0,0.0,415.0,450.0,0.0,전북특별자치도,군산시,옥도면,E839,2026.0,0.0,0.0,0.0,0.0,0.0,0.0,2115.0,0.0,0.0,,,,,,,,,,,
경상남도,밀양시,삼랑진읍,수산,E065,2026.0,0.0,0.0,35.0,30.0,30.0,35.0,30.0,0.0,경상남도,밀양시,삼랑진읍,E065,2026.0,0.0,0.0,0.0,30.0,30.0,0.0,0.0,0.0,경상남도,밀양시,삼랑진읍,E065,2026.0,310.0,310.0,500.0,500.0,505.0,505.0,505.0,310.0,0.0,경상남도,밀양시,E065,12.0,4.0,0.0,8.0,16.0,8.0,0.0,8.0
서울특별시,서대문구,남가좌동,수색,2036,2026.0,0.0,0.0,0.0,0.0,0.0,0.0,0.0,0.0,서울특별시,서대문구,북가좌동,2036,2026.0,0.0,0.0,0.0,0.0,0.0,0.0,0.0,0.0,서울특별시,서대문구,북가좌동,2036,2026.0,95.0,95.0,345.0,675.0,675.0,675.0,675.0,95.0,0.0,서울특별시,서대문구,2036,8.0,6.0,0.0,2.0,25.0,25.0,0.0,0.0
서울특별시,서대문구,남가좌동,수색,2036,2026.0,0.0,0.0,0.0,0.0,0.0,0.0,0.0,0.0,서울특별시,서대문구,북가좌동,2036,2026.0,0.0,0.0,0.0,0.0,0.0,0.0,0.0,0.0,서울특별시,서대문구,북가좌동,2036,2026.0,95.0,95.0,345.0,675.0,675.0,675.0,675.0,95.0,0.0,서울특별시,은평구,2036,8.0,6.0,0.0,2.0,25.0,25.0,0.0,0.0
서울특별시,강남구,개포동,수서,2779,2026.0,5.0,5.0,5.0,5.0,5.0,5.0,5.0,5.0,서울특별시,강남구,세곡동,2779,2026.0,0.0,0.0,0.0,0.0,0.0,0.0,0.0,0.0,서울특별시,강남구,세곡동,2779,2026.0,0.0,0.0,0.0,0.0,0.0,0.0,0.0,0.0,0.0,서울특별시,강남구,2779,8.0,8.0,0.0,0.0,27.0,25.0,2.0,0.0
서울특별시,강남구,개포동,수서,2779,2026.0,5.0,5.0,5.0,5.0,5.0,5.0,5.0,5.0,서울특별시,강남구,세곡동,2779,2026.0,0.0,0.0,0.0,0.0,0.0,0.0,0.0,0.0,서울특별시,강남구,세곡동,2779,2026.0,0.0,0.0,0.0,0.0,0.0,0.0,0.0,0.0,0.0,서울특별시,서초구,2779,8.0,8.0,0.0,0.0,27.0,25.0,2.0,0.0
서울특별시,강남구,개포동,수서,2779,2026.0,5.0,5.0,5.0,5.0,5.0,5.0,5.0,5.0,서울특별시,강남구,세곡동,2779,2026.0,0.0,0.0,0.0,0.0,0.0,0.0,0.0,0.0,서울특별시,강남구,세곡동,2779,2026.0,0.0,0.0,0.0,0.0,0.0,0.0,0.0,0.0,0.0,서울특별시,송파구,2779,8.0,8.0,0.0,0.0,27.0,25.0,2.0,0.0
부산광역시,해운대구,우동,수영,2698,2026.0,0.0,0.0,0.0,0.0,0.0,0.0,0.0,0.0,부산광역시,해운대구,우동,2698,2026.0,0.0,0.0,0.0,0.0,0.0,0.0,0.0,0.0,부산광역시,해운대구,우동,2698,2026.0,75.0,190.0,255.0,850.0,850.0,850.0,855.0,75.0,0.0,부산광역시,해운대구,2698,8.0,5.0,1.0,2.0,26.0,22.0,0.0,4.0
전남광주통합특별시,광산구,월계동,수완,E087,2026.0,0.0,0.0,0.0,0.0,0.0,0.0,0.0,0.0,전남광주통합특별시,광산구,수완동,E087,2026.0,130.0,280.0,275.0,435.0,450.0,445.0,0.0,130.0,전남광주통합특별시,광산구,수완동,E087,2026.0,0.0,0.0,0.0,0.0,0.0,0.0,0.0,0.0,0.0,전남광주통합특별시,광산구,E087,8.0,5.0,2.0,1.0,29.0,28.0,3.0,-2.0
서울특별시,강북구,수유동,수유,D293,2026.0,152.8,152.7,152.6,152.5,152.4,0.0,0.0,152.8,서울특별시,강북구,수유동,D293,2026.0,185.0,180.0,175.0,160.0,160.0,0.0,0.0,185.0,서울특별시,강북구,수유동,D293,2026.0,0.0,0.0,0.0,0.0,0.0,0.0,0.0,0.0,0.0,서울특별시,강북구,D293,8.0,2.0,2.0,4.0,30.0,5.0,0.0,25.0
부산광역시,동구,초량동,수정,2996,2026.0,0.0,0.0,0.0,0.0,0.0,0.0,0.0,0.0,부산광역시,동구,수정동,2996,2026.0,0.0,0.0,0.0,0.0,0.0,0.0,0.0,0.0,부산광역시,동구,수정동,2996,2026.0,0.0,0.0,0.0,0.0,0.0,0.0,0.0,0.0,0.0,부산광역시,동구,2996,6.0,6.0,0.0,0.0,18.0,16.0,2.0,0.0
경기도,용인시수지구,풍덕천동,수지,S303,2026.0,0.0,0.0,0.0,0.0,0.0,0.0,0.0,0.0,경기도,용인시수지구,상현동,S303,2026.0,0.0,0.0,0.0,0.0,0.0,0.0,0.0,0.0,경기도,용인시수지구,상현동,S303,2026.0,385.0,385.0,385.0,385.0,385.0,385.0,385.0,385.0,0.0,경기도,용인시수지구,S303,8.0,4.0,0.0,4.0,29.0,26.0,0.0,3.0
경기도,화성시,장안면,수촌,D332,2026.0,0.0,0.0,0.0,0.0,0.0,36.1,33.1,0.0,경기도,화성시,우정읍,D332,2026.0,0.0,0.0,0.0,0.0,0.0,250.0,250.0,0.0,경기도,화성시,우정읍,D332,2026.0,675.0,675.0,675.0,675.0,675.0,680.0,685.0,675.0,0.0,경기도,화성시,D332,8.0,4.0,0.0,4.0,26.0,17.0,2.0,7.0
경상남도,창원시마산회원구,봉암동,수출,S904,2026.0,0.0,0.0,0.0,0.0,0.0,0.0,0.0,0.0,경상남도,창원시마산회원구,봉암동,S904,2026.0,0.0,0.0,0.0,0.0,0.0,0.0,0.0,0.0,경상남도,창원시마산회원구,봉암동,S904,2026.0,320.0,785.0,790.0,790.0,795.0,795.0,795.0,320.0,0.0,경상남도,창원시마산회원구,S904,8.0,4.0,0.0,4.0,22.0,12.0,0.0,10.0
부산광역시,강서구,강동동,순아,E467,2026.0,0.0,121.6,0.0,0.0,0.0,0.0,0.0,0.0,부산광역시,강서구,명지동,E467,2026.0,0.0,240.0,0.0,0.0,0.0,0.0,0.0,0.0,부산광역시,강서구,명지동,E467,2026.0,635.0,1185.0,1195.0,1200.0,1220.0,1220.0,1230.0,635.0,59.4,부산광역시,강서구,E467,8.0,4.0,2.0,2.0,14.0,3.0,6.0,5.0
전남광주통합특별시,곡성군,옥과면,순창,E230,2026.0,123.8,123.1,122.2,121.2,120.3,119.5,118.6,123.8,전남광주통합특별시,곡성군,옥과면,E230,2026.0,610.0,690.0,715.0,550.0,565.0,460.0,450.0,610.0,전남광주통합특별시,곡성군,옥과면,E230,2026.0,0.0,0.0,0.0,0.0,0.0,0.0,510.0,0.0,0.0,전남광주통합특별시,곡성군,E230,8.0,4.0,0.0,4.0,14.0,8.0,0.0,6.0
전남광주통합특별시,곡성군,옥과면,순창,E230,2026.0,123.8,123.1,122.2,121.2,120.3,119.5,118.6,123.8,전남광주통합특별시,곡성군,옥과면,E230,2026.0,610.0,690.0,715.0,550.0,565.0,460.0,450.0,610.0,전남광주통합특별시,곡성군,옥과면,E230,2026.0,0.0,0.0,0.0,0.0,0.0,0.0,510.0,0.0,0.0,전북특별자치도,순창군,E230,8.0,4.0,0.0,4.0,14.0,8.0,0.0,6.0
전남광주통합특별시,곡성군,옥과면,순창,E230,2026.0,123.8,123.1,122.2,121.2,120.3,119.5,118.6,123.8,전남광주통합특별시,곡성군,옥과면,E230,2026.0,610.0,690.0,715.0,550.0,565.0,460.0,450.0,610.0,전북특별자치도,순창군,구림면,E230,2026.0,0.0,0.0,0.0,0.0,0.0,0.0,510.0,0.0,0.0,전남광주통합특별시,곡성군,E230,8.0,4.0,0.0,4.0,14.0,8.0,0.0,6.0
전남광주통합특별시,곡성군,옥과면,순창,E230,2026.0,123.8,123.1,122.2,121.2,120.3,119.5,118.6,123.8,전남광주통합특별시,곡성군,옥과면,E230,2026.0,610.0,690.0,715.0,550.0,565.0,460.0,450.0,610.0,전북특별자치도,순창군,구림면,E230,2026.0,0.0,0.0,0.0,0.0,0.0,0.0,510.0,0.0,0.0,전북특별자치도,순창군,E230,8.0,4.0,0.0,4.0,14.0,8.0,0.0,6.0
전남광주통합특별시,곡성군,옥과면,순창,E230,2026.0,123.8,123.1,122.2,121.2,120.3,119.5,118.6,123.8,전북특별자치도,순창군,구림면,E230,2026.0,610.0,690.0,715.0,550.0,565.0,460.0,450.0,610.0,전남광주통합특별시,곡성군,옥과면,E230,2026.0,0.0,0.0,0.0,0.0,0.0,0.0,510.0,0.0,0.0,전남광주통합특별시,곡성군,E230,8.0,4.0,0.0,4.0,14.0,8.0,0.0,6.0
전남광주통합특별시,곡성군,옥과면,순창,E230,2026.0,123.8,123.1,122.2,121.2,120.3,119.5,118.6,123.8,전북특별자치도,순창군,구림면,E230,2026.0,610.0,690.0,715.0,550.0,565.0,460.0,450.0,610.0,전남광주통합특별시,곡성군,옥과면,E230,2026.0,0.0,0.0,0.0,0.0,0.0,0.0,510.0,0.0,0.0,전북특별자치도,순창군,E230,8.0,4.0,0.0,4.0,14.0,8.0,0.0,6.0
전남광주통합특별시,곡성군,옥과면,순창,E230,2026.0,123.8,123.1,122.2,121.2,120.3,119.5,118.6,123.8,전북특별자치도,순창군,구림면,E230,2026.0,610.0,690.0,715.0,550.0,565.0,460.0,450.0,610.0,전북특별자치도,순창군,구림면,E230,2026.0,0.0,0.0,0.0,0.0,0.0,0.0,510.0,0.0,0.0,전남광주통합특별시,곡성군,E230,8.0,4.0,0.0,4.0,14.0,8.0,0.0,6.0
전남광주통합특별시,곡성군,옥과면,순창,E230,2026.0,123.8,123.1,122.2,121.2,120.3,119.5,118.6,123.8,전북특별자치도,순창군,구림면,E230,2026.0,610.0,690.0,715.0,550.0,565.0,460.0,450.0,610.0,전북특별자치도,순창군,구림면,E230,2026.0,0.0,0.0,0.0,0.0,0.0,0.0,510.0,0.0,0.0,전북특별자치도,순창군,E230,8.0,4.0,0.0,4.0,14.0,8.0,0.0,6.0
전북특별자치도,순창군,풍산면,순창,E230,2026.0,123.8,123.1,122.2,121.2,120.3,119.5,118.6,123.8,전남광주통합특별시,곡성군,옥과면,E230,2026.0,610.0,690.0,715.0,550.0,565.0,460.0,450.0,610.0,전남광주통합특별시,곡성군,옥과면,E230,2026.0,0.0,0.0,0.0,0.0,0.0,0.0,510.0,0.0,0.0,전남광주통합특별시,곡성군,E230,8.0,4.0,0.0,4.0,14.0,8.0,0.0,6.0
전북특별자치도,순창군,풍산면,순창,E230,2026.0,123.8,123.1,122.2,121.2,120.3,119.5,118.6,123.8,전남광주통합특별시,곡성군,옥과면,E230,2026.0,610.0,690.0,715.0,550.0,565.0,460.0,450.0,610.0,전남광주통합특별시,곡성군,옥과면,E230,2026.0,0.0,0.0,0.0,0.0,0.0,0.0,510.0,0.0,0.0,전북특별자치도,순창군,E230,8.0,4.0,0.0,4.0,14.0,8.0,0.0,6.0
전북특별자치도,순창군,풍산면,순창,E230,2026.0,123.8,123.1,122.2,121.2,120.3,119.5,118.6,123.8,전남광주통합특별시,곡성군,옥과면,E230,2026.0,610.0,690.0,715.0,550.0,565.0,460.0,450.0,610.0,전북특별자치도,순창군,구림면,E230,2026.0,0.0,0.0,0.0,0.0,0.0,0.0,510.0,0.0,0.0,전남광주통합특별시,곡성군,E230,8.0,4.0,0.0,4.0,14.0,8.0,0.0,6.0
전북특별자치도,순창군,풍산면,순창,E230,2026.0,123.8,123.1,122.2,121.2,120.3,119.5,118.6,123.8,전남광주통합특별시,곡성군,옥과면,E230,2026.0,610.0,690.0,715.0,550.0,565.0,460.0,450.0,610.0,전북특별자치도,순창군,구림면,E230,2026.0,0.0,0.0,0.0,0.0,0.0,0.0,510.0,0.0,0.0,전북특별자치도,순창군,E230,8.0,4.0,0.0,4.0,14.0,8.0,0.0,6.0
전북특별자치도,순창군,풍산면,순창,E230,2026.0,123.8,123.1,122.2,121.2,120.3,119.5,118.6,123.8,전북특별자치도,순창군,구림면,E230,2026.0,610.0,690.0,715.0,550.0,565.0,460.0,450.0,610.0,전남광주통합특별시,곡성군,옥과면,E230,2026.0,0.0,0.0,0.0,0.0,0.0,0.0,510.0,0.0,0.0,전남광주통합특별시,곡성군,E230,8.0,4.0,0.0,4.0,14.0,8.0,0.0,6.0
전북특별자치도,순창군,풍산면,순창,E230,2026.0,123.8,123.1,122.2,121.2,120.3,119.5,118.6,123.8,전북특별자치도,순창군,구림면,E230,2026.0,610.0,690.0,715.0,550.0,565.0,460.0,450.0,610.0,전남광주통합특별시,곡성군,옥과면,E230,2026.0,0.0,0.0,0.0,0.0,0.0,0.0,510.0,0.0,0.0,전북특별자치도,순창군,E230,8.0,4.0,0.0,4.0,14.0,8.0,0.0,6.0
전북특별자치도,순창군,풍산면,순창,E230,2026.0,123.8,123.1,122.2,121.2,120.3,119.5,118.6,123.8,전북특별자치도,순창군,구림면,E230,2026.0,610.0,690.0,715.0,550.0,565.0,460.0,450.0,610.0,전북특별자치도,순창군,구림면,E230,2026.0,0.0,0.0,0.0,0.0,0.0,0.0,510.0,0.0,0.0,전남광주통합특별시,곡성군,E230,8.0,4.0,0.0,4.0,14.0,8.0,0.0,6.0
전북특별자치도,순창군,풍산면,순창,E230,2026.0,123.8,123.1,122.2,121.2,120.3,119.5,118.6,123.8,전북특별자치도,순창군,구림면,E230,2026.0,610.0,690.0,715.0,550.0,565.0,460.0,450.0,610.0,전북특별자치도,순창군,구림면,E230,2026.0,0.0,0.0,0.0,0.0,0.0,0.0,510.0,0.0,0.0,전북특별자치도,순창군,E230,8.0,4.0,0.0,4.0,14.0,8.0,0.0,6.0
전남광주통합특별시,순천시,황전면,순천,5186,2026.0,0.0,0.0,0.0,0.0,0.0,0.0,0.0,0.0,전남광주통합특별시,순천시,가곡동,5186,2026.0,0.0,0.0,0.0,0.0,0.0,0.0,0.0,0.0,전남광주통합특별시,순천시,가곡동,5186,2026.0,0.0,0.0,0.0,0.0,0.0,0.0,0.0,0.0,111.4,전남광주통합특별시,순천시,5186,8.0,6.0,2.0,0.0,26.0,20.0,0.0,6.0
서울특별시,중구,회현동1가,순화,2755,2026.0,0.0,0.0,0.0,0.0,0.0,0.0,0.0,0.0,서울특별시,중구,중림동,2755,2026.0,0.0,0.0,0.0,0.0,0.0,0.0,0.0,0.0,서울특별시,중구,중림동,2755,2026.0,685.0,685.0,685.0,760.0,760.0,760.0,765.0,685.0,0.0,서울특별시,중구,2755,7.0,4.0,1.0,2.0,30.0,24.0,0.0,6.0
전남광주통합특별시,순천시,주암면,승주,S623,2026.0,0.0,0.0,0.0,0.0,117.9,117.4,117.0,0.0,전남광주통합특별시,곡성군,목사동면,S623,2026.0,0.0,0.0,0.0,0.0,0.0,0.0,0.0,0.0,전남광주통합특별시,곡성군,목사동면,S623,2026.0,0.0,0.0,0.0,0.0,0.0,0.0,0.0,0.0,258.55,전남광주통합특별시,곡성군,S623,9.0,8.0,1.0,0.0,16.0,11.0,0.0,5.0
전남광주통합특별시,순천시,주암면,승주,S623,2026.0,0.0,0.0,0.0,0.0,117.9,117.4,117.0,0.0,전남광주통합특별시,곡성군,목사동면,S623,2026.0,0.0,0.0,0.0,0.0,0.0,0.0,0.0,0.0,전남광주통합특별시,곡성군,목사동면,S623,2026.0,0.0,0.0,0.0,0.0,0.0,0.0,0.0,0.0,258.55,전남광주통합특별시,순천시,S623,9.0,8.0,1.0,0.0,16.0,11.0,0.0,5.0
부산광역시,해운대구,송정동,시랑,E060,2026.0,0.0,0.0,0.0,0.0,0.0,0.0,0.0,0.0,부산광역시,기장군,기장읍,E060,2026.0,0.0,0.0,0.0,0.0,0.0,0.0,0.0,0.0,부산광역시,기장군,기장읍,E060,2026.0,1030.0,1030.0,1030.0,1030.0,1030.0,1030.0,1030.0,1030.0,0.0,부산광역시,기장군,E060,5.0,4.0,0.0,1.0,14.0,4.0,0.0,10.0
부산광역시,해운대구,송정동,시랑,E060,2026.0,0.0,0.0,0.0,0.0,0.0,0.0,0.0,0.0,부산광역시,기장군,기장읍,E060,2026.0,0.0,0.0,0.0,0.0,0.0,0.0,0.0,0.0,부산광역시,기장군,기장읍,E060,2026.0,1030.0,1030.0,1030.0,1030.0,1030.0,1030.0,1030.0,1030.0,0.0,부산광역시,해운대구,E060,5.0,4.0,0.0,1.0,14.0,4.0,0.0,10.0
전남광주통합특별시,영암군,시종면,시종(건설중),E270,2026.0,0.0,0.0,165.6,165.6,165.6,165.6,165.6,0.0,전남광주통합특별시,여수시,돌산읍,E270,2026.0,0.0,0.0,0.0,0.0,0.0,0.0,0.0,0.0,전남광주통합특별시,여수시,돌산읍,E270,2026.0,0.0,0.0,0.0,0.0,0.0,0.0,0.0,0.0,250.1839,,,,,,,,,,,
대구광역시,수성구,노변동,시지(SA),D456,2026.0,145.5,115.2,109.5,102.0,94.6,88.0,87.1,145.5,대구광역시,수성구,노변동,D456,2026.0,375.0,180.0,410.0,390.0,370.0,355.0,315.0,375.0,대구광역시,수성구,노변동,D456,2026.0,210.0,210.0,380.0,380.0,380.0,380.0,380.0,210.0,0.0,대구광역시,수성구,D456,8.0,4.0,0.0,4.0,14.0,3.0,2.0,9.0
경기도,시흥시,정왕동,시화,2666,2026.0,0.0,0.0,0.0,0.0,0.0,0.0,0.0,0.0,경기도,시흥시,정왕동,2666,2026.0,0.0,0.0,0.0,0.0,0.0,0.0,0.0,0.0,경기도,시흥시,정왕동,2666,2026.0,0.0,0.0,0.0,0.0,0.0,0.0,0.0,0.0,0.0,경기도,시흥시,2666,8.0,8.0,0.0,0.0,27.0,27.0,0.0,0.0
서울특별시,금천구,시흥동,시흥,2999,2026.0,0.0,0.0,0.0,0.0,0.0,6.7,6.7,0.0,서울특별시,금천구,시흥동,2999,2026.0,0.0,0.0,0.0,0.0,0.0,0.0,0.0,0.0,경기도,광명시,노온사동,2999,2026.0,0.0,0.0,0.0,0.0,0.0,0.0,0.0,0.0,0.0,경기도,광명시,2999,5.0,5.0,0.0,0.0,27.0,23.0,1.0,3.0
서울특별시,금천구,시흥동,시흥,2999,2026.0,0.0,0.0,0.0,0.0,0.0,6.7,6.7,0.0,서울특별시,금천구,시흥동,2999,2026.0,0.0,0.0,0.0,0.0,0.0,0.0,0.0,0.0,경기도,광명시,노온사동,2999,2026.0,0.0,0.0,0.0,0.0,0.0,0.0,0.0,0.0,0.0,경기도,시흥시,2999,5.0,5.0,0.0,0.0,27.0,23.0,1.0,3.0
서울특별시,금천구,시흥동,시흥,2999,2026.0,0.0,0.0,0.0,0.0,0.0,6.7,6.7,0.0,서울특별시,금천구,시흥동,2999,2026.0,0.0,0.0,0.0,0.0,0.0,0.0,0.0,0.0,경기도,광명시,노온사동,2999,2026.0,0.0,0.0,0.0,0.0,0.0,0.0,0.0,0.0,0.0,서울특별시,금천구,2999,5.0,5.0,0.0,0.0,27.0,23.0,1.0,3.0
서울특별시,금천구,시흥동,시흥,2999,2026.0,0.0,0.0,0.0,0.0,0.0,6.7,6.7,0.0,서울특별시,금천구,시흥동,2999,2026.0,0.0,0.0,0.0,0.0,0.0,0.0,0.0,0.0,서울특별시,금천구,시흥동,2999,2026.0,0.0,0.0,0.0,0.0,0.0,0.0,0.0,0.0,0.0,경기도,광명시,2999,5.0,5.0,0.0,0.0,27.0,23.0,1.0,3.0
서울특별시,금천구,시흥동,시흥,2999,2026.0,0.0,0.0,0.0,0.0,0.0,6.7,6.7,0.0,서울특별시,금천구,시흥동,2999,2026.0,0.0,0.0,0.0,0.0,0.0,0.0,0.0,0.0,서울특별시,금천구,시흥동,2999,2026.0,0.0,0.0,0.0,0.0,0.0,0.0,0.0,0.0,0.0,경기도,시흥시,2999,5.0,5.0,0.0,0.0,27.0,23.0,1.0,3.0
서울특별시,금천구,시흥동,시흥,2999,2026.0,0.0,0.0,0.0,0.0,0.0,6.7,6.7,0.0,서울특별시,금천구,시흥동,2999,2026.0,0.0,0.0,0.0,0.0,0.0,0.0,0.0,0.0,서울특별시,금천구,시흥동,2999,2026.0,0.0,0.0,0.0,0.0,0.0,0.0,0.0,0.0,0.0,서울특별시,금천구,2999,5.0,5.0,0.0,0.0,27.0,23.0,1.0,3.0
서울특별시,금천구,시흥동,시흥,2999,2026.0,0.0,0.0,0.0,0.0,0.0,6.7,6.7,0.0,경기도,광명시,노온사동,2999,2026.0,0.0,0.0,0.0,0.0,0.0,0.0,0.0,0.0,경기도,광명시,노온사동,2999,2026.0,0.0,0.0,0.0,0.0,0.0,0.0,0.0,0.0,0.0,경기도,광명시,2999,5.0,5.0,0.0,0.0,27.0,23.0,1.0,3.0
서울특별시,금천구,시흥동,시흥,2999,2026.0,0.0,0.0,0.0,0.0,0.0,6.7,6.7,0.0,경기도,광명시,노온사동,2999,2026.0,0.0,0.0,0.0,0.0,0.0,0.0,0.0,0.0,경기도,광명시,노온사동,2999,2026.0,0.0,0.0,0.0,0.0,0.0,0.0,0.0,0.0,0.0,경기도,시흥시,2999,5.0,5.0,0.0,0.0,27.0,23.0,1.0,3.0
서울특별시,금천구,시흥동,시흥,2999,2026.0,0.0,0.0,0.0,0.0,0.0,6.7,6.7,0.0,경기도,광명시,노온사동,2999,2026.0,0.0,0.0,0.0,0.0,0.0,0.0,0.0,0.0,경기도,광명시,노온사동,2999,2026.0,0.0,0.0,0.0,0.0,0.0,0.0,0.0,0.0,0.0,서울특별시,금천구,2999,5.0,5.0,0.0,0.0,27.0,23.0,1.0,3.0
서울특별시,금천구,시흥동,시흥,2999,2026.0,0.0,0.0,0.0,0.0,0.0,6.7,6.7,0.0,경기도,광명시,노온사동,2999,2026.0,0.0,0.0,0.0,0.0,0.0,0.0,0.0,0.0,서울특별시,금천구,시흥동,2999,2026.0,0.0,0.0,0.0,0.0,0.0,0.0,0.0,0.0,0.0,경기도,광명시,2999,5.0,5.0,0.0,0.0,27.0,23.0,1.0,3.0
서울특별시,금천구,시흥동,시흥,2999,2026.0,0.0,0.0,0.0,0.0,0.0,6.7,6.7,0.0,경기도,광명시,노온사동,2999,2026.0,0.0,0.0,0.0,0.0,0.0,0.0,0.0,0.0,서울특별시,금천구,시흥동,2999,2026.0,0.0,0.0,0.0,0.0,0.0,0.0,0.0,0.0,0.0,경기도,시흥시,2999,5.0,5.0,0.0,0.0,27.0,23.0,1.0,3.0
서울특별시,금천구,시흥동,시흥,2999,2026.0,0.0,0.0,0.0,0.0,0.0,6.7,6.7,0.0,경기도,광명시,노온사동,2999,2026.0,0.0,0.0,0.0,0.0,0.0,0.0,0.0,0.0,서울특별시,금천구,시흥동,2999,2026.0,0.0,0.0,0.0,0.0,0.0,0.0,0.0,0.0,0.0,서울특별시,금천구,2999,5.0,5.0,0.0,0.0,27.0,23.0,1.0,3.0
경기도,광명시,가학동,시흥,2999,2026.0,0.0,0.0,0.0,0.0,0.0,6.7,6.7,0.0,서울특별시,금천구,시흥동,2999,2026.0,0.0,0.0,0.0,0.0,0.0,0.0,0.0,0.0,경기도,광명시,노온사동,2999,2026.0,0.0,0.0,0.0,0.0,0.0,0.0,0.0,0.0,0.0,경기도,광명시,2999,5.0,5.0,0.0,0.0,27.0,23.0,1.0,3.0
경기도,광명시,가학동,시흥,2999,2026.0,0.0,0.0,0.0,0.0,0.0,6.7,6.7,0.0,서울특별시,금천구,시흥동,2999,2026.0,0.0,0.0,0.0,0.0,0.0,0.0,0.0,0.0,경기도,광명시,노온사동,2999,2026.0,0.0,0.0,0.0,0.0,0.0,0.0,0.0,0.0,0.0,경기도,시흥시,2999,5.0,5.0,0.0,0.0,27.0,23.0,1.0,3.0
경기도,광명시,가학동,시흥,2999,2026.0,0.0,0.0,0.0,0.0,0.0,6.7,6.7,0.0,서울특별시,금천구,시흥동,2999,2026.0,0.0,0.0,0.0,0.0,0.0,0.0,0.0,0.0,경기도,광명시,노온사동,2999,2026.0,0.0,0.0,0.0,0.0,0.0,0.0,0.0,0.0,0.0,서울특별시,금천구,2999,5.0,5.0,0.0,0.0,27.0,23.0,1.0,3.0
경기도,광명시,가학동,시흥,2999,2026.0,0.0,0.0,0.0,0.0,0.0,6.7,6.7,0.0,서울특별시,금천구,시흥동,2999,2026.0,0.0,0.0,0.0,0.0,0.0,0.0,0.0,0.0,서울특별시,금천구,시흥동,2999,2026.0,0.0,0.0,0.0,0.0,0.0,0.0,0.0,0.0,0.0,경기도,광명시,2999,5.0,5.0,0.0,0.0,27.0,23.0,1.0,3.0
경기도,광명시,가학동,시흥,2999,2026.0,0.0,0.0,0.0,0.0,0.0,6.7,6.7,0.0,서울특별시,금천구,시흥동,2999,2026.0,0.0,0.0,0.0,0.0,0.0,0.0,0.0,0.0,서울특별시,금천구,시흥동,2999,2026.0,0.0,0.0,0.0,0.0,0.0,0.0,0.0,0.0,0.0,경기도,시흥시,2999,5.0,5.0,0.0,0.0,27.0,23.0,1.0,3.0
경기도,광명시,가학동,시흥,2999,2026.0,0.0,0.0,0.0,0.0,0.0,6.7,6.7,0.0,서울특별시,금천구,시흥동,2999,2026.0,0.0,0.0,0.0,0.0,0.0,0.0,0.0,0.0,서울특별시,금천구,시흥동,2999,2026.0,0.0,0.0,0.0,0.0,0.0,0.0,0.0,0.0,0.0,서울특별시,금천구,2999,5.0,5.0,0.0,0.0,27.0,23.0,1.0,3.0
경기도,광명시,가학동,시흥,2999,2026.0,0.0,0.0,0.0,0.0,0.0,6.7,6.7,0.0,경기도,광명시,노온사동,2999,2026.0,0.0,0.0,0.0,0.0,0.0,0.0,0.0,0.0,경기도,광명시,노온사동,2999,2026.0,0.0,0.0,0.0,0.0,0.0,0.0,0.0,0.0,0.0,경기도,광명시,2999,5.0,5.0,0.0,0.0,27.0,23.0,1.0,3.0
경기도,광명시,가학동,시흥,2999,2026.0,0.0,0.0,0.0,0.0,0.0,6.7,6.7,0.0,경기도,광명시,노온사동,2999,2026.0,0.0,0.0,0.0,0.0,0.0,0.0,0.0,0.0,경기도,광명시,노온사동,2999,2026.0,0.0,0.0,0.0,0.0,0.0,0.0,0.0,0.0,0.0,경기도,시흥시,2999,5.0,5.0,0.0,0.0,27.0,23.0,1.0,3.0
경기도,광명시,가학동,시흥,2999,2026.0,0.0,0.0,0.0,0.0,0.0,6.7,6.7,0.0,경기도,광명시,노온사동,2999,2026.0,0.0,0.0,0.0,0.0,0.0,0.0,0.0,0.0,경기도,광명시,노온사동,2999,2026.0,0.0,0.0,0.0,0.0,0.0,0.0,0.0,0.0,0.0,서울특별시,금천구,2999,5.0,5.0,0.0,0.0,27.0,23.0,1.0,3.0
경기도,광명시,가학동,시흥,2999,2026.0,0.0,0.0,0.0,0.0,0.0,6.7,6.7,0.0,경기도,광명시,노온사동,2999,2026.0,0.0,0.0,0.0,0.0,0.0,0.0,0.0,0.0,서울특별시,금천구,시흥동,2999,2026.0,0.0,0.0,0.0,0.0,0.0,0.0,0.0,0.0,0.0,경기도,광명시,2999,5.0,5.0,0.0,0.0,27.0,23.0,1.0,3.0
경기도,광명시,가학동,시흥,2999,2026.0,0.0,0.0,0.0,0.0,0.0,6.7,6.7,0.0,경기도,광명시,노온사동,2999,2026.0,0.0,0.0,0.0,0.0,0.0,0.0,0.0,0.0,서울특별시,금천구,시흥동,2999,2026.0,0.0,0.0,0.0,0.0,0.0,0.0,0.0,0.0,0.0,경기도,시흥시,2999,5.0,5.0,0.0,0.0,27.0,23.0,1.0,3.0
경기도,광명시,가학동,시흥,2999,2026.0,0.0,0.0,0.0,0.0,0.0,6.7,6.7,0.0,경기도,광명시,노온사동,2999,2026.0,0.0,0.0,0.0,0.0,0.0,0.0,0.0,0.0,서울특별시,금천구,시흥동,2999,2026.0,0.0,0.0,0.0,0.0,0.0,0.0,0.0,0.0,0.0,서울특별시,금천구,2999,5.0,5.0,0.0,0.0,27.0,23.0,1.0,3.0
인천광역시,남동구,구월동,신가좌,2167,2026.0,0.0,0.0,0.0,0.0,0.0,0.0,0.0,0.0,인천광역시,남동구,구월동,2167,2026.0,0.0,0.0,0.0,0.0,0.0,0.0,0.0,0.0,인천광역시,남동구,구월동,2167,2026.0,0.0,0.0,0.0,0.0,0.0,0.0,0.0,0.0,0.0,인천광역시,남동구,2167,14.0,12.0,2.0,0.0,15.0,15.0,0.0,0.0
인천광역시,남동구,구월동,신가좌,2167,2026.0,0.0,0.0,0.0,0.0,0.0,0.0,0.0,0.0,인천광역시,남동구,구월동,2167,2026.0,0.0,0.0,0.0,0.0,0.0,0.0,0.0,0.0,인천광역시,남동구,구월동,2167,2026.0,0.0,0.0,0.0,0.0,0.0,0.0,0.0,0.0,0.0,인천광역시,미추홀구,2167,14.0,12.0,2.0,0.0,15.0,15.0,0.0,0.0
인천광역시,남동구,구월동,신가좌,2167,2026.0,0.0,0.0,0.0,0.0,0.0,0.0,0.0,0.0,인천광역시,남동구,구월동,2167,2026.0,0.0,0.0,0.0,0.0,0.0,0.0,0.0,0.0,인천광역시,남동구,구월동,2167,2026.0,0.0,0.0,0.0,0.0,0.0,0.0,0.0,0.0,0.0,인천광역시,부평구,2167,14.0,12.0,2.0,0.0,15.0,15.0,0.0,0.0
인천광역시,남동구,구월동,신가좌,2167,2026.0,0.0,0.0,0.0,0.0,0.0,0.0,0.0,0.0,인천광역시,남동구,구월동,2167,2026.0,0.0,0.0,0.0,0.0,0.0,0.0,0.0,0.0,인천광역시,남동구,구월동,2167,2026.0,0.0,0.0,0.0,0.0,0.0,0.0,0.0,0.0,0.0,인천광역시,서해구,2167,14.0,12.0,2.0,0.0,15.0,15.0,0.0,0.0
인천광역시,남동구,구월동,신가좌,2167,2026.0,0.0,0.0,0.0,0.0,0.0,0.0,0.0,0.0,인천광역시,남동구,구월동,2167,2026.0,0.0,0.0,0.0,0.0,0.0,0.0,0.0,0.0,인천광역시,남동구,구월동,2167,2026.0,0.0,0.0,0.0,0.0,0.0,0.0,0.0,0.0,0.0,인천광역시,연수구,2167,14.0,12.0,2.0,0.0,15.0,15.0,0.0,0.0
경기도,용인시기흥구,하갈동,신갈,2802,2026.0,0.0,0.0,0.0,0.0,0.0,0.0,0.0,0.0,경기도,수원시영통구,영통동,2802,2026.0,0.0,0.0,0.0,0.0,0.0,0.0,50.0,0.0,경기도,수원시영통구,영통동,2802,2026.0,0.0,0.0,0.0,0.0,0.0,0.0,0.0,0.0,0.0,,,,,,,,,,,
,,,신강서1(건설중),,,,,,,,,,,,,,,,,,,,,,,,부산광역시,부산광역시강서구,명지동,E529,2026.0,0.0,630.0,630.0,640.0,1645.0,1645.0,1645.0,0.0,0.0,,,,,,,,,,,
,,,신강진,,,,,,,,,,,,,,,,,,,,,,,,전남광주통합특별시,해남군,삼산면,5028,2026.0,0.0,0.0,0.0,0.0,0.0,0.0,0.0,0.0,2942.0,전남광주통합특별시,강진군,5028,18.0,7.0,7.0,4.0,0.0,0.0,0.0,0.0
,,,신강진,,,,,,,,,,,,,,,,,,,,,,,,전남광주통합특별시,해남군,삼산면,5028,2026.0,0.0,0.0,0.0,0.0,0.0,0.0,0.0,0.0,2942.0,전남광주통합특별시,목포시,5028,18.0,7.0,7.0,4.0,0.0,0.0,0.0,0.0
,,,신강진,,,,,,,,,,,,,,,,,,,,,,,,전남광주통합특별시,해남군,삼산면,5028,2026.0,0.0,0.0,0.0,0.0,0.0,0.0,0.0,0.0,2942.0,전남광주통합특별시,신안군,5028,18.0,7.0,7.0,4.0,0.0,0.0,0.0,0.0
,,,신강진,,,,,,,,,,,,,,,,,,,,,,,,전남광주통합특별시,해남군,삼산면,5028,2026.0,0.0,0.0,0.0,0.0,0.0,0.0,0.0,0.0,2942.0,전남광주통합특별시,영암군,5028,18.0,7.0,7.0,4.0,0.0,0.0,0.0,0.0
,,,신강진,,,,,,,,,,,,,,,,,,,,,,,,전남광주통합특별시,해남군,삼산면,5028,2026.0,0.0,0.0,0.0,0.0,0.0,0.0,0.0,0.0,2942.0,전남광주통합특별시,완도군,5028,18.0,7.0,7.0,4.0,0.0,0.0,0.0,0.0
,,,신강진,,,,,,,,,,,,,,,,,,,,,,,,전남광주통합특별시,해남군,삼산면,5028,2026.0,0.0,0.0,0.0,0.0,0.0,0.0,0.0,0.0,2942.0,전남광주통합특별시,장흥군,5028,18.0,7.0,7.0,4.0,0.0,0.0,0.0,0.0
,,,신강진,,,,,,,,,,,,,,,,,,,,,,,,전남광주통합특별시,해남군,삼산면,5028,2026.0,0.0,0.0,0.0,0.0,0.0,0.0,0.0,0.0,2942.0,전남광주통합특별시,진도군,5028,18.0,7.0,7.0,4.0,0.0,0.0,0.0,0.0
,,,신강진,,,,,,,,,,,,,,,,,,,,,,,,전남광주통합특별시,해남군,삼산면,5028,2026.0,0.0,0.0,0.0,0.0,0.0,0.0,0.0,0.0,2942.0,전남광주통합특별시,해남군,5028,18.0,7.0,7.0,4.0,0.0,0.0,0.0,0.0
대구광역시,수성구,이천동,신경산,2809,2026.0,31.3,29.7,28.2,26.6,25.1,23.6,21.6,31.3,대구광역시,동구,중대동,2809,2026.0,0.0,0.0,0.0,0.0,0.0,0.0,0.0,0.0,경상북도,경산시,삼남동,2809,2026.0,0.0,0.0,0.0,0.0,0.0,0.0,0.0,0.0,0.0,경상북도,경산시,2809,11.0,11.0,0.0,0.0,33.0,28.0,0.0,5.0
대구광역시,수성구,이천동,신경산,2809,2026.0,31.3,29.7,28.2,26.6,25.1,23.6,21.6,31.3,대구광역시,동구,중대동,2809,2026.0,0.0,0.0,0.0,0.0,0.0,0.0,0.0,0.0,경상북도,경산시,삼남동,2809,2026.0,0.0,0.0,0.0,0.0,0.0,0.0,0.0,0.0,0.0,경상북도,영천시,2809,11.0,11.0,0.0,0.0,33.0,28.0,0.0,5.0
대구광역시,수성구,이천동,신경산,2809,2026.0,31.3,29.7,28.2,26.6,25.1,23.6,21.6,31.3,대구광역시,동구,중대동,2809,2026.0,0.0,0.0,0.0,0.0,0.0,0.0,0.0,0.0,경상북도,경산시,삼남동,2809,2026.0,0.0,0.0,0.0,0.0,0.0,0.0,0.0,0.0,0.0,대구광역시,동구,2809,11.0,11.0,0.0,0.0,33.0,28.0,0.0,5.0
대구광역시,수성구,이천동,신경산,2809,2026.0,31.3,29.7,28.2,26.6,25.1,23.6,21.6,31.3,대구광역시,동구,중대동,2809,2026.0,0.0,0.0,0.0,0.0,0.0,0.0,0.0,0.0,경상북도,경산시,삼남동,2809,2026.0,0.0,0.0,0.0,0.0,0.0,0.0,0.0,0.0,0.0,대구광역시,북구,2809,11.0,11.0,0.0,0.0,33.0,28.0,0.0,5.0
대구광역시,수성구,이천동,신경산,2809,2026.0,31.3,29.7,28.2,26.6,25.1,23.6,21.6,31.3,대구광역시,동구,중대동,2809,2026.0,0.0,0.0,0.0,0.0,0.0,0.0,0.0,0.0,경상북도,경산시,삼남동,2809,2026.0,0.0,0.0,0.0,0.0,0.0,0.0,0.0,0.0,0.0,대구광역시,수성구,2809,11.0,11.0,0.0,0.0,33.0,28.0,0.0,5.0
대구광역시,수성구,이천동,신경산,2809,2026.0,31.3,29.7,28.2,26.6,25.1,23.6,21.6,31.3,대구광역시,동구,중대동,2809,2026.0,0.0,0.0,0.0,0.0,0.0,0.0,0.0,0.0,대구광역시,동구,중대동,2809,2026.0,0.0,0.0,0.0,0.0,0.0,0.0,0.0,0.0,0.0,경상북도,경산시,2809,11.0,11.0,0.0,0.0,33.0,28.0,0.0,5.0
대구광역시,수성구,이천동,신경산,2809,2026.0,31.3,29.7,28.2,26.6,25.1,23.6,21.6,31.3,대구광역시,동구,중대동,2809,2026.0,0.0,0.0,0.0,0.0,0.0,0.0,0.0,0.0,대구광역시,동구,중대동,2809,2026.0,0.0,0.0,0.0,0.0,0.0,0.0,0.0,0.0,0.0,경상북도,영천시,2809,11.0,11.0,0.0,0.0,33.0,28.0,0.0,5.0
대구광역시,수성구,이천동,신경산,2809,2026.0,31.3,29.7,28.2,26.6,25.1,23.6,21.6,31.3,대구광역시,동구,중대동,2809,2026.0,0.0,0.0,0.0,0.0,0.0,0.0,0.0,0.0,대구광역시,동구,중대동,2809,2026.0,0.0,0.0,0.0,0.0,0.0,0.0,0.0,0.0,0.0,대구광역시,동구,2809,11.0,11.0,0.0,0.0,33.0,28.0,0.0,5.0
대구광역시,수성구,이천동,신경산,2809,2026.0,31.3,29.7,28.2,26.6,25.1,23.6,21.6,31.3,대구광역시,동구,중대동,2809,2026.0,0.0,0.0,0.0,0.0,0.0,0.0,0.0,0.0,대구광역시,동구,중대동,2809,2026.0,0.0,0.0,0.0,0.0,0.0,0.0,0.0,0.0,0.0,대구광역시,북구,2809,11.0,11.0,0.0,0.0,33.0,28.0,0.0,5.0
대구광역시,수성구,이천동,신경산,2809,2026.0,31.3,29.7,28.2,26.6,25.1,23.6,21.6,31.3,대구광역시,동구,중대동,2809,2026.0,0.0,0.0,0.0,0.0,0.0,0.0,0.0,0.0,대구광역시,동구,중대동,2809,2026.0,0.0,0.0,0.0,0.0,0.0,0.0,0.0,0.0,0.0,대구광역시,수성구,2809,11.0,11.0,0.0,0.0,33.0,28.0,0.0,5.0
대구광역시,수성구,이천동,신경산,2809,2026.0,31.3,29.7,28.2,26.6,25.1,23.6,21.6,31.3,경상북도,경산시,삼남동,2809,2026.0,0.0,0.0,0.0,0.0,0.0,0.0,0.0,0.0,경상북도,경산시,삼남동,2809,2026.0,0.0,0.0,0.0,0.0,0.0,0.0,0.0,0.0,0.0,경상북도,경산시,2809,11.0,11.0,0.0,0.0,33.0,28.0,0.0,5.0
대구광역시,수성구,이천동,신경산,2809,2026.0,31.3,29.7,28.2,26.6,25.1,23.6,21.6,31.3,경상북도,경산시,삼남동,2809,2026.0,0.0,0.0,0.0,0.0,0.0,0.0,0.0,0.0,경상북도,경산시,삼남동,2809,2026.0,0.0,0.0,0.0,0.0,0.0,0.0,0.0,0.0,0.0,경상북도,영천시,2809,11.0,11.0,0.0,0.0,33.0,28.0,0.0,5.0
대구광역시,수성구,이천동,신경산,2809,2026.0,31.3,29.7,28.2,26.6,25.1,23.6,21.6,31.3,경상북도,경산시,삼남동,2809,2026.0,0.0,0.0,0.0,0.0,0.0,0.0,0.0,0.0,경상북도,경산시,삼남동,2809,2026.0,0.0,0.0,0.0,0.0,0.0,0.0,0.0,0.0,0.0,대구광역시,동구,2809,11.0,11.0,0.0,0.0,33.0,28.0,0.0,5.0
대구광역시,수성구,이천동,신경산,2809,2026.0,31.3,29.7,28.2,26.6,25.1,23.6,21.6,31.3,경상북도,경산시,삼남동,2809,2026.0,0.0,0.0,0.0,0.0,0.0,0.0,0.0,0.0,경상북도,경산시,삼남동,2809,2026.0,0.0,0.0,0.0,0.0,0.0,0.0,0.0,0.0,0.0,대구광역시,북구,2809,11.0,11.0,0.0,0.0,33.0,28.0,0.0,5.0
대구광역시,수성구,이천동,신경산,2809,2026.0,31.3,29.7,28.2,26.6,25.1,23.6,21.6,31.3,경상북도,경산시,삼남동,2809,2026.0,0.0,0.0,0.0,0.0,0.0,0.0,0.0,0.0,경상북도,경산시,삼남동,2809,2026.0,0.0,0.0,0.0,0.0,0.0,0.0,0.0,0.0,0.0,대구광역시,수성구,2809,11.0,11.0,0.0,0.0,33.0,28.0,0.0,5.0
대구광역시,수성구,이천동,신경산,2809,2026.0,31.3,29.7,28.2,26.6,25.1,23.6,21.6,31.3,경상북도,경산시,삼남동,2809,2026.0,0.0,0.0,0.0,0.0,0.0,0.0,0.0,0.0,대구광역시,동구,중대동,2809,2026.0,0.0,0.0,0.0,0.0,0.0,0.0,0.0,0.0,0.0,경상북도,경산시,2809,11.0,11.0,0.0,0.0,33.0,28.0,0.0,5.0
대구광역시,수성구,이천동,신경산,2809,2026.0,31.3,29.7,28.2,26.6,25.1,23.6,21.6,31.3,경상북도,경산시,삼남동,2809,2026.0,0.0,0.0,0.0,0.0,0.0,0.0,0.0,0.0,대구광역시,동구,중대동,2809,2026.0,0.0,0.0,0.0,0.0,0.0,0.0,0.0,0.0,0.0,경상북도,영천시,2809,11.0,11.0,0.0,0.0,33.0,28.0,0.0,5.0
대구광역시,수성구,이천동,신경산,2809,2026.0,31.3,29.7,28.2,26.6,25.1,23.6,21.6,31.3,경상북도,경산시,삼남동,2809,2026.0,0.0,0.0,0.0,0.0,0.0,0.0,0.0,0.0,대구광역시,동구,중대동,2809,2026.0,0.0,0.0,0.0,0.0,0.0,0.0,0.0,0.0,0.0,대구광역시,동구,2809,11.0,11.0,0.0,0.0,33.0,28.0,0.0,5.0
대구광역시,수성구,이천동,신경산,2809,2026.0,31.3,29.7,28.2,26.6,25.1,23.6,21.6,31.3,경상북도,경산시,삼남동,2809,2026.0,0.0,0.0,0.0,0.0,0.0,0.0,0.0,0.0,대구광역시,동구,중대동,2809,2026.0,0.0,0.0,0.0,0.0,0.0,0.0,0.0,0.0,0.0,대구광역시,북구,2809,11.0,11.0,0.0,0.0,33.0,28.0,0.0,5.0
대구광역시,수성구,이천동,신경산,2809,2026.0,31.3,29.7,28.2,26.6,25.1,23.6,21.6,31.3,경상북도,경산시,삼남동,2809,2026.0,0.0,0.0,0.0,0.0,0.0,0.0,0.0,0.0,대구광역시,동구,중대동,2809,2026.0,0.0,0.0,0.0,0.0,0.0,0.0,0.0,0.0,0.0,대구광역시,수성구,2809,11.0,11.0,0.0,0.0,33.0,28.0,0.0,5.0
경상북도,경산시,삼남동,신경산,2809,2026.0,31.3,29.7,28.2,26.6,25.1,23.6,21.6,31.3,대구광역시,동구,중대동,2809,2026.0,0.0,0.0,0.0,0.0,0.0,0.0,0.0,0.0,경상북도,경산시,삼남동,2809,2026.0,0.0,0.0,0.0,0.0,0.0,0.0,0.0,0.0,0.0,경상북도,경산시,2809,11.0,11.0,0.0,0.0,33.0,28.0,0.0,5.0
경상북도,경산시,삼남동,신경산,2809,2026.0,31.3,29.7,28.2,26.6,25.1,23.6,21.6,31.3,대구광역시,동구,중대동,2809,2026.0,0.0,0.0,0.0,0.0,0.0,0.0,0.0,0.0,경상북도,경산시,삼남동,2809,2026.0,0.0,0.0,0.0,0.0,0.0,0.0,0.0,0.0,0.0,경상북도,영천시,2809,11.0,11.0,0.0,0.0,33.0,28.0,0.0,5.0
경상북도,경산시,삼남동,신경산,2809,2026.0,31.3,29.7,28.2,26.6,25.1,23.6,21.6,31.3,대구광역시,동구,중대동,2809,2026.0,0.0,0.0,0.0,0.0,0.0,0.0,0.0,0.0,경상북도,경산시,삼남동,2809,2026.0,0.0,0.0,0.0,0.0,0.0,0.0,0.0,0.0,0.0,대구광역시,동구,2809,11.0,11.0,0.0,0.0,33.0,28.0,0.0,5.0
경상북도,경산시,삼남동,신경산,2809,2026.0,31.3,29.7,28.2,26.6,25.1,23.6,21.6,31.3,대구광역시,동구,중대동,2809,2026.0,0.0,0.0,0.0,0.0,0.0,0.0,0.0,0.0,경상북도,경산시,삼남동,2809,2026.0,0.0,0.0,0.0,0.0,0.0,0.0,0.0,0.0,0.0,대구광역시,북구,2809,11.0,11.0,0.0,0.0,33.0,28.0,0.0,5.0
경상북도,경산시,삼남동,신경산,2809,2026.0,31.3,29.7,28.2,26.6,25.1,23.6,21.6,31.3,대구광역시,동구,중대동,2809,2026.0,0.0,0.0,0.0,0.0,0.0,0.0,0.0,0.0,경상북도,경산시,삼남동,2809,2026.0,0.0,0.0,0.0,0.0,0.0,0.0,0.0,0.0,0.0,대구광역시,수성구,2809,11.0,11.0,0.0,0.0,33.0,28.0,0.0,5.0
경상북도,경산시,삼남동,신경산,2809,2026.0,31.3,29.7,28.2,26.6,25.1,23.6,21.6,31.3,대구광역시,동구,중대동,2809,2026.0,0.0,0.0,0.0,0.0,0.0,0.0,0.0,0.0,대구광역시,동구,중대동,2809,2026.0,0.0,0.0,0.0,0.0,0.0,0.0,0.0,0.0,0.0,경상북도,경산시,2809,11.0,11.0,0.0,0.0,33.0,28.0,0.0,5.0
경상북도,경산시,삼남동,신경산,2809,2026.0,31.3,29.7,28.2,26.6,25.1,23.6,21.6,31.3,대구광역시,동구,중대동,2809,2026.0,0.0,0.0,0.0,0.0,0.0,0.0,0.0,0.0,대구광역시,동구,중대동,2809,2026.0,0.0,0.0,0.0,0.0,0.0,0.0,0.0,0.0,0.0,경상북도,영천시,2809,11.0,11.0,0.0,0.0,33.0,28.0,0.0,5.0
경상북도,경산시,삼남동,신경산,2809,2026.0,31.3,29.7,28.2,26.6,25.1,23.6,21.6,31.3,대구광역시,동구,중대동,2809,2026.0,0.0,0.0,0.0,0.0,0.0,0.0,0.0,0.0,대구광역시,동구,중대동,2809,2026.0,0.0,0.0,0.0,0.0,0.0,0.0,0.0,0.0,0.0,대구광역시,동구,2809,11.0,11.0,0.0,0.0,33.0,28.0,0.0,5.0
경상북도,경산시,삼남동,신경산,2809,2026.0,31.3,29.7,28.2,26.6,25.1,23.6,21.6,31.3,대구광역시,동구,중대동,2809,2026.0,0.0,0.0,0.0,0.0,0.0,0.0,0.0,0.0,대구광역시,동구,중대동,2809,2026.0,0.0,0.0,0.0,0.0,0.0,0.0,0.0,0.0,0.0,대구광역시,북구,2809,11.0,11.0,0.0,0.0,33.0,28.0,0.0,5.0
경상북도,경산시,삼남동,신경산,2809,2026.0,31.3,29.7,28.2,26.6,25.1,23.6,21.6,31.3,대구광역시,동구,중대동,2809,2026.0,0.0,0.0,0.0,0.0,0.0,0.0,0.0,0.0,대구광역시,동구,중대동,2809,2026.0,0.0,0.0,0.0,0.0,0.0,0.0,0.0,0.0,0.0,대구광역시,수성구,2809,11.0,11.0,0.0,0.0,33.0,28.0,0.0,5.0
경상북도,경산시,삼남동,신경산,2809,2026.0,31.3,29.7,28.2,26.6,25.1,23.6,21.6,31.3,경상북도,경산시,삼남동,2809,2026.0,0.0,0.0,0.0,0.0,0.0,0.0,0.0,0.0,경상북도,경산시,삼남동,2809,2026.0,0.0,0.0,0.0,0.0,0.0,0.0,0.0,0.0,0.0,경상북도,경산시,2809,11.0,11.0,0.0,0.0,33.0,28.0,0.0,5.0
경상북도,경산시,삼남동,신경산,2809,2026.0,31.3,29.7,28.2,26.6,25.1,23.6,21.6,31.3,경상북도,경산시,삼남동,2809,2026.0,0.0,0.0,0.0,0.0,0.0,0.0,0.0,0.0,경상북도,경산시,삼남동,2809,2026.0,0.0,0.0,0.0,0.0,0.0,0.0,0.0,0.0,0.0,경상북도,영천시,2809,11.0,11.0,0.0,0.0,33.0,28.0,0.0,5.0
경상북도,경산시,삼남동,신경산,2809,2026.0,31.3,29.7,28.2,26.6,25.1,23.6,21.6,31.3,경상북도,경산시,삼남동,2809,2026.0,0.0,0.0,0.0,0.0,0.0,0.0,0.0,0.0,경상북도,경산시,삼남동,2809,2026.0,0.0,0.0,0.0,0.0,0.0,0.0,0.0,0.0,0.0,대구광역시,동구,2809,11.0,11.0,0.0,0.0,33.0,28.0,0.0,5.0
경상북도,경산시,삼남동,신경산,2809,2026.0,31.3,29.7,28.2,26.6,25.1,23.6,21.6,31.3,경상북도,경산시,삼남동,2809,2026.0,0.0,0.0,0.0,0.0,0.0,0.0,0.0,0.0,경상북도,경산시,삼남동,2809,2026.0,0.0,0.0,0.0,0.0,0.0,0.0,0.0,0.0,0.0,대구광역시,북구,2809,11.0,11.0,0.0,0.0,33.0,28.0,0.0,5.0
경상북도,경산시,삼남동,신경산,2809,2026.0,31.3,29.7,28.2,26.6,25.1,23.6,21.6,31.3,경상북도,경산시,삼남동,2809,2026.0,0.0,0.0,0.0,0.0,0.0,0.0,0.0,0.0,경상북도,경산시,삼남동,2809,2026.0,0.0,0.0,0.0,0.0,0.0,0.0,0.0,0.0,0.0,대구광역시,수성구,2809,11.0,11.0,0.0,0.0,33.0,28.0,0.0,5.0
경상북도,경산시,삼남동,신경산,2809,2026.0,31.3,29.7,28.2,26.6,25.1,23.6,21.6,31.3,경상북도,경산시,삼남동,2809,2026.0,0.0,0.0,0.0,0.0,0.0,0.0,0.0,0.0,대구광역시,동구,중대동,2809,2026.0,0.0,0.0,0.0,0.0,0.0,0.0,0.0,0.0,0.0,경상북도,경산시,2809,11.0,11.0,0.0,0.0,33.0,28.0,0.0,5.0
경상북도,경산시,삼남동,신경산,2809,2026.0,31.3,29.7,28.2,26.6,25.1,23.6,21.6,31.3,경상북도,경산시,삼남동,2809,2026.0,0.0,0.0,0.0,0.0,0.0,0.0,0.0,0.0,대구광역시,동구,중대동,2809,2026.0,0.0,0.0,0.0,0.0,0.0,0.0,0.0,0.0,0.0,경상북도,영천시,2809,11.0,11.0,0.0,0.0,33.0,28.0,0.0,5.0
경상북도,경산시,삼남동,신경산,2809,2026.0,31.3,29.7,28.2,26.6,25.1,23.6,21.6,31.3,경상북도,경산시,삼남동,2809,2026.0,0.0,0.0,0.0,0.0,0.0,0.0,0.0,0.0,대구광역시,동구,중대동,2809,2026.0,0.0,0.0,0.0,0.0,0.0,0.0,0.0,0.0,0.0,대구광역시,동구,2809,11.0,11.0,0.0,0.0,33.0,28.0,0.0,5.0
경상북도,경산시,삼남동,신경산,2809,2026.0,31.3,29.7,28.2,26.6,25.1,23.6,21.6,31.3,경상북도,경산시,삼남동,2809,2026.0,0.0,0.0,0.0,0.0,0.0,0.0,0.0,0.0,대구광역시,동구,중대동,2809,2026.0,0.0,0.0,0.0,0.0,0.0,0.0,0.0,0.0,0.0,대구광역시,북구,2809,11.0,11.0,0.0,0.0,33.0,28.0,0.0,5.0
경상북도,경산시,삼남동,신경산,2809,2026.0,31.3,29.7,28.2,26.6,25.1,23.6,21.6,31.3,경상북도,경산시,삼남동,2809,2026.0,0.0,0.0,0.0,0.0,0.0,0.0,0.0,0.0,대구광역시,동구,중대동,2809,2026.0,0.0,0.0,0.0,0.0,0.0,0.0,0.0,0.0,0.0,대구광역시,수성구,2809,11.0,11.0,0.0,0.0,33.0,28.0,0.0,5.0
,,,신경서,,,,,,,,,,,,,,,,,,,,,,,,인천광역시,옹진군,북도면,S307,2026.0,0.0,1350.0,1390.0,1430.0,1455.0,1495.0,1575.0,0.0,0.0,인천광역시,강화군,S307,13.0,12.0,1.0,0.0,0.0,0.0,0.0,0.0
,,,신경서,,,,,,,,,,,,,,,,,,,,,,,,인천광역시,옹진군,북도면,S307,2026.0,0.0,1350.0,1390.0,1430.0,1455.0,1495.0,1575.0,0.0,0.0,인천광역시,서해구,S307,13.0,12.0,1.0,0.0,0.0,0.0,0.0,0.0
,,,신경서,,,,,,,,,,,,,,,,,,,,,,,,인천광역시,옹진군,북도면,S307,2026.0,0.0,1350.0,1390.0,1430.0,1455.0,1495.0,1575.0,0.0,0.0,인천광역시,옹진군,S307,13.0,12.0,1.0,0.0,0.0,0.0,0.0,0.0
대전광역시,유성구,성북동,신계룡,S519,2026.0,0.0,0.0,0.0,0.0,0.0,0.0,0.0,0.0,대전광역시,동구,용계동,S519,2026.0,0.0,0.0,0.0,0.0,0.0,0.0,0.0,0.0,대전광역시,동구,용계동,S519,2026.0,0.0,0.0,0.0,0.0,0.0,0.0,0.0,0.0,0.0,대전광역시,동구,S519,16.0,10.0,0.0,6.0,9.0,0.0,6.0,3.0
대전광역시,유성구,성북동,신계룡,S519,2026.0,0.0,0.0,0.0,0.0,0.0,0.0,0.0,0.0,대전광역시,동구,용계동,S519,2026.0,0.0,0.0,0.0,0.0,0.0,0.0,0.0,0.0,대전광역시,동구,용계동,S519,2026.0,0.0,0.0,0.0,0.0,0.0,0.0,0.0,0.0,0.0,대전광역시,서구,S519,16.0,10.0,0.0,6.0,9.0,0.0,6.0,3.0
대전광역시,유성구,성북동,신계룡,S519,2026.0,0.0,0.0,0.0,0.0,0.0,0.0,0.0,0.0,대전광역시,동구,용계동,S519,2026.0,0.0,0.0,0.0,0.0,0.0,0.0,0.0,0.0,대전광역시,동구,용계동,S519,2026.0,0.0,0.0,0.0,0.0,0.0,0.0,0.0,0.0,0.0,대전광역시,유성구,S519,16.0,10.0,0.0,6.0,9.0,0.0,6.0,3.0
대전광역시,유성구,성북동,신계룡,S519,2026.0,0.0,0.0,0.0,0.0,0.0,0.0,0.0,0.0,대전광역시,동구,용계동,S519,2026.0,0.0,0.0,0.0,0.0,0.0,0.0,0.0,0.0,대전광역시,동구,용계동,S519,2026.0,0.0,0.0,0.0,0.0,0.0,0.0,0.0,0.0,0.0,대전광역시,중구,S519,16.0,10.0,0.0,6.0,9.0,0.0,6.0,3.0
대전광역시,유성구,성북동,신계룡,S519,2026.0,0.0,0.0,0.0,0.0,0.0,0.0,0.0,0.0,대전광역시,동구,용계동,S519,2026.0,0.0,0.0,0.0,0.0,0.0,0.0,0.0,0.0,대전광역시,동구,용계동,S519,2026.0,0.0,0.0,0.0,0.0,0.0,0.0,0.0,0.0,0.0,충청남도,계룡시,S519,16.0,10.0,0.0,6.0,9.0,0.0,6.0,3.0
대전광역시,유성구,성북동,신계룡,S519,2026.0,0.0,0.0,0.0,0.0,0.0,0.0,0.0,0.0,대전광역시,동구,용계동,S519,2026.0,0.0,0.0,0.0,0.0,0.0,0.0,0.0,0.0,대전광역시,동구,용계동,S519,2026.0,0.0,0.0,0.0,0.0,0.0,0.0,0.0,0.0,0.0,충청남도,논산시,S519,16.0,10.0,0.0,6.0,9.0,0.0,6.0,3.0
대전광역시,유성구,성북동,신계룡,S519,2026.0,0.0,0.0,0.0,0.0,0.0,0.0,0.0,0.0,대전광역시,동구,용계동,S519,2026.0,0.0,0.0,0.0,0.0,0.0,0.0,0.0,0.0,충청남도,논산시,화지동,S519,2026.0,0.0,0.0,0.0,0.0,0.0,0.0,0.0,0.0,0.0,대전광역시,동구,S519,16.0,10.0,0.0,6.0,9.0,0.0,6.0,3.0
대전광역시,유성구,성북동,신계룡,S519,2026.0,0.0,0.0,0.0,0.0,0.0,0.0,0.0,0.0,대전광역시,동구,용계동,S519,2026.0,0.0,0.0,0.0,0.0,0.0,0.0,0.0,0.0,충청남도,논산시,화지동,S519,2026.0,0.0,0.0,0.0,0.0,0.0,0.0,0.0,0.0,0.0,대전광역시,서구,S519,16.0,10.0,0.0,6.0,9.0,0.0,6.0,3.0
대전광역시,유성구,성북동,신계룡,S519,2026.0,0.0,0.0,0.0,0.0,0.0,0.0,0.0,0.0,대전광역시,동구,용계동,S519,2026.0,0.0,0.0,0.0,0.0,0.0,0.0,0.0,0.0,충청남도,논산시,화지동,S519,2026.0,0.0,0.0,0.0,0.0,0.0,0.0,0.0,0.0,0.0,대전광역시,유성구,S519,16.0,10.0,0.0,6.0,9.0,0.0,6.0,3.0
대전광역시,유성구,성북동,신계룡,S519,2026.0,0.0,0.0,0.0,0.0,0.0,0.0,0.0,0.0,대전광역시,동구,용계동,S519,2026.0,0.0,0.0,0.0,0.0,0.0,0.0,0.0,0.0,충청남도,논산시,화지동,S519,2026.0,0.0,0.0,0.0,0.0,0.0,0.0,0.0,0.0,0.0,대전광역시,중구,S519,16.0,10.0,0.0,6.0,9.0,0.0,6.0,3.0
대전광역시,유성구,성북동,신계룡,S519,2026.0,0.0,0.0,0.0,0.0,0.0,0.0,0.0,0.0,대전광역시,동구,용계동,S519,2026.0,0.0,0.0,0.0,0.0,0.0,0.0,0.0,0.0,충청남도,논산시,화지동,S519,2026.0,0.0,0.0,0.0,0.0,0.0,0.0,0.0,0.0,0.0,충청남도,계룡시,S519,16.0,10.0,0.0,6.0,9.0,0.0,6.0,3.0
대전광역시,유성구,성북동,신계룡,S519,2026.0,0.0,0.0,0.0,0.0,0.0,0.0,0.0,0.0,대전광역시,동구,용계동,S519,2026.0,0.0,0.0,0.0,0.0,0.0,0.0,0.0,0.0,충청남도,논산시,화지동,S519,2026.0,0.0,0.0,0.0,0.0,0.0,0.0,0.0,0.0,0.0,충청남도,논산시,S519,16.0,10.0,0.0,6.0,9.0,0.0,6.0,3.0
대전광역시,유성구,성북동,신계룡,S519,2026.0,0.0,0.0,0.0,0.0,0.0,0.0,0.0,0.0,충청남도,논산시,화지동,S519,2026.0,0.0,0.0,0.0,0.0,0.0,0.0,0.0,0.0,대전광역시,동구,용계동,S519,2026.0,0.0,0.0,0.0,0.0,0.0,0.0,0.0,0.0,0.0,대전광역시,동구,S519,16.0,10.0,0.0,6.0,9.0,0.0,6.0,3.0
대전광역시,유성구,성북동,신계룡,S519,2026.0,0.0,0.0,0.0,0.0,0.0,0.0,0.0,0.0,충청남도,논산시,화지동,S519,2026.0,0.0,0.0,0.0,0.0,0.0,0.0,0.0,0.0,대전광역시,동구,용계동,S519,2026.0,0.0,0.0,0.0,0.0,0.0,0.0,0.0,0.0,0.0,대전광역시,서구,S519,16.0,10.0,0.0,6.0,9.0,0.0,6.0,3.0
대전광역시,유성구,성북동,신계룡,S519,2026.0,0.0,0.0,0.0,0.0,0.0,0.0,0.0,0.0,충청남도,논산시,화지동,S519,2026.0,0.0,0.0,0.0,0.0,0.0,0.0,0.0,0.0,대전광역시,동구,용계동,S519,2026.0,0.0,0.0,0.0,0.0,0.0,0.0,0.0,0.0,0.0,대전광역시,유성구,S519,16.0,10.0,0.0,6.0,9.0,0.0,6.0,3.0
대전광역시,유성구,성북동,신계룡,S519,2026.0,0.0,0.0,0.0,0.0,0.0,0.0,0.0,0.0,충청남도,논산시,화지동,S519,2026.0,0.0,0.0,0.0,0.0,0.0,0.0,0.0,0.0,대전광역시,동구,용계동,S519,2026.0,0.0,0.0,0.0,0.0,0.0,0.0,0.0,0.0,0.0,대전광역시,중구,S519,16.0,10.0,0.0,6.0,9.0,0.0,6.0,3.0
대전광역시,유성구,성북동,신계룡,S519,2026.0,0.0,0.0,0.0,0.0,0.0,0.0,0.0,0.0,충청남도,논산시,화지동,S519,2026.0,0.0,0.0,0.0,0.0,0.0,0.0,0.0,0.0,대전광역시,동구,용계동,S519,2026.0,0.0,0.0,0.0,0.0,0.0,0.0,0.0,0.0,0.0,충청남도,계룡시,S519,16.0,10.0,0.0,6.0,9.0,0.0,6.0,3.0
대전광역시,유성구,성북동,신계룡,S519,2026.0,0.0,0.0,0.0,0.0,0.0,0.0,0.0,0.0,충청남도,논산시,화지동,S519,2026.0,0.0,0.0,0.0,0.0,0.0,0.0,0.0,0.0,대전광역시,동구,용계동,S519,2026.0,0.0,0.0,0.0,0.0,0.0,0.0,0.0,0.0,0.0,충청남도,논산시,S519,16.0,10.0,0.0,6.0,9.0,0.0,6.0,3.0
대전광역시,유성구,성북동,신계룡,S519,2026.0,0.0,0.0,0.0,0.0,0.0,0.0,0.0,0.0,충청남도,논산시,화지동,S519,2026.0,0.0,0.0,0.0,0.0,0.0,0.0,0.0,0.0,충청남도,논산시,화지동,S519,2026.0,0.0,0.0,0.0,0.0,0.0,0.0,0.0,0.0,0.0,대전광역시,동구,S519,16.0,10.0,0.0,6.0,9.0,0.0,6.0,3.0
대전광역시,유성구,성북동,신계룡,S519,2026.0,0.0,0.0,0.0,0.0,0.0,0.0,0.0,0.0,충청남도,논산시,화지동,S519,2026.0,0.0,0.0,0.0,0.0,0.0,0.0,0.0,0.0,충청남도,논산시,화지동,S519,2026.0,0.0,0.0,0.0,0.0,0.0,0.0,0.0,0.0,0.0,대전광역시,서구,S519,16.0,10.0,0.0,6.0,9.0,0.0,6.0,3.0
대전광역시,유성구,성북동,신계룡,S519,2026.0,0.0,0.0,0.0,0.0,0.0,0.0,0.0,0.0,충청남도,논산시,화지동,S519,2026.0,0.0,0.0,0.0,0.0,0.0,0.0,0.0,0.0,충청남도,논산시,화지동,S519,2026.0,0.0,0.0,0.0,0.0,0.0,0.0,0.0,0.0,0.0,대전광역시,유성구,S519,16.0,10.0,0.0,6.0,9.0,0.0,6.0,3.0
대전광역시,유성구,성북동,신계룡,S519,2026.0,0.0,0.0,0.0,0.0,0.0,0.0,0.0,0.0,충청남도,논산시,화지동,S519,2026.0,0.0,0.0,0.0,0.0,0.0,0.0,0.0,0.0,충청남도,논산시,화지동,S519,2026.0,0.0,0.0,0.0,0.0,0.0,0.0,0.0,0.0,0.0,대전광역시,중구,S519,16.0,10.0,0.0,6.0,9.0,0.0,6.0,3.0
대전광역시,유성구,성북동,신계룡,S519,2026.0,0.0,0.0,0.0,0.0,0.0,0.0,0.0,0.0,충청남도,논산시,화지동,S519,2026.0,0.0,0.0,0.0,0.0,0.0,0.0,0.0,0.0,충청남도,논산시,화지동,S519,2026.0,0.0,0.0,0.0,0.0,0.0,0.0,0.0,0.0,0.0,충청남도,계룡시,S519,16.0,10.0,0.0,6.0,9.0,0.0,6.0,3.0
대전광역시,유성구,성북동,신계룡,S519,2026.0,0.0,0.0,0.0,0.0,0.0,0.0,0.0,0.0,충청남도,논산시,화지동,S519,2026.0,0.0,0.0,0.0,0.0,0.0,0.0,0.0,0.0,충청남도,논산시,화지동,S519,2026.0,0.0,0.0,0.0,0.0,0.0,0.0,0.0,0.0,0.0,충청남도,논산시,S519,16.0,10.0,0.0,6.0,9.0,0.0,6.0,3.0
충청남도,논산시,화지동,신계룡,S519,2026.0,0.0,0.0,0.0,0.0,0.0,0.0,0.0,0.0,대전광역시,동구,용계동,S519,2026.0,0.0,0.0,0.0,0.0,0.0,0.0,0.0,0.0,대전광역시,동구,용계동,S519,2026.0,0.0,0.0,0.0,0.0,0.0,0.0,0.0,0.0,0.0,대전광역시,동구,S519,16.0,10.0,0.0,6.0,9.0,0.0,6.0,3.0
충청남도,논산시,화지동,신계룡,S519,2026.0,0.0,0.0,0.0,0.0,0.0,0.0,0.0,0.0,대전광역시,동구,용계동,S519,2026.0,0.0,0.0,0.0,0.0,0.0,0.0,0.0,0.0,대전광역시,동구,용계동,S519,2026.0,0.0,0.0,0.0,0.0,0.0,0.0,0.0,0.0,0.0,대전광역시,서구,S519,16.0,10.0,0.0,6.0,9.0,0.0,6.0,3.0
충청남도,논산시,화지동,신계룡,S519,2026.0,0.0,0.0,0.0,0.0,0.0,0.0,0.0,0.0,대전광역시,동구,용계동,S519,2026.0,0.0,0.0,0.0,0.0,0.0,0.0,0.0,0.0,대전광역시,동구,용계동,S519,2026.0,0.0,0.0,0.0,0.0,0.0,0.0,0.0,0.0,0.0,대전광역시,유성구,S519,16.0,10.0,0.0,6.0,9.0,0.0,6.0,3.0
충청남도,논산시,화지동,신계룡,S519,2026.0,0.0,0.0,0.0,0.0,0.0,0.0,0.0,0.0,대전광역시,동구,용계동,S519,2026.0,0.0,0.0,0.0,0.0,0.0,0.0,0.0,0.0,대전광역시,동구,용계동,S519,2026.0,0.0,0.0,0.0,0.0,0.0,0.0,0.0,0.0,0.0,대전광역시,중구,S519,16.0,10.0,0.0,6.0,9.0,0.0,6.0,3.0
충청남도,논산시,화지동,신계룡,S519,2026.0,0.0,0.0,0.0,0.0,0.0,0.0,0.0,0.0,대전광역시,동구,용계동,S519,2026.0,0.0,0.0,0.0,0.0,0.0,0.0,0.0,0.0,대전광역시,동구,용계동,S519,2026.0,0.0,0.0,0.0,0.0,0.0,0.0,0.0,0.0,0.0,충청남도,계룡시,S519,16.0,10.0,0.0,6.0,9.0,0.0,6.0,3.0
충청남도,논산시,화지동,신계룡,S519,2026.0,0.0,0.0,0.0,0.0,0.0,0.0,0.0,0.0,대전광역시,동구,용계동,S519,2026.0,0.0,0.0,0.0,0.0,0.0,0.0,0.0,0.0,대전광역시,동구,용계동,S519,2026.0,0.0,0.0,0.0,0.0,0.0,0.0,0.0,0.0,0.0,충청남도,논산시,S519,16.0,10.0,0.0,6.0,9.0,0.0,6.0,3.0
충청남도,논산시,화지동,신계룡,S519,2026.0,0.0,0.0,0.0,0.0,0.0,0.0,0.0,0.0,대전광역시,동구,용계동,S519,2026.0,0.0,0.0,0.0,0.0,0.0,0.0,0.0,0.0,충청남도,논산시,화지동,S519,2026.0,0.0,0.0,0.0,0.0,0.0,0.0,0.0,0.0,0.0,대전광역시,동구,S519,16.0,10.0,0.0,6.0,9.0,0.0,6.0,3.0
충청남도,논산시,화지동,신계룡,S519,2026.0,0.0,0.0,0.0,0.0,0.0,0.0,0.0,0.0,대전광역시,동구,용계동,S519,2026.0,0.0,0.0,0.0,0.0,0.0,0.0,0.0,0.0,충청남도,논산시,화지동,S519,2026.0,0.0,0.0,0.0,0.0,0.0,0.0,0.0,0.0,0.0,대전광역시,서구,S519,16.0,10.0,0.0,6.0,9.0,0.0,6.0,3.0
충청남도,논산시,화지동,신계룡,S519,2026.0,0.0,0.0,0.0,0.0,0.0,0.0,0.0,0.0,대전광역시,동구,용계동,S519,2026.0,0.0,0.0,0.0,0.0,0.0,0.0,0.0,0.0,충청남도,논산시,화지동,S519,2026.0,0.0,0.0,0.0,0.0,0.0,0.0,0.0,0.0,0.0,대전광역시,유성구,S519,16.0,10.0,0.0,6.0,9.0,0.0,6.0,3.0
충청남도,논산시,화지동,신계룡,S519,2026.0,0.0,0.0,0.0,0.0,0.0,0.0,0.0,0.0,대전광역시,동구,용계동,S519,2026.0,0.0,0.0,0.0,0.0,0.0,0.0,0.0,0.0,충청남도,논산시,화지동,S519,2026.0,0.0,0.0,0.0,0.0,0.0,0.0,0.0,0.0,0.0,대전광역시,중구,S519,16.0,10.0,0.0,6.0,9.0,0.0,6.0,3.0
충청남도,논산시,화지동,신계룡,S519,2026.0,0.0,0.0,0.0,0.0,0.0,0.0,0.0,0.0,대전광역시,동구,용계동,S519,2026.0,0.0,0.0,0.0,0.0,0.0,0.0,0.0,0.0,충청남도,논산시,화지동,S519,2026.0,0.0,0.0,0.0,0.0,0.0,0.0,0.0,0.0,0.0,충청남도,계룡시,S519,16.0,10.0,0.0,6.0,9.0,0.0,6.0,3.0
충청남도,논산시,화지동,신계룡,S519,2026.0,0.0,0.0,0.0,0.0,0.0,0.0,0.0,0.0,대전광역시,동구,용계동,S519,2026.0,0.0,0.0,0.0,0.0,0.0,0.0,0.0,0.0,충청남도,논산시,화지동,S519,2026.0,0.0,0.0,0.0,0.0,0.0,0.0,0.0,0.0,0.0,충청남도,논산시,S519,16.0,10.0,0.0,6.0,9.0,0.0,6.0,3.0
충청남도,논산시,화지동,신계룡,S519,2026.0,0.0,0.0,0.0,0.0,0.0,0.0,0.0,0.0,충청남도,논산시,화지동,S519,2026.0,0.0,0.0,0.0,0.0,0.0,0.0,0.0,0.0,대전광역시,동구,용계동,S519,2026.0,0.0,0.0,0.0,0.0,0.0,0.0,0.0,0.0,0.0,대전광역시,동구,S519,16.0,10.0,0.0,6.0,9.0,0.0,6.0,3.0
충청남도,논산시,화지동,신계룡,S519,2026.0,0.0,0.0,0.0,0.0,0.0,0.0,0.0,0.0,충청남도,논산시,화지동,S519,2026.0,0.0,0.0,0.0,0.0,0.0,0.0,0.0,0.0,대전광역시,동구,용계동,S519,2026.0,0.0,0.0,0.0,0.0,0.0,0.0,0.0,0.0,0.0,대전광역시,서구,S519,16.0,10.0,0.0,6.0,9.0,0.0,6.0,3.0
충청남도,논산시,화지동,신계룡,S519,2026.0,0.0,0.0,0.0,0.0,0.0,0.0,0.0,0.0,충청남도,논산시,화지동,S519,2026.0,0.0,0.0,0.0,0.0,0.0,0.0,0.0,0.0,대전광역시,동구,용계동,S519,2026.0,0.0,0.0,0.0,0.0,0.0,0.0,0.0,0.0,0.0,대전광역시,유성구,S519,16.0,10.0,0.0,6.0,9.0,0.0,6.0,3.0
충청남도,논산시,화지동,신계룡,S519,2026.0,0.0,0.0,0.0,0.0,0.0,0.0,0.0,0.0,충청남도,논산시,화지동,S519,2026.0,0.0,0.0,0.0,0.0,0.0,0.0,0.0,0.0,대전광역시,동구,용계동,S519,2026.0,0.0,0.0,0.0,0.0,0.0,0.0,0.0,0.0,0.0,대전광역시,중구,S519,16.0,10.0,0.0,6.0,9.0,0.0,6.0,3.0
충청남도,논산시,화지동,신계룡,S519,2026.0,0.0,0.0,0.0,0.0,0.0,0.0,0.0,0.0,충청남도,논산시,화지동,S519,2026.0,0.0,0.0,0.0,0.0,0.0,0.0,0.0,0.0,대전광역시,동구,용계동,S519,2026.0,0.0,0.0,0.0,0.0,0.0,0.0,0.0,0.0,0.0,충청남도,계룡시,S519,16.0,10.0,0.0,6.0,9.0,0.0,6.0,3.0
충청남도,논산시,화지동,신계룡,S519,2026.0,0.0,0.0,0.0,0.0,0.0,0.0,0.0,0.0,충청남도,논산시,화지동,S519,2026.0,0.0,0.0,0.0,0.0,0.0,0.0,0.0,0.0,대전광역시,동구,용계동,S519,2026.0,0.0,0.0,0.0,0.0,0.0,0.0,0.0,0.0,0.0,충청남도,논산시,S519,16.0,10.0,0.0,6.0,9.0,0.0,6.0,3.0
충청남도,논산시,화지동,신계룡,S519,2026.0,0.0,0.0,0.0,0.0,0.0,0.0,0.0,0.0,충청남도,논산시,화지동,S519,2026.0,0.0,0.0,0.0,0.0,0.0,0.0,0.0,0.0,충청남도,논산시,화지동,S519,2026.0,0.0,0.0,0.0,0.0,0.0,0.0,0.0,0.0,0.0,대전광역시,동구,S519,16.0,10.0,0.0,6.0,9.0,0.0,6.0,3.0
충청남도,논산시,화지동,신계룡,S519,2026.0,0.0,0.0,0.0,0.0,0.0,0.0,0.0,0.0,충청남도,논산시,화지동,S519,2026.0,0.0,0.0,0.0,0.0,0.0,0.0,0.0,0.0,충청남도,논산시,화지동,S519,2026.0,0.0,0.0,0.0,0.0,0.0,0.0,0.0,0.0,0.0,대전광역시,서구,S519,16.0,10.0,0.0,6.0,9.0,0.0,6.0,3.0
충청남도,논산시,화지동,신계룡,S519,2026.0,0.0,0.0,0.0,0.0,0.0,0.0,0.0,0.0,충청남도,논산시,화지동,S519,2026.0,0.0,0.0,0.0,0.0,0.0,0.0,0.0,0.0,충청남도,논산시,화지동,S519,2026.0,0.0,0.0,0.0,0.0,0.0,0.0,0.0,0.0,0.0,대전광역시,유성구,S519,16.0,10.0,0.0,6.0,9.0,0.0,6.0,3.0
충청남도,논산시,화지동,신계룡,S519,2026.0,0.0,0.0,0.0,0.0,0.0,0.0,0.0,0.0,충청남도,논산시,화지동,S519,2026.0,0.0,0.0,0.0,0.0,0.0,0.0,0.0,0.0,충청남도,논산시,화지동,S519,2026.0,0.0,0.0,0.0,0.0,0.0,0.0,0.0,0.0,0.0,대전광역시,중구,S519,16.0,10.0,0.0,6.0,9.0,0.0,6.0,3.0
충청남도,논산시,화지동,신계룡,S519,2026.0,0.0,0.0,0.0,0.0,0.0,0.0,0.0,0.0,충청남도,논산시,화지동,S519,2026.0,0.0,0.0,0.0,0.0,0.0,0.0,0.0,0.0,충청남도,논산시,화지동,S519,2026.0,0.0,0.0,0.0,0.0,0.0,0.0,0.0,0.0,0.0,충청남도,계룡시,S519,16.0,10.0,0.0,6.0,9.0,0.0,6.0,3.0
충청남도,논산시,화지동,신계룡,S519,2026.0,0.0,0.0,0.0,0.0,0.0,0.0,0.0,0.0,충청남도,논산시,화지동,S519,2026.0,0.0,0.0,0.0,0.0,0.0,0.0,0.0,0.0,충청남도,논산시,화지동,S519,2026.0,0.0,0.0,0.0,0.0,0.0,0.0,0.0,0.0,0.0,충청남도,논산시,S519,16.0,10.0,0.0,6.0,9.0,0.0,6.0,3.0
,,,신고성,,,,,,,,,,,,,,,,,,,,,,,,경상남도,통영시,한산면,2797,2026.0,0.0,0.0,0.0,0.0,0.0,0.0,1000.0,0.0,0.0,경상남도,거제시,2797,25.0,14.0,0.0,11.0,0.0,0.0,0.0,0.0
,,,신고성,,,,,,,,,,,,,,,,,,,,,,,,경상남도,통영시,한산면,2797,2026.0,0.0,0.0,0.0,0.0,0.0,0.0,1000.0,0.0,0.0,경상남도,고성군,2797,25.0,14.0,0.0,11.0,0.0,0.0,0.0,0.0
,,,신고성,,,,,,,,,,,,,,,,,,,,,,,,경상남도,통영시,한산면,2797,2026.0,0.0,0.0,0.0,0.0,0.0,0.0,1000.0,0.0,0.0,경상남도,사천시,2797,25.0,14.0,0.0,11.0,0.0,0.0,0.0,0.0
,,,신고성,,,,,,,,,,,,,,,,,,,,,,,,경상남도,통영시,한산면,2797,2026.0,0.0,0.0,0.0,0.0,0.0,0.0,1000.0,0.0,0.0,경상남도,진주시,2797,25.0,14.0,0.0,11.0,0.0,0.0,0.0,0.0
,,,신고성,,,,,,,,,,,,,,,,,,,,,,,,경상남도,통영시,한산면,2797,2026.0,0.0,0.0,0.0,0.0,0.0,0.0,1000.0,0.0,0.0,경상남도,통영시,2797,25.0,14.0,0.0,11.0,0.0,0.0,0.0,0.0
서울특별시,동작구,신대방동,신광명,2194,2026.0,0.0,0.0,0.0,0.0,0.0,0.0,0.0,0.0,서울특별시,구로구,신도림동,2194,2026.0,0.0,0.0,0.0,0.0,0.0,0.0,0.0,0.0,경기도,시흥시,대야동,2194,2026.0,2200.0,2200.0,2200.0,2200.0,2200.0,2200.0,2200.0,2200.0,0.0,경기도,광명시,2194,19.0,12.0,0.0,7.0,10.0,10.0,0.0,0.0
서울특별시,동작구,신대방동,신광명,2194,2026.0,0.0,0.0,0.0,0.0,0.0,0.0,0.0,0.0,서울특별시,구로구,신도림동,2194,2026.0,0.0,0.0,0.0,0.0,0.0,0.0,0.0,0.0,경기도,시흥시,대야동,2194,2026.0,2200.0,2200.0,2200.0,2200.0,2200.0,2200.0,2200.0,2200.0,0.0,경기도,시흥시,2194,19.0,12.0,0.0,7.0,10.0,10.0,0.0,0.0
서울특별시,동작구,신대방동,신광명,2194,2026.0,0.0,0.0,0.0,0.0,0.0,0.0,0.0,0.0,서울특별시,구로구,신도림동,2194,2026.0,0.0,0.0,0.0,0.0,0.0,0.0,0.0,0.0,경기도,시흥시,대야동,2194,2026.0,2200.0,2200.0,2200.0,2200.0,2200.0,2200.0,2200.0,2200.0,0.0,서울특별시,구로구,2194,19.0,12.0,0.0,7.0,10.0,10.0,0.0,0.0
서울특별시,동작구,신대방동,신광명,2194,2026.0,0.0,0.0,0.0,0.0,0.0,0.0,0.0,0.0,서울특별시,구로구,신도림동,2194,2026.0,0.0,0.0,0.0,0.0,0.0,0.0,0.0,0.0,경기도,시흥시,대야동,2194,2026.0,2200.0,2200.0,2200.0,2200.0,2200.0,2200.0,2200.0,2200.0,0.0,서울특별시,금천구,2194,19.0,12.0,0.0,7.0,10.0,10.0,0.0,0.0
서울특별시,동작구,신대방동,신광명,2194,2026.0,0.0,0.0,0.0,0.0,0.0,0.0,0.0,0.0,서울특별시,구로구,신도림동,2194,2026.0,0.0,0.0,0.0,0.0,0.0,0.0,0.0,0.0,경기도,시흥시,대야동,2194,2026.0,2200.0,2200.0,2200.0,2200.0,2200.0,2200.0,2200.0,2200.0,0.0,서울특별시,동작구,2194,19.0,12.0,0.0,7.0,10.0,10.0,0.0,0.0
서울특별시,동작구,신대방동,신광명,2194,2026.0,0.0,0.0,0.0,0.0,0.0,0.0,0.0,0.0,서울특별시,구로구,신도림동,2194,2026.0,0.0,0.0,0.0,0.0,0.0,0.0,0.0,0.0,경기도,시흥시,대야동,2194,2026.0,2200.0,2200.0,2200.0,2200.0,2200.0,2200.0,2200.0,2200.0,0.0,서울특별시,영등포구,2194,19.0,12.0,0.0,7.0,10.0,10.0,0.0,0.0
서울특별시,동작구,신대방동,신광명,2194,2026.0,0.0,0.0,0.0,0.0,0.0,0.0,0.0,0.0,서울특별시,구로구,신도림동,2194,2026.0,0.0,0.0,0.0,0.0,0.0,0.0,0.0,0.0,서울특별시,구로구,신도림동,2194,2026.0,2200.0,2200.0,2200.0,2200.0,2200.0,2200.0,2200.0,2200.0,0.0,경기도,광명시,2194,19.0,12.0,0.0,7.0,10.0,10.0,0.0,0.0
서울특별시,동작구,신대방동,신광명,2194,2026.0,0.0,0.0,0.0,0.0,0.0,0.0,0.0,0.0,서울특별시,구로구,신도림동,2194,2026.0,0.0,0.0,0.0,0.0,0.0,0.0,0.0,0.0,서울특별시,구로구,신도림동,2194,2026.0,2200.0,2200.0,2200.0,2200.0,2200.0,2200.0,2200.0,2200.0,0.0,경기도,시흥시,2194,19.0,12.0,0.0,7.0,10.0,10.0,0.0,0.0
서울특별시,동작구,신대방동,신광명,2194,2026.0,0.0,0.0,0.0,0.0,0.0,0.0,0.0,0.0,서울특별시,구로구,신도림동,2194,2026.0,0.0,0.0,0.0,0.0,0.0,0.0,0.0,0.0,서울특별시,구로구,신도림동,2194,2026.0,2200.0,2200.0,2200.0,2200.0,2200.0,2200.0,2200.0,2200.0,0.0,서울특별시,구로구,2194,19.0,12.0,0.0,7.0,10.0,10.0,0.0,0.0
서울특별시,동작구,신대방동,신광명,2194,2026.0,0.0,0.0,0.0,0.0,0.0,0.0,0.0,0.0,서울특별시,구로구,신도림동,2194,2026.0,0.0,0.0,0.0,0.0,0.0,0.0,0.0,0.0,서울특별시,구로구,신도림동,2194,2026.0,2200.0,2200.0,2200.0,2200.0,2200.0,2200.0,2200.0,2200.0,0.0,서울특별시,금천구,2194,19.0,12.0,0.0,7.0,10.0,10.0,0.0,0.0
서울특별시,동작구,신대방동,신광명,2194,2026.0,0.0,0.0,0.0,0.0,0.0,0.0,0.0,0.0,서울특별시,구로구,신도림동,2194,2026.0,0.0,0.0,0.0,0.0,0.0,0.0,0.0,0.0,서울특별시,구로구,신도림동,2194,2026.0,2200.0,2200.0,2200.0,2200.0,2200.0,2200.0,2200.0,2200.0,0.0,서울특별시,동작구,2194,19.0,12.0,0.0,7.0,10.0,10.0,0.0,0.0
서울특별시,동작구,신대방동,신광명,2194,2026.0,0.0,0.0,0.0,0.0,0.0,0.0,0.0,0.0,서울특별시,구로구,신도림동,2194,2026.0,0.0,0.0,0.0,0.0,0.0,0.0,0.0,0.0,서울특별시,구로구,신도림동,2194,2026.0,2200.0,2200.0,2200.0,2200.0,2200.0,2200.0,2200.0,2200.0,0.0,서울특별시,영등포구,2194,19.0,12.0,0.0,7.0,10.0,10.0,0.0,0.0
서울특별시,동작구,신대방동,신광명,2194,2026.0,0.0,0.0,0.0,0.0,0.0,0.0,0.0,0.0,경기도,시흥시,대야동,2194,2026.0,0.0,0.0,0.0,0.0,0.0,0.0,0.0,0.0,경기도,시흥시,대야동,2194,2026.0,2200.0,2200.0,2200.0,2200.0,2200.0,2200.0,2200.0,2200.0,0.0,경기도,광명시,2194,19.0,12.0,0.0,7.0,10.0,10.0,0.0,0.0
서울특별시,동작구,신대방동,신광명,2194,2026.0,0.0,0.0,0.0,0.0,0.0,0.0,0.0,0.0,경기도,시흥시,대야동,2194,2026.0,0.0,0.0,0.0,0.0,0.0,0.0,0.0,0.0,경기도,시흥시,대야동,2194,2026.0,2200.0,2200.0,2200.0,2200.0,2200.0,2200.0,2200.0,2200.0,0.0,경기도,시흥시,2194,19.0,12.0,0.0,7.0,10.0,10.0,0.0,0.0
서울특별시,동작구,신대방동,신광명,2194,2026.0,0.0,0.0,0.0,0.0,0.0,0.0,0.0,0.0,경기도,시흥시,대야동,2194,2026.0,0.0,0.0,0.0,0.0,0.0,0.0,0.0,0.0,경기도,시흥시,대야동,2194,2026.0,2200.0,2200.0,2200.0,2200.0,2200.0,2200.0,2200.0,2200.0,0.0,서울특별시,구로구,2194,19.0,12.0,0.0,7.0,10.0,10.0,0.0,0.0
서울특별시,동작구,신대방동,신광명,2194,2026.0,0.0,0.0,0.0,0.0,0.0,0.0,0.0,0.0,경기도,시흥시,대야동,2194,2026.0,0.0,0.0,0.0,0.0,0.0,0.0,0.0,0.0,경기도,시흥시,대야동,2194,2026.0,2200.0,2200.0,2200.0,2200.0,2200.0,2200.0,2200.0,2200.0,0.0,서울특별시,금천구,2194,19.0,12.0,0.0,7.0,10.0,10.0,0.0,0.0
서울특별시,동작구,신대방동,신광명,2194,2026.0,0.0,0.0,0.0,0.0,0.0,0.0,0.0,0.0,경기도,시흥시,대야동,2194,2026.0,0.0,0.0,0.0,0.0,0.0,0.0,0.0,0.0,경기도,시흥시,대야동,2194,2026.0,2200.0,2200.0,2200.0,2200.0,2200.0,2200.0,2200.0,2200.0,0.0,서울특별시,동작구,2194,19.0,12.0,0.0,7.0,10.0,10.0,0.0,0.0
서울특별시,동작구,신대방동,신광명,2194,2026.0,0.0,0.0,0.0,0.0,0.0,0.0,0.0,0.0,경기도,시흥시,대야동,2194,2026.0,0.0,0.0,0.0,0.0,0.0,0.0,0.0,0.0,경기도,시흥시,대야동,2194,2026.0,2200.0,2200.0,2200.0,2200.0,2200.0,2200.0,2200.0,2200.0,0.0,서울특별시,영등포구,2194,19.0,12.0,0.0,7.0,10.0,10.0,0.0,0.0
서울특별시,동작구,신대방동,신광명,2194,2026.0,0.0,0.0,0.0,0.0,0.0,0.0,0.0,0.0,경기도,시흥시,대야동,2194,2026.0,0.0,0.0,0.0,0.0,0.0,0.0,0.0,0.0,서울특별시,구로구,신도림동,2194,2026.0,2200.0,2200.0,2200.0,2200.0,2200.0,2200.0,2200.0,2200.0,0.0,경기도,광명시,2194,19.0,12.0,0.0,7.0,10.0,10.0,0.0,0.0
서울특별시,동작구,신대방동,신광명,2194,2026.0,0.0,0.0,0.0,0.0,0.0,0.0,0.0,0.0,경기도,시흥시,대야동,2194,2026.0,0.0,0.0,0.0,0.0,0.0,0.0,0.0,0.0,서울특별시,구로구,신도림동,2194,2026.0,2200.0,2200.0,2200.0,2200.0,2200.0,2200.0,2200.0,2200.0,0.0,경기도,시흥시,2194,19.0,12.0,0.0,7.0,10.0,10.0,0.0,0.0
서울특별시,동작구,신대방동,신광명,2194,2026.0,0.0,0.0,0.0,0.0,0.0,0.0,0.0,0.0,경기도,시흥시,대야동,2194,2026.0,0.0,0.0,0.0,0.0,0.0,0.0,0.0,0.0,서울특별시,구로구,신도림동,2194,2026.0,2200.0,2200.0,2200.0,2200.0,2200.0,2200.0,2200.0,2200.0,0.0,서울특별시,구로구,2194,19.0,12.0,0.0,7.0,10.0,10.0,0.0,0.0
서울특별시,동작구,신대방동,신광명,2194,2026.0,0.0,0.0,0.0,0.0,0.0,0.0,0.0,0.0,경기도,시흥시,대야동,2194,2026.0,0.0,0.0,0.0,0.0,0.0,0.0,0.0,0.0,서울특별시,구로구,신도림동,2194,2026.0,2200.0,2200.0,2200.0,2200.0,2200.0,2200.0,2200.0,2200.0,0.0,서울특별시,금천구,2194,19.0,12.0,0.0,7.0,10.0,10.0,0.0,0.0
서울특별시,동작구,신대방동,신광명,2194,2026.0,0.0,0.0,0.0,0.0,0.0,0.0,0.0,0.0,경기도,시흥시,대야동,2194,2026.0,0.0,0.0,0.0,0.0,0.0,0.0,0.0,0.0,서울특별시,구로구,신도림동,2194,2026.0,2200.0,2200.0,2200.0,2200.0,2200.0,2200.0,2200.0,2200.0,0.0,서울특별시,동작구,2194,19.0,12.0,0.0,7.0,10.0,10.0,0.0,0.0
서울특별시,동작구,신대방동,신광명,2194,2026.0,0.0,0.0,0.0,0.0,0.0,0.0,0.0,0.0,경기도,시흥시,대야동,2194,2026.0,0.0,0.0,0.0,0.0,0.0,0.0,0.0,0.0,서울특별시,구로구,신도림동,2194,2026.0,2200.0,2200.0,2200.0,2200.0,2200.0,2200.0,2200.0,2200.0,0.0,서울특별시,영등포구,2194,19.0,12.0,0.0,7.0,10.0,10.0,0.0,0.0
경기도,광명시,광명동,신광명,2194,2026.0,0.0,0.0,0.0,0.0,0.0,0.0,0.0,0.0,서울특별시,구로구,신도림동,2194,2026.0,0.0,0.0,0.0,0.0,0.0,0.0,0.0,0.0,경기도,시흥시,대야동,2194,2026.0,2200.0,2200.0,2200.0,2200.0,2200.0,2200.0,2200.0,2200.0,0.0,경기도,광명시,2194,19.0,12.0,0.0,7.0,10.0,10.0,0.0,0.0
경기도,광명시,광명동,신광명,2194,2026.0,0.0,0.0,0.0,0.0,0.0,0.0,0.0,0.0,서울특별시,구로구,신도림동,2194,2026.0,0.0,0.0,0.0,0.0,0.0,0.0,0.0,0.0,경기도,시흥시,대야동,2194,2026.0,2200.0,2200.0,2200.0,2200.0,2200.0,2200.0,2200.0,2200.0,0.0,경기도,시흥시,2194,19.0,12.0,0.0,7.0,10.0,10.0,0.0,0.0
경기도,광명시,광명동,신광명,2194,2026.0,0.0,0.0,0.0,0.0,0.0,0.0,0.0,0.0,서울특별시,구로구,신도림동,2194,2026.0,0.0,0.0,0.0,0.0,0.0,0.0,0.0,0.0,경기도,시흥시,대야동,2194,2026.0,2200.0,2200.0,2200.0,2200.0,2200.0,2200.0,2200.0,2200.0,0.0,서울특별시,구로구,2194,19.0,12.0,0.0,7.0,10.0,10.0,0.0,0.0
경기도,광명시,광명동,신광명,2194,2026.0,0.0,0.0,0.0,0.0,0.0,0.0,0.0,0.0,서울특별시,구로구,신도림동,2194,2026.0,0.0,0.0,0.0,0.0,0.0,0.0,0.0,0.0,경기도,시흥시,대야동,2194,2026.0,2200.0,2200.0,2200.0,2200.0,2200.0,2200.0,2200.0,2200.0,0.0,서울특별시,금천구,2194,19.0,12.0,0.0,7.0,10.0,10.0,0.0,0.0
경기도,광명시,광명동,신광명,2194,2026.0,0.0,0.0,0.0,0.0,0.0,0.0,0.0,0.0,서울특별시,구로구,신도림동,2194,2026.0,0.0,0.0,0.0,0.0,0.0,0.0,0.0,0.0,경기도,시흥시,대야동,2194,2026.0,2200.0,2200.0,2200.0,2200.0,2200.0,2200.0,2200.0,2200.0,0.0,서울특별시,동작구,2194,19.0,12.0,0.0,7.0,10.0,10.0,0.0,0.0
경기도,광명시,광명동,신광명,2194,2026.0,0.0,0.0,0.0,0.0,0.0,0.0,0.0,0.0,서울특별시,구로구,신도림동,2194,2026.0,0.0,0.0,0.0,0.0,0.0,0.0,0.0,0.0,경기도,시흥시,대야동,2194,2026.0,2200.0,2200.0,2200.0,2200.0,2200.0,2200.0,2200.0,2200.0,0.0,서울특별시,영등포구,2194,19.0,12.0,0.0,7.0,10.0,10.0,0.0,0.0
경기도,광명시,광명동,신광명,2194,2026.0,0.0,0.0,0.0,0.0,0.0,0.0,0.0,0.0,서울특별시,구로구,신도림동,2194,2026.0,0.0,0.0,0.0,0.0,0.0,0.0,0.0,0.0,서울특별시,구로구,신도림동,2194,2026.0,2200.0,2200.0,2200.0,2200.0,2200.0,2200.0,2200.0,2200.0,0.0,경기도,광명시,2194,19.0,12.0,0.0,7.0,10.0,10.0,0.0,0.0
경기도,광명시,광명동,신광명,2194,2026.0,0.0,0.0,0.0,0.0,0.0,0.0,0.0,0.0,서울특별시,구로구,신도림동,2194,2026.0,0.0,0.0,0.0,0.0,0.0,0.0,0.0,0.0,서울특별시,구로구,신도림동,2194,2026.0,2200.0,2200.0,2200.0,2200.0,2200.0,2200.0,2200.0,2200.0,0.0,경기도,시흥시,2194,19.0,12.0,0.0,7.0,10.0,10.0,0.0,0.0
경기도,광명시,광명동,신광명,2194,2026.0,0.0,0.0,0.0,0.0,0.0,0.0,0.0,0.0,서울특별시,구로구,신도림동,2194,2026.0,0.0,0.0,0.0,0.0,0.0,0.0,0.0,0.0,서울특별시,구로구,신도림동,2194,2026.0,2200.0,2200.0,2200.0,2200.0,2200.0,2200.0,2200.0,2200.0,0.0,서울특별시,구로구,2194,19.0,12.0,0.0,7.0,10.0,10.0,0.0,0.0
경기도,광명시,광명동,신광명,2194,2026.0,0.0,0.0,0.0,0.0,0.0,0.0,0.0,0.0,서울특별시,구로구,신도림동,2194,2026.0,0.0,0.0,0.0,0.0,0.0,0.0,0.0,0.0,서울특별시,구로구,신도림동,2194,2026.0,2200.0,2200.0,2200.0,2200.0,2200.0,2200.0,2200.0,2200.0,0.0,서울특별시,금천구,2194,19.0,12.0,0.0,7.0,10.0,10.0,0.0,0.0
경기도,광명시,광명동,신광명,2194,2026.0,0.0,0.0,0.0,0.0,0.0,0.0,0.0,0.0,서울특별시,구로구,신도림동,2194,2026.0,0.0,0.0,0.0,0.0,0.0,0.0,0.0,0.0,서울특별시,구로구,신도림동,2194,2026.0,2200.0,2200.0,2200.0,2200.0,2200.0,2200.0,2200.0,2200.0,0.0,서울특별시,동작구,2194,19.0,12.0,0.0,7.0,10.0,10.0,0.0,0.0
경기도,광명시,광명동,신광명,2194,2026.0,0.0,0.0,0.0,0.0,0.0,0.0,0.0,0.0,서울특별시,구로구,신도림동,2194,2026.0,0.0,0.0,0.0,0.0,0.0,0.0,0.0,0.0,서울특별시,구로구,신도림동,2194,2026.0,2200.0,2200.0,2200.0,2200.0,2200.0,2200.0,2200.0,2200.0,0.0,서울특별시,영등포구,2194,19.0,12.0,0.0,7.0,10.0,10.0,0.0,0.0
경기도,광명시,광명동,신광명,2194,2026.0,0.0,0.0,0.0,0.0,0.0,0.0,0.0,0.0,경기도,시흥시,대야동,2194,2026.0,0.0,0.0,0.0,0.0,0.0,0.0,0.0,0.0,경기도,시흥시,대야동,2194,2026.0,2200.0,2200.0,2200.0,2200.0,2200.0,2200.0,2200.0,2200.0,0.0,경기도,광명시,2194,19.0,12.0,0.0,7.0,10.0,10.0,0.0,0.0
경기도,광명시,광명동,신광명,2194,2026.0,0.0,0.0,0.0,0.0,0.0,0.0,0.0,0.0,경기도,시흥시,대야동,2194,2026.0,0.0,0.0,0.0,0.0,0.0,0.0,0.0,0.0,경기도,시흥시,대야동,2194,2026.0,2200.0,2200.0,2200.0,2200.0,2200.0,2200.0,2200.0,2200.0,0.0,경기도,시흥시,2194,19.0,12.0,0.0,7.0,10.0,10.0,0.0,0.0
경기도,광명시,광명동,신광명,2194,2026.0,0.0,0.0,0.0,0.0,0.0,0.0,0.0,0.0,경기도,시흥시,대야동,2194,2026.0,0.0,0.0,0.0,0.0,0.0,0.0,0.0,0.0,경기도,시흥시,대야동,2194,2026.0,2200.0,2200.0,2200.0,2200.0,2200.0,2200.0,2200.0,2200.0,0.0,서울특별시,구로구,2194,19.0,12.0,0.0,7.0,10.0,10.0,0.0,0.0
경기도,광명시,광명동,신광명,2194,2026.0,0.0,0.0,0.0,0.0,0.0,0.0,0.0,0.0,경기도,시흥시,대야동,2194,2026.0,0.0,0.0,0.0,0.0,0.0,0.0,0.0,0.0,경기도,시흥시,대야동,2194,2026.0,2200.0,2200.0,2200.0,2200.0,2200.0,2200.0,2200.0,2200.0,0.0,서울특별시,금천구,2194,19.0,12.0,0.0,7.0,10.0,10.0,0.0,0.0
경기도,광명시,광명동,신광명,2194,2026.0,0.0,0.0,0.0,0.0,0.0,0.0,0.0,0.0,경기도,시흥시,대야동,2194,2026.0,0.0,0.0,0.0,0.0,0.0,0.0,0.0,0.0,경기도,시흥시,대야동,2194,2026.0,2200.0,2200.0,2200.0,2200.0,2200.0,2200.0,2200.0,2200.0,0.0,서울특별시,동작구,2194,19.0,12.0,0.0,7.0,10.0,10.0,0.0,0.0
경기도,광명시,광명동,신광명,2194,2026.0,0.0,0.0,0.0,0.0,0.0,0.0,0.0,0.0,경기도,시흥시,대야동,2194,2026.0,0.0,0.0,0.0,0.0,0.0,0.0,0.0,0.0,경기도,시흥시,대야동,2194,2026.0,2200.0,2200.0,2200.0,2200.0,2200.0,2200.0,2200.0,2200.0,0.0,서울특별시,영등포구,2194,19.0,12.0,0.0,7.0,10.0,10.0,0.0,0.0
경기도,광명시,광명동,신광명,2194,2026.0,0.0,0.0,0.0,0.0,0.0,0.0,0.0,0.0,경기도,시흥시,대야동,2194,2026.0,0.0,0.0,0.0,0.0,0.0,0.0,0.0,0.0,서울특별시,구로구,신도림동,2194,2026.0,2200.0,2200.0,2200.0,2200.0,2200.0,2200.0,2200.0,2200.0,0.0,경기도,광명시,2194,19.0,12.0,0.0,7.0,10.0,10.0,0.0,0.0
경기도,광명시,광명동,신광명,2194,2026.0,0.0,0.0,0.0,0.0,0.0,0.0,0.0,0.0,경기도,시흥시,대야동,2194,2026.0,0.0,0.0,0.0,0.0,0.0,0.0,0.0,0.0,서울특별시,구로구,신도림동,2194,2026.0,2200.0,2200.0,2200.0,2200.0,2200.0,2200.0,2200.0,2200.0,0.0,경기도,시흥시,2194,19.0,12.0,0.0,7.0,10.0,10.0,0.0,0.0
경기도,광명시,광명동,신광명,2194,2026.0,0.0,0.0,0.0,0.0,0.0,0.0,0.0,0.0,경기도,시흥시,대야동,2194,2026.0,0.0,0.0,0.0,0.0,0.0,0.0,0.0,0.0,서울특별시,구로구,신도림동,2194,2026.0,2200.0,2200.0,2200.0,2200.0,2200.0,2200.0,2200.0,2200.0,0.0,서울특별시,구로구,2194,19.0,12.0,0.0,7.0,10.0,10.0,0.0,0.0
경기도,광명시,광명동,신광명,2194,2026.0,0.0,0.0,0.0,0.0,0.0,0.0,0.0,0.0,경기도,시흥시,대야동,2194,2026.0,0.0,0.0,0.0,0.0,0.0,0.0,0.0,0.0,서울특별시,구로구,신도림동,2194,2026.0,2200.0,2200.0,2200.0,2200.0,2200.0,2200.0,2200.0,2200.0,0.0,서울특별시,금천구,2194,19.0,12.0,0.0,7.0,10.0,10.0,0.0,0.0
경기도,광명시,광명동,신광명,2194,2026.0,0.0,0.0,0.0,0.0,0.0,0.0,0.0,0.0,경기도,시흥시,대야동,2194,2026.0,0.0,0.0,0.0,0.0,0.0,0.0,0.0,0.0,서울특별시,구로구,신도림동,2194,2026.0,2200.0,2200.0,2200.0,2200.0,2200.0,2200.0,2200.0,2200.0,0.0,서울특별시,동작구,2194,19.0,12.0,0.0,7.0,10.0,10.0,0.0,0.0
경기도,광명시,광명동,신광명,2194,2026.0,0.0,0.0,0.0,0.0,0.0,0.0,0.0,0.0,경기도,시흥시,대야동,2194,2026.0,0.0,0.0,0.0,0.0,0.0,0.0,0.0,0.0,서울특별시,구로구,신도림동,2194,2026.0,2200.0,2200.0,2200.0,2200.0,2200.0,2200.0,2200.0,2200.0,0.0,서울특별시,영등포구,2194,19.0,12.0,0.0,7.0,10.0,10.0,0.0,0.0
,,,신광명#21(건설중),,,,,,,,,,,,,,,,,,,,,,,,경기도,광명시,광명동,E151,2026.0,0.0,0.0,925.0,925.0,1305.0,1395.0,1590.0,0.0,0.0,,,,,,,,,,,
,,,신광주,,,,,,,,,,,,,,,,,,,,,,,,전남광주통합특별시,동구,대인동,2483,2026.0,0.0,0.0,0.0,0.0,0.0,0.0,0.0,0.0,510.0,전남광주통합특별시,곡성군,2483,18.0,11.0,1.0,6.0,0.0,0.0,0.0,0.0
,,,신광주,,,,,,,,,,,,,,,,,,,,,,,,전남광주통합특별시,동구,대인동,2483,2026.0,0.0,0.0,0.0,0.0,0.0,0.0,0.0,0.0,510.0,전남광주통합특별시,광산구,2483,18.0,11.0,1.0,6.0,0.0,0.0,0.0,0.0
,,,신광주,,,,,,,,,,,,,,,,,,,,,,,,전남광주통합특별시,동구,대인동,2483,2026.0,0.0,0.0,0.0,0.0,0.0,0.0,0.0,0.0,510.0,전남광주통합특별시,구례군,2483,18.0,11.0,1.0,6.0,0.0,0.0,0.0,0.0
,,,신광주,,,,,,,,,,,,,,,,,,,,,,,,전남광주통합특별시,동구,대인동,2483,2026.0,0.0,0.0,0.0,0.0,0.0,0.0,0.0,0.0,510.0,전남광주통합특별시,담양군,2483,18.0,11.0,1.0,6.0,0.0,0.0,0.0,0.0
,,,신광주,,,,,,,,,,,,,,,,,,,,,,,,전남광주통합특별시,동구,대인동,2483,2026.0,0.0,0.0,0.0,0.0,0.0,0.0,0.0,0.0,510.0,전남광주통합특별시,동구,2483,18.0,11.0,1.0,6.0,0.0,0.0,0.0,0.0
,,,신광주,,,,,,,,,,,,,,,,,,,,,,,,전남광주통합특별시,동구,대인동,2483,2026.0,0.0,0.0,0.0,0.0,0.0,0.0,0.0,0.0,510.0,전남광주통합특별시,북구,2483,18.0,11.0,1.0,6.0,0.0,0.0,0.0,0.0
,,,신광주,,,,,,,,,,,,,,,,,,,,,,,,전남광주통합특별시,동구,대인동,2483,2026.0,0.0,0.0,0.0,0.0,0.0,0.0,0.0,0.0,510.0,전남광주통합특별시,서구,2483,18.0,11.0,1.0,6.0,0.0,0.0,0.0,0.0
,,,신광주,,,,,,,,,,,,,,,,,,,,,,,,전남광주통합특별시,동구,대인동,2483,2026.0,0.0,0.0,0.0,0.0,0.0,0.0,0.0,0.0,510.0,전남광주통합특별시,영광군,2483,18.0,11.0,1.0,6.0,0.0,0.0,0.0,0.0
,,,신광주,,,,,,,,,,,,,,,,,,,,,,,,전남광주통합특별시,동구,대인동,2483,2026.0,0.0,0.0,0.0,0.0,0.0,0.0,0.0,0.0,510.0,전남광주통합특별시,장성군,2483,18.0,11.0,1.0,6.0,0.0,0.0,0.0,0.0
,,,신광주,,,,,,,,,,,,,,,,,,,,,,,,전남광주통합특별시,동구,대인동,2483,2026.0,0.0,0.0,0.0,0.0,0.0,0.0,0.0,0.0,510.0,전북특별자치도,순창군,2483,18.0,11.0,1.0,6.0,0.0,0.0,0.0,0.0
,,,신광주,,,,,,,,,,,,,,,,,,,,,,,,전북특별자치도,순창군,순창읍,2483,2026.0,0.0,0.0,0.0,0.0,0.0,0.0,0.0,0.0,510.0,전남광주통합특별시,곡성군,2483,18.0,11.0,1.0,6.0,0.0,0.0,0.0,0.0
,,,신광주,,,,,,,,,,,,,,,,,,,,,,,,전북특별자치도,순창군,순창읍,2483,2026.0,0.0,0.0,0.0,0.0,0.0,0.0,0.0,0.0,510.0,전남광주통합특별시,광산구,2483,18.0,11.0,1.0,6.0,0.0,0.0,0.0,0.0
,,,신광주,,,,,,,,,,,,,,,,,,,,,,,,전북특별자치도,순창군,순창읍,2483,2026.0,0.0,0.0,0.0,0.0,0.0,0.0,0.0,0.0,510.0,전남광주통합특별시,구례군,2483,18.0,11.0,1.0,6.0,0.0,0.0,0.0,0.0
,,,신광주,,,,,,,,,,,,,,,,,,,,,,,,전북특별자치도,순창군,순창읍,2483,2026.0,0.0,0.0,0.0,0.0,0.0,0.0,0.0,0.0,510.0,전남광주통합특별시,담양군,2483,18.0,11.0,1.0,6.0,0.0,0.0,0.0,0.0
,,,신광주,,,,,,,,,,,,,,,,,,,,,,,,전북특별자치도,순창군,순창읍,2483,2026.0,0.0,0.0,0.0,0.0,0.0,0.0,0.0,0.0,510.0,전남광주통합특별시,동구,2483,18.0,11.0,1.0,6.0,0.0,0.0,0.0,0.0
,,,신광주,,,,,,,,,,,,,,,,,,,,,,,,전북특별자치도,순창군,순창읍,2483,2026.0,0.0,0.0,0.0,0.0,0.0,0.0,0.0,0.0,510.0,전남광주통합특별시,북구,2483,18.0,11.0,1.0,6.0,0.0,0.0,0.0,0.0
,,,신광주,,,,,,,,,,,,,,,,,,,,,,,,전북특별자치도,순창군,순창읍,2483,2026.0,0.0,0.0,0.0,0.0,0.0,0.0,0.0,0.0,510.0,전남광주통합특별시,서구,2483,18.0,11.0,1.0,6.0,0.0,0.0,0.0,0.0
,,,신광주,,,,,,,,,,,,,,,,,,,,,,,,전북특별자치도,순창군,순창읍,2483,2026.0,0.0,0.0,0.0,0.0,0.0,0.0,0.0,0.0,510.0,전남광주통합특별시,영광군,2483,18.0,11.0,1.0,6.0,0.0,0.0,0.0,0.0
,,,신광주,,,,,,,,,,,,,,,,,,,,,,,,전북특별자치도,순창군,순창읍,2483,2026.0,0.0,0.0,0.0,0.0,0.0,0.0,0.0,0.0,510.0,전남광주통합특별시,장성군,2483,18.0,11.0,1.0,6.0,0.0,0.0,0.0,0.0
,,,신광주,,,,,,,,,,,,,,,,,,,,,,,,전북특별자치도,순창군,순창읍,2483,2026.0,0.0,0.0,0.0,0.0,0.0,0.0,0.0,0.0,510.0,전북특별자치도,순창군,2483,18.0,11.0,1.0,6.0,0.0,0.0,0.0,0.0
서울특별시,동작구,신대방동,신길,2659,2026.0,0.0,0.0,0.0,0.0,0.0,0.0,0.0,0.0,서울특별시,관악구,신림동,2659,2026.0,0.0,0.0,0.0,0.0,0.0,30.0,30.0,0.0,서울특별시,관악구,신림동,2659,2026.0,350.0,350.0,350.0,350.0,350.0,350.0,350.0,350.0,0.0,서울특별시,관악구,2659,6.0,4.0,0.0,2.0,34.0,25.0,0.0,9.0
서울특별시,동작구,신대방동,신길,2659,2026.0,0.0,0.0,0.0,0.0,0.0,0.0,0.0,0.0,서울특별시,관악구,신림동,2659,2026.0,0.0,0.0,0.0,0.0,0.0,30.0,30.0,0.0,서울특별시,관악구,신림동,2659,2026.0,350.0,350.0,350.0,350.0,350.0,350.0,350.0,350.0,0.0,서울특별시,동작구,2659,6.0,4.0,0.0,2.0,34.0,25.0,0.0,9.0
전북특별자치도,김제시,금구면,신김제,2788,2026.0,55.2,0.0,0.0,0.0,55.2,55.2,55.2,55.2,전북특별자치도,김제시,신월동,2788,2026.0,400.0,0.0,0.0,0.0,350.0,400.0,400.0,400.0,전북특별자치도,김제시,신월동,2788,2026.0,0.0,0.0,0.0,0.0,0.0,0.0,1480.0,0.0,1410.0,전북특별자치도,고창군,2788,15.0,12.0,2.0,1.0,15.0,11.0,0.0,4.0
전북특별자치도,김제시,금구면,신김제,2788,2026.0,55.2,0.0,0.0,0.0,55.2,55.2,55.2,55.2,전북특별자치도,김제시,신월동,2788,2026.0,400.0,0.0,0.0,0.0,350.0,400.0,400.0,400.0,전북특별자치도,김제시,신월동,2788,2026.0,0.0,0.0,0.0,0.0,0.0,0.0,1480.0,0.0,1410.0,전북특별자치도,김제시,2788,15.0,12.0,2.0,1.0,15.0,11.0,0.0,4.0
전북특별자치도,김제시,금구면,신김제,2788,2026.0,55.2,0.0,0.0,0.0,55.2,55.2,55.2,55.2,전북특별자치도,김제시,신월동,2788,2026.0,400.0,0.0,0.0,0.0,350.0,400.0,400.0,400.0,전북특별자치도,김제시,신월동,2788,2026.0,0.0,0.0,0.0,0.0,0.0,0.0,1480.0,0.0,1410.0,전북특별자치도,무주군,2788,15.0,12.0,2.0,1.0,15.0,11.0,0.0,4.0
전북특별자치도,김제시,금구면,신김제,2788,2026.0,55.2,0.0,0.0,0.0,55.2,55.2,55.2,55.2,전북특별자치도,김제시,신월동,2788,2026.0,400.0,0.0,0.0,0.0,350.0,400.0,400.0,400.0,전북특별자치도,김제시,신월동,2788,2026.0,0.0,0.0,0.0,0.0,0.0,0.0,1480.0,0.0,1410.0,전북특별자치도,부안군,2788,15.0,12.0,2.0,1.0,15.0,11.0,0.0,4.0
전북특별자치도,김제시,금구면,신김제,2788,2026.0,55.2,0.0,0.0,0.0,55.2,55.2,55.2,55.2,전북특별자치도,김제시,신월동,2788,2026.0,400.0,0.0,0.0,0.0,350.0,400.0,400.0,400.0,전북특별자치도,김제시,신월동,2788,2026.0,0.0,0.0,0.0,0.0,0.0,0.0,1480.0,0.0,1410.0,전북특별자치도,장수군,2788,15.0,12.0,2.0,1.0,15.0,11.0,0.0,4.0
전북특별자치도,김제시,금구면,신김제,2788,2026.0,55.2,0.0,0.0,0.0,55.2,55.2,55.2,55.2,전북특별자치도,김제시,신월동,2788,2026.0,400.0,0.0,0.0,0.0,350.0,400.0,400.0,400.0,전북특별자치도,김제시,신월동,2788,2026.0,0.0,0.0,0.0,0.0,0.0,0.0,1480.0,0.0,1410.0,전북특별자치도,전주시덕진구,2788,15.0,12.0,2.0,1.0,15.0,11.0,0.0,4.0
전북특별자치도,김제시,금구면,신김제,2788,2026.0,55.2,0.0,0.0,0.0,55.2,55.2,55.2,55.2,전북특별자치도,김제시,신월동,2788,2026.0,400.0,0.0,0.0,0.0,350.0,400.0,400.0,400.0,전북특별자치도,김제시,신월동,2788,2026.0,0.0,0.0,0.0,0.0,0.0,0.0,1480.0,0.0,1410.0,전북특별자치도,전주시완산구,2788,15.0,12.0,2.0,1.0,15.0,11.0,0.0,4.0
전북특별자치도,김제시,금구면,신김제,2788,2026.0,55.2,0.0,0.0,0.0,55.2,55.2,55.2,55.2,전북특별자치도,김제시,신월동,2788,2026.0,400.0,0.0,0.0,0.0,350.0,400.0,400.0,400.0,전북특별자치도,김제시,신월동,2788,2026.0,0.0,0.0,0.0,0.0,0.0,0.0,1480.0,0.0,1410.0,전북특별자치도,정읍시,2788,15.0,12.0,2.0,1.0,15.0,11.0,0.0,4.0
전북특별자치도,김제시,금구면,신김제,2788,2026.0,55.2,0.0,0.0,0.0,55.2,55.2,55.2,55.2,전북특별자치도,김제시,신월동,2788,2026.0,400.0,0.0,0.0,0.0,350.0,400.0,400.0,400.0,전북특별자치도,김제시,신월동,2788,2026.0,0.0,0.0,0.0,0.0,0.0,0.0,1480.0,0.0,1410.0,전북특별자치도,진안군,2788,15.0,12.0,2.0,1.0,15.0,11.0,0.0,4.0
경기도,김포시,구래동,신김포,D450,2026.0,0.0,0.0,0.0,0.0,0.0,0.0,0.0,0.0,경기도,김포시,구래동,D450,2026.0,0.0,0.0,0.0,0.0,0.0,0.0,230.0,0.0,경기도,김포시,구래동,D450,2026.0,1165.0,1750.0,1805.0,1810.0,1810.0,1810.0,1810.0,1165.0,0.0,경기도,김포시,D450,16.0,8.0,5.0,3.0,24.0,24.0,0.0,0.0
경상남도,창원시진해구,석동,신김해,2360,2026.0,0.0,0.0,0.0,18.4,16.8,0.0,0.0,0.0,경상남도,창원시진해구,석동,2360,2026.0,0.0,0.0,0.0,40.0,90.0,0.0,0.0,0.0,경상남도,창원시진해구,석동,2360,2026.0,0.0,0.0,0.0,0.0,0.0,0.0,0.0,0.0,0.0,경상남도,김해시,2360,26.0,20.0,0.0,6.0,21.0,11.0,0.0,10.0
경상남도,창원시진해구,석동,신김해,2360,2026.0,0.0,0.0,0.0,18.4,16.8,0.0,0.0,0.0,경상남도,창원시진해구,석동,2360,2026.0,0.0,0.0,0.0,40.0,90.0,0.0,0.0,0.0,경상남도,창원시진해구,석동,2360,2026.0,0.0,0.0,0.0,0.0,0.0,0.0,0.0,0.0,0.0,경상남도,밀양시,2360,26.0,20.0,0.0,6.0,21.0,11.0,0.0,10.0
경상남도,창원시진해구,석동,신김해,2360,2026.0,0.0,0.0,0.0,18.4,16.8,0.0,0.0,0.0,경상남도,창원시진해구,석동,2360,2026.0,0.0,0.0,0.0,40.0,90.0,0.0,0.0,0.0,경상남도,창원시진해구,석동,2360,2026.0,0.0,0.0,0.0,0.0,0.0,0.0,0.0,0.0,0.0,경상남도,창원시성산구,2360,26.0,20.0,0.0,6.0,21.0,11.0,0.0,10.0
경상남도,창원시진해구,석동,신김해,2360,2026.0,0.0,0.0,0.0,18.4,16.8,0.0,0.0,0.0,경상남도,창원시진해구,석동,2360,2026.0,0.0,0.0,0.0,40.0,90.0,0.0,0.0,0.0,경상남도,창원시진해구,석동,2360,2026.0,0.0,0.0,0.0,0.0,0.0,0.0,0.0,0.0,0.0,경상남도,창원시의창구,2360,26.0,20.0,0.0,6.0,21.0,11.0,0.0,10.0
경상남도,창원시진해구,석동,신김해,2360,2026.0,0.0,0.0,0.0,18.4,16.8,0.0,0.0,0.0,경상남도,창원시진해구,석동,2360,2026.0,0.0,0.0,0.0,40.0,90.0,0.0,0.0,0.0,경상남도,창원시진해구,석동,2360,2026.0,0.0,0.0,0.0,0.0,0.0,0.0,0.0,0.0,0.0,경상남도,창원시진해구,2360,26.0,20.0,0.0,6.0,21.0,11.0,0.0,10.0
전북특별자치도,남원시,이백면,신남원,2053,2026.0,124.3,123.6,122.9,122.2,121.5,120.8,120.2,124.3,전북특별자치도,남원시,동충동,2053,2026.0,0.0,0.0,0.0,0.0,0.0,0.0,0.0,0.0,전북특별자치도,남원시,동충동,2053,2026.0,0.0,0.0,0.0,0.0,0.0,0.0,0.0,0.0,0.0,전북특별자치도,남원시,2053,11.0,11.0,0.0,0.0,26.0,15.0,0.0,11.0
전북특별자치도,남원시,이백면,신남원,2053,2026.0,124.3,123.6,122.9,122.2,121.5,120.8,120.2,124.3,전북특별자치도,남원시,동충동,2053,2026.0,0.0,0.0,0.0,0.0,0.0,0.0,0.0,0.0,전북특별자치도,남원시,동충동,2053,2026.0,0.0,0.0,0.0,0.0,0.0,0.0,0.0,0.0,0.0,전북특별자치도,임실군,2053,11.0,11.0,0.0,0.0,26.0,15.0,0.0,11.0
서울특별시,중랑구,신내동,신내,S102,2026.0,11.7,10.1,8.3,7.2,6.0,4.9,3.9,11.7,서울특별시,중랑구,망우동,S102,2026.0,210.0,170.0,255.0,225.0,230.0,230.0,215.0,210.0,서울특별시,중랑구,망우동,S102,2026.0,1270.0,1270.0,1275.0,1285.0,1295.0,1295.0,1295.0,1270.0,0.0,서울특별시,중랑구,S102,8.0,6.0,1.0,1.0,30.0,28.0,0.0,2.0
,,,신녹산,,,,,,,,,,,,,,,,,,,,,,,,경상남도,창원시진해구,남문동,D274,2026.0,370.0,370.0,370.0,370.0,370.0,480.0,555.0,370.0,0.0,경상남도,창원시진해구,D274,10.0,10.0,0.0,0.0,0.0,0.0,0.0,0.0
,,,신녹산,,,,,,,,,,,,,,,,,,,,,,,,경상남도,창원시진해구,남문동,D274,2026.0,370.0,370.0,370.0,370.0,370.0,480.0,555.0,370.0,0.0,부산광역시,강서구,D274,10.0,10.0,0.0,0.0,0.0,0.0,0.0,0.0
,,,신녹산,,,,,,,,,,,,,,,,,,,,,,,,부산광역시,강서구,송정동,D274,2026.0,370.0,370.0,370.0,370.0,370.0,480.0,555.0,370.0,0.0,경상남도,창원시진해구,D274,10.0,10.0,0.0,0.0,0.0,0.0,0.0,0.0
,,,신녹산,,,,,,,,,,,,,,,,,,,,,,,,부산광역시,강서구,송정동,D274,2026.0,370.0,370.0,370.0,370.0,370.0,480.0,555.0,370.0,0.0,부산광역시,강서구,D274,10.0,10.0,0.0,0.0,0.0,0.0,0.0,0.0
,,,신달성1(건설중),,,,,,,,,,,,,,,,,,,,,,,,대구광역시,달성군,유가읍,E155,2026.0,0.0,0.0,1620.0,1740.0,1765.0,1810.0,1820.0,0.0,0.0,,,,,,,,,,,
서울특별시,중구,신당동,신당,2624,2026.0,0.0,0.0,0.0,0.0,0.0,0.0,0.0,0.0,서울특별시,중구,신당동,2624,2026.0,0.0,0.0,0.0,0.0,0.0,0.0,0.0,0.0,서울특별시,중구,신당동,2624,2026.0,1105.0,1105.0,1105.0,1105.0,1105.0,1105.0,1105.0,1105.0,0.0,,,,,,,,,,,
충청남도,서산시,예천동,신당진,2787,2026.0,0.0,0.0,0.0,0.0,0.0,0.0,0.0,0.0,충청남도,서산시,예천동,2787,2026.0,0.0,390.0,375.0,345.0,0.0,0.0,0.0,0.0,충청남도,서산시,예천동,2787,2026.0,0.0,0.0,0.0,0.0,0.0,0.0,0.0,0.0,90.0,충청남도,당진시,2787,18.0,5.0,2.0,11.0,14.0,8.0,1.0,5.0
충청남도,서산시,예천동,신당진,2787,2026.0,0.0,0.0,0.0,0.0,0.0,0.0,0.0,0.0,충청남도,서산시,예천동,2787,2026.0,0.0,390.0,375.0,345.0,0.0,0.0,0.0,0.0,충청남도,서산시,예천동,2787,2026.0,0.0,0.0,0.0,0.0,0.0,0.0,0.0,0.0,90.0,충청남도,서산시,2787,18.0,5.0,2.0,11.0,14.0,8.0,1.0,5.0
,,,신대연,,,,,,,,,,,,,,,,,,,,,,,,부산광역시,연제구,거제동,D520,2026.0,615.0,645.0,645.0,655.0,675.0,675.0,675.0,615.0,0.0,부산광역시,남구,D520,12.0,7.0,0.0,5.0,0.0,0.0,0.0,0.0
,,,신대연,,,,,,,,,,,,,,,,,,,,,,,,부산광역시,연제구,거제동,D520,2026.0,615.0,645.0,645.0,655.0,675.0,675.0,675.0,615.0,0.0,부산광역시,부산진구,D520,12.0,7.0,0.0,5.0,0.0,0.0,0.0,0.0
,,,신대연,,,,,,,,,,,,,,,,,,,,,,,,부산광역시,연제구,거제동,D520,2026.0,615.0,645.0,645.0,655.0,675.0,675.0,675.0,615.0,0.0,부산광역시,연제구,D520,12.0,7.0,0.0,5.0,0.0,0.0,0.0,0.0
경기도,파주시,월롱면,신덕은,S124,2026.0,0.0,0.0,0.0,0.0,0.0,0.0,7.8,0.0,경기도,고양시일산동구,식사동,S124,2026.0,0.0,0.0,0.0,0.0,0.0,0.0,25.0,0.0,경기도,고양시일산동구,식사동,S124,2026.0,0.0,0.0,0.0,0.0,0.0,0.0,425.0,0.0,0.0,경기도,고양시덕양구,S124,16.0,10.0,0.0,6.0,25.0,22.0,0.0,3.0
경기도,파주시,월롱면,신덕은,S124,2026.0,0.0,0.0,0.0,0.0,0.0,0.0,7.8,0.0,경기도,고양시일산동구,식사동,S124,2026.0,0.0,0.0,0.0,0.0,0.0,0.0,25.0,0.0,경기도,고양시일산동구,식사동,S124,2026.0,0.0,0.0,0.0,0.0,0.0,0.0,425.0,0.0,0.0,경기도,고양시일산동구,S124,16.0,10.0,0.0,6.0,25.0,22.0,0.0,3.0
경기도,파주시,월롱면,신덕은,S124,2026.0,0.0,0.0,0.0,0.0,0.0,0.0,7.8,0.0,경기도,고양시일산동구,식사동,S124,2026.0,0.0,0.0,0.0,0.0,0.0,0.0,25.0,0.0,경기도,고양시일산동구,식사동,S124,2026.0,0.0,0.0,0.0,0.0,0.0,0.0,425.0,0.0,0.0,경기도,고양시일산서구,S124,16.0,10.0,0.0,6.0,25.0,22.0,0.0,3.0
경기도,파주시,월롱면,신덕은,S124,2026.0,0.0,0.0,0.0,0.0,0.0,0.0,7.8,0.0,경기도,고양시일산동구,식사동,S124,2026.0,0.0,0.0,0.0,0.0,0.0,0.0,25.0,0.0,경기도,고양시일산동구,식사동,S124,2026.0,0.0,0.0,0.0,0.0,0.0,0.0,425.0,0.0,0.0,경기도,파주시,S124,16.0,10.0,0.0,6.0,25.0,22.0,0.0,3.0
서울특별시,관악구,봉천동,신림,S211,2026.0,0.0,0.0,0.0,0.0,0.0,0.0,58.1,0.0,서울특별시,관악구,신림동,S211,2026.0,0.0,0.0,0.0,0.0,0.0,0.0,90.0,0.0,서울특별시,관악구,신림동,S211,2026.0,260.0,260.0,260.0,260.0,260.0,260.0,355.0,260.0,0.0,서울특별시,관악구,S211,8.0,2.0,1.0,5.0,32.0,15.0,3.0,14.0
서울특별시,관악구,봉천동,신림,S211,2026.0,0.0,0.0,0.0,0.0,0.0,0.0,58.1,0.0,서울특별시,관악구,신림동,S211,2026.0,0.0,0.0,0.0,0.0,0.0,0.0,90.0,0.0,서울특별시,관악구,신림동,S211,2026.0,260.0,260.0,260.0,260.0,260.0,260.0,355.0,260.0,0.0,서울특별시,서초구,S211,8.0,2.0,1.0,5.0,32.0,15.0,3.0,14.0
경상남도,창원시마산합포구,대외동,신마산,2054,2026.0,28.4,26.9,23.9,21.9,18.9,16.0,14.0,28.4,경상남도,창원시마산합포구,대외동,2054,2026.0,0.0,0.0,0.0,0.0,0.0,0.0,0.0,0.0,경상남도,창원시마산합포구,대외동,2054,2026.0,0.0,0.0,0.0,850.0,1280.0,1280.0,1280.0,0.0,0.0,경상남도,밀양시,2054,26.0,20.0,0.0,6.0,11.0,11.0,0.0,0.0
경상남도,창원시마산합포구,대외동,신마산,2054,2026.0,28.4,26.9,23.9,21.9,18.9,16.0,14.0,28.4,경상남도,창원시마산합포구,대외동,2054,2026.0,0.0,0.0,0.0,0.0,0.0,0.0,0.0,0.0,경상남도,창원시마산합포구,대외동,2054,2026.0,0.0,0.0,0.0,850.0,1280.0,1280.0,1280.0,0.0,0.0,경상남도,창녕군,2054,26.0,20.0,0.0,6.0,11.0,11.0,0.0,0.0
경상남도,창원시마산합포구,대외동,신마산,2054,2026.0,28.4,26.9,23.9,21.9,18.9,16.0,14.0,28.4,경상남도,창원시마산합포구,대외동,2054,2026.0,0.0,0.0,0.0,0.0,0.0,0.0,0.0,0.0,경상남도,창원시마산합포구,대외동,2054,2026.0,0.0,0.0,0.0,850.0,1280.0,1280.0,1280.0,0.0,0.0,경상남도,창원시마산합포구,2054,26.0,20.0,0.0,6.0,11.0,11.0,0.0,0.0
경상남도,창원시마산합포구,대외동,신마산,2054,2026.0,28.4,26.9,23.9,21.9,18.9,16.0,14.0,28.4,경상남도,창원시마산합포구,대외동,2054,2026.0,0.0,0.0,0.0,0.0,0.0,0.0,0.0,0.0,경상남도,창원시마산합포구,대외동,2054,2026.0,0.0,0.0,0.0,850.0,1280.0,1280.0,1280.0,0.0,0.0,경상남도,창원시마산회원구,2054,26.0,20.0,0.0,6.0,11.0,11.0,0.0,0.0
경상남도,창원시마산합포구,대외동,신마산,2054,2026.0,28.4,26.9,23.9,21.9,18.9,16.0,14.0,28.4,경상남도,창원시마산합포구,대외동,2054,2026.0,0.0,0.0,0.0,0.0,0.0,0.0,0.0,0.0,경상남도,창원시마산합포구,대외동,2054,2026.0,0.0,0.0,0.0,850.0,1280.0,1280.0,1280.0,0.0,0.0,경상남도,창원시의창구,2054,26.0,20.0,0.0,6.0,11.0,11.0,0.0,0.0
경상남도,창원시마산합포구,대외동,신마산,2054,2026.0,28.4,26.9,23.9,21.9,18.9,16.0,14.0,28.4,경상남도,창원시마산합포구,대외동,2054,2026.0,0.0,0.0,0.0,0.0,0.0,0.0,0.0,0.0,경상남도,창원시마산합포구,대외동,2054,2026.0,0.0,0.0,0.0,850.0,1280.0,1280.0,1280.0,0.0,0.0,경상남도,함안군,2054,26.0,20.0,0.0,6.0,11.0,11.0,0.0,0.0
,,,신문래,,,,,,,,,,,,,,,,,,,,,,,,서울특별시,양천구,신정동,S216,2026.0,2235.0,2235.0,2275.0,2275.0,2275.0,2275.0,2290.0,2235.0,0.0,서울특별시,관악구,S216,18.0,9.0,2.0,7.0,0.0,0.0,0.0,0.0
,,,신문래,,,,,,,,,,,,,,,,,,,,,,,,서울특별시,양천구,신정동,S216,2026.0,2235.0,2235.0,2275.0,2275.0,2275.0,2275.0,2290.0,2235.0,0.0,서울특별시,구로구,S216,18.0,9.0,2.0,7.0,0.0,0.0,0.0,0.0
,,,신문래,,,,,,,,,,,,,,,,,,,,,,,,서울특별시,양천구,신정동,S216,2026.0,2235.0,2235.0,2275.0,2275.0,2275.0,2275.0,2290.0,2235.0,0.0,서울특별시,동작구,S216,18.0,9.0,2.0,7.0,0.0,0.0,0.0,0.0
,,,신문래,,,,,,,,,,,,,,,,,,,,,,,,서울특별시,양천구,신정동,S216,2026.0,2235.0,2235.0,2275.0,2275.0,2275.0,2275.0,2290.0,2235.0,0.0,서울특별시,양천구,S216,18.0,9.0,2.0,7.0,0.0,0.0,0.0,0.0
,,,신문래,,,,,,,,,,,,,,,,,,,,,,,,서울특별시,양천구,신정동,S216,2026.0,2235.0,2235.0,2275.0,2275.0,2275.0,2275.0,2290.0,2235.0,0.0,서울특별시,영등포구,S216,18.0,9.0,2.0,7.0,0.0,0.0,0.0,0.0
경기도,용인시수지구,신봉동,신봉,D320,2026.0,0.0,0.0,0.0,0.0,0.0,0.0,0.0,0.0,경기도,용인시수지구,고기동,D320,2026.0,0.0,0.0,0.0,0.0,0.0,0.0,0.0,0.0,경기도,용인시수지구,고기동,D320,2026.0,390.0,390.0,390.0,390.0,390.0,390.0,390.0,390.0,0.0,경기도,용인시수지구,D320,12.0,6.0,0.0,6.0,26.0,6.0,1.0,19.0
서울특별시,강서구,오쇠동,신부평,S321,2026.0,0.0,0.0,0.0,0.0,0.0,0.0,0.0,0.0,서울특별시,강서구,염창동,S321,2026.0,0.0,0.0,0.0,0.0,0.0,0.0,0.0,0.0,경기도,부천시 오정구,오정동,S321,2026.0,2085.0,2085.0,2085.0,2085.0,2085.0,2085.0,2085.0,2085.0,0.0,경기도,부천시오정구,S321,18.0,10.0,2.0,6.0,27.0,25.0,0.0,2.0
서울특별시,강서구,오쇠동,신부평,S321,2026.0,0.0,0.0,0.0,0.0,0.0,0.0,0.0,0.0,서울특별시,강서구,염창동,S321,2026.0,0.0,0.0,0.0,0.0,0.0,0.0,0.0,0.0,경기도,부천시 오정구,오정동,S321,2026.0,2085.0,2085.0,2085.0,2085.0,2085.0,2085.0,2085.0,2085.0,0.0,서울특별시,강서구,S321,18.0,10.0,2.0,6.0,27.0,25.0,0.0,2.0
서울특별시,강서구,오쇠동,신부평,S321,2026.0,0.0,0.0,0.0,0.0,0.0,0.0,0.0,0.0,서울특별시,강서구,염창동,S321,2026.0,0.0,0.0,0.0,0.0,0.0,0.0,0.0,0.0,경기도,부천시 오정구,오정동,S321,2026.0,2085.0,2085.0,2085.0,2085.0,2085.0,2085.0,2085.0,2085.0,0.0,인천광역시,계양구,S321,18.0,10.0,2.0,6.0,27.0,25.0,0.0,2.0
서울특별시,강서구,오쇠동,신부평,S321,2026.0,0.0,0.0,0.0,0.0,0.0,0.0,0.0,0.0,서울특별시,강서구,염창동,S321,2026.0,0.0,0.0,0.0,0.0,0.0,0.0,0.0,0.0,경기도,부천시 오정구,오정동,S321,2026.0,2085.0,2085.0,2085.0,2085.0,2085.0,2085.0,2085.0,2085.0,0.0,인천광역시,부평구,S321,18.0,10.0,2.0,6.0,27.0,25.0,0.0,2.0
서울특별시,강서구,오쇠동,신부평,S321,2026.0,0.0,0.0,0.0,0.0,0.0,0.0,0.0,0.0,서울특별시,강서구,염창동,S321,2026.0,0.0,0.0,0.0,0.0,0.0,0.0,0.0,0.0,서울특별시,강서구,염창동,S321,2026.0,2085.0,2085.0,2085.0,2085.0,2085.0,2085.0,2085.0,2085.0,0.0,경기도,부천시오정구,S321,18.0,10.0,2.0,6.0,27.0,25.0,0.0,2.0
서울특별시,강서구,오쇠동,신부평,S321,2026.0,0.0,0.0,0.0,0.0,0.0,0.0,0.0,0.0,서울특별시,강서구,염창동,S321,2026.0,0.0,0.0,0.0,0.0,0.0,0.0,0.0,0.0,서울특별시,강서구,염창동,S321,2026.0,2085.0,2085.0,2085.0,2085.0,2085.0,2085.0,2085.0,2085.0,0.0,서울특별시,강서구,S321,18.0,10.0,2.0,6.0,27.0,25.0,0.0,2.0
서울특별시,강서구,오쇠동,신부평,S321,2026.0,0.0,0.0,0.0,0.0,0.0,0.0,0.0,0.0,서울특별시,강서구,염창동,S321,2026.0,0.0,0.0,0.0,0.0,0.0,0.0,0.0,0.0,서울특별시,강서구,염창동,S321,2026.0,2085.0,2085.0,2085.0,2085.0,2085.0,2085.0,2085.0,2085.0,0.0,인천광역시,계양구,S321,18.0,10.0,2.0,6.0,27.0,25.0,0.0,2.0
서울특별시,강서구,오쇠동,신부평,S321,2026.0,0.0,0.0,0.0,0.0,0.0,0.0,0.0,0.0,서울특별시,강서구,염창동,S321,2026.0,0.0,0.0,0.0,0.0,0.0,0.0,0.0,0.0,서울특별시,강서구,염창동,S321,2026.0,2085.0,2085.0,2085.0,2085.0,2085.0,2085.0,2085.0,2085.0,0.0,인천광역시,부평구,S321,18.0,10.0,2.0,6.0,27.0,25.0,0.0,2.0
서울특별시,강서구,오쇠동,신부평,S321,2026.0,0.0,0.0,0.0,0.0,0.0,0.0,0.0,0.0,서울특별시,강서구,염창동,S321,2026.0,0.0,0.0,0.0,0.0,0.0,0.0,0.0,0.0,인천광역시,부평구,청천동,S321,2026.0,2085.0,2085.0,2085.0,2085.0,2085.0,2085.0,2085.0,2085.0,0.0,경기도,부천시오정구,S321,18.0,10.0,2.0,6.0,27.0,25.0,0.0,2.0
서울특별시,강서구,오쇠동,신부평,S321,2026.0,0.0,0.0,0.0,0.0,0.0,0.0,0.0,0.0,서울특별시,강서구,염창동,S321,2026.0,0.0,0.0,0.0,0.0,0.0,0.0,0.0,0.0,인천광역시,부평구,청천동,S321,2026.0,2085.0,2085.0,2085.0,2085.0,2085.0,2085.0,2085.0,2085.0,0.0,서울특별시,강서구,S321,18.0,10.0,2.0,6.0,27.0,25.0,0.0,2.0
서울특별시,강서구,오쇠동,신부평,S321,2026.0,0.0,0.0,0.0,0.0,0.0,0.0,0.0,0.0,서울특별시,강서구,염창동,S321,2026.0,0.0,0.0,0.0,0.0,0.0,0.0,0.0,0.0,인천광역시,부평구,청천동,S321,2026.0,2085.0,2085.0,2085.0,2085.0,2085.0,2085.0,2085.0,2085.0,0.0,인천광역시,계양구,S321,18.0,10.0,2.0,6.0,27.0,25.0,0.0,2.0
서울특별시,강서구,오쇠동,신부평,S321,2026.0,0.0,0.0,0.0,0.0,0.0,0.0,0.0,0.0,서울특별시,강서구,염창동,S321,2026.0,0.0,0.0,0.0,0.0,0.0,0.0,0.0,0.0,인천광역시,부평구,청천동,S321,2026.0,2085.0,2085.0,2085.0,2085.0,2085.0,2085.0,2085.0,2085.0,0.0,인천광역시,부평구,S321,18.0,10.0,2.0,6.0,27.0,25.0,0.0,2.0
서울특별시,강서구,오쇠동,신부평,S321,2026.0,0.0,0.0,0.0,0.0,0.0,0.0,0.0,0.0,인천광역시,부평구,청천동,S321,2026.0,0.0,0.0,0.0,0.0,0.0,0.0,0.0,0.0,경기도,부천시 오정구,오정동,S321,2026.0,2085.0,2085.0,2085.0,2085.0,2085.0,2085.0,2085.0,2085.0,0.0,경기도,부천시오정구,S321,18.0,10.0,2.0,6.0,27.0,25.0,0.0,2.0
서울특별시,강서구,오쇠동,신부평,S321,2026.0,0.0,0.0,0.0,0.0,0.0,0.0,0.0,0.0,인천광역시,부평구,청천동,S321,2026.0,0.0,0.0,0.0,0.0,0.0,0.0,0.0,0.0,경기도,부천시 오정구,오정동,S321,2026.0,2085.0,2085.0,2085.0,2085.0,2085.0,2085.0,2085.0,2085.0,0.0,서울특별시,강서구,S321,18.0,10.0,2.0,6.0,27.0,25.0,0.0,2.0
서울특별시,강서구,오쇠동,신부평,S321,2026.0,0.0,0.0,0.0,0.0,0.0,0.0,0.0,0.0,인천광역시,부평구,청천동,S321,2026.0,0.0,0.0,0.0,0.0,0.0,0.0,0.0,0.0,경기도,부천시 오정구,오정동,S321,2026.0,2085.0,2085.0,2085.0,2085.0,2085.0,2085.0,2085.0,2085.0,0.0,인천광역시,계양구,S321,18.0,10.0,2.0,6.0,27.0,25.0,0.0,2.0
서울특별시,강서구,오쇠동,신부평,S321,2026.0,0.0,0.0,0.0,0.0,0.0,0.0,0.0,0.0,인천광역시,부평구,청천동,S321,2026.0,0.0,0.0,0.0,0.0,0.0,0.0,0.0,0.0,경기도,부천시 오정구,오정동,S321,2026.0,2085.0,2085.0,2085.0,2085.0,2085.0,2085.0,2085.0,2085.0,0.0,인천광역시,부평구,S321,18.0,10.0,2.0,6.0,27.0,25.0,0.0,2.0
서울특별시,강서구,오쇠동,신부평,S321,2026.0,0.0,0.0,0.0,0.0,0.0,0.0,0.0,0.0,인천광역시,부평구,청천동,S321,2026.0,0.0,0.0,0.0,0.0,0.0,0.0,0.0,0.0,서울특별시,강서구,염창동,S321,2026.0,2085.0,2085.0,2085.0,2085.0,2085.0,2085.0,2085.0,2085.0,0.0,경기도,부천시오정구,S321,18.0,10.0,2.0,6.0,27.0,25.0,0.0,2.0
서울특별시,강서구,오쇠동,신부평,S321,2026.0,0.0,0.0,0.0,0.0,0.0,0.0,0.0,0.0,인천광역시,부평구,청천동,S321,2026.0,0.0,0.0,0.0,0.0,0.0,0.0,0.0,0.0,서울특별시,강서구,염창동,S321,2026.0,2085.0,2085.0,2085.0,2085.0,2085.0,2085.0,2085.0,2085.0,0.0,서울특별시,강서구,S321,18.0,10.0,2.0,6.0,27.0,25.0,0.0,2.0
서울특별시,강서구,오쇠동,신부평,S321,2026.0,0.0,0.0,0.0,0.0,0.0,0.0,0.0,0.0,인천광역시,부평구,청천동,S321,2026.0,0.0,0.0,0.0,0.0,0.0,0.0,0.0,0.0,서울특별시,강서구,염창동,S321,2026.0,2085.0,2085.0,2085.0,2085.0,2085.0,2085.0,2085.0,2085.0,0.0,인천광역시,계양구,S321,18.0,10.0,2.0,6.0,27.0,25.0,0.0,2.0
서울특별시,강서구,오쇠동,신부평,S321,2026.0,0.0,0.0,0.0,0.0,0.0,0.0,0.0,0.0,인천광역시,부평구,청천동,S321,2026.0,0.0,0.0,0.0,0.0,0.0,0.0,0.0,0.0,서울특별시,강서구,염창동,S321,2026.0,2085.0,2085.0,2085.0,2085.0,2085.0,2085.0,2085.0,2085.0,0.0,인천광역시,부평구,S321,18.0,10.0,2.0,6.0,27.0,25.0,0.0,2.0
서울특별시,강서구,오쇠동,신부평,S321,2026.0,0.0,0.0,0.0,0.0,0.0,0.0,0.0,0.0,인천광역시,부평구,청천동,S321,2026.0,0.0,0.0,0.0,0.0,0.0,0.0,0.0,0.0,인천광역시,부평구,청천동,S321,2026.0,2085.0,2085.0,2085.0,2085.0,2085.0,2085.0,2085.0,2085.0,0.0,경기도,부천시오정구,S321,18.0,10.0,2.0,6.0,27.0,25.0,0.0,2.0
서울특별시,강서구,오쇠동,신부평,S321,2026.0,0.0,0.0,0.0,0.0,0.0,0.0,0.0,0.0,인천광역시,부평구,청천동,S321,2026.0,0.0,0.0,0.0,0.0,0.0,0.0,0.0,0.0,인천광역시,부평구,청천동,S321,2026.0,2085.0,2085.0,2085.0,2085.0,2085.0,2085.0,2085.0,2085.0,0.0,서울특별시,강서구,S321,18.0,10.0,2.0,6.0,27.0,25.0,0.0,2.0
서울특별시,강서구,오쇠동,신부평,S321,2026.0,0.0,0.0,0.0,0.0,0.0,0.0,0.0,0.0,인천광역시,부평구,청천동,S321,2026.0,0.0,0.0,0.0,0.0,0.0,0.0,0.0,0.0,인천광역시,부평구,청천동,S321,2026.0,2085.0,2085.0,2085.0,2085.0,2085.0,2085.0,2085.0,2085.0,0.0,인천광역시,계양구,S321,18.0,10.0,2.0,6.0,27.0,25.0,0.0,2.0
서울특별시,강서구,오쇠동,신부평,S321,2026.0,0.0,0.0,0.0,0.0,0.0,0.0,0.0,0.0,인천광역시,부평구,청천동,S321,2026.0,0.0,0.0,0.0,0.0,0.0,0.0,0.0,0.0,인천광역시,부평구,청천동,S321,2026.0,2085.0,2085.0,2085.0,2085.0,2085.0,2085.0,2085.0,2085.0,0.0,인천광역시,부평구,S321,18.0,10.0,2.0,6.0,27.0,25.0,0.0,2.0
서울특별시,강서구,오쇠동,신부평,S321,2026.0,0.0,0.0,0.0,0.0,0.0,0.0,0.0,0.0,경기도,부천시 오정구,오정동,S321,2026.0,0.0,0.0,0.0,0.0,0.0,0.0,0.0,0.0,경기도,부천시 오정구,오정동,S321,2026.0,2085.0,2085.0,2085.0,2085.0,2085.0,2085.0,2085.0,2085.0,0.0,경기도,부천시오정구,S321,18.0,10.0,2.0,6.0,27.0,25.0,0.0,2.0
서울특별시,강서구,오쇠동,신부평,S321,2026.0,0.0,0.0,0.0,0.0,0.0,0.0,0.0,0.0,경기도,부천시 오정구,오정동,S321,2026.0,0.0,0.0,0.0,0.0,0.0,0.0,0.0,0.0,경기도,부천시 오정구,오정동,S321,2026.0,2085.0,2085.0,2085.0,2085.0,2085.0,2085.0,2085.0,2085.0,0.0,서울특별시,강서구,S321,18.0,10.0,2.0,6.0,27.0,25.0,0.0,2.0
서울특별시,강서구,오쇠동,신부평,S321,2026.0,0.0,0.0,0.0,0.0,0.0,0.0,0.0,0.0,경기도,부천시 오정구,오정동,S321,2026.0,0.0,0.0,0.0,0.0,0.0,0.0,0.0,0.0,경기도,부천시 오정구,오정동,S321,2026.0,2085.0,2085.0,2085.0,2085.0,2085.0,2085.0,2085.0,2085.0,0.0,인천광역시,계양구,S321,18.0,10.0,2.0,6.0,27.0,25.0,0.0,2.0
서울특별시,강서구,오쇠동,신부평,S321,2026.0,0.0,0.0,0.0,0.0,0.0,0.0,0.0,0.0,경기도,부천시 오정구,오정동,S321,2026.0,0.0,0.0,0.0,0.0,0.0,0.0,0.0,0.0,경기도,부천시 오정구,오정동,S321,2026.0,2085.0,2085.0,2085.0,2085.0,2085.0,2085.0,2085.0,2085.0,0.0,인천광역시,부평구,S321,18.0,10.0,2.0,6.0,27.0,25.0,0.0,2.0
서울특별시,강서구,오쇠동,신부평,S321,2026.0,0.0,0.0,0.0,0.0,0.0,0.0,0.0,0.0,경기도,부천시 오정구,오정동,S321,2026.0,0.0,0.0,0.0,0.0,0.0,0.0,0.0,0.0,서울특별시,강서구,염창동,S321,2026.0,2085.0,2085.0,2085.0,2085.0,2085.0,2085.0,2085.0,2085.0,0.0,경기도,부천시오정구,S321,18.0,10.0,2.0,6.0,27.0,25.0,0.0,2.0
서울특별시,강서구,오쇠동,신부평,S321,2026.0,0.0,0.0,0.0,0.0,0.0,0.0,0.0,0.0,경기도,부천시 오정구,오정동,S321,2026.0,0.0,0.0,0.0,0.0,0.0,0.0,0.0,0.0,서울특별시,강서구,염창동,S321,2026.0,2085.0,2085.0,2085.0,2085.0,2085.0,2085.0,2085.0,2085.0,0.0,서울특별시,강서구,S321,18.0,10.0,2.0,6.0,27.0,25.0,0.0,2.0
서울특별시,강서구,오쇠동,신부평,S321,2026.0,0.0,0.0,0.0,0.0,0.0,0.0,0.0,0.0,경기도,부천시 오정구,오정동,S321,2026.0,0.0,0.0,0.0,0.0,0.0,0.0,0.0,0.0,서울특별시,강서구,염창동,S321,2026.0,2085.0,2085.0,2085.0,2085.0,2085.0,2085.0,2085.0,2085.0,0.0,인천광역시,계양구,S321,18.0,10.0,2.0,6.0,27.0,25.0,0.0,2.0
서울특별시,강서구,오쇠동,신부평,S321,2026.0,0.0,0.0,0.0,0.0,0.0,0.0,0.0,0.0,경기도,부천시 오정구,오정동,S321,2026.0,0.0,0.0,0.0,0.0,0.0,0.0,0.0,0.0,서울특별시,강서구,염창동,S321,2026.0,2085.0,2085.0,2085.0,2085.0,2085.0,2085.0,2085.0,2085.0,0.0,인천광역시,부평구,S321,18.0,10.0,2.0,6.0,27.0,25.0,0.0,2.0
서울특별시,강서구,오쇠동,신부평,S321,2026.0,0.0,0.0,0.0,0.0,0.0,0.0,0.0,0.0,경기도,부천시 오정구,오정동,S321,2026.0,0.0,0.0,0.0,0.0,0.0,0.0,0.0,0.0,인천광역시,부평구,청천동,S321,2026.0,2085.0,2085.0,2085.0,2085.0,2085.0,2085.0,2085.0,2085.0,0.0,경기도,부천시오정구,S321,18.0,10.0,2.0,6.0,27.0,25.0,0.0,2.0
서울특별시,강서구,오쇠동,신부평,S321,2026.0,0.0,0.0,0.0,0.0,0.0,0.0,0.0,0.0,경기도,부천시 오정구,오정동,S321,2026.0,0.0,0.0,0.0,0.0,0.0,0.0,0.0,0.0,인천광역시,부평구,청천동,S321,2026.0,2085.0,2085.0,2085.0,2085.0,2085.0,2085.0,2085.0,2085.0,0.0,서울특별시,강서구,S321,18.0,10.0,2.0,6.0,27.0,25.0,0.0,2.0
서울특별시,강서구,오쇠동,신부평,S321,2026.0,0.0,0.0,0.0,0.0,0.0,0.0,0.0,0.0,경기도,부천시 오정구,오정동,S321,2026.0,0.0,0.0,0.0,0.0,0.0,0.0,0.0,0.0,인천광역시,부평구,청천동,S321,2026.0,2085.0,2085.0,2085.0,2085.0,2085.0,2085.0,2085.0,2085.0,0.0,인천광역시,계양구,S321,18.0,10.0,2.0,6.0,27.0,25.0,0.0,2.0
서울특별시,강서구,오쇠동,신부평,S321,2026.0,0.0,0.0,0.0,0.0,0.0,0.0,0.0,0.0,경기도,부천시 오정구,오정동,S321,2026.0,0.0,0.0,0.0,0.0,0.0,0.0,0.0,0.0,인천광역시,부평구,청천동,S321,2026.0,2085.0,2085.0,2085.0,2085.0,2085.0,2085.0,2085.0,2085.0,0.0,인천광역시,부평구,S321,18.0,10.0,2.0,6.0,27.0,25.0,0.0,2.0
인천광역시,부평구,청천동,신부평,S321,2026.0,0.0,0.0,0.0,0.0,0.0,0.0,0.0,0.0,서울특별시,강서구,염창동,S321,2026.0,0.0,0.0,0.0,0.0,0.0,0.0,0.0,0.0,경기도,부천시 오정구,오정동,S321,2026.0,2085.0,2085.0,2085.0,2085.0,2085.0,2085.0,2085.0,2085.0,0.0,경기도,부천시오정구,S321,18.0,10.0,2.0,6.0,27.0,25.0,0.0,2.0
인천광역시,부평구,청천동,신부평,S321,2026.0,0.0,0.0,0.0,0.0,0.0,0.0,0.0,0.0,서울특별시,강서구,염창동,S321,2026.0,0.0,0.0,0.0,0.0,0.0,0.0,0.0,0.0,경기도,부천시 오정구,오정동,S321,2026.0,2085.0,2085.0,2085.0,2085.0,2085.0,2085.0,2085.0,2085.0,0.0,서울특별시,강서구,S321,18.0,10.0,2.0,6.0,27.0,25.0,0.0,2.0
인천광역시,부평구,청천동,신부평,S321,2026.0,0.0,0.0,0.0,0.0,0.0,0.0,0.0,0.0,서울특별시,강서구,염창동,S321,2026.0,0.0,0.0,0.0,0.0,0.0,0.0,0.0,0.0,경기도,부천시 오정구,오정동,S321,2026.0,2085.0,2085.0,2085.0,2085.0,2085.0,2085.0,2085.0,2085.0,0.0,인천광역시,계양구,S321,18.0,10.0,2.0,6.0,27.0,25.0,0.0,2.0
인천광역시,부평구,청천동,신부평,S321,2026.0,0.0,0.0,0.0,0.0,0.0,0.0,0.0,0.0,서울특별시,강서구,염창동,S321,2026.0,0.0,0.0,0.0,0.0,0.0,0.0,0.0,0.0,경기도,부천시 오정구,오정동,S321,2026.0,2085.0,2085.0,2085.0,2085.0,2085.0,2085.0,2085.0,2085.0,0.0,인천광역시,부평구,S321,18.0,10.0,2.0,6.0,27.0,25.0,0.0,2.0
인천광역시,부평구,청천동,신부평,S321,2026.0,0.0,0.0,0.0,0.0,0.0,0.0,0.0,0.0,서울특별시,강서구,염창동,S321,2026.0,0.0,0.0,0.0,0.0,0.0,0.0,0.0,0.0,서울특별시,강서구,염창동,S321,2026.0,2085.0,2085.0,2085.0,2085.0,2085.0,2085.0,2085.0,2085.0,0.0,경기도,부천시오정구,S321,18.0,10.0,2.0,6.0,27.0,25.0,0.0,2.0
인천광역시,부평구,청천동,신부평,S321,2026.0,0.0,0.0,0.0,0.0,0.0,0.0,0.0,0.0,서울특별시,강서구,염창동,S321,2026.0,0.0,0.0,0.0,0.0,0.0,0.0,0.0,0.0,서울특별시,강서구,염창동,S321,2026.0,2085.0,2085.0,2085.0,2085.0,2085.0,2085.0,2085.0,2085.0,0.0,서울특별시,강서구,S321,18.0,10.0,2.0,6.0,27.0,25.0,0.0,2.0
인천광역시,부평구,청천동,신부평,S321,2026.0,0.0,0.0,0.0,0.0,0.0,0.0,0.0,0.0,서울특별시,강서구,염창동,S321,2026.0,0.0,0.0,0.0,0.0,0.0,0.0,0.0,0.0,서울특별시,강서구,염창동,S321,2026.0,2085.0,2085.0,2085.0,2085.0,2085.0,2085.0,2085.0,2085.0,0.0,인천광역시,계양구,S321,18.0,10.0,2.0,6.0,27.0,25.0,0.0,2.0
인천광역시,부평구,청천동,신부평,S321,2026.0,0.0,0.0,0.0,0.0,0.0,0.0,0.0,0.0,서울특별시,강서구,염창동,S321,2026.0,0.0,0.0,0.0,0.0,0.0,0.0,0.0,0.0,서울특별시,강서구,염창동,S321,2026.0,2085.0,2085.0,2085.0,2085.0,2085.0,2085.0,2085.0,2085.0,0.0,인천광역시,부평구,S321,18.0,10.0,2.0,6.0,27.0,25.0,0.0,2.0
인천광역시,부평구,청천동,신부평,S321,2026.0,0.0,0.0,0.0,0.0,0.0,0.0,0.0,0.0,서울특별시,강서구,염창동,S321,2026.0,0.0,0.0,0.0,0.0,0.0,0.0,0.0,0.0,인천광역시,부평구,청천동,S321,2026.0,2085.0,2085.0,2085.0,2085.0,2085.0,2085.0,2085.0,2085.0,0.0,경기도,부천시오정구,S321,18.0,10.0,2.0,6.0,27.0,25.0,0.0,2.0
인천광역시,부평구,청천동,신부평,S321,2026.0,0.0,0.0,0.0,0.0,0.0,0.0,0.0,0.0,서울특별시,강서구,염창동,S321,2026.0,0.0,0.0,0.0,0.0,0.0,0.0,0.0,0.0,인천광역시,부평구,청천동,S321,2026.0,2085.0,2085.0,2085.0,2085.0,2085.0,2085.0,2085.0,2085.0,0.0,서울특별시,강서구,S321,18.0,10.0,2.0,6.0,27.0,25.0,0.0,2.0
인천광역시,부평구,청천동,신부평,S321,2026.0,0.0,0.0,0.0,0.0,0.0,0.0,0.0,0.0,서울특별시,강서구,염창동,S321,2026.0,0.0,0.0,0.0,0.0,0.0,0.0,0.0,0.0,인천광역시,부평구,청천동,S321,2026.0,2085.0,2085.0,2085.0,2085.0,2085.0,2085.0,2085.0,2085.0,0.0,인천광역시,계양구,S321,18.0,10.0,2.0,6.0,27.0,25.0,0.0,2.0
인천광역시,부평구,청천동,신부평,S321,2026.0,0.0,0.0,0.0,0.0,0.0,0.0,0.0,0.0,서울특별시,강서구,염창동,S321,2026.0,0.0,0.0,0.0,0.0,0.0,0.0,0.0,0.0,인천광역시,부평구,청천동,S321,2026.0,2085.0,2085.0,2085.0,2085.0,2085.0,2085.0,2085.0,2085.0,0.0,인천광역시,부평구,S321,18.0,10.0,2.0,6.0,27.0,25.0,0.0,2.0
인천광역시,부평구,청천동,신부평,S321,2026.0,0.0,0.0,0.0,0.0,0.0,0.0,0.0,0.0,인천광역시,부평구,청천동,S321,2026.0,0.0,0.0,0.0,0.0,0.0,0.0,0.0,0.0,경기도,부천시 오정구,오정동,S321,2026.0,2085.0,2085.0,2085.0,2085.0,2085.0,2085.0,2085.0,2085.0,0.0,경기도,부천시오정구,S321,18.0,10.0,2.0,6.0,27.0,25.0,0.0,2.0
인천광역시,부평구,청천동,신부평,S321,2026.0,0.0,0.0,0.0,0.0,0.0,0.0,0.0,0.0,인천광역시,부평구,청천동,S321,2026.0,0.0,0.0,0.0,0.0,0.0,0.0,0.0,0.0,경기도,부천시 오정구,오정동,S321,2026.0,2085.0,2085.0,2085.0,2085.0,2085.0,2085.0,2085.0,2085.0,0.0,서울특별시,강서구,S321,18.0,10.0,2.0,6.0,27.0,25.0,0.0,2.0
인천광역시,부평구,청천동,신부평,S321,2026.0,0.0,0.0,0.0,0.0,0.0,0.0,0.0,0.0,인천광역시,부평구,청천동,S321,2026.0,0.0,0.0,0.0,0.0,0.0,0.0,0.0,0.0,경기도,부천시 오정구,오정동,S321,2026.0,2085.0,2085.0,2085.0,2085.0,2085.0,2085.0,2085.0,2085.0,0.0,인천광역시,계양구,S321,18.0,10.0,2.0,6.0,27.0,25.0,0.0,2.0
인천광역시,부평구,청천동,신부평,S321,2026.0,0.0,0.0,0.0,0.0,0.0,0.0,0.0,0.0,인천광역시,부평구,청천동,S321,2026.0,0.0,0.0,0.0,0.0,0.0,0.0,0.0,0.0,경기도,부천시 오정구,오정동,S321,2026.0,2085.0,2085.0,2085.0,2085.0,2085.0,2085.0,2085.0,2085.0,0.0,인천광역시,부평구,S321,18.0,10.0,2.0,6.0,27.0,25.0,0.0,2.0
인천광역시,부평구,청천동,신부평,S321,2026.0,0.0,0.0,0.0,0.0,0.0,0.0,0.0,0.0,인천광역시,부평구,청천동,S321,2026.0,0.0,0.0,0.0,0.0,0.0,0.0,0.0,0.0,서울특별시,강서구,염창동,S321,2026.0,2085.0,2085.0,2085.0,2085.0,2085.0,2085.0,2085.0,2085.0,0.0,경기도,부천시오정구,S321,18.0,10.0,2.0,6.0,27.0,25.0,0.0,2.0
인천광역시,부평구,청천동,신부평,S321,2026.0,0.0,0.0,0.0,0.0,0.0,0.0,0.0,0.0,인천광역시,부평구,청천동,S321,2026.0,0.0,0.0,0.0,0.0,0.0,0.0,0.0,0.0,서울특별시,강서구,염창동,S321,2026.0,2085.0,2085.0,2085.0,2085.0,2085.0,2085.0,2085.0,2085.0,0.0,서울특별시,강서구,S321,18.0,10.0,2.0,6.0,27.0,25.0,0.0,2.0
인천광역시,부평구,청천동,신부평,S321,2026.0,0.0,0.0,0.0,0.0,0.0,0.0,0.0,0.0,인천광역시,부평구,청천동,S321,2026.0,0.0,0.0,0.0,0.0,0.0,0.0,0.0,0.0,서울특별시,강서구,염창동,S321,2026.0,2085.0,2085.0,2085.0,2085.0,2085.0,2085.0,2085.0,2085.0,0.0,인천광역시,계양구,S321,18.0,10.0,2.0,6.0,27.0,25.0,0.0,2.0
인천광역시,부평구,청천동,신부평,S321,2026.0,0.0,0.0,0.0,0.0,0.0,0.0,0.0,0.0,인천광역시,부평구,청천동,S321,2026.0,0.0,0.0,0.0,0.0,0.0,0.0,0.0,0.0,서울특별시,강서구,염창동,S321,2026.0,2085.0,2085.0,2085.0,2085.0,2085.0,2085.0,2085.0,2085.0,0.0,인천광역시,부평구,S321,18.0,10.0,2.0,6.0,27.0,25.0,0.0,2.0
인천광역시,부평구,청천동,신부평,S321,2026.0,0.0,0.0,0.0,0.0,0.0,0.0,0.0,0.0,인천광역시,부평구,청천동,S321,2026.0,0.0,0.0,0.0,0.0,0.0,0.0,0.0,0.0,인천광역시,부평구,청천동,S321,2026.0,2085.0,2085.0,2085.0,2085.0,2085.0,2085.0,2085.0,2085.0,0.0,경기도,부천시오정구,S321,18.0,10.0,2.0,6.0,27.0,25.0,0.0,2.0
인천광역시,부평구,청천동,신부평,S321,2026.0,0.0,0.0,0.0,0.0,0.0,0.0,0.0,0.0,인천광역시,부평구,청천동,S321,2026.0,0.0,0.0,0.0,0.0,0.0,0.0,0.0,0.0,인천광역시,부평구,청천동,S321,2026.0,2085.0,2085.0,2085.0,2085.0,2085.0,2085.0,2085.0,2085.0,0.0,서울특별시,강서구,S321,18.0,10.0,2.0,6.0,27.0,25.0,0.0,2.0
인천광역시,부평구,청천동,신부평,S321,2026.0,0.0,0.0,0.0,0.0,0.0,0.0,0.0,0.0,인천광역시,부평구,청천동,S321,2026.0,0.0,0.0,0.0,0.0,0.0,0.0,0.0,0.0,인천광역시,부평구,청천동,S321,2026.0,2085.0,2085.0,2085.0,2085.0,2085.0,2085.0,2085.0,2085.0,0.0,인천광역시,계양구,S321,18.0,10.0,2.0,6.0,27.0,25.0,0.0,2.0
인천광역시,부평구,청천동,신부평,S321,2026.0,0.0,0.0,0.0,0.0,0.0,0.0,0.0,0.0,인천광역시,부평구,청천동,S321,2026.0,0.0,0.0,0.0,0.0,0.0,0.0,0.0,0.0,인천광역시,부평구,청천동,S321,2026.0,2085.0,2085.0,2085.0,2085.0,2085.0,2085.0,2085.0,2085.0,0.0,인천광역시,부평구,S321,18.0,10.0,2.0,6.0,27.0,25.0,0.0,2.0
인천광역시,부평구,청천동,신부평,S321,2026.0,0.0,0.0,0.0,0.0,0.0,0.0,0.0,0.0,경기도,부천시 오정구,오정동,S321,2026.0,0.0,0.0,0.0,0.0,0.0,0.0,0.0,0.0,경기도,부천시 오정구,오정동,S321,2026.0,2085.0,2085.0,2085.0,2085.0,2085.0,2085.0,2085.0,2085.0,0.0,경기도,부천시오정구,S321,18.0,10.0,2.0,6.0,27.0,25.0,0.0,2.0
인천광역시,부평구,청천동,신부평,S321,2026.0,0.0,0.0,0.0,0.0,0.0,0.0,0.0,0.0,경기도,부천시 오정구,오정동,S321,2026.0,0.0,0.0,0.0,0.0,0.0,0.0,0.0,0.0,경기도,부천시 오정구,오정동,S321,2026.0,2085.0,2085.0,2085.0,2085.0,2085.0,2085.0,2085.0,2085.0,0.0,서울특별시,강서구,S321,18.0,10.0,2.0,6.0,27.0,25.0,0.0,2.0
인천광역시,부평구,청천동,신부평,S321,2026.0,0.0,0.0,0.0,0.0,0.0,0.0,0.0,0.0,경기도,부천시 오정구,오정동,S321,2026.0,0.0,0.0,0.0,0.0,0.0,0.0,0.0,0.0,경기도,부천시 오정구,오정동,S321,2026.0,2085.0,2085.0,2085.0,2085.0,2085.0,2085.0,2085.0,2085.0,0.0,인천광역시,계양구,S321,18.0,10.0,2.0,6.0,27.0,25.0,0.0,2.0
인천광역시,부평구,청천동,신부평,S321,2026.0,0.0,0.0,0.0,0.0,0.0,0.0,0.0,0.0,경기도,부천시 오정구,오정동,S321,2026.0,0.0,0.0,0.0,0.0,0.0,0.0,0.0,0.0,경기도,부천시 오정구,오정동,S321,2026.0,2085.0,2085.0,2085.0,2085.0,2085.0,2085.0,2085.0,2085.0,0.0,인천광역시,부평구,S321,18.0,10.0,2.0,6.0,27.0,25.0,0.0,2.0
인천광역시,부평구,청천동,신부평,S321,2026.0,0.0,0.0,0.0,0.0,0.0,0.0,0.0,0.0,경기도,부천시 오정구,오정동,S321,2026.0,0.0,0.0,0.0,0.0,0.0,0.0,0.0,0.0,서울특별시,강서구,염창동,S321,2026.0,2085.0,2085.0,2085.0,2085.0,2085.0,2085.0,2085.0,2085.0,0.0,경기도,부천시오정구,S321,18.0,10.0,2.0,6.0,27.0,25.0,0.0,2.0
인천광역시,부평구,청천동,신부평,S321,2026.0,0.0,0.0,0.0,0.0,0.0,0.0,0.0,0.0,경기도,부천시 오정구,오정동,S321,2026.0,0.0,0.0,0.0,0.0,0.0,0.0,0.0,0.0,서울특별시,강서구,염창동,S321,2026.0,2085.0,2085.0,2085.0,2085.0,2085.0,2085.0,2085.0,2085.0,0.0,서울특별시,강서구,S321,18.0,10.0,2.0,6.0,27.0,25.0,0.0,2.0
인천광역시,부평구,청천동,신부평,S321,2026.0,0.0,0.0,0.0,0.0,0.0,0.0,0.0,0.0,경기도,부천시 오정구,오정동,S321,2026.0,0.0,0.0,0.0,0.0,0.0,0.0,0.0,0.0,서울특별시,강서구,염창동,S321,2026.0,2085.0,2085.0,2085.0,2085.0,2085.0,2085.0,2085.0,2085.0,0.0,인천광역시,계양구,S321,18.0,10.0,2.0,6.0,27.0,25.0,0.0,2.0
인천광역시,부평구,청천동,신부평,S321,2026.0,0.0,0.0,0.0,0.0,0.0,0.0,0.0,0.0,경기도,부천시 오정구,오정동,S321,2026.0,0.0,0.0,0.0,0.0,0.0,0.0,0.0,0.0,서울특별시,강서구,염창동,S321,2026.0,2085.0,2085.0,2085.0,2085.0,2085.0,2085.0,2085.0,2085.0,0.0,인천광역시,부평구,S321,18.0,10.0,2.0,6.0,27.0,25.0,0.0,2.0
인천광역시,부평구,청천동,신부평,S321,2026.0,0.0,0.0,0.0,0.0,0.0,0.0,0.0,0.0,경기도,부천시 오정구,오정동,S321,2026.0,0.0,0.0,0.0,0.0,0.0,0.0,0.0,0.0,인천광역시,부평구,청천동,S321,2026.0,2085.0,2085.0,2085.0,2085.0,2085.0,2085.0,2085.0,2085.0,0.0,경기도,부천시오정구,S321,18.0,10.0,2.0,6.0,27.0,25.0,0.0,2.0
인천광역시,부평구,청천동,신부평,S321,2026.0,0.0,0.0,0.0,0.0,0.0,0.0,0.0,0.0,경기도,부천시 오정구,오정동,S321,2026.0,0.0,0.0,0.0,0.0,0.0,0.0,0.0,0.0,인천광역시,부평구,청천동,S321,2026.0,2085.0,2085.0,2085.0,2085.0,2085.0,2085.0,2085.0,2085.0,0.0,서울특별시,강서구,S321,18.0,10.0,2.0,6.0,27.0,25.0,0.0,2.0
인천광역시,부평구,청천동,신부평,S321,2026.0,0.0,0.0,0.0,0.0,0.0,0.0,0.0,0.0,경기도,부천시 오정구,오정동,S321,2026.0,0.0,0.0,0.0,0.0,0.0,0.0,0.0,0.0,인천광역시,부평구,청천동,S321,2026.0,2085.0,2085.0,2085.0,2085.0,2085.0,2085.0,2085.0,2085.0,0.0,인천광역시,계양구,S321,18.0,10.0,2.0,6.0,27.0,25.0,0.0,2.0
인천광역시,부평구,청천동,신부평,S321,2026.0,0.0,0.0,0.0,0.0,0.0,0.0,0.0,0.0,경기도,부천시 오정구,오정동,S321,2026.0,0.0,0.0,0.0,0.0,0.0,0.0,0.0,0.0,인천광역시,부평구,청천동,S321,2026.0,2085.0,2085.0,2085.0,2085.0,2085.0,2085.0,2085.0,2085.0,0.0,인천광역시,부평구,S321,18.0,10.0,2.0,6.0,27.0,25.0,0.0,2.0
경기도,부천시 오정구,삼정동,신부평,S321,2026.0,0.0,0.0,0.0,0.0,0.0,0.0,0.0,0.0,서울특별시,강서구,염창동,S321,2026.0,0.0,0.0,0.0,0.0,0.0,0.0,0.0,0.0,경기도,부천시 오정구,오정동,S321,2026.0,2085.0,2085.0,2085.0,2085.0,2085.0,2085.0,2085.0,2085.0,0.0,경기도,부천시오정구,S321,18.0,10.0,2.0,6.0,27.0,25.0,0.0,2.0
경기도,부천시 오정구,삼정동,신부평,S321,2026.0,0.0,0.0,0.0,0.0,0.0,0.0,0.0,0.0,서울특별시,강서구,염창동,S321,2026.0,0.0,0.0,0.0,0.0,0.0,0.0,0.0,0.0,경기도,부천시 오정구,오정동,S321,2026.0,2085.0,2085.0,2085.0,2085.0,2085.0,2085.0,2085.0,2085.0,0.0,서울특별시,강서구,S321,18.0,10.0,2.0,6.0,27.0,25.0,0.0,2.0
경기도,부천시 오정구,삼정동,신부평,S321,2026.0,0.0,0.0,0.0,0.0,0.0,0.0,0.0,0.0,서울특별시,강서구,염창동,S321,2026.0,0.0,0.0,0.0,0.0,0.0,0.0,0.0,0.0,경기도,부천시 오정구,오정동,S321,2026.0,2085.0,2085.0,2085.0,2085.0,2085.0,2085.0,2085.0,2085.0,0.0,인천광역시,계양구,S321,18.0,10.0,2.0,6.0,27.0,25.0,0.0,2.0
경기도,부천시 오정구,삼정동,신부평,S321,2026.0,0.0,0.0,0.0,0.0,0.0,0.0,0.0,0.0,서울특별시,강서구,염창동,S321,2026.0,0.0,0.0,0.0,0.0,0.0,0.0,0.0,0.0,경기도,부천시 오정구,오정동,S321,2026.0,2085.0,2085.0,2085.0,2085.0,2085.0,2085.0,2085.0,2085.0,0.0,인천광역시,부평구,S321,18.0,10.0,2.0,6.0,27.0,25.0,0.0,2.0
경기도,부천시 오정구,삼정동,신부평,S321,2026.0,0.0,0.0,0.0,0.0,0.0,0.0,0.0,0.0,서울특별시,강서구,염창동,S321,2026.0,0.0,0.0,0.0,0.0,0.0,0.0,0.0,0.0,서울특별시,강서구,염창동,S321,2026.0,2085.0,2085.0,2085.0,2085.0,2085.0,2085.0,2085.0,2085.0,0.0,경기도,부천시오정구,S321,18.0,10.0,2.0,6.0,27.0,25.0,0.0,2.0
경기도,부천시 오정구,삼정동,신부평,S321,2026.0,0.0,0.0,0.0,0.0,0.0,0.0,0.0,0.0,서울특별시,강서구,염창동,S321,2026.0,0.0,0.0,0.0,0.0,0.0,0.0,0.0,0.0,서울특별시,강서구,염창동,S321,2026.0,2085.0,2085.0,2085.0,2085.0,2085.0,2085.0,2085.0,2085.0,0.0,서울특별시,강서구,S321,18.0,10.0,2.0,6.0,27.0,25.0,0.0,2.0
경기도,부천시 오정구,삼정동,신부평,S321,2026.0,0.0,0.0,0.0,0.0,0.0,0.0,0.0,0.0,서울특별시,강서구,염창동,S321,2026.0,0.0,0.0,0.0,0.0,0.0,0.0,0.0,0.0,서울특별시,강서구,염창동,S321,2026.0,2085.0,2085.0,2085.0,2085.0,2085.0,2085.0,2085.0,2085.0,0.0,인천광역시,계양구,S321,18.0,10.0,2.0,6.0,27.0,25.0,0.0,2.0
경기도,부천시 오정구,삼정동,신부평,S321,2026.0,0.0,0.0,0.0,0.0,0.0,0.0,0.0,0.0,서울특별시,강서구,염창동,S321,2026.0,0.0,0.0,0.0,0.0,0.0,0.0,0.0,0.0,서울특별시,강서구,염창동,S321,2026.0,2085.0,2085.0,2085.0,2085.0,2085.0,2085.0,2085.0,2085.0,0.0,인천광역시,부평구,S321,18.0,10.0,2.0,6.0,27.0,25.0,0.0,2.0
경기도,부천시 오정구,삼정동,신부평,S321,2026.0,0.0,0.0,0.0,0.0,0.0,0.0,0.0,0.0,서울특별시,강서구,염창동,S321,2026.0,0.0,0.0,0.0,0.0,0.0,0.0,0.0,0.0,인천광역시,부평구,청천동,S321,2026.0,2085.0,2085.0,2085.0,2085.0,2085.0,2085.0,2085.0,2085.0,0.0,경기도,부천시오정구,S321,18.0,10.0,2.0,6.0,27.0,25.0,0.0,2.0
경기도,부천시 오정구,삼정동,신부평,S321,2026.0,0.0,0.0,0.0,0.0,0.0,0.0,0.0,0.0,서울특별시,강서구,염창동,S321,2026.0,0.0,0.0,0.0,0.0,0.0,0.0,0.0,0.0,인천광역시,부평구,청천동,S321,2026.0,2085.0,2085.0,2085.0,2085.0,2085.0,2085.0,2085.0,2085.0,0.0,서울특별시,강서구,S321,18.0,10.0,2.0,6.0,27.0,25.0,0.0,2.0
경기도,부천시 오정구,삼정동,신부평,S321,2026.0,0.0,0.0,0.0,0.0,0.0,0.0,0.0,0.0,서울특별시,강서구,염창동,S321,2026.0,0.0,0.0,0.0,0.0,0.0,0.0,0.0,0.0,인천광역시,부평구,청천동,S321,2026.0,2085.0,2085.0,2085.0,2085.0,2085.0,2085.0,2085.0,2085.0,0.0,인천광역시,계양구,S321,18.0,10.0,2.0,6.0,27.0,25.0,0.0,2.0
경기도,부천시 오정구,삼정동,신부평,S321,2026.0,0.0,0.0,0.0,0.0,0.0,0.0,0.0,0.0,서울특별시,강서구,염창동,S321,2026.0,0.0,0.0,0.0,0.0,0.0,0.0,0.0,0.0,인천광역시,부평구,청천동,S321,2026.0,2085.0,2085.0,2085.0,2085.0,2085.0,2085.0,2085.0,2085.0,0.0,인천광역시,부평구,S321,18.0,10.0,2.0,6.0,27.0,25.0,0.0,2.0
경기도,부천시 오정구,삼정동,신부평,S321,2026.0,0.0,0.0,0.0,0.0,0.0,0.0,0.0,0.0,인천광역시,부평구,청천동,S321,2026.0,0.0,0.0,0.0,0.0,0.0,0.0,0.0,0.0,경기도,부천시 오정구,오정동,S321,2026.0,2085.0,2085.0,2085.0,2085.0,2085.0,2085.0,2085.0,2085.0,0.0,경기도,부천시오정구,S321,18.0,10.0,2.0,6.0,27.0,25.0,0.0,2.0
경기도,부천시 오정구,삼정동,신부평,S321,2026.0,0.0,0.0,0.0,0.0,0.0,0.0,0.0,0.0,인천광역시,부평구,청천동,S321,2026.0,0.0,0.0,0.0,0.0,0.0,0.0,0.0,0.0,경기도,부천시 오정구,오정동,S321,2026.0,2085.0,2085.0,2085.0,2085.0,2085.0,2085.0,2085.0,2085.0,0.0,서울특별시,강서구,S321,18.0,10.0,2.0,6.0,27.0,25.0,0.0,2.0
경기도,부천시 오정구,삼정동,신부평,S321,2026.0,0.0,0.0,0.0,0.0,0.0,0.0,0.0,0.0,인천광역시,부평구,청천동,S321,2026.0,0.0,0.0,0.0,0.0,0.0,0.0,0.0,0.0,경기도,부천시 오정구,오정동,S321,2026.0,2085.0,2085.0,2085.0,2085.0,2085.0,2085.0,2085.0,2085.0,0.0,인천광역시,계양구,S321,18.0,10.0,2.0,6.0,27.0,25.0,0.0,2.0
경기도,부천시 오정구,삼정동,신부평,S321,2026.0,0.0,0.0,0.0,0.0,0.0,0.0,0.0,0.0,인천광역시,부평구,청천동,S321,2026.0,0.0,0.0,0.0,0.0,0.0,0.0,0.0,0.0,경기도,부천시 오정구,오정동,S321,2026.0,2085.0,2085.0,2085.0,2085.0,2085.0,2085.0,2085.0,2085.0,0.0,인천광역시,부평구,S321,18.0,10.0,2.0,6.0,27.0,25.0,0.0,2.0
경기도,부천시 오정구,삼정동,신부평,S321,2026.0,0.0,0.0,0.0,0.0,0.0,0.0,0.0,0.0,인천광역시,부평구,청천동,S321,2026.0,0.0,0.0,0.0,0.0,0.0,0.0,0.0,0.0,서울특별시,강서구,염창동,S321,2026.0,2085.0,2085.0,2085.0,2085.0,2085.0,2085.0,2085.0,2085.0,0.0,경기도,부천시오정구,S321,18.0,10.0,2.0,6.0,27.0,25.0,0.0,2.0
경기도,부천시 오정구,삼정동,신부평,S321,2026.0,0.0,0.0,0.0,0.0,0.0,0.0,0.0,0.0,인천광역시,부평구,청천동,S321,2026.0,0.0,0.0,0.0,0.0,0.0,0.0,0.0,0.0,서울특별시,강서구,염창동,S321,2026.0,2085.0,2085.0,2085.0,2085.0,2085.0,2085.0,2085.0,2085.0,0.0,서울특별시,강서구,S321,18.0,10.0,2.0,6.0,27.0,25.0,0.0,2.0
경기도,부천시 오정구,삼정동,신부평,S321,2026.0,0.0,0.0,0.0,0.0,0.0,0.0,0.0,0.0,인천광역시,부평구,청천동,S321,2026.0,0.0,0.0,0.0,0.0,0.0,0.0,0.0,0.0,서울특별시,강서구,염창동,S321,2026.0,2085.0,2085.0,2085.0,2085.0,2085.0,2085.0,2085.0,2085.0,0.0,인천광역시,계양구,S321,18.0,10.0,2.0,6.0,27.0,25.0,0.0,2.0
경기도,부천시 오정구,삼정동,신부평,S321,2026.0,0.0,0.0,0.0,0.0,0.0,0.0,0.0,0.0,인천광역시,부평구,청천동,S321,2026.0,0.0,0.0,0.0,0.0,0.0,0.0,0.0,0.0,서울특별시,강서구,염창동,S321,2026.0,2085.0,2085.0,2085.0,2085.0,2085.0,2085.0,2085.0,2085.0,0.0,인천광역시,부평구,S321,18.0,10.0,2.0,6.0,27.0,25.0,0.0,2.0
경기도,부천시 오정구,삼정동,신부평,S321,2026.0,0.0,0.0,0.0,0.0,0.0,0.0,0.0,0.0,인천광역시,부평구,청천동,S321,2026.0,0.0,0.0,0.0,0.0,0.0,0.0,0.0,0.0,인천광역시,부평구,청천동,S321,2026.0,2085.0,2085.0,2085.0,2085.0,2085.0,2085.0,2085.0,2085.0,0.0,경기도,부천시오정구,S321,18.0,10.0,2.0,6.0,27.0,25.0,0.0,2.0
경기도,부천시 오정구,삼정동,신부평,S321,2026.0,0.0,0.0,0.0,0.0,0.0,0.0,0.0,0.0,인천광역시,부평구,청천동,S321,2026.0,0.0,0.0,0.0,0.0,0.0,0.0,0.0,0.0,인천광역시,부평구,청천동,S321,2026.0,2085.0,2085.0,2085.0,2085.0,2085.0,2085.0,2085.0,2085.0,0.0,서울특별시,강서구,S321,18.0,10.0,2.0,6.0,27.0,25.0,0.0,2.0
경기도,부천시 오정구,삼정동,신부평,S321,2026.0,0.0,0.0,0.0,0.0,0.0,0.0,0.0,0.0,인천광역시,부평구,청천동,S321,2026.0,0.0,0.0,0.0,0.0,0.0,0.0,0.0,0.0,인천광역시,부평구,청천동,S321,2026.0,2085.0,2085.0,2085.0,2085.0,2085.0,2085.0,2085.0,2085.0,0.0,인천광역시,계양구,S321,18.0,10.0,2.0,6.0,27.0,25.0,0.0,2.0
경기도,부천시 오정구,삼정동,신부평,S321,2026.0,0.0,0.0,0.0,0.0,0.0,0.0,0.0,0.0,인천광역시,부평구,청천동,S321,2026.0,0.0,0.0,0.0,0.0,0.0,0.0,0.0,0.0,인천광역시,부평구,청천동,S321,2026.0,2085.0,2085.0,2085.0,2085.0,2085.0,2085.0,2085.0,2085.0,0.0,인천광역시,부평구,S321,18.0,10.0,2.0,6.0,27.0,25.0,0.0,2.0
경기도,부천시 오정구,삼정동,신부평,S321,2026.0,0.0,0.0,0.0,0.0,0.0,0.0,0.0,0.0,경기도,부천시 오정구,오정동,S321,2026.0,0.0,0.0,0.0,0.0,0.0,0.0,0.0,0.0,경기도,부천시 오정구,오정동,S321,2026.0,2085.0,2085.0,2085.0,2085.0,2085.0,2085.0,2085.0,2085.0,0.0,경기도,부천시오정구,S321,18.0,10.0,2.0,6.0,27.0,25.0,0.0,2.0
경기도,부천시 오정구,삼정동,신부평,S321,2026.0,0.0,0.0,0.0,0.0,0.0,0.0,0.0,0.0,경기도,부천시 오정구,오정동,S321,2026.0,0.0,0.0,0.0,0.0,0.0,0.0,0.0,0.0,경기도,부천시 오정구,오정동,S321,2026.0,2085.0,2085.0,2085.0,2085.0,2085.0,2085.0,2085.0,2085.0,0.0,서울특별시,강서구,S321,18.0,10.0,2.0,6.0,27.0,25.0,0.0,2.0
경기도,부천시 오정구,삼정동,신부평,S321,2026.0,0.0,0.0,0.0,0.0,0.0,0.0,0.0,0.0,경기도,부천시 오정구,오정동,S321,2026.0,0.0,0.0,0.0,0.0,0.0,0.0,0.0,0.0,경기도,부천시 오정구,오정동,S321,2026.0,2085.0,2085.0,2085.0,2085.0,2085.0,2085.0,2085.0,2085.0,0.0,인천광역시,계양구,S321,18.0,10.0,2.0,6.0,27.0,25.0,0.0,2.0
경기도,부천시 오정구,삼정동,신부평,S321,2026.0,0.0,0.0,0.0,0.0,0.0,0.0,0.0,0.0,경기도,부천시 오정구,오정동,S321,2026.0,0.0,0.0,0.0,0.0,0.0,0.0,0.0,0.0,경기도,부천시 오정구,오정동,S321,2026.0,2085.0,2085.0,2085.0,2085.0,2085.0,2085.0,2085.0,2085.0,0.0,인천광역시,부평구,S321,18.0,10.0,2.0,6.0,27.0,25.0,0.0,2.0
경기도,부천시 오정구,삼정동,신부평,S321,2026.0,0.0,0.0,0.0,0.0,0.0,0.0,0.0,0.0,경기도,부천시 오정구,오정동,S321,2026.0,0.0,0.0,0.0,0.0,0.0,0.0,0.0,0.0,서울특별시,강서구,염창동,S321,2026.0,2085.0,2085.0,2085.0,2085.0,2085.0,2085.0,2085.0,2085.0,0.0,경기도,부천시오정구,S321,18.0,10.0,2.0,6.0,27.0,25.0,0.0,2.0
경기도,부천시 오정구,삼정동,신부평,S321,2026.0,0.0,0.0,0.0,0.0,0.0,0.0,0.0,0.0,경기도,부천시 오정구,오정동,S321,2026.0,0.0,0.0,0.0,0.0,0.0,0.0,0.0,0.0,서울특별시,강서구,염창동,S321,2026.0,2085.0,2085.0,2085.0,2085.0,2085.0,2085.0,2085.0,2085.0,0.0,서울특별시,강서구,S321,18.0,10.0,2.0,6.0,27.0,25.0,0.0,2.0
경기도,부천시 오정구,삼정동,신부평,S321,2026.0,0.0,0.0,0.0,0.0,0.0,0.0,0.0,0.0,경기도,부천시 오정구,오정동,S321,2026.0,0.0,0.0,0.0,0.0,0.0,0.0,0.0,0.0,서울특별시,강서구,염창동,S321,2026.0,2085.0,2085.0,2085.0,2085.0,2085.0,2085.0,2085.0,2085.0,0.0,인천광역시,계양구,S321,18.0,10.0,2.0,6.0,27.0,25.0,0.0,2.0
경기도,부천시 오정구,삼정동,신부평,S321,2026.0,0.0,0.0,0.0,0.0,0.0,0.0,0.0,0.0,경기도,부천시 오정구,오정동,S321,2026.0,0.0,0.0,0.0,0.0,0.0,0.0,0.0,0.0,서울특별시,강서구,염창동,S321,2026.0,2085.0,2085.0,2085.0,2085.0,2085.0,2085.0,2085.0,2085.0,0.0,인천광역시,부평구,S321,18.0,10.0,2.0,6.0,27.0,25.0,0.0,2.0
경기도,부천시 오정구,삼정동,신부평,S321,2026.0,0.0,0.0,0.0,0.0,0.0,0.0,0.0,0.0,경기도,부천시 오정구,오정동,S321,2026.0,0.0,0.0,0.0,0.0,0.0,0.0,0.0,0.0,인천광역시,부평구,청천동,S321,2026.0,2085.0,2085.0,2085.0,2085.0,2085.0,2085.0,2085.0,2085.0,0.0,경기도,부천시오정구,S321,18.0,10.0,2.0,6.0,27.0,25.0,0.0,2.0
경기도,부천시 오정구,삼정동,신부평,S321,2026.0,0.0,0.0,0.0,0.0,0.0,0.0,0.0,0.0,경기도,부천시 오정구,오정동,S321,2026.0,0.0,0.0,0.0,0.0,0.0,0.0,0.0,0.0,인천광역시,부평구,청천동,S321,2026.0,2085.0,2085.0,2085.0,2085.0,2085.0,2085.0,2085.0,2085.0,0.0,서울특별시,강서구,S321,18.0,10.0,2.0,6.0,27.0,25.0,0.0,2.0
경기도,부천시 오정구,삼정동,신부평,S321,2026.0,0.0,0.0,0.0,0.0,0.0,0.0,0.0,0.0,경기도,부천시 오정구,오정동,S321,2026.0,0.0,0.0,0.0,0.0,0.0,0.0,0.0,0.0,인천광역시,부평구,청천동,S321,2026.0,2085.0,2085.0,2085.0,2085.0,2085.0,2085.0,2085.0,2085.0,0.0,인천광역시,계양구,S321,18.0,10.0,2.0,6.0,27.0,25.0,0.0,2.0
경기도,부천시 오정구,삼정동,신부평,S321,2026.0,0.0,0.0,0.0,0.0,0.0,0.0,0.0,0.0,경기도,부천시 오정구,오정동,S321,2026.0,0.0,0.0,0.0,0.0,0.0,0.0,0.0,0.0,인천광역시,부평구,청천동,S321,2026.0,2085.0,2085.0,2085.0,2085.0,2085.0,2085.0,2085.0,2085.0,0.0,인천광역시,부평구,S321,18.0,10.0,2.0,6.0,27.0,25.0,0.0,2.0
서울특별시,강남구,신사동,신사(SA),2813,2026.0,0.0,0.0,0.0,0.0,0.0,0.0,0.0,0.0,서울특별시,강남구,신사동,2813,2026.0,0.0,0.0,0.0,0.0,0.0,0.0,0.0,0.0,서울특별시,강남구,신사동,2813,2026.0,910.0,910.0,910.0,910.0,910.0,910.0,915.0,910.0,0.0,서울특별시,강남구,2813,8.0,7.0,0.0,1.0,32.0,26.0,0.0,6.0
대구광역시,대구광역시동구,율암동,신서E/C,D389,2026.0,133.8,117.6,114.8,106.8,101.0,100.8,100.6,133.8,대구광역시,대구광역시동구,율암동,D389,2026.0,370.0,610.0,630.0,595.0,585.0,540.0,605.0,370.0,대구광역시,대구광역시동구,율암동,D389,2026.0,910.0,910.0,910.0,910.0,910.0,910.0,910.0,910.0,0.0,,,,,,,,,,,
,,,신서귀,,,,,,,,,,,,,,,,,,,,,,,,,,,,,,,,,,,,,,제주특별자치도,서귀포시,2842,4.0,4.0,0.0,0.0,20.0,16.0,0.0,4.0
,,,신성남,,,,,,,,,,,,,,,,,,,,,,,,경기도,성남시분당구,석운동,2750,2026.0,755.0,755.0,755.0,755.0,755.0,755.0,895.0,755.0,0.0,경기도,성남시분당구,2750,11.0,11.0,0.0,0.0,0.0,0.0,0.0,0.0
,,,신성남#2,,,,,,,,,,,,,,,,,,,,,,,,경기도,성남시수정구,신흥동,D276,2026.0,900.0,900.0,900.0,900.0,900.0,900.0,935.0,900.0,0.0,,,,,,,,,,,
충청남도,서산시,성연면,신성연1(건설중),E535,2026.0,0.0,0.0,0.0,0.0,0.0,0.0,0.0,0.0,충청남도,서산시,성연면,E535,2026.0,455.0,335.0,0.0,0.0,0.0,0.0,0.0,455.0,충청남도,서산시,성연면,E535,2026.0,0.0,0.0,0.0,0.0,0.0,0.0,0.0,0.0,22.3616,,,,,,,,,,,
강원특별자치도,정선군,임계면,신성은M1(건설중),E323,2026.0,0.0,165.6,165.6,165.6,165.6,165.6,165.6,0.0,강원특별자치도,정선군,임계면,E323,2026.0,0.0,285.0,235.0,260.0,405.0,395.0,325.0,0.0,강원특별자치도,정선군,임계면,E323,2026.0,0.0,0.0,0.0,0.0,0.0,405.0,920.0,0.0,296.2,,,,,,,,,,,
인천광역시,연수구,옥련동,신송도,E126,2026.0,0.0,0.0,0.0,0.0,0.0,0.0,0.0,0.0,인천광역시,연수구,옥련동,E126,2026.0,0.0,0.0,0.0,0.0,0.0,0.0,0.0,0.0,인천광역시,연수구,옥련동,E126,2026.0,0.0,975.0,1120.0,1120.0,1180.0,1845.0,1880.0,0.0,0.0,,,,,,,,,,,
충청남도,당진시,용연동,신송산,E154,2026.0,149.3,147.3,147.3,145.3,141.2,137.2,133.2,149.3,충청남도,당진시,용연동,E154,2026.0,165.0,165.0,165.0,280.0,290.0,290.0,290.0,165.0,충청남도,당진시,용연동,E154,2026.0,0.0,0.0,0.0,0.0,0.0,0.0,0.0,0.0,1.0414,충청남도,당진시,E154,18.0,0.0,5.0,13.0,26.0,4.0,4.0,18.0
경기도,화성시동탄구,석우동,신수원,S323,2026.0,0.0,0.0,0.0,0.0,0.0,0.0,0.0,0.0,경기도,화성시동탄구,석우동,S323,2026.0,0.0,0.0,0.0,0.0,0.0,0.0,0.0,0.0,경기도,화성시동탄구,석우동,S323,2026.0,0.0,1980.0,1980.0,1980.0,1980.0,2015.0,2015.0,0.0,0.0,경기도,화성시동탄구,S323,17.0,17.0,0.0,0.0,27.0,25.0,0.0,2.0
경기도,안산시단원구,성곡동,신시화,D453,2026.0,0.0,0.0,0.0,0.0,0.0,0.0,0.0,0.0,,,,D453,2026.0,0.0,0.0,0.0,0.0,0.0,0.0,0.0,0.0,,,,D453,2026.0,1420.0,1430.0,2160.0,2160.0,2160.0,2215.0,2215.0,1420.0,0.0,경기도,안산시단원구,D453,10.0,5.0,3.0,2.0,26.0,10.0,8.0,8.0
,,,신시흥#1,,,,,,,,,,,,,,,,,,,,,,,,경기도,시흥시,방산동,2720,2026.0,1415.0,1415.0,1415.0,1415.0,1415.0,1415.0,1420.0,1415.0,0.0,경기도,시흥시,2720,4.0,4.0,0.0,0.0,0.0,0.0,0.0,0.0
,,,신시흥#1,,,,,,,,,,,,,,,,,,,,,,,,경기도,시흥시,방산동,2720,2026.0,1415.0,1415.0,1415.0,1415.0,1415.0,1415.0,1420.0,1415.0,0.0,인천광역시,남동구,2720,4.0,4.0,0.0,0.0,0.0,0.0,0.0,0.0
,,,신시흥#1,,,,,,,,,,,,,,,,,,,,,,,,경기도,시흥시,방산동,2720,2026.0,1415.0,1415.0,1415.0,1415.0,1415.0,1415.0,1420.0,1415.0,0.0,인천광역시,연수구,2720,4.0,4.0,0.0,0.0,0.0,0.0,0.0,0.0
,,,신시흥#1,,,,,,,,,,,,,,,,,,,,,,,,인천광역시,남동구,서창동,2720,2026.0,1415.0,1415.0,1415.0,1415.0,1415.0,1415.0,1420.0,1415.0,0.0,경기도,시흥시,2720,4.0,4.0,0.0,0.0,0.0,0.0,0.0,0.0
,,,신시흥#1,,,,,,,,,,,,,,,,,,,,,,,,인천광역시,남동구,서창동,2720,2026.0,1415.0,1415.0,1415.0,1415.0,1415.0,1415.0,1420.0,1415.0,0.0,인천광역시,남동구,2720,4.0,4.0,0.0,0.0,0.0,0.0,0.0,0.0
,,,신시흥#1,,,,,,,,,,,,,,,,,,,,,,,,인천광역시,남동구,서창동,2720,2026.0,1415.0,1415.0,1415.0,1415.0,1415.0,1415.0,1420.0,1415.0,0.0,인천광역시,연수구,2720,4.0,4.0,0.0,0.0,0.0,0.0,0.0,0.0
,,,신시흥#2,,,,,,,,,,,,,,,,,,,,,,,,경기도,시흥시,매화동,S346,2026.0,1345.0,1360.0,1430.0,1430.0,1430.0,1430.0,1440.0,1345.0,0.0,,,,,,,,,,,
,,,신시흥#2,,,,,,,,,,,,,,,,,,,,,,,,인천광역시,연수구,송도동,S346,2026.0,1345.0,1360.0,1430.0,1430.0,1430.0,1430.0,1440.0,1345.0,0.0,,,,,,,,,,,
,,,신안산,,,,,,,,,,,,,,,,,,,,,,,,경기도,안산시상록구,일동,S328,2026.0,0.0,0.0,0.0,0.0,0.0,0.0,0.0,0.0,0.0,경기도,안산시단원구,S328,8.0,7.0,1.0,0.0,0.0,0.0,0.0,0.0
,,,신안산,,,,,,,,,,,,,,,,,,,,,,,,경기도,안산시상록구,일동,S328,2026.0,0.0,0.0,0.0,0.0,0.0,0.0,0.0,0.0,0.0,경기도,안산시상록구,S328,8.0,7.0,1.0,0.0,0.0,0.0,0.0,0.0
부산광역시,기장군,철마면,신양산,2435,2026.0,1.1,0.6,0.2,8.0,7.6,7.1,6.7,1.1,부산광역시,수영구,망미동,2435,2026.0,45.0,0.0,0.0,0.0,0.0,0.0,0.0,45.0,부산광역시,수영구,망미동,2435,2026.0,1040.0,1110.0,1130.0,1790.0,1790.0,1790.0,1790.0,1040.0,0.0,부산광역시,금정구,2435,12.0,10.0,0.0,2.0,14.0,8.0,4.0,2.0
부산광역시,기장군,철마면,신양산,2435,2026.0,1.1,0.6,0.2,8.0,7.6,7.1,6.7,1.1,부산광역시,수영구,망미동,2435,2026.0,45.0,0.0,0.0,0.0,0.0,0.0,0.0,45.0,부산광역시,수영구,망미동,2435,2026.0,1040.0,1110.0,1130.0,1790.0,1790.0,1790.0,1790.0,1040.0,0.0,부산광역시,기장군,2435,12.0,10.0,0.0,2.0,14.0,8.0,4.0,2.0
부산광역시,기장군,철마면,신양산,2435,2026.0,1.1,0.6,0.2,8.0,7.6,7.1,6.7,1.1,부산광역시,수영구,망미동,2435,2026.0,45.0,0.0,0.0,0.0,0.0,0.0,0.0,45.0,부산광역시,수영구,망미동,2435,2026.0,1040.0,1110.0,1130.0,1790.0,1790.0,1790.0,1790.0,1040.0,0.0,부산광역시,동래구,2435,12.0,10.0,0.0,2.0,14.0,8.0,4.0,2.0
부산광역시,기장군,철마면,신양산,2435,2026.0,1.1,0.6,0.2,8.0,7.6,7.1,6.7,1.1,부산광역시,수영구,망미동,2435,2026.0,45.0,0.0,0.0,0.0,0.0,0.0,0.0,45.0,부산광역시,수영구,망미동,2435,2026.0,1040.0,1110.0,1130.0,1790.0,1790.0,1790.0,1790.0,1040.0,0.0,부산광역시,수영구,2435,12.0,10.0,0.0,2.0,14.0,8.0,4.0,2.0
부산광역시,기장군,철마면,신양산,2435,2026.0,1.1,0.6,0.2,8.0,7.6,7.1,6.7,1.1,부산광역시,수영구,망미동,2435,2026.0,45.0,0.0,0.0,0.0,0.0,0.0,0.0,45.0,부산광역시,수영구,망미동,2435,2026.0,1040.0,1110.0,1130.0,1790.0,1790.0,1790.0,1790.0,1040.0,0.0,부산광역시,해운대구,2435,12.0,10.0,0.0,2.0,14.0,8.0,4.0,2.0
,,,신양양,,,,,,,,,,,,,,,,,,,,,,,,강원특별자치도,속초시,영랑동,D440,2026.0,0.0,0.0,0.0,0.0,0.0,0.0,1500.0,0.0,0.0,강원특별자치도,고성군,D440,10.0,8.0,0.0,2.0,0.0,0.0,0.0,0.0
,,,신양양,,,,,,,,,,,,,,,,,,,,,,,,강원특별자치도,속초시,영랑동,D440,2026.0,0.0,0.0,0.0,0.0,0.0,0.0,1500.0,0.0,0.0,강원특별자치도,속초시,D440,10.0,8.0,0.0,2.0,0.0,0.0,0.0,0.0
,,,신양양,,,,,,,,,,,,,,,,,,,,,,,,강원특별자치도,속초시,영랑동,D440,2026.0,0.0,0.0,0.0,0.0,0.0,0.0,1500.0,0.0,0.0,강원특별자치도,양구군,D440,10.0,8.0,0.0,2.0,0.0,0.0,0.0,0.0
,,,신양양,,,,,,,,,,,,,,,,,,,,,,,,강원특별자치도,속초시,영랑동,D440,2026.0,0.0,0.0,0.0,0.0,0.0,0.0,1500.0,0.0,0.0,강원특별자치도,양양군,D440,10.0,8.0,0.0,2.0,0.0,0.0,0.0,0.0
,,,신양양,,,,,,,,,,,,,,,,,,,,,,,,강원특별자치도,속초시,영랑동,D440,2026.0,0.0,0.0,0.0,0.0,0.0,0.0,1500.0,0.0,0.0,강원특별자치도,인제군,D440,10.0,8.0,0.0,2.0,0.0,0.0,0.0,0.0
,,,신양양,,,,,,,,,,,,,,,,,,,,,,,,강원특별자치도,속초시,영랑동,D440,2026.0,0.0,0.0,0.0,0.0,0.0,0.0,1500.0,0.0,0.0,강원특별자치도,철원군,D440,10.0,8.0,0.0,2.0,0.0,0.0,0.0,0.0
,,,신양양,,,,,,,,,,,,,,,,,,,,,,,,강원특별자치도,속초시,영랑동,D440,2026.0,0.0,0.0,0.0,0.0,0.0,0.0,1500.0,0.0,0.0,강원특별자치도,춘천시,D440,10.0,8.0,0.0,2.0,0.0,0.0,0.0,0.0
,,,신양양,,,,,,,,,,,,,,,,,,,,,,,,강원특별자치도,속초시,영랑동,D440,2026.0,0.0,0.0,0.0,0.0,0.0,0.0,1500.0,0.0,0.0,강원특별자치도,홍천군,D440,10.0,8.0,0.0,2.0,0.0,0.0,0.0,0.0
,,,신양양,,,,,,,,,,,,,,,,,,,,,,,,강원특별자치도,속초시,영랑동,D440,2026.0,0.0,0.0,0.0,0.0,0.0,0.0,1500.0,0.0,0.0,강원특별자치도,화천군,D440,10.0,8.0,0.0,2.0,0.0,0.0,0.0,0.0
,,,신양재,,,,,,,,,,,,,,,,,,,,,,,,서울특별시,서초구,서초동,S204,2026.0,1260.0,1260.0,1260.0,1260.0,1260.0,1260.0,1260.0,1260.0,0.0,서울특별시,서초구,S204,18.0,15.0,0.0,3.0,0.0,0.0,0.0,0.0
,,,신영일,,,,,,,,,,,,,,,,,,,,,,,,경상북도,경주시,성동동,S726,2026.0,0.0,0.0,0.0,0.0,0.0,0.0,0.0,0.0,43.4,경상북도,경주시,S726,13.0,8.0,5.0,0.0,0.0,0.0,0.0,0.0
,,,신영일,,,,,,,,,,,,,,,,,,,,,,,,경상북도,경주시,성동동,S726,2026.0,0.0,0.0,0.0,0.0,0.0,0.0,0.0,0.0,43.4,경상북도,포항시북구,S726,13.0,8.0,5.0,0.0,0.0,0.0,0.0,0.0
경상북도,영주시,장수면,신영주,2521,2026.0,0.0,0.0,0.0,0.0,0.0,0.0,0.0,0.0,경상북도,영주시,장수면,2521,2026.0,0.0,0.0,0.0,0.0,0.0,0.0,0.0,0.0,경상북도,영주시,장수면,2521,2026.0,0.0,0.0,0.0,0.0,0.0,0.0,0.0,0.0,0.0,경상북도,영주시,2521,13.0,11.0,2.0,0.0,13.0,12.0,1.0,0.0
,,,신옥천,,,,,,,,,,,,,,,,,,,,,,,,대전광역시,동구,원동,2243,2026.0,0.0,0.0,0.0,0.0,0.0,0.0,0.0,0.0,0.0,대전광역시,대덕구,2243,16.0,16.0,0.0,0.0,0.0,0.0,0.0,0.0
,,,신옥천,,,,,,,,,,,,,,,,,,,,,,,,대전광역시,동구,원동,2243,2026.0,0.0,0.0,0.0,0.0,0.0,0.0,0.0,0.0,0.0,대전광역시,동구,2243,16.0,16.0,0.0,0.0,0.0,0.0,0.0,0.0
,,,신옥천,,,,,,,,,,,,,,,,,,,,,,,,대전광역시,동구,원동,2243,2026.0,0.0,0.0,0.0,0.0,0.0,0.0,0.0,0.0,0.0,대전광역시,서구,2243,16.0,16.0,0.0,0.0,0.0,0.0,0.0,0.0
,,,신옥천,,,,,,,,,,,,,,,,,,,,,,,,대전광역시,동구,원동,2243,2026.0,0.0,0.0,0.0,0.0,0.0,0.0,0.0,0.0,0.0,대전광역시,유성구,2243,16.0,16.0,0.0,0.0,0.0,0.0,0.0,0.0
,,,신옥천,,,,,,,,,,,,,,,,,,,,,,,,대전광역시,동구,원동,2243,2026.0,0.0,0.0,0.0,0.0,0.0,0.0,0.0,0.0,0.0,대전광역시,중구,2243,16.0,16.0,0.0,0.0,0.0,0.0,0.0,0.0
,,,신옥천,,,,,,,,,,,,,,,,,,,,,,,,대전광역시,동구,원동,2243,2026.0,0.0,0.0,0.0,0.0,0.0,0.0,0.0,0.0,0.0,충청남도,금산군,2243,16.0,16.0,0.0,0.0,0.0,0.0,0.0,0.0
,,,신옥천,,,,,,,,,,,,,,,,,,,,,,,,대전광역시,동구,원동,2243,2026.0,0.0,0.0,0.0,0.0,0.0,0.0,0.0,0.0,0.0,충청남도,부여군,2243,16.0,16.0,0.0,0.0,0.0,0.0,0.0,0.0
,,,신옥천,,,,,,,,,,,,,,,,,,,,,,,,대전광역시,동구,원동,2243,2026.0,0.0,0.0,0.0,0.0,0.0,0.0,0.0,0.0,0.0,충청남도,서천군,2243,16.0,16.0,0.0,0.0,0.0,0.0,0.0,0.0
,,,신옥천,,,,,,,,,,,,,,,,,,,,,,,,대전광역시,동구,원동,2243,2026.0,0.0,0.0,0.0,0.0,0.0,0.0,0.0,0.0,0.0,충청남도,청양군,2243,16.0,16.0,0.0,0.0,0.0,0.0,0.0,0.0
,,,신옥천,,,,,,,,,,,,,,,,,,,,,,,,대전광역시,동구,원동,2243,2026.0,0.0,0.0,0.0,0.0,0.0,0.0,0.0,0.0,0.0,충청북도,보은군,2243,16.0,16.0,0.0,0.0,0.0,0.0,0.0,0.0
,,,신옥천,,,,,,,,,,,,,,,,,,,,,,,,대전광역시,동구,원동,2243,2026.0,0.0,0.0,0.0,0.0,0.0,0.0,0.0,0.0,0.0,충청북도,영동군,2243,16.0,16.0,0.0,0.0,0.0,0.0,0.0,0.0
,,,신옥천,,,,,,,,,,,,,,,,,,,,,,,,대전광역시,동구,원동,2243,2026.0,0.0,0.0,0.0,0.0,0.0,0.0,0.0,0.0,0.0,충청북도,옥천군,2243,16.0,16.0,0.0,0.0,0.0,0.0,0.0,0.0
,,,신옥천,,,,,,,,,,,,,,,,,,,,,,,,충청남도,부여군,충화면,2243,2026.0,0.0,0.0,0.0,0.0,0.0,0.0,0.0,0.0,0.0,대전광역시,대덕구,2243,16.0,16.0,0.0,0.0,0.0,0.0,0.0,0.0
,,,신옥천,,,,,,,,,,,,,,,,,,,,,,,,충청남도,부여군,충화면,2243,2026.0,0.0,0.0,0.0,0.0,0.0,0.0,0.0,0.0,0.0,대전광역시,동구,2243,16.0,16.0,0.0,0.0,0.0,0.0,0.0,0.0
,,,신옥천,,,,,,,,,,,,,,,,,,,,,,,,충청남도,부여군,충화면,2243,2026.0,0.0,0.0,0.0,0.0,0.0,0.0,0.0,0.0,0.0,대전광역시,서구,2243,16.0,16.0,0.0,0.0,0.0,0.0,0.0,0.0
,,,신옥천,,,,,,,,,,,,,,,,,,,,,,,,충청남도,부여군,충화면,2243,2026.0,0.0,0.0,0.0,0.0,0.0,0.0,0.0,0.0,0.0,대전광역시,유성구,2243,16.0,16.0,0.0,0.0,0.0,0.0,0.0,0.0
,,,신옥천,,,,,,,,,,,,,,,,,,,,,,,,충청남도,부여군,충화면,2243,2026.0,0.0,0.0,0.0,0.0,0.0,0.0,0.0,0.0,0.0,대전광역시,중구,2243,16.0,16.0,0.0,0.0,0.0,0.0,0.0,0.0
,,,신옥천,,,,,,,,,,,,,,,,,,,,,,,,충청남도,부여군,충화면,2243,2026.0,0.0,0.0,0.0,0.0,0.0,0.0,0.0,0.0,0.0,충청남도,금산군,2243,16.0,16.0,0.0,0.0,0.0,0.0,0.0,0.0
,,,신옥천,,,,,,,,,,,,,,,,,,,,,,,,충청남도,부여군,충화면,2243,2026.0,0.0,0.0,0.0,0.0,0.0,0.0,0.0,0.0,0.0,충청남도,부여군,2243,16.0,16.0,0.0,0.0,0.0,0.0,0.0,0.0
,,,신옥천,,,,,,,,,,,,,,,,,,,,,,,,충청남도,부여군,충화면,2243,2026.0,0.0,0.0,0.0,0.0,0.0,0.0,0.0,0.0,0.0,충청남도,서천군,2243,16.0,16.0,0.0,0.0,0.0,0.0,0.0,0.0
,,,신옥천,,,,,,,,,,,,,,,,,,,,,,,,충청남도,부여군,충화면,2243,2026.0,0.0,0.0,0.0,0.0,0.0,0.0,0.0,0.0,0.0,충청남도,청양군,2243,16.0,16.0,0.0,0.0,0.0,0.0,0.0,0.0
,,,신옥천,,,,,,,,,,,,,,,,,,,,,,,,충청남도,부여군,충화면,2243,2026.0,0.0,0.0,0.0,0.0,0.0,0.0,0.0,0.0,0.0,충청북도,보은군,2243,16.0,16.0,0.0,0.0,0.0,0.0,0.0,0.0
,,,신옥천,,,,,,,,,,,,,,,,,,,,,,,,충청남도,부여군,충화면,2243,2026.0,0.0,0.0,0.0,0.0,0.0,0.0,0.0,0.0,0.0,충청북도,영동군,2243,16.0,16.0,0.0,0.0,0.0,0.0,0.0,0.0
,,,신옥천,,,,,,,,,,,,,,,,,,,,,,,,충청남도,부여군,충화면,2243,2026.0,0.0,0.0,0.0,0.0,0.0,0.0,0.0,0.0,0.0,충청북도,옥천군,2243,16.0,16.0,0.0,0.0,0.0,0.0,0.0,0.0
,,,신옥천,,,,,,,,,,,,,,,,,,,,,,,,충청북도,보은군,보은읍,2243,2026.0,0.0,0.0,0.0,0.0,0.0,0.0,0.0,0.0,0.0,대전광역시,대덕구,2243,16.0,16.0,0.0,0.0,0.0,0.0,0.0,0.0
,,,신옥천,,,,,,,,,,,,,,,,,,,,,,,,충청북도,보은군,보은읍,2243,2026.0,0.0,0.0,0.0,0.0,0.0,0.0,0.0,0.0,0.0,대전광역시,동구,2243,16.0,16.0,0.0,0.0,0.0,0.0,0.0,0.0
,,,신옥천,,,,,,,,,,,,,,,,,,,,,,,,충청북도,보은군,보은읍,2243,2026.0,0.0,0.0,0.0,0.0,0.0,0.0,0.0,0.0,0.0,대전광역시,서구,2243,16.0,16.0,0.0,0.0,0.0,0.0,0.0,0.0
,,,신옥천,,,,,,,,,,,,,,,,,,,,,,,,충청북도,보은군,보은읍,2243,2026.0,0.0,0.0,0.0,0.0,0.0,0.0,0.0,0.0,0.0,대전광역시,유성구,2243,16.0,16.0,0.0,0.0,0.0,0.0,0.0,0.0
,,,신옥천,,,,,,,,,,,,,,,,,,,,,,,,충청북도,보은군,보은읍,2243,2026.0,0.0,0.0,0.0,0.0,0.0,0.0,0.0,0.0,0.0,대전광역시,중구,2243,16.0,16.0,0.0,0.0,0.0,0.0,0.0,0.0
,,,신옥천,,,,,,,,,,,,,,,,,,,,,,,,충청북도,보은군,보은읍,2243,2026.0,0.0,0.0,0.0,0.0,0.0,0.0,0.0,0.0,0.0,충청남도,금산군,2243,16.0,16.0,0.0,0.0,0.0,0.0,0.0,0.0
,,,신옥천,,,,,,,,,,,,,,,,,,,,,,,,충청북도,보은군,보은읍,2243,2026.0,0.0,0.0,0.0,0.0,0.0,0.0,0.0,0.0,0.0,충청남도,부여군,2243,16.0,16.0,0.0,0.0,0.0,0.0,0.0,0.0
,,,신옥천,,,,,,,,,,,,,,,,,,,,,,,,충청북도,보은군,보은읍,2243,2026.0,0.0,0.0,0.0,0.0,0.0,0.0,0.0,0.0,0.0,충청남도,서천군,2243,16.0,16.0,0.0,0.0,0.0,0.0,0.0,0.0
,,,신옥천,,,,,,,,,,,,,,,,,,,,,,,,충청북도,보은군,보은읍,2243,2026.0,0.0,0.0,0.0,0.0,0.0,0.0,0.0,0.0,0.0,충청남도,청양군,2243,16.0,16.0,0.0,0.0,0.0,0.0,0.0,0.0
,,,신옥천,,,,,,,,,,,,,,,,,,,,,,,,충청북도,보은군,보은읍,2243,2026.0,0.0,0.0,0.0,0.0,0.0,0.0,0.0,0.0,0.0,충청북도,보은군,2243,16.0,16.0,0.0,0.0,0.0,0.0,0.0,0.0
,,,신옥천,,,,,,,,,,,,,,,,,,,,,,,,충청북도,보은군,보은읍,2243,2026.0,0.0,0.0,0.0,0.0,0.0,0.0,0.0,0.0,0.0,충청북도,영동군,2243,16.0,16.0,0.0,0.0,0.0,0.0,0.0,0.0
,,,신옥천,,,,,,,,,,,,,,,,,,,,,,,,충청북도,보은군,보은읍,2243,2026.0,0.0,0.0,0.0,0.0,0.0,0.0,0.0,0.0,0.0,충청북도,옥천군,2243,16.0,16.0,0.0,0.0,0.0,0.0,0.0,0.0
,,,신온산,,,,,,,,,,,,,,,,,,,,,,,,울산광역시,울주군,온산읍,S803,2026.0,0.0,0.0,0.0,0.0,0.0,1705.0,1710.0,0.0,0.0,울산광역시,울주군,S803,18.0,16.0,0.0,2.0,0.0,0.0,0.0,0.0
충청남도,아산시,영인면,신온양,S526,2026.0,0.0,0.0,0.0,0.0,0.0,0.0,0.0,0.0,충청남도,아산시,영인면,S526,2026.0,0.0,0.0,0.0,0.0,0.0,0.0,0.0,0.0,충청남도,아산시,영인면,S526,2026.0,0.0,0.0,0.0,0.0,0.0,0.0,0.0,0.0,0.0,충청남도,아산시,S526,12.0,4.0,3.0,5.0,13.0,12.0,1.0,0.0
충청남도,아산시,영인면,신온양,S526,2026.0,0.0,0.0,0.0,0.0,0.0,0.0,0.0,0.0,충청남도,아산시,영인면,S526,2026.0,0.0,0.0,0.0,0.0,0.0,0.0,0.0,0.0,충청남도,아산시,영인면,S526,2026.0,0.0,0.0,0.0,0.0,0.0,0.0,0.0,0.0,0.0,충청남도,천안시서북구,S526,12.0,4.0,3.0,5.0,13.0,12.0,1.0,0.0
경기도,용인시기흥구,지곡동,신용인,2818,2026.0,0.0,0.0,0.0,0.0,0.0,0.0,0.0,0.0,경기도,용인시기흥구,지곡동,2818,2026.0,0.0,0.0,0.0,0.0,0.0,0.0,0.0,0.0,경기도,용인시기흥구,지곡동,2818,2026.0,565.0,565.0,565.0,565.0,565.0,565.0,565.0,565.0,0.0,경기도,용인시기흥구,2818,14.0,14.0,0.0,0.0,14.0,11.0,0.0,3.0
,,,신울산,,,,,,,,,,,,,,,,,,,,,,,,울산광역시,중구,학성동,2388,2026.0,0.0,0.0,0.0,0.0,0.0,5.0,910.0,0.0,0.0,울산광역시,남구,2388,27.0,23.0,0.0,4.0,0.0,0.0,0.0,0.0
,,,신울산,,,,,,,,,,,,,,,,,,,,,,,,울산광역시,중구,학성동,2388,2026.0,0.0,0.0,0.0,0.0,0.0,5.0,910.0,0.0,0.0,울산광역시,울주군,2388,27.0,23.0,0.0,4.0,0.0,0.0,0.0,0.0
,,,신울산,,,,,,,,,,,,,,,,,,,,,,,,울산광역시,중구,학성동,2388,2026.0,0.0,0.0,0.0,0.0,0.0,5.0,910.0,0.0,0.0,울산광역시,중구,2388,27.0,23.0,0.0,4.0,0.0,0.0,0.0,0.0
강원특별자치도,원주시,부론면,신원주1(건설중),E831,2026.0,0.0,0.0,0.0,165.6,165.6,165.6,165.6,0.0,강원특별자치도,원주시,부론면,E831,2026.0,0.0,0.0,0.0,0.0,0.0,680.0,770.0,0.0,강원특별자치도,원주시,부론면,E831,2026.0,0.0,0.0,0.0,0.0,0.0,1220.0,1220.0,0.0,0.0,,,,,,,,,,,
경상남도,창원시성산구,사파동,신월,2740,2026.0,0.0,0.0,0.0,0.0,0.0,0.0,0.0,0.0,경상남도,창원시성산구,사파동,2740,2026.0,0.0,0.0,0.0,0.0,0.0,0.0,0.0,0.0,경상남도,창원시성산구,사파동,2740,2026.0,495.0,495.0,515.0,515.0,515.0,515.0,515.0,495.0,0.0,경상남도,창원시성산구,2740,7.0,4.0,0.0,3.0,23.0,23.0,0.0,0.0
경상남도,창원시성산구,사파동,신월,2740,2026.0,0.0,0.0,0.0,0.0,0.0,0.0,0.0,0.0,경상남도,창원시성산구,사파동,2740,2026.0,0.0,0.0,0.0,0.0,0.0,0.0,0.0,0.0,경상남도,창원시성산구,사파동,2740,2026.0,495.0,495.0,515.0,515.0,515.0,515.0,515.0,495.0,0.0,경상남도,창원시의창구,2740,7.0,4.0,0.0,3.0,23.0,23.0,0.0,0.0
,,,신의정부,,,,,,,,,,,,,,,,,,,,,,,,경기도,의정부시,의정부동,D487,2026.0,0.0,0.0,0.0,0.0,0.0,0.0,0.0,0.0,0.0,경기도,양주시,D487,12.0,8.0,4.0,0.0,0.0,0.0,0.0,0.0
,,,신의정부,,,,,,,,,,,,,,,,,,,,,,,,경기도,의정부시,의정부동,D487,2026.0,0.0,0.0,0.0,0.0,0.0,0.0,0.0,0.0,0.0,경기도,의정부시,D487,12.0,8.0,4.0,0.0,0.0,0.0,0.0,0.0
,,,신의정부,,,,,,,,,,,,,,,,,,,,,,,,경기도,의정부시,의정부동,D487,2026.0,0.0,0.0,0.0,0.0,0.0,0.0,0.0,0.0,0.0,서울특별시,강북구,D487,12.0,8.0,4.0,0.0,0.0,0.0,0.0,0.0
,,,신의정부,,,,,,,,,,,,,,,,,,,,,,,,경기도,의정부시,의정부동,D487,2026.0,0.0,0.0,0.0,0.0,0.0,0.0,0.0,0.0,0.0,서울특별시,노원구,D487,12.0,8.0,4.0,0.0,0.0,0.0,0.0,0.0
,,,신의정부,,,,,,,,,,,,,,,,,,,,,,,,경기도,의정부시,의정부동,D487,2026.0,0.0,0.0,0.0,0.0,0.0,0.0,0.0,0.0,0.0,서울특별시,도봉구,D487,12.0,8.0,4.0,0.0,0.0,0.0,0.0,0.0
,,,신의정부,,,,,,,,,,,,,,,,,,,,,,,,경기도,의정부시,의정부동,D487,2026.0,0.0,0.0,0.0,0.0,0.0,0.0,0.0,0.0,0.0,서울특별시,동대문구,D487,12.0,8.0,4.0,0.0,0.0,0.0,0.0,0.0
,,,신의정부,,,,,,,,,,,,,,,,,,,,,,,,경기도,의정부시,의정부동,D487,2026.0,0.0,0.0,0.0,0.0,0.0,0.0,0.0,0.0,0.0,서울특별시,성북구,D487,12.0,8.0,4.0,0.0,0.0,0.0,0.0,0.0
,,,신의정부,,,,,,,,,,,,,,,,,,,,,,,,서울특별시,성북구,성북동,D487,2026.0,0.0,0.0,0.0,0.0,0.0,0.0,0.0,0.0,0.0,경기도,양주시,D487,12.0,8.0,4.0,0.0,0.0,0.0,0.0,0.0
,,,신의정부,,,,,,,,,,,,,,,,,,,,,,,,서울특별시,성북구,성북동,D487,2026.0,0.0,0.0,0.0,0.0,0.0,0.0,0.0,0.0,0.0,경기도,의정부시,D487,12.0,8.0,4.0,0.0,0.0,0.0,0.0,0.0
,,,신의정부,,,,,,,,,,,,,,,,,,,,,,,,서울특별시,성북구,성북동,D487,2026.0,0.0,0.0,0.0,0.0,0.0,0.0,0.0,0.0,0.0,서울특별시,강북구,D487,12.0,8.0,4.0,0.0,0.0,0.0,0.0,0.0
,,,신의정부,,,,,,,,,,,,,,,,,,,,,,,,서울특별시,성북구,성북동,D487,2026.0,0.0,0.0,0.0,0.0,0.0,0.0,0.0,0.0,0.0,서울특별시,노원구,D487,12.0,8.0,4.0,0.0,0.0,0.0,0.0,0.0
,,,신의정부,,,,,,,,,,,,,,,,,,,,,,,,서울특별시,성북구,성북동,D487,2026.0,0.0,0.0,0.0,0.0,0.0,0.0,0.0,0.0,0.0,서울특별시,도봉구,D487,12.0,8.0,4.0,0.0,0.0,0.0,0.0,0.0
,,,신의정부,,,,,,,,,,,,,,,,,,,,,,,,서울특별시,성북구,성북동,D487,2026.0,0.0,0.0,0.0,0.0,0.0,0.0,0.0,0.0,0.0,서울특별시,동대문구,D487,12.0,8.0,4.0,0.0,0.0,0.0,0.0,0.0
,,,신의정부,,,,,,,,,,,,,,,,,,,,,,,,서울특별시,성북구,성북동,D487,2026.0,0.0,0.0,0.0,0.0,0.0,0.0,0.0,0.0,0.0,서울특별시,성북구,D487,12.0,8.0,4.0,0.0,0.0,0.0,0.0,0.0
대전광역시,대덕구,신일동,신일,2743,2026.0,39.7,36.7,33.8,31.0,0.0,0.0,0.0,39.7,대전광역시,대덕구,신대동,2743,2026.0,245.0,175.0,180.0,165.0,0.0,0.0,0.0,245.0,대전광역시,대덕구,신대동,2743,2026.0,0.0,0.0,0.0,0.0,0.0,0.0,0.0,0.0,0.0,대전광역시,대덕구,2743,8.0,8.0,-1.0,1.0,24.0,22.0,0.0,2.0
경기도,하남시,춘궁동,신장,2647,2026.0,0.0,0.0,0.0,0.0,0.0,0.0,0.0,0.0,경기도,하남시,교산동,2647,2026.0,0.0,0.0,0.0,0.0,0.0,0.0,0.0,0.0,경기도,하남시,교산동,2647,2026.0,370.0,750.0,750.0,750.0,1260.0,1260.0,1265.0,370.0,0.0,경기도,하남시,2647,8.0,7.0,0.0,1.0,30.0,26.0,0.0,4.0
,,,신장성1(건설중),,,,,,,,,,,,,,,,,,,,,,,,전남광주통합특별시,장성군,동화면,E156,2026.0,0.0,0.0,0.0,0.0,0.0,0.0,0.0,0.0,2478.0,,,,,,,,,,,
서울특별시,양천구,신정동,신정,S230,2026.0,0.0,0.0,0.0,0.0,0.0,0.0,0.0,0.0,서울특별시,양천구,신정동,S230,2026.0,0.0,0.0,0.0,0.0,0.0,0.0,0.0,0.0,서울특별시,양천구,신정동,S230,2026.0,305.0,305.0,305.0,305.0,330.0,330.0,330.0,305.0,0.0,서울특별시,양천구,S230,8.0,4.0,2.0,2.0,27.0,9.0,8.0,10.0
,,,신정읍1(건설중),,,,,,,,,,,,,,,,,,,,,,,,전북특별자치도,정읍시,용계동,E125,2026.0,0.0,0.0,0.0,0.0,0.0,0.0,1685.0,0.0,1410.0,,,,,,,,,,,
,,,신제천,,,,,,,,,,,,,,,,,,,,,,,,강원특별자치도,횡성군,횡성읍,2507,2026.0,0.0,0.0,0.0,0.0,0.0,1690.0,1845.0,0.0,0.0,강원특별자치도,영월군,2507,20.0,18.0,2.0,0.0,0.0,0.0,0.0,0.0
,,,신제천,,,,,,,,,,,,,,,,,,,,,,,,강원특별자치도,횡성군,횡성읍,2507,2026.0,0.0,0.0,0.0,0.0,0.0,1690.0,1845.0,0.0,0.0,강원특별자치도,원주시,2507,20.0,18.0,2.0,0.0,0.0,0.0,0.0,0.0
,,,신제천,,,,,,,,,,,,,,,,,,,,,,,,강원특별자치도,횡성군,횡성읍,2507,2026.0,0.0,0.0,0.0,0.0,0.0,1690.0,1845.0,0.0,0.0,강원특별자치도,정선군,2507,20.0,18.0,2.0,0.0,0.0,0.0,0.0,0.0
,,,신제천,,,,,,,,,,,,,,,,,,,,,,,,강원특별자치도,횡성군,횡성읍,2507,2026.0,0.0,0.0,0.0,0.0,0.0,1690.0,1845.0,0.0,0.0,강원특별자치도,횡성군,2507,20.0,18.0,2.0,0.0,0.0,0.0,0.0,0.0
,,,신제천,,,,,,,,,,,,,,,,,,,,,,,,강원특별자치도,횡성군,횡성읍,2507,2026.0,0.0,0.0,0.0,0.0,0.0,1690.0,1845.0,0.0,0.0,충청북도,단양군,2507,20.0,18.0,2.0,0.0,0.0,0.0,0.0,0.0
,,,신제천,,,,,,,,,,,,,,,,,,,,,,,,강원특별자치도,횡성군,횡성읍,2507,2026.0,0.0,0.0,0.0,0.0,0.0,1690.0,1845.0,0.0,0.0,충청북도,제천시,2507,20.0,18.0,2.0,0.0,0.0,0.0,0.0,0.0
,,,신제천,,,,,,,,,,,,,,,,,,,,,,,,충청북도,제천시,의림동,2507,2026.0,0.0,0.0,0.0,0.0,0.0,1690.0,1845.0,0.0,0.0,강원특별자치도,영월군,2507,20.0,18.0,2.0,0.0,0.0,0.0,0.0,0.0
,,,신제천,,,,,,,,,,,,,,,,,,,,,,,,충청북도,제천시,의림동,2507,2026.0,0.0,0.0,0.0,0.0,0.0,1690.0,1845.0,0.0,0.0,강원특별자치도,원주시,2507,20.0,18.0,2.0,0.0,0.0,0.0,0.0,0.0
,,,신제천,,,,,,,,,,,,,,,,,,,,,,,,충청북도,제천시,의림동,2507,2026.0,0.0,0.0,0.0,0.0,0.0,1690.0,1845.0,0.0,0.0,강원특별자치도,정선군,2507,20.0,18.0,2.0,0.0,0.0,0.0,0.0,0.0
,,,신제천,,,,,,,,,,,,,,,,,,,,,,,,충청북도,제천시,의림동,2507,2026.0,0.0,0.0,0.0,0.0,0.0,1690.0,1845.0,0.0,0.0,강원특별자치도,횡성군,2507,20.0,18.0,2.0,0.0,0.0,0.0,0.0,0.0
,,,신제천,,,,,,,,,,,,,,,,,,,,,,,,충청북도,제천시,의림동,2507,2026.0,0.0,0.0,0.0,0.0,0.0,1690.0,1845.0,0.0,0.0,충청북도,단양군,2507,20.0,18.0,2.0,0.0,0.0,0.0,0.0,0.0
,,,신제천,,,,,,,,,,,,,,,,,,,,,,,,충청북도,제천시,의림동,2507,2026.0,0.0,0.0,0.0,0.0,0.0,1690.0,1845.0,0.0,0.0,충청북도,제천시,2507,20.0,18.0,2.0,0.0,0.0,0.0,0.0,0.0
충청북도,진천군,진천읍,신진천,S422,2026.0,0.0,0.0,0.0,0.0,0.0,0.0,0.0,0.0,충청북도,진천군,진천읍,S422,2026.0,0.0,0.0,0.0,0.0,0.0,0.0,0.0,0.0,충청남도,천안시동남구,문화동,S422,2026.0,1035.0,1035.0,1580.0,1580.0,1580.0,1580.0,1580.0,1035.0,0.0,충청남도,천안시동남구,S422,17.0,15.0,2.0,0.0,12.0,6.0,0.0,6.0
충청북도,진천군,진천읍,신진천,S422,2026.0,0.0,0.0,0.0,0.0,0.0,0.0,0.0,0.0,충청북도,진천군,진천읍,S422,2026.0,0.0,0.0,0.0,0.0,0.0,0.0,0.0,0.0,충청남도,천안시동남구,문화동,S422,2026.0,1035.0,1035.0,1580.0,1580.0,1580.0,1580.0,1580.0,1035.0,0.0,충청남도,천안시서북구,S422,17.0,15.0,2.0,0.0,12.0,6.0,0.0,6.0
충청북도,진천군,진천읍,신진천,S422,2026.0,0.0,0.0,0.0,0.0,0.0,0.0,0.0,0.0,충청북도,진천군,진천읍,S422,2026.0,0.0,0.0,0.0,0.0,0.0,0.0,0.0,0.0,충청남도,천안시동남구,문화동,S422,2026.0,1035.0,1035.0,1580.0,1580.0,1580.0,1580.0,1580.0,1035.0,0.0,충청북도,음성군,S422,17.0,15.0,2.0,0.0,12.0,6.0,0.0,6.0
충청북도,진천군,진천읍,신진천,S422,2026.0,0.0,0.0,0.0,0.0,0.0,0.0,0.0,0.0,충청북도,진천군,진천읍,S422,2026.0,0.0,0.0,0.0,0.0,0.0,0.0,0.0,0.0,충청남도,천안시동남구,문화동,S422,2026.0,1035.0,1035.0,1580.0,1580.0,1580.0,1580.0,1580.0,1035.0,0.0,충청북도,진천군,S422,17.0,15.0,2.0,0.0,12.0,6.0,0.0,6.0
충청북도,진천군,진천읍,신진천,S422,2026.0,0.0,0.0,0.0,0.0,0.0,0.0,0.0,0.0,충청북도,진천군,진천읍,S422,2026.0,0.0,0.0,0.0,0.0,0.0,0.0,0.0,0.0,충청남도,천안시동남구,문화동,S422,2026.0,1035.0,1035.0,1580.0,1580.0,1580.0,1580.0,1580.0,1035.0,0.0,충청북도,청주시청원구,S422,17.0,15.0,2.0,0.0,12.0,6.0,0.0,6.0
충청북도,진천군,진천읍,신진천,S422,2026.0,0.0,0.0,0.0,0.0,0.0,0.0,0.0,0.0,충청북도,진천군,진천읍,S422,2026.0,0.0,0.0,0.0,0.0,0.0,0.0,0.0,0.0,충청남도,천안시동남구,문화동,S422,2026.0,1035.0,1035.0,1580.0,1580.0,1580.0,1580.0,1580.0,1035.0,0.0,충청북도,청주시흥덕구,S422,17.0,15.0,2.0,0.0,12.0,6.0,0.0,6.0
충청북도,진천군,진천읍,신진천,S422,2026.0,0.0,0.0,0.0,0.0,0.0,0.0,0.0,0.0,충청북도,진천군,진천읍,S422,2026.0,0.0,0.0,0.0,0.0,0.0,0.0,0.0,0.0,충청북도,진천군,진천읍,S422,2026.0,1035.0,1035.0,1580.0,1580.0,1580.0,1580.0,1580.0,1035.0,0.0,충청남도,천안시동남구,S422,17.0,15.0,2.0,0.0,12.0,6.0,0.0,6.0
충청북도,진천군,진천읍,신진천,S422,2026.0,0.0,0.0,0.0,0.0,0.0,0.0,0.0,0.0,충청북도,진천군,진천읍,S422,2026.0,0.0,0.0,0.0,0.0,0.0,0.0,0.0,0.0,충청북도,진천군,진천읍,S422,2026.0,1035.0,1035.0,1580.0,1580.0,1580.0,1580.0,1580.0,1035.0,0.0,충청남도,천안시서북구,S422,17.0,15.0,2.0,0.0,12.0,6.0,0.0,6.0
충청북도,진천군,진천읍,신진천,S422,2026.0,0.0,0.0,0.0,0.0,0.0,0.0,0.0,0.0,충청북도,진천군,진천읍,S422,2026.0,0.0,0.0,0.0,0.0,0.0,0.0,0.0,0.0,충청북도,진천군,진천읍,S422,2026.0,1035.0,1035.0,1580.0,1580.0,1580.0,1580.0,1580.0,1035.0,0.0,충청북도,음성군,S422,17.0,15.0,2.0,0.0,12.0,6.0,0.0,6.0
충청북도,진천군,진천읍,신진천,S422,2026.0,0.0,0.0,0.0,0.0,0.0,0.0,0.0,0.0,충청북도,진천군,진천읍,S422,2026.0,0.0,0.0,0.0,0.0,0.0,0.0,0.0,0.0,충청북도,진천군,진천읍,S422,2026.0,1035.0,1035.0,1580.0,1580.0,1580.0,1580.0,1580.0,1035.0,0.0,충청북도,진천군,S422,17.0,15.0,2.0,0.0,12.0,6.0,0.0,6.0
충청북도,진천군,진천읍,신진천,S422,2026.0,0.0,0.0,0.0,0.0,0.0,0.0,0.0,0.0,충청북도,진천군,진천읍,S422,2026.0,0.0,0.0,0.0,0.0,0.0,0.0,0.0,0.0,충청북도,진천군,진천읍,S422,2026.0,1035.0,1035.0,1580.0,1580.0,1580.0,1580.0,1580.0,1035.0,0.0,충청북도,청주시청원구,S422,17.0,15.0,2.0,0.0,12.0,6.0,0.0,6.0
충청북도,진천군,진천읍,신진천,S422,2026.0,0.0,0.0,0.0,0.0,0.0,0.0,0.0,0.0,충청북도,진천군,진천읍,S422,2026.0,0.0,0.0,0.0,0.0,0.0,0.0,0.0,0.0,충청북도,진천군,진천읍,S422,2026.0,1035.0,1035.0,1580.0,1580.0,1580.0,1580.0,1580.0,1035.0,0.0,충청북도,청주시흥덕구,S422,17.0,15.0,2.0,0.0,12.0,6.0,0.0,6.0
충청북도,진천군,진천읍,신진천,S422,2026.0,0.0,0.0,0.0,0.0,0.0,0.0,0.0,0.0,충청남도,천안시동남구,문화동,S422,2026.0,0.0,0.0,0.0,0.0,0.0,0.0,0.0,0.0,충청남도,천안시동남구,문화동,S422,2026.0,1035.0,1035.0,1580.0,1580.0,1580.0,1580.0,1580.0,1035.0,0.0,충청남도,천안시동남구,S422,17.0,15.0,2.0,0.0,12.0,6.0,0.0,6.0
충청북도,진천군,진천읍,신진천,S422,2026.0,0.0,0.0,0.0,0.0,0.0,0.0,0.0,0.0,충청남도,천안시동남구,문화동,S422,2026.0,0.0,0.0,0.0,0.0,0.0,0.0,0.0,0.0,충청남도,천안시동남구,문화동,S422,2026.0,1035.0,1035.0,1580.0,1580.0,1580.0,1580.0,1580.0,1035.0,0.0,충청남도,천안시서북구,S422,17.0,15.0,2.0,0.0,12.0,6.0,0.0,6.0
충청북도,진천군,진천읍,신진천,S422,2026.0,0.0,0.0,0.0,0.0,0.0,0.0,0.0,0.0,충청남도,천안시동남구,문화동,S422,2026.0,0.0,0.0,0.0,0.0,0.0,0.0,0.0,0.0,충청남도,천안시동남구,문화동,S422,2026.0,1035.0,1035.0,1580.0,1580.0,1580.0,1580.0,1580.0,1035.0,0.0,충청북도,음성군,S422,17.0,15.0,2.0,0.0,12.0,6.0,0.0,6.0
충청북도,진천군,진천읍,신진천,S422,2026.0,0.0,0.0,0.0,0.0,0.0,0.0,0.0,0.0,충청남도,천안시동남구,문화동,S422,2026.0,0.0,0.0,0.0,0.0,0.0,0.0,0.0,0.0,충청남도,천안시동남구,문화동,S422,2026.0,1035.0,1035.0,1580.0,1580.0,1580.0,1580.0,1580.0,1035.0,0.0,충청북도,진천군,S422,17.0,15.0,2.0,0.0,12.0,6.0,0.0,6.0
충청북도,진천군,진천읍,신진천,S422,2026.0,0.0,0.0,0.0,0.0,0.0,0.0,0.0,0.0,충청남도,천안시동남구,문화동,S422,2026.0,0.0,0.0,0.0,0.0,0.0,0.0,0.0,0.0,충청남도,천안시동남구,문화동,S422,2026.0,1035.0,1035.0,1580.0,1580.0,1580.0,1580.0,1580.0,1035.0,0.0,충청북도,청주시청원구,S422,17.0,15.0,2.0,0.0,12.0,6.0,0.0,6.0
충청북도,진천군,진천읍,신진천,S422,2026.0,0.0,0.0,0.0,0.0,0.0,0.0,0.0,0.0,충청남도,천안시동남구,문화동,S422,2026.0,0.0,0.0,0.0,0.0,0.0,0.0,0.0,0.0,충청남도,천안시동남구,문화동,S422,2026.0,1035.0,1035.0,1580.0,1580.0,1580.0,1580.0,1580.0,1035.0,0.0,충청북도,청주시흥덕구,S422,17.0,15.0,2.0,0.0,12.0,6.0,0.0,6.0
충청북도,진천군,진천읍,신진천,S422,2026.0,0.0,0.0,0.0,0.0,0.0,0.0,0.0,0.0,충청남도,천안시동남구,문화동,S422,2026.0,0.0,0.0,0.0,0.0,0.0,0.0,0.0,0.0,충청북도,진천군,진천읍,S422,2026.0,1035.0,1035.0,1580.0,1580.0,1580.0,1580.0,1580.0,1035.0,0.0,충청남도,천안시동남구,S422,17.0,15.0,2.0,0.0,12.0,6.0,0.0,6.0
충청북도,진천군,진천읍,신진천,S422,2026.0,0.0,0.0,0.0,0.0,0.0,0.0,0.0,0.0,충청남도,천안시동남구,문화동,S422,2026.0,0.0,0.0,0.0,0.0,0.0,0.0,0.0,0.0,충청북도,진천군,진천읍,S422,2026.0,1035.0,1035.0,1580.0,1580.0,1580.0,1580.0,1580.0,1035.0,0.0,충청남도,천안시서북구,S422,17.0,15.0,2.0,0.0,12.0,6.0,0.0,6.0
충청북도,진천군,진천읍,신진천,S422,2026.0,0.0,0.0,0.0,0.0,0.0,0.0,0.0,0.0,충청남도,천안시동남구,문화동,S422,2026.0,0.0,0.0,0.0,0.0,0.0,0.0,0.0,0.0,충청북도,진천군,진천읍,S422,2026.0,1035.0,1035.0,1580.0,1580.0,1580.0,1580.0,1580.0,1035.0,0.0,충청북도,음성군,S422,17.0,15.0,2.0,0.0,12.0,6.0,0.0,6.0
충청북도,진천군,진천읍,신진천,S422,2026.0,0.0,0.0,0.0,0.0,0.0,0.0,0.0,0.0,충청남도,천안시동남구,문화동,S422,2026.0,0.0,0.0,0.0,0.0,0.0,0.0,0.0,0.0,충청북도,진천군,진천읍,S422,2026.0,1035.0,1035.0,1580.0,1580.0,1580.0,1580.0,1580.0,1035.0,0.0,충청북도,진천군,S422,17.0,15.0,2.0,0.0,12.0,6.0,0.0,6.0
충청북도,진천군,진천읍,신진천,S422,2026.0,0.0,0.0,0.0,0.0,0.0,0.0,0.0,0.0,충청남도,천안시동남구,문화동,S422,2026.0,0.0,0.0,0.0,0.0,0.0,0.0,0.0,0.0,충청북도,진천군,진천읍,S422,2026.0,1035.0,1035.0,1580.0,1580.0,1580.0,1580.0,1580.0,1035.0,0.0,충청북도,청주시청원구,S422,17.0,15.0,2.0,0.0,12.0,6.0,0.0,6.0
충청북도,진천군,진천읍,신진천,S422,2026.0,0.0,0.0,0.0,0.0,0.0,0.0,0.0,0.0,충청남도,천안시동남구,문화동,S422,2026.0,0.0,0.0,0.0,0.0,0.0,0.0,0.0,0.0,충청북도,진천군,진천읍,S422,2026.0,1035.0,1035.0,1580.0,1580.0,1580.0,1580.0,1580.0,1035.0,0.0,충청북도,청주시흥덕구,S422,17.0,15.0,2.0,0.0,12.0,6.0,0.0,6.0
충청남도,천안시동남구,문화동,신진천,S422,2026.0,0.0,0.0,0.0,0.0,0.0,0.0,0.0,0.0,충청북도,진천군,진천읍,S422,2026.0,0.0,0.0,0.0,0.0,0.0,0.0,0.0,0.0,충청남도,천안시동남구,문화동,S422,2026.0,1035.0,1035.0,1580.0,1580.0,1580.0,1580.0,1580.0,1035.0,0.0,충청남도,천안시동남구,S422,17.0,15.0,2.0,0.0,12.0,6.0,0.0,6.0
충청남도,천안시동남구,문화동,신진천,S422,2026.0,0.0,0.0,0.0,0.0,0.0,0.0,0.0,0.0,충청북도,진천군,진천읍,S422,2026.0,0.0,0.0,0.0,0.0,0.0,0.0,0.0,0.0,충청남도,천안시동남구,문화동,S422,2026.0,1035.0,1035.0,1580.0,1580.0,1580.0,1580.0,1580.0,1035.0,0.0,충청남도,천안시서북구,S422,17.0,15.0,2.0,0.0,12.0,6.0,0.0,6.0
충청남도,천안시동남구,문화동,신진천,S422,2026.0,0.0,0.0,0.0,0.0,0.0,0.0,0.0,0.0,충청북도,진천군,진천읍,S422,2026.0,0.0,0.0,0.0,0.0,0.0,0.0,0.0,0.0,충청남도,천안시동남구,문화동,S422,2026.0,1035.0,1035.0,1580.0,1580.0,1580.0,1580.0,1580.0,1035.0,0.0,충청북도,음성군,S422,17.0,15.0,2.0,0.0,12.0,6.0,0.0,6.0
충청남도,천안시동남구,문화동,신진천,S422,2026.0,0.0,0.0,0.0,0.0,0.0,0.0,0.0,0.0,충청북도,진천군,진천읍,S422,2026.0,0.0,0.0,0.0,0.0,0.0,0.0,0.0,0.0,충청남도,천안시동남구,문화동,S422,2026.0,1035.0,1035.0,1580.0,1580.0,1580.0,1580.0,1580.0,1035.0,0.0,충청북도,진천군,S422,17.0,15.0,2.0,0.0,12.0,6.0,0.0,6.0
충청남도,천안시동남구,문화동,신진천,S422,2026.0,0.0,0.0,0.0,0.0,0.0,0.0,0.0,0.0,충청북도,진천군,진천읍,S422,2026.0,0.0,0.0,0.0,0.0,0.0,0.0,0.0,0.0,충청남도,천안시동남구,문화동,S422,2026.0,1035.0,1035.0,1580.0,1580.0,1580.0,1580.0,1580.0,1035.0,0.0,충청북도,청주시청원구,S422,17.0,15.0,2.0,0.0,12.0,6.0,0.0,6.0
충청남도,천안시동남구,문화동,신진천,S422,2026.0,0.0,0.0,0.0,0.0,0.0,0.0,0.0,0.0,충청북도,진천군,진천읍,S422,2026.0,0.0,0.0,0.0,0.0,0.0,0.0,0.0,0.0,충청남도,천안시동남구,문화동,S422,2026.0,1035.0,1035.0,1580.0,1580.0,1580.0,1580.0,1580.0,1035.0,0.0,충청북도,청주시흥덕구,S422,17.0,15.0,2.0,0.0,12.0,6.0,0.0,6.0
충청남도,천안시동남구,문화동,신진천,S422,2026.0,0.0,0.0,0.0,0.0,0.0,0.0,0.0,0.0,충청북도,진천군,진천읍,S422,2026.0,0.0,0.0,0.0,0.0,0.0,0.0,0.0,0.0,충청북도,진천군,진천읍,S422,2026.0,1035.0,1035.0,1580.0,1580.0,1580.0,1580.0,1580.0,1035.0,0.0,충청남도,천안시동남구,S422,17.0,15.0,2.0,0.0,12.0,6.0,0.0,6.0
충청남도,천안시동남구,문화동,신진천,S422,2026.0,0.0,0.0,0.0,0.0,0.0,0.0,0.0,0.0,충청북도,진천군,진천읍,S422,2026.0,0.0,0.0,0.0,0.0,0.0,0.0,0.0,0.0,충청북도,진천군,진천읍,S422,2026.0,1035.0,1035.0,1580.0,1580.0,1580.0,1580.0,1580.0,1035.0,0.0,충청남도,천안시서북구,S422,17.0,15.0,2.0,0.0,12.0,6.0,0.0,6.0
충청남도,천안시동남구,문화동,신진천,S422,2026.0,0.0,0.0,0.0,0.0,0.0,0.0,0.0,0.0,충청북도,진천군,진천읍,S422,2026.0,0.0,0.0,0.0,0.0,0.0,0.0,0.0,0.0,충청북도,진천군,진천읍,S422,2026.0,1035.0,1035.0,1580.0,1580.0,1580.0,1580.0,1580.0,1035.0,0.0,충청북도,음성군,S422,17.0,15.0,2.0,0.0,12.0,6.0,0.0,6.0
충청남도,천안시동남구,문화동,신진천,S422,2026.0,0.0,0.0,0.0,0.0,0.0,0.0,0.0,0.0,충청북도,진천군,진천읍,S422,2026.0,0.0,0.0,0.0,0.0,0.0,0.0,0.0,0.0,충청북도,진천군,진천읍,S422,2026.0,1035.0,1035.0,1580.0,1580.0,1580.0,1580.0,1580.0,1035.0,0.0,충청북도,진천군,S422,17.0,15.0,2.0,0.0,12.0,6.0,0.0,6.0
충청남도,천안시동남구,문화동,신진천,S422,2026.0,0.0,0.0,0.0,0.0,0.0,0.0,0.0,0.0,충청북도,진천군,진천읍,S422,2026.0,0.0,0.0,0.0,0.0,0.0,0.0,0.0,0.0,충청북도,진천군,진천읍,S422,2026.0,1035.0,1035.0,1580.0,1580.0,1580.0,1580.0,1580.0,1035.0,0.0,충청북도,청주시청원구,S422,17.0,15.0,2.0,0.0,12.0,6.0,0.0,6.0
충청남도,천안시동남구,문화동,신진천,S422,2026.0,0.0,0.0,0.0,0.0,0.0,0.0,0.0,0.0,충청북도,진천군,진천읍,S422,2026.0,0.0,0.0,0.0,0.0,0.0,0.0,0.0,0.0,충청북도,진천군,진천읍,S422,2026.0,1035.0,1035.0,1580.0,1580.0,1580.0,1580.0,1580.0,1035.0,0.0,충청북도,청주시흥덕구,S422,17.0,15.0,2.0,0.0,12.0,6.0,0.0,6.0
충청남도,천안시동남구,문화동,신진천,S422,2026.0,0.0,0.0,0.0,0.0,0.0,0.0,0.0,0.0,충청남도,천안시동남구,문화동,S422,2026.0,0.0,0.0,0.0,0.0,0.0,0.0,0.0,0.0,충청남도,천안시동남구,문화동,S422,2026.0,1035.0,1035.0,1580.0,1580.0,1580.0,1580.0,1580.0,1035.0,0.0,충청남도,천안시동남구,S422,17.0,15.0,2.0,0.0,12.0,6.0,0.0,6.0
충청남도,천안시동남구,문화동,신진천,S422,2026.0,0.0,0.0,0.0,0.0,0.0,0.0,0.0,0.0,충청남도,천안시동남구,문화동,S422,2026.0,0.0,0.0,0.0,0.0,0.0,0.0,0.0,0.0,충청남도,천안시동남구,문화동,S422,2026.0,1035.0,1035.0,1580.0,1580.0,1580.0,1580.0,1580.0,1035.0,0.0,충청남도,천안시서북구,S422,17.0,15.0,2.0,0.0,12.0,6.0,0.0,6.0
충청남도,천안시동남구,문화동,신진천,S422,2026.0,0.0,0.0,0.0,0.0,0.0,0.0,0.0,0.0,충청남도,천안시동남구,문화동,S422,2026.0,0.0,0.0,0.0,0.0,0.0,0.0,0.0,0.0,충청남도,천안시동남구,문화동,S422,2026.0,1035.0,1035.0,1580.0,1580.0,1580.0,1580.0,1580.0,1035.0,0.0,충청북도,음성군,S422,17.0,15.0,2.0,0.0,12.0,6.0,0.0,6.0
충청남도,천안시동남구,문화동,신진천,S422,2026.0,0.0,0.0,0.0,0.0,0.0,0.0,0.0,0.0,충청남도,천안시동남구,문화동,S422,2026.0,0.0,0.0,0.0,0.0,0.0,0.0,0.0,0.0,충청남도,천안시동남구,문화동,S422,2026.0,1035.0,1035.0,1580.0,1580.0,1580.0,1580.0,1580.0,1035.0,0.0,충청북도,진천군,S422,17.0,15.0,2.0,0.0,12.0,6.0,0.0,6.0
충청남도,천안시동남구,문화동,신진천,S422,2026.0,0.0,0.0,0.0,0.0,0.0,0.0,0.0,0.0,충청남도,천안시동남구,문화동,S422,2026.0,0.0,0.0,0.0,0.0,0.0,0.0,0.0,0.0,충청남도,천안시동남구,문화동,S422,2026.0,1035.0,1035.0,1580.0,1580.0,1580.0,1580.0,1580.0,1035.0,0.0,충청북도,청주시청원구,S422,17.0,15.0,2.0,0.0,12.0,6.0,0.0,6.0
충청남도,천안시동남구,문화동,신진천,S422,2026.0,0.0,0.0,0.0,0.0,0.0,0.0,0.0,0.0,충청남도,천안시동남구,문화동,S422,2026.0,0.0,0.0,0.0,0.0,0.0,0.0,0.0,0.0,충청남도,천안시동남구,문화동,S422,2026.0,1035.0,1035.0,1580.0,1580.0,1580.0,1580.0,1580.0,1035.0,0.0,충청북도,청주시흥덕구,S422,17.0,15.0,2.0,0.0,12.0,6.0,0.0,6.0
충청남도,천안시동남구,문화동,신진천,S422,2026.0,0.0,0.0,0.0,0.0,0.0,0.0,0.0,0.0,충청남도,천안시동남구,문화동,S422,2026.0,0.0,0.0,0.0,0.0,0.0,0.0,0.0,0.0,충청북도,진천군,진천읍,S422,2026.0,1035.0,1035.0,1580.0,1580.0,1580.0,1580.0,1580.0,1035.0,0.0,충청남도,천안시동남구,S422,17.0,15.0,2.0,0.0,12.0,6.0,0.0,6.0
충청남도,천안시동남구,문화동,신진천,S422,2026.0,0.0,0.0,0.0,0.0,0.0,0.0,0.0,0.0,충청남도,천안시동남구,문화동,S422,2026.0,0.0,0.0,0.0,0.0,0.0,0.0,0.0,0.0,충청북도,진천군,진천읍,S422,2026.0,1035.0,1035.0,1580.0,1580.0,1580.0,1580.0,1580.0,1035.0,0.0,충청남도,천안시서북구,S422,17.0,15.0,2.0,0.0,12.0,6.0,0.0,6.0
충청남도,천안시동남구,문화동,신진천,S422,2026.0,0.0,0.0,0.0,0.0,0.0,0.0,0.0,0.0,충청남도,천안시동남구,문화동,S422,2026.0,0.0,0.0,0.0,0.0,0.0,0.0,0.0,0.0,충청북도,진천군,진천읍,S422,2026.0,1035.0,1035.0,1580.0,1580.0,1580.0,1580.0,1580.0,1035.0,0.0,충청북도,음성군,S422,17.0,15.0,2.0,0.0,12.0,6.0,0.0,6.0
충청남도,천안시동남구,문화동,신진천,S422,2026.0,0.0,0.0,0.0,0.0,0.0,0.0,0.0,0.0,충청남도,천안시동남구,문화동,S422,2026.0,0.0,0.0,0.0,0.0,0.0,0.0,0.0,0.0,충청북도,진천군,진천읍,S422,2026.0,1035.0,1035.0,1580.0,1580.0,1580.0,1580.0,1580.0,1035.0,0.0,충청북도,진천군,S422,17.0,15.0,2.0,0.0,12.0,6.0,0.0,6.0
충청남도,천안시동남구,문화동,신진천,S422,2026.0,0.0,0.0,0.0,0.0,0.0,0.0,0.0,0.0,충청남도,천안시동남구,문화동,S422,2026.0,0.0,0.0,0.0,0.0,0.0,0.0,0.0,0.0,충청북도,진천군,진천읍,S422,2026.0,1035.0,1035.0,1580.0,1580.0,1580.0,1580.0,1580.0,1035.0,0.0,충청북도,청주시청원구,S422,17.0,15.0,2.0,0.0,12.0,6.0,0.0,6.0
충청남도,천안시동남구,문화동,신진천,S422,2026.0,0.0,0.0,0.0,0.0,0.0,0.0,0.0,0.0,충청남도,천안시동남구,문화동,S422,2026.0,0.0,0.0,0.0,0.0,0.0,0.0,0.0,0.0,충청북도,진천군,진천읍,S422,2026.0,1035.0,1035.0,1580.0,1580.0,1580.0,1580.0,1580.0,1035.0,0.0,충청북도,청주시흥덕구,S422,17.0,15.0,2.0,0.0,12.0,6.0,0.0,6.0
충청남도,아산시,선장면,신창(건설중),D991,2026.0,15.0,20.0,75.0,0.0,0.0,0.0,0.0,15.0,충청남도,아산시,선장면,D991,2026.0,15.0,20.0,75.0,0.0,0.0,0.0,0.0,15.0,충청남도,아산시,선장면,D991,2026.0,0.0,0.0,0.0,0.0,0.0,0.0,0.0,0.0,0.0,,,,,,,,,,,
충청북도,청주시흥덕구,오송읍,신청주,E352,2026.0,0.0,0.0,0.0,0.0,0.0,0.0,0.0,0.0,충청북도,청주시흥덕구,외북동,E352,2026.0,0.0,0.0,0.0,0.0,0.0,0.0,0.0,0.0,충청북도,청주시흥덕구,오송읍,E352,2026.0,2265.0,2325.0,2325.0,2935.0,2935.0,3045.0,3095.0,2265.0,0.0,,,,,,,,,,,
서울특별시,서대문구,봉원동,신촌,2059,2026.0,0.0,0.0,0.0,0.0,0.0,0.0,0.0,0.0,서울특별시,마포구,대흥동,2059,2026.0,0.0,0.0,0.0,0.0,0.0,0.0,0.0,0.0,서울특별시,마포구,대흥동,2059,2026.0,845.0,845.0,915.0,915.0,915.0,915.0,925.0,845.0,0.0,서울특별시,마포구,2059,4.0,4.0,0.0,0.0,28.0,25.0,0.0,3.0
서울특별시,서대문구,봉원동,신촌,2059,2026.0,0.0,0.0,0.0,0.0,0.0,0.0,0.0,0.0,서울특별시,마포구,대흥동,2059,2026.0,0.0,0.0,0.0,0.0,0.0,0.0,0.0,0.0,서울특별시,마포구,대흥동,2059,2026.0,845.0,845.0,915.0,915.0,915.0,915.0,925.0,845.0,0.0,서울특별시,서대문구,2059,4.0,4.0,0.0,0.0,28.0,25.0,0.0,3.0
충청북도,충주시,문화동,신충주,D275,2026.0,0.0,0.0,0.0,0.0,0.0,0.0,0.0,0.0,충청북도,충주시,주덕읍,D275,2026.0,0.0,0.0,0.0,0.0,0.0,0.0,0.0,0.0,충청북도,충주시,문화동,D275,2026.0,0.0,0.0,0.0,0.0,0.0,780.0,1690.0,0.0,0.0,충청북도,괴산군,D275,16.0,16.0,0.0,0.0,24.0,22.0,0.0,2.0
충청북도,충주시,문화동,신충주,D275,2026.0,0.0,0.0,0.0,0.0,0.0,0.0,0.0,0.0,충청북도,충주시,주덕읍,D275,2026.0,0.0,0.0,0.0,0.0,0.0,0.0,0.0,0.0,충청북도,충주시,문화동,D275,2026.0,0.0,0.0,0.0,0.0,0.0,780.0,1690.0,0.0,0.0,충청북도,음성군,D275,16.0,16.0,0.0,0.0,24.0,22.0,0.0,2.0
충청북도,충주시,문화동,신충주,D275,2026.0,0.0,0.0,0.0,0.0,0.0,0.0,0.0,0.0,충청북도,충주시,주덕읍,D275,2026.0,0.0,0.0,0.0,0.0,0.0,0.0,0.0,0.0,충청북도,충주시,문화동,D275,2026.0,0.0,0.0,0.0,0.0,0.0,780.0,1690.0,0.0,0.0,충청북도,충주시,D275,16.0,16.0,0.0,0.0,24.0,22.0,0.0,2.0
대전광역시,대덕구,황호동,신탄진,2205,2026.0,70.4,60.0,60.0,45.0,0.0,0.0,0.0,70.4,대전광역시,대덕구,갈전동,2205,2026.0,130.0,60.0,60.0,45.0,0.0,0.0,0.0,130.0,대전광역시,대덕구,갈전동,2205,2026.0,0.0,0.0,0.0,0.0,0.0,0.0,0.0,0.0,0.0,대전광역시,대덕구,2205,10.0,6.0,2.0,2.0,24.0,17.0,1.0,6.0
,,,신탕정,,,,,,,,,,,,,,,,,,,,,,,,충청남도,아산시,탕정면,D282,2026.0,0.0,0.0,0.0,0.0,0.0,0.0,0.0,0.0,0.0,충청남도,아산시,D282,16.0,14.0,2.0,0.0,0.0,0.0,0.0,0.0
,,,신파주,,,,,,,,,,,,,,,,,,,,,,,,경기도,고양시덕양구,향동동,S136,2026.0,0.0,0.0,0.0,0.0,0.0,490.0,490.0,0.0,0.0,경기도,고양시덕양구,S136,16.0,6.0,8.0,2.0,23.0,23.0,0.0,0.0
,,,신파주,,,,,,,,,,,,,,,,,,,,,,,,경기도,고양시덕양구,향동동,S136,2026.0,0.0,0.0,0.0,0.0,0.0,490.0,490.0,0.0,0.0,경기도,고양시일산동구,S136,16.0,6.0,8.0,2.0,23.0,23.0,0.0,0.0
,,,신파주,,,,,,,,,,,,,,,,,,,,,,,,경기도,고양시덕양구,향동동,S136,2026.0,0.0,0.0,0.0,0.0,0.0,490.0,490.0,0.0,0.0,경기도,고양시일산서구,S136,16.0,6.0,8.0,2.0,23.0,23.0,0.0,0.0
,,,신파주,,,,,,,,,,,,,,,,,,,,,,,,경기도,고양시덕양구,향동동,S136,2026.0,0.0,0.0,0.0,0.0,0.0,490.0,490.0,0.0,0.0,경기도,파주시,S136,16.0,6.0,8.0,2.0,23.0,23.0,0.0,0.0
부산광역시,사하구,괴정동,신평,2426,2026.0,0.0,0.0,0.0,0.0,0.0,0.0,0.0,0.0,부산광역시,사하구,괴정동,2426,2026.0,140.0,0.0,0.0,0.0,0.0,0.0,0.0,140.0,부산광역시,사하구,괴정동,2426,2026.0,0.0,0.0,0.0,0.0,0.0,730.0,730.0,0.0,0.0,부산광역시,사하구,2426,12.0,6.0,3.0,3.0,24.0,24.0,0.0,0.0
,,,신포천,,,,,,,,,,,,,,,,,,,,,,,,경기도,의정부시,자일동,D272,2026.0,0.0,0.0,0.0,0.0,0.0,0.0,0.0,0.0,0.0,경기도,동두천시,D272,12.0,10.0,2.0,0.0,0.0,0.0,0.0,0.0
,,,신포천,,,,,,,,,,,,,,,,,,,,,,,,경기도,의정부시,자일동,D272,2026.0,0.0,0.0,0.0,0.0,0.0,0.0,0.0,0.0,0.0,경기도,양주시,D272,12.0,10.0,2.0,0.0,0.0,0.0,0.0,0.0
,,,신포천,,,,,,,,,,,,,,,,,,,,,,,,경기도,의정부시,자일동,D272,2026.0,0.0,0.0,0.0,0.0,0.0,0.0,0.0,0.0,0.0,경기도,연천군,D272,12.0,10.0,2.0,0.0,0.0,0.0,0.0,0.0
,,,신포천,,,,,,,,,,,,,,,,,,,,,,,,경기도,의정부시,자일동,D272,2026.0,0.0,0.0,0.0,0.0,0.0,0.0,0.0,0.0,0.0,경기도,의정부시,D272,12.0,10.0,2.0,0.0,0.0,0.0,0.0,0.0
,,,신포천,,,,,,,,,,,,,,,,,,,,,,,,경기도,의정부시,자일동,D272,2026.0,0.0,0.0,0.0,0.0,0.0,0.0,0.0,0.0,0.0,경기도,포천시,D272,12.0,10.0,2.0,0.0,0.0,0.0,0.0,0.0
,,,신포항,,,,,,,,,,,,,,,,,,,,,,,,경상북도,포항시남구,상도동,5217,2026.0,0.0,0.0,0.0,0.0,0.0,2150.0,2125.0,0.0,60.0,경상북도,포항시남구,5217,16.0,9.0,6.0,1.0,0.0,0.0,0.0,0.0
충청남도,공주시,사곡면,신풍,2823,2026.0,0.0,0.0,0.0,0.0,0.0,0.0,0.0,0.0,충청남도,공주시,사곡면,2823,2026.0,0.0,0.0,0.0,0.0,0.0,0.0,0.0,0.0,충청남도,공주시,사곡면,2823,2026.0,0.0,0.0,0.0,0.0,0.0,0.0,0.0,0.0,0.0,충청남도,공주시,2823,8.0,4.0,0.0,4.0,27.0,7.0,0.0,20.0
경기도,여주시,가남읍,신해(건설중),E817,2026.0,0.0,0.0,0.0,0.0,0.0,0.0,0.0,0.0,경기도,여주시,가남읍,E817,2026.0,0.0,0.0,0.0,0.0,0.0,0.0,0.0,0.0,경기도,여주시,가남읍,E817,2026.0,0.0,0.0,0.0,760.0,760.0,765.0,770.0,0.0,0.0,,,,,,,,,,,
인천광역시,서구,가좌동,신현,2594,2026.0,0.0,0.0,0.0,0.0,0.0,0.0,0.0,0.0,인천광역시,서구,가좌동,2594,2026.0,0.0,0.0,0.0,0.0,0.0,0.0,0.0,0.0,인천광역시,서구,가좌동,2594,2026.0,0.0,0.0,0.0,0.0,0.0,0.0,0.0,0.0,0.0,인천광역시,미추홀구,2594,8.0,7.0,1.0,0.0,27.0,27.0,0.0,0.0
,,,신화순,,,,,,,,,,,,,,,,,,,,,,,,전남광주통합특별시,광산구,도덕동,S616,2026.0,0.0,0.0,0.0,0.0,0.0,0.0,0.0,0.0,510.0,전남광주통합특별시,곡성군,S616,20.0,10.0,10.0,0.0,0.0,0.0,0.0,0.0
,,,신화순,,,,,,,,,,,,,,,,,,,,,,,,전남광주통합특별시,광산구,도덕동,S616,2026.0,0.0,0.0,0.0,0.0,0.0,0.0,0.0,0.0,510.0,전남광주통합특별시,광산구,S616,20.0,10.0,10.0,0.0,0.0,0.0,0.0,0.0
,,,신화순,,,,,,,,,,,,,,,,,,,,,,,,전남광주통합특별시,광산구,도덕동,S616,2026.0,0.0,0.0,0.0,0.0,0.0,0.0,0.0,0.0,510.0,전남광주통합특별시,나주시,S616,20.0,10.0,10.0,0.0,0.0,0.0,0.0,0.0
,,,신화순,,,,,,,,,,,,,,,,,,,,,,,,전남광주통합특별시,광산구,도덕동,S616,2026.0,0.0,0.0,0.0,0.0,0.0,0.0,0.0,0.0,510.0,전남광주통합특별시,남구,S616,20.0,10.0,10.0,0.0,0.0,0.0,0.0,0.0
,,,신화순,,,,,,,,,,,,,,,,,,,,,,,,전남광주통합특별시,광산구,도덕동,S616,2026.0,0.0,0.0,0.0,0.0,0.0,0.0,0.0,0.0,510.0,전남광주통합특별시,동구,S616,20.0,10.0,10.0,0.0,0.0,0.0,0.0,0.0
,,,신화순,,,,,,,,,,,,,,,,,,,,,,,,전남광주통합특별시,광산구,도덕동,S616,2026.0,0.0,0.0,0.0,0.0,0.0,0.0,0.0,0.0,510.0,전남광주통합특별시,목포시,S616,20.0,10.0,10.0,0.0,0.0,0.0,0.0,0.0
,,,신화순,,,,,,,,,,,,,,,,,,,,,,,,전남광주통합특별시,광산구,도덕동,S616,2026.0,0.0,0.0,0.0,0.0,0.0,0.0,0.0,0.0,510.0,전남광주통합특별시,무안군,S616,20.0,10.0,10.0,0.0,0.0,0.0,0.0,0.0
,,,신화순,,,,,,,,,,,,,,,,,,,,,,,,전남광주통합특별시,광산구,도덕동,S616,2026.0,0.0,0.0,0.0,0.0,0.0,0.0,0.0,0.0,510.0,전남광주통합특별시,북구,S616,20.0,10.0,10.0,0.0,0.0,0.0,0.0,0.0
,,,신화순,,,,,,,,,,,,,,,,,,,,,,,,전남광주통합특별시,광산구,도덕동,S616,2026.0,0.0,0.0,0.0,0.0,0.0,0.0,0.0,0.0,510.0,전남광주통합특별시,서구,S616,20.0,10.0,10.0,0.0,0.0,0.0,0.0,0.0
,,,신화순,,,,,,,,,,,,,,,,,,,,,,,,전남광주통합특별시,광산구,도덕동,S616,2026.0,0.0,0.0,0.0,0.0,0.0,0.0,0.0,0.0,510.0,전남광주통합특별시,신안군,S616,20.0,10.0,10.0,0.0,0.0,0.0,0.0,0.0
,,,신화순,,,,,,,,,,,,,,,,,,,,,,,,전남광주통합특별시,광산구,도덕동,S616,2026.0,0.0,0.0,0.0,0.0,0.0,0.0,0.0,0.0,510.0,전남광주통합특별시,함평군,S616,20.0,10.0,10.0,0.0,0.0,0.0,0.0,0.0
,,,신화순,,,,,,,,,,,,,,,,,,,,,,,,전남광주통합특별시,광산구,도덕동,S616,2026.0,0.0,0.0,0.0,0.0,0.0,0.0,0.0,0.0,510.0,전남광주통합특별시,화순군,S616,20.0,10.0,10.0,0.0,0.0,0.0,0.0,0.0
대전광역시,동구,삼성동,신흥,S505,2026.0,0.0,0.0,0.0,0.0,0.0,0.0,0.0,0.0,대전광역시,동구,대동,S505,2026.0,0.0,0.0,0.0,0.0,0.0,0.0,0.0,0.0,대전광역시,동구,대동,S505,2026.0,0.0,0.0,0.0,0.0,0.0,0.0,0.0,0.0,0.0,대전광역시,동구,S505,8.0,6.0,0.0,2.0,26.0,11.0,0.0,15.0
경상북도,고령군,개진면,쌍림,S729,2026.0,108.5,107.9,107.3,106.7,106.1,105.5,104.9,108.5,경상북도,고령군,개진면,S729,2026.0,270.0,290.0,300.0,320.0,315.0,325.0,410.0,270.0,경상남도,합천군,덕곡면,S729,2026.0,270.0,270.0,370.0,370.0,370.0,370.0,370.0,270.0,0.0,경상남도,합천군,S729,9.0,4.0,0.0,5.0,15.0,15.0,0.0,0.0
경상북도,고령군,개진면,쌍림,S729,2026.0,108.5,107.9,107.3,106.7,106.1,105.5,104.9,108.5,경상북도,고령군,개진면,S729,2026.0,270.0,290.0,300.0,320.0,315.0,325.0,410.0,270.0,경상남도,합천군,덕곡면,S729,2026.0,270.0,270.0,370.0,370.0,370.0,370.0,370.0,270.0,0.0,경상북도,고령군,S729,9.0,4.0,0.0,5.0,15.0,15.0,0.0,0.0
경상북도,고령군,개진면,쌍림,S729,2026.0,108.5,107.9,107.3,106.7,106.1,105.5,104.9,108.5,경상북도,고령군,개진면,S729,2026.0,270.0,290.0,300.0,320.0,315.0,325.0,410.0,270.0,경상남도,합천군,덕곡면,S729,2026.0,270.0,270.0,370.0,370.0,370.0,370.0,370.0,270.0,0.0,경상북도,영주시,S729,9.0,4.0,0.0,5.0,15.0,15.0,0.0,0.0
경상북도,고령군,개진면,쌍림,S729,2026.0,108.5,107.9,107.3,106.7,106.1,105.5,104.9,108.5,경상북도,고령군,개진면,S729,2026.0,270.0,290.0,300.0,320.0,315.0,325.0,410.0,270.0,경상북도,고령군,개진면,S729,2026.0,270.0,270.0,370.0,370.0,370.0,370.0,370.0,270.0,0.0,경상남도,합천군,S729,9.0,4.0,0.0,5.0,15.0,15.0,0.0,0.0
경상북도,고령군,개진면,쌍림,S729,2026.0,108.5,107.9,107.3,106.7,106.1,105.5,104.9,108.5,경상북도,고령군,개진면,S729,2026.0,270.0,290.0,300.0,320.0,315.0,325.0,410.0,270.0,경상북도,고령군,개진면,S729,2026.0,270.0,270.0,370.0,370.0,370.0,370.0,370.0,270.0,0.0,경상북도,고령군,S729,9.0,4.0,0.0,5.0,15.0,15.0,0.0,0.0
경상북도,고령군,개진면,쌍림,S729,2026.0,108.5,107.9,107.3,106.7,106.1,105.5,104.9,108.5,경상북도,고령군,개진면,S729,2026.0,270.0,290.0,300.0,320.0,315.0,325.0,410.0,270.0,경상북도,고령군,개진면,S729,2026.0,270.0,270.0,370.0,370.0,370.0,370.0,370.0,270.0,0.0,경상북도,영주시,S729,9.0,4.0,0.0,5.0,15.0,15.0,0.0,0.0
경상북도,고령군,개진면,쌍림,S729,2026.0,108.5,107.9,107.3,106.7,106.1,105.5,104.9,108.5,경상남도,합천군,덕곡면,S729,2026.0,270.0,290.0,300.0,320.0,315.0,325.0,410.0,270.0,경상남도,합천군,덕곡면,S729,2026.0,270.0,270.0,370.0,370.0,370.0,370.0,370.0,270.0,0.0,경상남도,합천군,S729,9.0,4.0,0.0,5.0,15.0,15.0,0.0,0.0
경상북도,고령군,개진면,쌍림,S729,2026.0,108.5,107.9,107.3,106.7,106.1,105.5,104.9,108.5,경상남도,합천군,덕곡면,S729,2026.0,270.0,290.0,300.0,320.0,315.0,325.0,410.0,270.0,경상남도,합천군,덕곡면,S729,2026.0,270.0,270.0,370.0,370.0,370.0,370.0,370.0,270.0,0.0,경상북도,고령군,S729,9.0,4.0,0.0,5.0,15.0,15.0,0.0,0.0
경상북도,고령군,개진면,쌍림,S729,2026.0,108.5,107.9,107.3,106.7,106.1,105.5,104.9,108.5,경상남도,합천군,덕곡면,S729,2026.0,270.0,290.0,300.0,320.0,315.0,325.0,410.0,270.0,경상남도,합천군,덕곡면,S729,2026.0,270.0,270.0,370.0,370.0,370.0,370.0,370.0,270.0,0.0,경상북도,영주시,S729,9.0,4.0,0.0,5.0,15.0,15.0,0.0,0.0
경상북도,고령군,개진면,쌍림,S729,2026.0,108.5,107.9,107.3,106.7,106.1,105.5,104.9,108.5,경상남도,합천군,덕곡면,S729,2026.0,270.0,290.0,300.0,320.0,315.0,325.0,410.0,270.0,경상북도,고령군,개진면,S729,2026.0,270.0,270.0,370.0,370.0,370.0,370.0,370.0,270.0,0.0,경상남도,합천군,S729,9.0,4.0,0.0,5.0,15.0,15.0,0.0,0.0
경상북도,고령군,개진면,쌍림,S729,2026.0,108.5,107.9,107.3,106.7,106.1,105.5,104.9,108.5,경상남도,합천군,덕곡면,S729,2026.0,270.0,290.0,300.0,320.0,315.0,325.0,410.0,270.0,경상북도,고령군,개진면,S729,2026.0,270.0,270.0,370.0,370.0,370.0,370.0,370.0,270.0,0.0,경상북도,고령군,S729,9.0,4.0,0.0,5.0,15.0,15.0,0.0,0.0
경상북도,고령군,개진면,쌍림,S729,2026.0,108.5,107.9,107.3,106.7,106.1,105.5,104.9,108.5,경상남도,합천군,덕곡면,S729,2026.0,270.0,290.0,300.0,320.0,315.0,325.0,410.0,270.0,경상북도,고령군,개진면,S729,2026.0,270.0,270.0,370.0,370.0,370.0,370.0,370.0,270.0,0.0,경상북도,영주시,S729,9.0,4.0,0.0,5.0,15.0,15.0,0.0,0.0
경상남도,합천군,덕곡면,쌍림,S729,2026.0,108.5,107.9,107.3,106.7,106.1,105.5,104.9,108.5,경상북도,고령군,개진면,S729,2026.0,270.0,290.0,300.0,320.0,315.0,325.0,410.0,270.0,경상남도,합천군,덕곡면,S729,2026.0,270.0,270.0,370.0,370.0,370.0,370.0,370.0,270.0,0.0,경상남도,합천군,S729,9.0,4.0,0.0,5.0,15.0,15.0,0.0,0.0
경상남도,합천군,덕곡면,쌍림,S729,2026.0,108.5,107.9,107.3,106.7,106.1,105.5,104.9,108.5,경상북도,고령군,개진면,S729,2026.0,270.0,290.0,300.0,320.0,315.0,325.0,410.0,270.0,경상남도,합천군,덕곡면,S729,2026.0,270.0,270.0,370.0,370.0,370.0,370.0,370.0,270.0,0.0,경상북도,고령군,S729,9.0,4.0,0.0,5.0,15.0,15.0,0.0,0.0
경상남도,합천군,덕곡면,쌍림,S729,2026.0,108.5,107.9,107.3,106.7,106.1,105.5,104.9,108.5,경상북도,고령군,개진면,S729,2026.0,270.0,290.0,300.0,320.0,315.0,325.0,410.0,270.0,경상남도,합천군,덕곡면,S729,2026.0,270.0,270.0,370.0,370.0,370.0,370.0,370.0,270.0,0.0,경상북도,영주시,S729,9.0,4.0,0.0,5.0,15.0,15.0,0.0,0.0
경상남도,합천군,덕곡면,쌍림,S729,2026.0,108.5,107.9,107.3,106.7,106.1,105.5,104.9,108.5,경상북도,고령군,개진면,S729,2026.0,270.0,290.0,300.0,320.0,315.0,325.0,410.0,270.0,경상북도,고령군,개진면,S729,2026.0,270.0,270.0,370.0,370.0,370.0,370.0,370.0,270.0,0.0,경상남도,합천군,S729,9.0,4.0,0.0,5.0,15.0,15.0,0.0,0.0
경상남도,합천군,덕곡면,쌍림,S729,2026.0,108.5,107.9,107.3,106.7,106.1,105.5,104.9,108.5,경상북도,고령군,개진면,S729,2026.0,270.0,290.0,300.0,320.0,315.0,325.0,410.0,270.0,경상북도,고령군,개진면,S729,2026.0,270.0,270.0,370.0,370.0,370.0,370.0,370.0,270.0,0.0,경상북도,고령군,S729,9.0,4.0,0.0,5.0,15.0,15.0,0.0,0.0
경상남도,합천군,덕곡면,쌍림,S729,2026.0,108.5,107.9,107.3,106.7,106.1,105.5,104.9,108.5,경상북도,고령군,개진면,S729,2026.0,270.0,290.0,300.0,320.0,315.0,325.0,410.0,270.0,경상북도,고령군,개진면,S729,2026.0,270.0,270.0,370.0,370.0,370.0,370.0,370.0,270.0,0.0,경상북도,영주시,S729,9.0,4.0,0.0,5.0,15.0,15.0,0.0,0.0
경상남도,합천군,덕곡면,쌍림,S729,2026.0,108.5,107.9,107.3,106.7,106.1,105.5,104.9,108.5,경상남도,합천군,덕곡면,S729,2026.0,270.0,290.0,300.0,320.0,315.0,325.0,410.0,270.0,경상남도,합천군,덕곡면,S729,2026.0,270.0,270.0,370.0,370.0,370.0,370.0,370.0,270.0,0.0,경상남도,합천군,S729,9.0,4.0,0.0,5.0,15.0,15.0,0.0,0.0
경상남도,합천군,덕곡면,쌍림,S729,2026.0,108.5,107.9,107.3,106.7,106.1,105.5,104.9,108.5,경상남도,합천군,덕곡면,S729,2026.0,270.0,290.0,300.0,320.0,315.0,325.0,410.0,270.0,경상남도,합천군,덕곡면,S729,2026.0,270.0,270.0,370.0,370.0,370.0,370.0,370.0,270.0,0.0,경상북도,고령군,S729,9.0,4.0,0.0,5.0,15.0,15.0,0.0,0.0
경상남도,합천군,덕곡면,쌍림,S729,2026.0,108.5,107.9,107.3,106.7,106.1,105.5,104.9,108.5,경상남도,합천군,덕곡면,S729,2026.0,270.0,290.0,300.0,320.0,315.0,325.0,410.0,270.0,경상남도,합천군,덕곡면,S729,2026.0,270.0,270.0,370.0,370.0,370.0,370.0,370.0,270.0,0.0,경상북도,영주시,S729,9.0,4.0,0.0,5.0,15.0,15.0,0.0,0.0
경상남도,합천군,덕곡면,쌍림,S729,2026.0,108.5,107.9,107.3,106.7,106.1,105.5,104.9,108.5,경상남도,합천군,덕곡면,S729,2026.0,270.0,290.0,300.0,320.0,315.0,325.0,410.0,270.0,경상북도,고령군,개진면,S729,2026.0,270.0,270.0,370.0,370.0,370.0,370.0,370.0,270.0,0.0,경상남도,합천군,S729,9.0,4.0,0.0,5.0,15.0,15.0,0.0,0.0
경상남도,합천군,덕곡면,쌍림,S729,2026.0,108.5,107.9,107.3,106.7,106.1,105.5,104.9,108.5,경상남도,합천군,덕곡면,S729,2026.0,270.0,290.0,300.0,320.0,315.0,325.0,410.0,270.0,경상북도,고령군,개진면,S729,2026.0,270.0,270.0,370.0,370.0,370.0,370.0,370.0,270.0,0.0,경상북도,고령군,S729,9.0,4.0,0.0,5.0,15.0,15.0,0.0,0.0
경상남도,합천군,덕곡면,쌍림,S729,2026.0,108.5,107.9,107.3,106.7,106.1,105.5,104.9,108.5,경상남도,합천군,덕곡면,S729,2026.0,270.0,290.0,300.0,320.0,315.0,325.0,410.0,270.0,경상북도,고령군,개진면,S729,2026.0,270.0,270.0,370.0,370.0,370.0,370.0,370.0,270.0,0.0,경상북도,영주시,S729,9.0,4.0,0.0,5.0,15.0,15.0,0.0,0.0
서울특별시,도봉구,창동,쌍문,2631,2026.0,2.9,1.5,0.0,0.0,0.0,0.0,0.0,2.9,서울특별시,도봉구,쌍문동,2631,2026.0,185.0,180.0,175.0,160.0,160.0,0.0,0.0,185.0,서울특별시,도봉구,쌍문동,2631,2026.0,0.0,0.0,0.0,0.0,0.0,0.0,0.0,0.0,0.0,서울특별시,도봉구,2631,8.0,6.0,0.0,2.0,31.0,26.0,0.0,5.0
충청남도,아산시,송악면,아산,2670,2026.0,0.0,0.0,0.0,0.0,0.0,0.0,0.0,0.0,충청남도,아산시,송악면,2670,2026.0,0.0,60.0,110.0,0.0,0.0,0.0,0.0,0.0,충청남도,아산시,송악면,2670,2026.0,0.0,0.0,0.0,0.0,0.0,0.0,0.0,0.0,1200.0,충청남도,아산시,2670,18.0,8.0,0.0,10.0,13.0,13.0,0.0,0.0
충청남도,아산시,송악면,아산,2670,2026.0,0.0,0.0,0.0,0.0,0.0,0.0,0.0,0.0,충청남도,아산시,송악면,2670,2026.0,0.0,60.0,110.0,0.0,0.0,0.0,0.0,0.0,충청남도,아산시,송악면,2670,2026.0,0.0,0.0,0.0,0.0,0.0,0.0,0.0,0.0,1200.0,충청남도,천안시동남구,2670,18.0,8.0,0.0,10.0,13.0,13.0,0.0,0.0
충청남도,아산시,송악면,아산,2670,2026.0,0.0,0.0,0.0,0.0,0.0,0.0,0.0,0.0,충청남도,아산시,송악면,2670,2026.0,0.0,60.0,110.0,0.0,0.0,0.0,0.0,0.0,충청남도,아산시,송악면,2670,2026.0,0.0,0.0,0.0,0.0,0.0,0.0,0.0,0.0,1200.0,충청남도,천안시서북구,2670,18.0,8.0,0.0,10.0,13.0,13.0,0.0,0.0
인천광역시,연수구,송도동,아암(건설중),E350,2026.0,0.0,0.0,0.0,0.0,0.0,0.0,0.0,0.0,인천광역시,연수구,송도동,E350,2026.0,0.0,0.0,0.0,0.0,0.0,0.0,0.0,0.0,인천광역시,연수구,송도동,E350,2026.0,0.0,0.0,0.0,655.0,655.0,655.0,670.0,0.0,0.0,,,,,,,,,,,
경상남도,거제시,두모동,아주(SA),S912,2026.0,30.6,26.6,21.1,15.6,13.3,11.0,9.0,30.6,경상남도,거제시,두모동,S912,2026.0,0.0,0.0,0.0,0.0,0.0,0.0,0.0,0.0,경상남도,거제시,두모동,S912,2026.0,0.0,0.0,0.0,0.0,0.0,0.0,315.0,0.0,0.0,경상남도,거제시,S912,8.0,4.0,2.0,2.0,20.0,16.0,2.0,2.0
서울특별시,용산구,청파동2가,아현,S116,2026.0,0.0,0.0,0.0,0.0,0.0,0.0,0.0,0.0,서울특별시,마포구,공덕동,S116,2026.0,0.0,0.0,0.0,0.0,0.0,0.0,0.0,0.0,서울특별시,마포구,공덕동,S116,2026.0,505.0,505.0,505.0,505.0,505.0,505.0,505.0,505.0,0.0,서울특별시,마포구,S116,4.0,2.0,2.0,0.0,22.0,9.0,3.0,10.0
서울특별시,용산구,청파동2가,아현,S116,2026.0,0.0,0.0,0.0,0.0,0.0,0.0,0.0,0.0,서울특별시,마포구,공덕동,S116,2026.0,0.0,0.0,0.0,0.0,0.0,0.0,0.0,0.0,서울특별시,마포구,공덕동,S116,2026.0,505.0,505.0,505.0,505.0,505.0,505.0,505.0,505.0,0.0,서울특별시,용산구,S116,4.0,2.0,2.0,0.0,22.0,9.0,3.0,10.0
경상북도,성주군,용암면,아화,S721,2026.0,87.1,86.2,85.3,84.4,83.6,82.7,81.9,87.1,경상북도,성주군,용암면,S721,2026.0,410.0,350.0,395.0,430.0,445.0,500.0,520.0,410.0,경상북도,성주군,용암면,S721,2026.0,760.0,760.0,760.0,760.0,760.0,760.0,760.0,760.0,49.6,경상북도,경주시,S721,8.0,6.0,1.0,1.0,21.0,12.0,2.0,7.0
경상북도,성주군,용암면,아화,S721,2026.0,87.1,86.2,85.3,84.4,83.6,82.7,81.9,87.1,경상북도,성주군,용암면,S721,2026.0,410.0,350.0,395.0,430.0,445.0,500.0,520.0,410.0,경상북도,성주군,용암면,S721,2026.0,760.0,760.0,760.0,760.0,760.0,760.0,760.0,760.0,49.6,경상북도,성주군,S721,8.0,6.0,1.0,1.0,21.0,12.0,2.0,7.0
경상북도,성주군,용암면,아화,S721,2026.0,87.1,86.2,85.3,84.4,83.6,82.7,81.9,87.1,경상북도,성주군,용암면,S721,2026.0,410.0,350.0,395.0,430.0,445.0,500.0,520.0,410.0,경상북도,성주군,용암면,S721,2026.0,760.0,760.0,760.0,760.0,760.0,760.0,760.0,760.0,49.6,경상북도,영주시,S721,8.0,6.0,1.0,1.0,21.0,12.0,2.0,7.0
경상북도,성주군,용암면,아화,S721,2026.0,87.1,86.2,85.3,84.4,83.6,82.7,81.9,87.1,경상북도,성주군,용암면,S721,2026.0,410.0,350.0,395.0,430.0,445.0,500.0,520.0,410.0,경상북도,성주군,용암면,S721,2026.0,760.0,760.0,760.0,760.0,760.0,760.0,760.0,760.0,49.6,경상북도,영천시,S721,8.0,6.0,1.0,1.0,21.0,12.0,2.0,7.0
경상북도,의성군,구천면,안계,S735,2026.0,132.5,131.9,131.3,130.7,130.1,129.5,129.0,132.5,경상북도,의성군,구천면,S735,2026.0,280.0,230.0,250.0,265.0,270.0,265.0,270.0,280.0,경상북도,의성군,구천면,S735,2026.0,0.0,0.0,0.0,0.0,0.0,25.0,25.0,0.0,0.0,경상북도,의성군,S735,8.0,4.0,0.0,4.0,33.0,13.0,2.0,18.0
,,,안덕,,,,,,,,,,,,,,,,,,,,,,,,,,,,,,,,,,,,,,제주특별자치도,서귀포시,5965,7.0,7.0,0.0,0.0,20.0,20.0,0.0,0.0
,,,안덕,,,,,,,,,,,,,,,,,,,,,,,,,,,,,,,,,,,,,,제주특별자치도,제주시,5965,7.0,7.0,0.0,0.0,20.0,20.0,0.0,0.0
경상북도,안동시,남후면,안동,5406,2026.0,0.0,0.0,0.0,0.0,41.6,39.6,37.6,0.0,경상북도,안동시,남후면,5406,2026.0,0.0,0.0,0.0,0.0,0.0,0.0,0.0,0.0,경상북도,안동시,남후면,5406,2026.0,0.0,0.0,0.0,0.0,0.0,0.0,0.0,0.0,0.0,경상북도,안동시,5406,8.0,7.0,1.0,0.0,26.0,19.0,3.0,4.0
충청남도,태안군,고남면,안면,S523,2026.0,81.5,79.8,77.8,76.3,74.8,73.4,71.1,81.5,충청남도,태안군,고남면,S523,2026.0,415.0,440.0,585.0,555.0,615.0,755.0,760.0,415.0,충청남도,태안군,고남면,S523,2026.0,0.0,0.0,0.0,0.0,0.0,0.0,0.0,0.0,14.7,충청남도,태안군,S523,8.0,4.0,3.0,1.0,24.0,16.0,4.0,4.0
경상남도,창원시성산구,가음동,안민,S914,2026.0,23.6,0.0,0.0,0.0,0.0,0.0,0.0,23.6,경상남도,창원시성산구,가음동,S914,2026.0,245.0,0.0,0.0,0.0,0.0,0.0,0.0,245.0,경상남도,창원시성산구,가음동,S914,2026.0,945.0,1015.0,1015.0,1015.0,1015.0,1015.0,1015.0,945.0,0.0,경상남도,창원시성산구,S914,12.0,6.0,0.0,6.0,25.0,22.0,0.0,3.0
경기도,안산시단원구,초지동,안산,2575,2026.0,0.0,0.0,0.0,0.0,0.0,0.0,0.0,0.0,경기도,안산시단원구,초지동,2575,2026.0,0.0,0.0,0.0,0.0,0.0,0.0,0.0,0.0,경기도,안산시단원구,초지동,2575,2026.0,0.0,0.0,0.0,0.0,0.0,0.0,0.0,0.0,0.0,경기도,안산시단원구,2575,9.0,8.0,1.0,0.0,29.0,29.0,0.0,0.0
경기도,안성시,신소현동,안성,2486,2026.0,0.0,0.0,0.0,0.0,0.0,0.0,0.0,0.0,경기도,안성시,고삼면,2486,2026.0,0.0,0.0,0.0,0.0,250.0,250.0,250.0,0.0,경기도,안성시,고삼면,2486,2026.0,0.0,0.0,0.0,0.0,0.0,0.0,0.0,0.0,0.0,경기도,안성시,2486,8.0,8.0,0.0,0.0,33.0,32.0,0.0,1.0
대구광역시,수성구,고모동,안심,S708,2026.0,65.4,59.6,58.6,53.7,52.7,51.7,50.7,65.4,대구광역시,동구,둔산동,S708,2026.0,400.0,375.0,425.0,405.0,395.0,385.0,375.0,400.0,대구광역시,동구,둔산동,S708,2026.0,510.0,510.0,585.0,585.0,585.0,585.0,585.0,510.0,0.0,대구광역시,동구,S708,8.0,6.0,0.0,2.0,17.0,15.0,0.0,2.0
대구광역시,수성구,고모동,안심,S708,2026.0,65.4,59.6,58.6,53.7,52.7,51.7,50.7,65.4,대구광역시,동구,둔산동,S708,2026.0,400.0,375.0,425.0,405.0,395.0,385.0,375.0,400.0,대구광역시,동구,둔산동,S708,2026.0,510.0,510.0,585.0,585.0,585.0,585.0,585.0,510.0,0.0,대구광역시,수성구,S708,8.0,6.0,0.0,2.0,17.0,15.0,0.0,2.0
서울특별시,성북구,안암동5가,안암,2812,2026.0,38.2,37.1,36.1,31.3,30.3,0.0,0.0,38.2,서울특별시,성북구,안암동5가,2812,2026.0,0.0,0.0,0.0,0.0,0.0,0.0,0.0,0.0,서울특별시,성북구,안암동5가,2812,2026.0,0.0,0.0,0.0,0.0,0.0,0.0,0.0,0.0,0.0,서울특별시,성북구,2812,8.0,8.0,0.0,0.0,31.0,21.0,0.0,10.0
경기도,안양시만안구,안양동,안양,2196,2026.0,0.0,0.0,0.0,0.0,0.0,0.0,0.0,0.0,경기도,안양시만안구,안양동,2196,2026.0,0.0,0.0,0.0,0.0,0.0,0.0,0.0,0.0,경기도,안양시만안구,안양동,2196,2026.0,0.0,0.0,0.0,0.0,0.0,0.0,0.0,0.0,0.0,경기도,안양시만안구,2196,12.0,4.0,2.0,6.0,25.0,21.0,3.0,1.0
경기도,안양시동안구,평촌동,안양2C/C,D417,2026.0,0.0,0.0,0.0,150.0,150.0,150.0,150.0,0.0,경기도,의왕시,내손동,D417,2026.0,0.0,0.0,0.0,150.0,150.0,150.0,150.0,0.0,경기도,의왕시,내손동,D417,2026.0,0.0,0.0,0.0,975.0,975.0,975.0,1130.0,0.0,0.0,,,,,,,,,,,
경상남도,통영시,광도면,안정,S908,2026.0,133.5,132.8,132.1,131.4,130.7,130.0,129.0,133.5,경상남도,통영시,광도면,S908,2026.0,0.0,0.0,0.0,0.0,0.0,0.0,0.0,0.0,경상남도,통영시,광도면,S908,2026.0,0.0,0.0,0.0,0.0,0.0,0.0,0.0,0.0,1.866,경상남도,통영시,S908,8.0,8.0,0.0,0.0,13.0,11.0,0.0,2.0
전남광주통합특별시,신안군,안좌면,안좌 (154KV),D372,2026.0,138.9,138.4,137.8,137.2,136.7,136.1,135.6,138.9,전남광주통합특별시,신안군,비금면,D372,2026.0,0.0,0.0,0.0,0.0,0.0,0.0,0.0,0.0,전남광주통합특별시,신안군,비금면,D372,2026.0,0.0,0.0,0.0,0.0,0.0,0.0,0.0,0.0,3.1102,전남광주통합특별시,신안군,D372,10.0,8.0,2.0,0.0,20.0,14.0,0.0,6.0
경기도,성남시중원구,도촌동,야탑,2814,2026.0,0.0,0.0,0.0,0.0,0.0,0.0,0.0,0.0,경기도,성남시분당구,야탑동,2814,2026.0,0.0,0.0,0.0,0.0,0.0,0.0,0.0,0.0,경기도,성남시분당구,야탑동,2814,2026.0,435.0,435.0,435.0,435.0,435.0,435.0,440.0,435.0,0.0,경기도,성남시분당구,2814,7.0,4.0,0.0,3.0,36.0,36.0,0.0,0.0
경기도,성남시중원구,도촌동,야탑,2814,2026.0,0.0,0.0,0.0,0.0,0.0,0.0,0.0,0.0,경기도,성남시분당구,야탑동,2814,2026.0,0.0,0.0,0.0,0.0,0.0,0.0,0.0,0.0,경기도,성남시분당구,야탑동,2814,2026.0,435.0,435.0,435.0,435.0,435.0,435.0,440.0,435.0,0.0,경기도,성남시중원구,2814,7.0,4.0,0.0,3.0,36.0,36.0,0.0,0.0
경상북도,칠곡군,석적읍,약목(건설중),E056,2026.0,0.0,0.0,0.0,0.0,0.0,73.6,73.6,0.0,경상북도,칠곡군,석적읍,E056,2026.0,0.0,0.0,0.0,0.0,0.0,730.0,725.0,0.0,경상북도,칠곡군,석적읍,E056,2026.0,0.0,0.0,0.0,0.0,0.0,980.0,985.0,0.0,0.0,,,,,,,,,,,
경기도,화성시만세구,양감면,양감(건설중),E329,2026.0,0.0,0.0,0.0,0.0,0.0,153.6,150.6,0.0,경기도,화성시,매송면,E329,2026.0,0.0,0.0,0.0,0.0,0.0,205.0,195.0,0.0,경기도,화성시,매송면,E329,2026.0,0.0,0.0,755.0,755.0,760.0,760.0,770.0,0.0,0.0,,,,,,,,,,,
경기도,김포시,양촌읍,양곡,2170,2026.0,0.0,0.0,0.0,0.0,0.0,0.0,0.0,0.0,경기도,김포시,양촌읍,2170,2026.0,0.0,0.0,0.0,0.0,0.0,0.0,0.0,0.0,경기도,김포시,양촌읍,2170,2026.0,625.0,625.0,630.0,635.0,650.0,660.0,760.0,625.0,0.0,경기도,김포시,2170,7.0,6.0,1.0,0.0,28.0,23.0,2.0,3.0
강원특별자치도,양구군,남면,양구,S428,2026.0,64.6,64.0,63.4,62.8,62.1,61.5,60.9,64.6,강원특별자치도,양구군,남면,S428,2026.0,0.0,0.0,0.0,0.0,0.0,0.0,0.0,0.0,강원특별자치도,양구군,남면,S428,2026.0,0.0,0.0,0.0,0.0,0.0,0.0,0.0,0.0,90.0,강원특별자치도,양구군,S428,6.0,4.0,2.0,0.0,22.0,9.0,0.0,13.0
경상북도,경주시,감포읍,양북,S737,2026.0,122.5,121.8,121.1,120.4,119.8,119.1,118.4,122.5,경상북도,경주시,감포읍,S737,2026.0,205.0,170.0,175.0,320.0,315.0,315.0,315.0,205.0,경상북도,경주시,감포읍,S737,2026.0,0.0,0.0,0.0,0.0,0.0,540.0,540.0,0.0,0.0,경상북도,경주시,S737,12.0,2.0,2.0,8.0,14.0,10.0,3.0,1.0
경상남도,양산시,교동,양산,2396,2026.0,0.0,0.0,0.0,0.0,0.0,0.0,0.0,0.0,경상남도,양산시,교동,2396,2026.0,0.0,0.0,0.0,0.0,0.0,65.0,0.0,0.0,경상남도,양산시,교동,2396,2026.0,530.0,625.0,625.0,665.0,665.0,700.0,700.0,530.0,0.0,,,,,,,,,,,
강원특별자치도,양양군,강현면,양양,S401,2026.0,93.8,91.6,90.9,90.1,89.4,88.6,87.8,93.8,강원특별자치도,양양군,강현면,S401,2026.0,270.0,270.0,265.0,320.0,290.0,300.0,300.0,270.0,강원특별자치도,양양군,강현면,S401,2026.0,0.0,0.0,0.0,0.0,560.0,560.0,560.0,0.0,99.6,강원특별자치도,양양군,S401,8.0,4.0,3.0,1.0,28.0,14.0,2.0,12.0
부산광역시,부산진구,양정동,양정,2696,2026.0,1.7,0.3,0.0,0.0,0.0,0.0,0.0,1.7,부산광역시,부산진구,양정동,2696,2026.0,0.0,0.0,0.0,0.0,0.0,0.0,0.0,0.0,경기도,남양주시,와부읍,2696,2026.0,710.0,740.0,745.0,755.0,775.0,775.0,775.0,710.0,0.0,경기도,남양주시,2696,8.0,6.0,1.0,1.0,21.0,21.0,0.0,0.0
부산광역시,부산진구,양정동,양정,2696,2026.0,1.7,0.3,0.0,0.0,0.0,0.0,0.0,1.7,부산광역시,부산진구,양정동,2696,2026.0,0.0,0.0,0.0,0.0,0.0,0.0,0.0,0.0,경기도,남양주시,와부읍,2696,2026.0,710.0,740.0,745.0,755.0,775.0,775.0,775.0,710.0,0.0,부산광역시,부산진구,2696,8.0,6.0,1.0,1.0,21.0,21.0,0.0,0.0
부산광역시,부산진구,양정동,양정,2696,2026.0,1.7,0.3,0.0,0.0,0.0,0.0,0.0,1.7,부산광역시,부산진구,양정동,2696,2026.0,0.0,0.0,0.0,0.0,0.0,0.0,0.0,0.0,부산광역시,부산진구,양정동,2696,2026.0,710.0,740.0,745.0,755.0,775.0,775.0,775.0,710.0,0.0,경기도,남양주시,2696,8.0,6.0,1.0,1.0,21.0,21.0,0.0,0.0
부산광역시,부산진구,양정동,양정,2696,2026.0,1.7,0.3,0.0,0.0,0.0,0.0,0.0,1.7,부산광역시,부산진구,양정동,2696,2026.0,0.0,0.0,0.0,0.0,0.0,0.0,0.0,0.0,부산광역시,부산진구,양정동,2696,2026.0,710.0,740.0,745.0,755.0,775.0,775.0,775.0,710.0,0.0,부산광역시,부산진구,2696,8.0,6.0,1.0,1.0,21.0,21.0,0.0,0.0
부산광역시,부산진구,양정동,양정,2696,2026.0,1.7,0.3,0.0,0.0,0.0,0.0,0.0,1.7,경기도,남양주시,와부읍,2696,2026.0,0.0,0.0,0.0,0.0,0.0,0.0,0.0,0.0,경기도,남양주시,와부읍,2696,2026.0,710.0,740.0,745.0,755.0,775.0,775.0,775.0,710.0,0.0,경기도,남양주시,2696,8.0,6.0,1.0,1.0,21.0,21.0,0.0,0.0
부산광역시,부산진구,양정동,양정,2696,2026.0,1.7,0.3,0.0,0.0,0.0,0.0,0.0,1.7,경기도,남양주시,와부읍,2696,2026.0,0.0,0.0,0.0,0.0,0.0,0.0,0.0,0.0,경기도,남양주시,와부읍,2696,2026.0,710.0,740.0,745.0,755.0,775.0,775.0,775.0,710.0,0.0,부산광역시,부산진구,2696,8.0,6.0,1.0,1.0,21.0,21.0,0.0,0.0
부산광역시,부산진구,양정동,양정,2696,2026.0,1.7,0.3,0.0,0.0,0.0,0.0,0.0,1.7,경기도,남양주시,와부읍,2696,2026.0,0.0,0.0,0.0,0.0,0.0,0.0,0.0,0.0,부산광역시,부산진구,양정동,2696,2026.0,710.0,740.0,745.0,755.0,775.0,775.0,775.0,710.0,0.0,경기도,남양주시,2696,8.0,6.0,1.0,1.0,21.0,21.0,0.0,0.0
부산광역시,부산진구,양정동,양정,2696,2026.0,1.7,0.3,0.0,0.0,0.0,0.0,0.0,1.7,경기도,남양주시,와부읍,2696,2026.0,0.0,0.0,0.0,0.0,0.0,0.0,0.0,0.0,부산광역시,부산진구,양정동,2696,2026.0,710.0,740.0,745.0,755.0,775.0,775.0,775.0,710.0,0.0,부산광역시,부산진구,2696,8.0,6.0,1.0,1.0,21.0,21.0,0.0,0.0
경기도,남양주시,와부읍,양정,2696,2026.0,1.7,0.3,0.0,0.0,0.0,0.0,0.0,1.7,부산광역시,부산진구,양정동,2696,2026.0,0.0,0.0,0.0,0.0,0.0,0.0,0.0,0.0,경기도,남양주시,와부읍,2696,2026.0,710.0,740.0,745.0,755.0,775.0,775.0,775.0,710.0,0.0,경기도,남양주시,2696,8.0,6.0,1.0,1.0,21.0,21.0,0.0,0.0
경기도,남양주시,와부읍,양정,2696,2026.0,1.7,0.3,0.0,0.0,0.0,0.0,0.0,1.7,부산광역시,부산진구,양정동,2696,2026.0,0.0,0.0,0.0,0.0,0.0,0.0,0.0,0.0,경기도,남양주시,와부읍,2696,2026.0,710.0,740.0,745.0,755.0,775.0,775.0,775.0,710.0,0.0,부산광역시,부산진구,2696,8.0,6.0,1.0,1.0,21.0,21.0,0.0,0.0
경기도,남양주시,와부읍,양정,2696,2026.0,1.7,0.3,0.0,0.0,0.0,0.0,0.0,1.7,부산광역시,부산진구,양정동,2696,2026.0,0.0,0.0,0.0,0.0,0.0,0.0,0.0,0.0,부산광역시,부산진구,양정동,2696,2026.0,710.0,740.0,745.0,755.0,775.0,775.0,775.0,710.0,0.0,경기도,남양주시,2696,8.0,6.0,1.0,1.0,21.0,21.0,0.0,0.0
경기도,남양주시,와부읍,양정,2696,2026.0,1.7,0.3,0.0,0.0,0.0,0.0,0.0,1.7,부산광역시,부산진구,양정동,2696,2026.0,0.0,0.0,0.0,0.0,0.0,0.0,0.0,0.0,부산광역시,부산진구,양정동,2696,2026.0,710.0,740.0,745.0,755.0,775.0,775.0,775.0,710.0,0.0,부산광역시,부산진구,2696,8.0,6.0,1.0,1.0,21.0,21.0,0.0,0.0
경기도,남양주시,와부읍,양정,2696,2026.0,1.7,0.3,0.0,0.0,0.0,0.0,0.0,1.7,경기도,남양주시,와부읍,2696,2026.0,0.0,0.0,0.0,0.0,0.0,0.0,0.0,0.0,경기도,남양주시,와부읍,2696,2026.0,710.0,740.0,745.0,755.0,775.0,775.0,775.0,710.0,0.0,경기도,남양주시,2696,8.0,6.0,1.0,1.0,21.0,21.0,0.0,0.0
경기도,남양주시,와부읍,양정,2696,2026.0,1.7,0.3,0.0,0.0,0.0,0.0,0.0,1.7,경기도,남양주시,와부읍,2696,2026.0,0.0,0.0,0.0,0.0,0.0,0.0,0.0,0.0,경기도,남양주시,와부읍,2696,2026.0,710.0,740.0,745.0,755.0,775.0,775.0,775.0,710.0,0.0,부산광역시,부산진구,2696,8.0,6.0,1.0,1.0,21.0,21.0,0.0,0.0
경기도,남양주시,와부읍,양정,2696,2026.0,1.7,0.3,0.0,0.0,0.0,0.0,0.0,1.7,경기도,남양주시,와부읍,2696,2026.0,0.0,0.0,0.0,0.0,0.0,0.0,0.0,0.0,부산광역시,부산진구,양정동,2696,2026.0,710.0,740.0,745.0,755.0,775.0,775.0,775.0,710.0,0.0,경기도,남양주시,2696,8.0,6.0,1.0,1.0,21.0,21.0,0.0,0.0
경기도,남양주시,와부읍,양정,2696,2026.0,1.7,0.3,0.0,0.0,0.0,0.0,0.0,1.7,경기도,남양주시,와부읍,2696,2026.0,0.0,0.0,0.0,0.0,0.0,0.0,0.0,0.0,부산광역시,부산진구,양정동,2696,2026.0,710.0,740.0,745.0,755.0,775.0,775.0,775.0,710.0,0.0,부산광역시,부산진구,2696,8.0,6.0,1.0,1.0,21.0,21.0,0.0,0.0
경기도,고양시덕양구,대자동,양주,2613,2026.0,0.0,0.0,0.0,0.0,0.0,0.0,0.0,0.0,경기도,양주시,장흥면,2613,2026.0,0.0,0.0,0.0,0.0,0.0,0.0,0.0,0.0,경기도,양주시,장흥면,2613,2026.0,0.0,0.0,0.0,0.0,40.0,55.0,55.0,0.0,0.0,,,,,,,,,,,
,,,양주(SA),,,,,,,,,,,,,,,,,,,,,,,,경기도,양주시,장흥면,E383,2026.0,0.0,0.0,0.0,0.0,0.0,695.0,695.0,0.0,0.0,경기도,양주시,E383,14.0,12.0,0.0,2.0,5.0,5.0,0.0,0.0
,,,양지(SA),,,,,,,,,,,,,,,,,,,,,,,,,,,,,,,,,,,,,,서울특별시,서초구,E407,6.0,2.0,4.0,0.0,32.0,30.0,0.0,2.0
서울특별시,영등포구,양화동,양천,S212,2026.0,0.0,0.0,0.0,0.0,0.0,0.0,0.0,0.0,서울특별시,양천구,신월동,S212,2026.0,0.0,0.0,0.0,0.0,0.0,0.0,0.0,0.0,서울특별시,양천구,신월동,S212,2026.0,740.0,740.0,740.0,740.0,740.0,740.0,740.0,740.0,0.0,서울특별시,양천구,S212,6.0,4.0,0.0,2.0,28.0,25.0,0.0,3.0
서울특별시,영등포구,양화동,양천,S212,2026.0,0.0,0.0,0.0,0.0,0.0,0.0,0.0,0.0,서울특별시,양천구,신월동,S212,2026.0,0.0,0.0,0.0,0.0,0.0,0.0,0.0,0.0,서울특별시,양천구,신월동,S212,2026.0,740.0,740.0,740.0,740.0,740.0,740.0,740.0,740.0,0.0,서울특별시,영등포구,S212,6.0,4.0,0.0,2.0,28.0,25.0,0.0,3.0
인천광역시,서구,금곡동,양촌,SB09,2026.0,0.0,0.0,0.0,0.0,0.0,0.0,0.0,0.0,인천광역시,서구,금곡동,SB09,2026.0,0.0,0.0,0.0,0.0,0.0,0.0,0.0,0.0,경기도,김포시,대곶면,SB09,2026.0,0.0,190.0,190.0,190.0,190.0,190.0,190.0,0.0,0.0,경기도,김포시,SB09,9.0,8.0,0.0,1.0,26.0,26.0,0.0,0.0
인천광역시,서구,금곡동,양촌,SB09,2026.0,0.0,0.0,0.0,0.0,0.0,0.0,0.0,0.0,인천광역시,서구,금곡동,SB09,2026.0,0.0,0.0,0.0,0.0,0.0,0.0,0.0,0.0,인천광역시,서구,금곡동,SB09,2026.0,0.0,190.0,190.0,190.0,190.0,190.0,190.0,0.0,0.0,경기도,김포시,SB09,9.0,8.0,0.0,1.0,26.0,26.0,0.0,0.0
인천광역시,서구,금곡동,양촌,SB09,2026.0,0.0,0.0,0.0,0.0,0.0,0.0,0.0,0.0,경기도,김포시,대곶면,SB09,2026.0,0.0,0.0,0.0,0.0,0.0,0.0,0.0,0.0,경기도,김포시,대곶면,SB09,2026.0,0.0,190.0,190.0,190.0,190.0,190.0,190.0,0.0,0.0,경기도,김포시,SB09,9.0,8.0,0.0,1.0,26.0,26.0,0.0,0.0
인천광역시,서구,금곡동,양촌,SB09,2026.0,0.0,0.0,0.0,0.0,0.0,0.0,0.0,0.0,경기도,김포시,대곶면,SB09,2026.0,0.0,0.0,0.0,0.0,0.0,0.0,0.0,0.0,인천광역시,서구,금곡동,SB09,2026.0,0.0,190.0,190.0,190.0,190.0,190.0,190.0,0.0,0.0,경기도,김포시,SB09,9.0,8.0,0.0,1.0,26.0,26.0,0.0,0.0
경기도,김포시,양촌읍,양촌,SB09,2026.0,0.0,0.0,0.0,0.0,0.0,0.0,0.0,0.0,인천광역시,서구,금곡동,SB09,2026.0,0.0,0.0,0.0,0.0,0.0,0.0,0.0,0.0,경기도,김포시,대곶면,SB09,2026.0,0.0,190.0,190.0,190.0,190.0,190.0,190.0,0.0,0.0,경기도,김포시,SB09,9.0,8.0,0.0,1.0,26.0,26.0,0.0,0.0
경기도,김포시,양촌읍,양촌,SB09,2026.0,0.0,0.0,0.0,0.0,0.0,0.0,0.0,0.0,인천광역시,서구,금곡동,SB09,2026.0,0.0,0.0,0.0,0.0,0.0,0.0,0.0,0.0,인천광역시,서구,금곡동,SB09,2026.0,0.0,190.0,190.0,190.0,190.0,190.0,190.0,0.0,0.0,경기도,김포시,SB09,9.0,8.0,0.0,1.0,26.0,26.0,0.0,0.0
경기도,김포시,양촌읍,양촌,SB09,2026.0,0.0,0.0,0.0,0.0,0.0,0.0,0.0,0.0,경기도,김포시,대곶면,SB09,2026.0,0.0,0.0,0.0,0.0,0.0,0.0,0.0,0.0,경기도,김포시,대곶면,SB09,2026.0,0.0,190.0,190.0,190.0,190.0,190.0,190.0,0.0,0.0,경기도,김포시,SB09,9.0,8.0,0.0,1.0,26.0,26.0,0.0,0.0
경기도,김포시,양촌읍,양촌,SB09,2026.0,0.0,0.0,0.0,0.0,0.0,0.0,0.0,0.0,경기도,김포시,대곶면,SB09,2026.0,0.0,0.0,0.0,0.0,0.0,0.0,0.0,0.0,인천광역시,서구,금곡동,SB09,2026.0,0.0,190.0,190.0,190.0,190.0,190.0,190.0,0.0,0.0,경기도,김포시,SB09,9.0,8.0,0.0,1.0,26.0,26.0,0.0,0.0
서울특별시,영등포구,양평동3가,양평,2150,2026.0,0.0,0.0,0.0,0.0,0.0,0.0,0.0,0.0,서울특별시,영등포구,당산동4가,2150,2026.0,0.0,0.0,0.0,0.0,0.0,0.0,0.0,0.0,서울특별시,영등포구,당산동4가,2150,2026.0,770.0,770.0,770.0,770.0,1410.0,1410.0,1420.0,770.0,0.0,서울특별시,영등포구,2150,8.0,4.0,3.0,1.0,28.0,21.0,1.0,6.0
경상북도,김천시,감문면,어모,D539,2026.0,68.8,64.1,57.3,49.8,41.1,31.7,19.4,68.8,경상북도,김천시,감문면,D539,2026.0,300.0,300.0,295.0,285.0,290.0,280.0,270.0,300.0,경상북도,김천시,감문면,D539,2026.0,495.0,495.0,495.0,500.0,500.0,500.0,510.0,495.0,0.0,경상북도,김천시,D539,12.0,6.0,0.0,6.0,19.0,15.0,3.0,1.0
부산광역시,강서구,죽림동,어방,S820,2026.0,0.0,0.0,0.0,0.0,0.0,0.0,0.0,0.0,부산광역시,강서구,신호동,S820,2026.0,0.0,0.0,0.0,0.0,0.0,0.0,0.0,0.0,경상남도,김해시,명법동,S820,2026.0,620.0,620.0,620.0,620.0,640.0,640.0,670.0,620.0,0.0,,,,,,,,,,,
부산광역시,강서구,죽림동,어방,S820,2026.0,0.0,0.0,0.0,0.0,0.0,0.0,0.0,0.0,부산광역시,강서구,신호동,S820,2026.0,0.0,0.0,0.0,0.0,0.0,0.0,0.0,0.0,부산광역시,강서구,신호동,S820,2026.0,620.0,620.0,620.0,620.0,640.0,640.0,670.0,620.0,0.0,,,,,,,,,,,
부산광역시,강서구,죽림동,어방,S820,2026.0,0.0,0.0,0.0,0.0,0.0,0.0,0.0,0.0,경상남도,김해시,명법동,S820,2026.0,0.0,0.0,0.0,0.0,0.0,0.0,0.0,0.0,경상남도,김해시,명법동,S820,2026.0,620.0,620.0,620.0,620.0,640.0,640.0,670.0,620.0,0.0,,,,,,,,,,,
부산광역시,강서구,죽림동,어방,S820,2026.0,0.0,0.0,0.0,0.0,0.0,0.0,0.0,0.0,경상남도,김해시,명법동,S820,2026.0,0.0,0.0,0.0,0.0,0.0,0.0,0.0,0.0,부산광역시,강서구,신호동,S820,2026.0,620.0,620.0,620.0,620.0,640.0,640.0,670.0,620.0,0.0,,,,,,,,,,,
경상남도,김해시,명법동,어방,S820,2026.0,0.0,0.0,0.0,0.0,0.0,0.0,0.0,0.0,부산광역시,강서구,신호동,S820,2026.0,0.0,0.0,0.0,0.0,0.0,0.0,0.0,0.0,경상남도,김해시,명법동,S820,2026.0,620.0,620.0,620.0,620.0,640.0,640.0,670.0,620.0,0.0,,,,,,,,,,,
경상남도,김해시,명법동,어방,S820,2026.0,0.0,0.0,0.0,0.0,0.0,0.0,0.0,0.0,부산광역시,강서구,신호동,S820,2026.0,0.0,0.0,0.0,0.0,0.0,0.0,0.0,0.0,부산광역시,강서구,신호동,S820,2026.0,620.0,620.0,620.0,620.0,640.0,640.0,670.0,620.0,0.0,,,,,,,,,,,
경상남도,김해시,명법동,어방,S820,2026.0,0.0,0.0,0.0,0.0,0.0,0.0,0.0,0.0,경상남도,김해시,명법동,S820,2026.0,0.0,0.0,0.0,0.0,0.0,0.0,0.0,0.0,경상남도,김해시,명법동,S820,2026.0,620.0,620.0,620.0,620.0,640.0,640.0,670.0,620.0,0.0,,,,,,,,,,,
경상남도,김해시,명법동,어방,S820,2026.0,0.0,0.0,0.0,0.0,0.0,0.0,0.0,0.0,경상남도,김해시,명법동,S820,2026.0,0.0,0.0,0.0,0.0,0.0,0.0,0.0,0.0,부산광역시,강서구,신호동,S820,2026.0,620.0,620.0,620.0,620.0,640.0,640.0,670.0,620.0,0.0,,,,,,,,,,,
울산광역시,울주군,삼남읍,언양,2391,2026.0,0.0,0.0,0.0,0.0,0.0,0.0,0.0,0.0,울산광역시,울주군,삼남읍,2391,2026.0,0.0,0.0,0.0,0.0,310.0,265.0,265.0,0.0,경상남도,양산시,하북면,2391,2026.0,0.0,0.0,0.0,0.0,0.0,60.0,940.0,0.0,0.0,경상남도,양산시,2391,10.0,8.0,0.0,2.0,18.0,18.0,0.0,0.0
울산광역시,울주군,삼남읍,언양,2391,2026.0,0.0,0.0,0.0,0.0,0.0,0.0,0.0,0.0,울산광역시,울주군,삼남읍,2391,2026.0,0.0,0.0,0.0,0.0,310.0,265.0,265.0,0.0,경상남도,양산시,하북면,2391,2026.0,0.0,0.0,0.0,0.0,0.0,60.0,940.0,0.0,0.0,울산광역시,울주군,2391,10.0,8.0,0.0,2.0,18.0,18.0,0.0,0.0
울산광역시,울주군,삼남읍,언양,2391,2026.0,0.0,0.0,0.0,0.0,0.0,0.0,0.0,0.0,울산광역시,울주군,삼남읍,2391,2026.0,0.0,0.0,0.0,0.0,310.0,265.0,265.0,0.0,울산광역시,울주군,삼남읍,2391,2026.0,0.0,0.0,0.0,0.0,0.0,60.0,940.0,0.0,0.0,경상남도,양산시,2391,10.0,8.0,0.0,2.0,18.0,18.0,0.0,0.0
울산광역시,울주군,삼남읍,언양,2391,2026.0,0.0,0.0,0.0,0.0,0.0,0.0,0.0,0.0,울산광역시,울주군,삼남읍,2391,2026.0,0.0,0.0,0.0,0.0,310.0,265.0,265.0,0.0,울산광역시,울주군,삼남읍,2391,2026.0,0.0,0.0,0.0,0.0,0.0,60.0,940.0,0.0,0.0,울산광역시,울주군,2391,10.0,8.0,0.0,2.0,18.0,18.0,0.0,0.0
울산광역시,울주군,삼남읍,언양,2391,2026.0,0.0,0.0,0.0,0.0,0.0,0.0,0.0,0.0,경상남도,양산시,하북면,2391,2026.0,0.0,0.0,0.0,0.0,310.0,265.0,265.0,0.0,경상남도,양산시,하북면,2391,2026.0,0.0,0.0,0.0,0.0,0.0,60.0,940.0,0.0,0.0,경상남도,양산시,2391,10.0,8.0,0.0,2.0,18.0,18.0,0.0,0.0
울산광역시,울주군,삼남읍,언양,2391,2026.0,0.0,0.0,0.0,0.0,0.0,0.0,0.0,0.0,경상남도,양산시,하북면,2391,2026.0,0.0,0.0,0.0,0.0,310.0,265.0,265.0,0.0,경상남도,양산시,하북면,2391,2026.0,0.0,0.0,0.0,0.0,0.0,60.0,940.0,0.0,0.0,울산광역시,울주군,2391,10.0,8.0,0.0,2.0,18.0,18.0,0.0,0.0
울산광역시,울주군,삼남읍,언양,2391,2026.0,0.0,0.0,0.0,0.0,0.0,0.0,0.0,0.0,경상남도,양산시,하북면,2391,2026.0,0.0,0.0,0.0,0.0,310.0,265.0,265.0,0.0,울산광역시,울주군,삼남읍,2391,2026.0,0.0,0.0,0.0,0.0,0.0,60.0,940.0,0.0,0.0,경상남도,양산시,2391,10.0,8.0,0.0,2.0,18.0,18.0,0.0,0.0
울산광역시,울주군,삼남읍,언양,2391,2026.0,0.0,0.0,0.0,0.0,0.0,0.0,0.0,0.0,경상남도,양산시,하북면,2391,2026.0,0.0,0.0,0.0,0.0,310.0,265.0,265.0,0.0,울산광역시,울주군,삼남읍,2391,2026.0,0.0,0.0,0.0,0.0,0.0,60.0,940.0,0.0,0.0,울산광역시,울주군,2391,10.0,8.0,0.0,2.0,18.0,18.0,0.0,0.0
경상남도,양산시,하북면,언양,2391,2026.0,0.0,0.0,0.0,0.0,0.0,0.0,0.0,0.0,울산광역시,울주군,삼남읍,2391,2026.0,0.0,0.0,0.0,0.0,310.0,265.0,265.0,0.0,경상남도,양산시,하북면,2391,2026.0,0.0,0.0,0.0,0.0,0.0,60.0,940.0,0.0,0.0,경상남도,양산시,2391,10.0,8.0,0.0,2.0,18.0,18.0,0.0,0.0
경상남도,양산시,하북면,언양,2391,2026.0,0.0,0.0,0.0,0.0,0.0,0.0,0.0,0.0,울산광역시,울주군,삼남읍,2391,2026.0,0.0,0.0,0.0,0.0,310.0,265.0,265.0,0.0,경상남도,양산시,하북면,2391,2026.0,0.0,0.0,0.0,0.0,0.0,60.0,940.0,0.0,0.0,울산광역시,울주군,2391,10.0,8.0,0.0,2.0,18.0,18.0,0.0,0.0
경상남도,양산시,하북면,언양,2391,2026.0,0.0,0.0,0.0,0.0,0.0,0.0,0.0,0.0,울산광역시,울주군,삼남읍,2391,2026.0,0.0,0.0,0.0,0.0,310.0,265.0,265.0,0.0,울산광역시,울주군,삼남읍,2391,2026.0,0.0,0.0,0.0,0.0,0.0,60.0,940.0,0.0,0.0,경상남도,양산시,2391,10.0,8.0,0.0,2.0,18.0,18.0,0.0,0.0
경상남도,양산시,하북면,언양,2391,2026.0,0.0,0.0,0.0,0.0,0.0,0.0,0.0,0.0,울산광역시,울주군,삼남읍,2391,2026.0,0.0,0.0,0.0,0.0,310.0,265.0,265.0,0.0,울산광역시,울주군,삼남읍,2391,2026.0,0.0,0.0,0.0,0.0,0.0,60.0,940.0,0.0,0.0,울산광역시,울주군,2391,10.0,8.0,0.0,2.0,18.0,18.0,0.0,0.0
경상남도,양산시,하북면,언양,2391,2026.0,0.0,0.0,0.0,0.0,0.0,0.0,0.0,0.0,경상남도,양산시,하북면,2391,2026.0,0.0,0.0,0.0,0.0,310.0,265.0,265.0,0.0,경상남도,양산시,하북면,2391,2026.0,0.0,0.0,0.0,0.0,0.0,60.0,940.0,0.0,0.0,경상남도,양산시,2391,10.0,8.0,0.0,2.0,18.0,18.0,0.0,0.0
경상남도,양산시,하북면,언양,2391,2026.0,0.0,0.0,0.0,0.0,0.0,0.0,0.0,0.0,경상남도,양산시,하북면,2391,2026.0,0.0,0.0,0.0,0.0,310.0,265.0,265.0,0.0,경상남도,양산시,하북면,2391,2026.0,0.0,0.0,0.0,0.0,0.0,60.0,940.0,0.0,0.0,울산광역시,울주군,2391,10.0,8.0,0.0,2.0,18.0,18.0,0.0,0.0
경상남도,양산시,하북면,언양,2391,2026.0,0.0,0.0,0.0,0.0,0.0,0.0,0.0,0.0,경상남도,양산시,하북면,2391,2026.0,0.0,0.0,0.0,0.0,310.0,265.0,265.0,0.0,울산광역시,울주군,삼남읍,2391,2026.0,0.0,0.0,0.0,0.0,0.0,60.0,940.0,0.0,0.0,경상남도,양산시,2391,10.0,8.0,0.0,2.0,18.0,18.0,0.0,0.0
경상남도,양산시,하북면,언양,2391,2026.0,0.0,0.0,0.0,0.0,0.0,0.0,0.0,0.0,경상남도,양산시,하북면,2391,2026.0,0.0,0.0,0.0,0.0,310.0,265.0,265.0,0.0,울산광역시,울주군,삼남읍,2391,2026.0,0.0,0.0,0.0,0.0,0.0,60.0,940.0,0.0,0.0,울산광역시,울주군,2391,10.0,8.0,0.0,2.0,18.0,18.0,0.0,0.0
부산광역시,사상구,학장동,엄궁,239A,2026.0,0.0,0.0,0.0,0.0,0.0,0.0,0.0,0.0,부산광역시,사상구,엄궁동,239A,2026.0,170.0,0.0,0.0,0.0,0.0,0.0,0.0,170.0,부산광역시,사상구,엄궁동,239A,2026.0,0.0,0.0,0.0,0.0,0.0,730.0,750.0,0.0,0.0,부산광역시,사상구,239A,8.0,6.0,1.0,1.0,20.0,20.0,4.0,-4.0
전남광주통합특별시,함평군,함평읍,엄다,2775,2026.0,0.0,57.6,54.3,49.8,45.4,41.0,34.4,0.0,전남광주통합특별시,나주시,동강면,2775,2026.0,0.0,0.0,0.0,0.0,0.0,0.0,0.0,0.0,전남광주통합특별시,나주시,동강면,2775,2026.0,0.0,0.0,0.0,0.0,0.0,0.0,0.0,0.0,248.1893,전남광주통합특별시,나주시,2775,8.0,6.0,2.0,0.0,26.0,24.0,0.0,2.0
전남광주통합특별시,함평군,함평읍,엄다,2775,2026.0,0.0,57.6,54.3,49.8,45.4,41.0,34.4,0.0,전남광주통합특별시,나주시,동강면,2775,2026.0,0.0,0.0,0.0,0.0,0.0,0.0,0.0,0.0,전남광주통합특별시,나주시,동강면,2775,2026.0,0.0,0.0,0.0,0.0,0.0,0.0,0.0,0.0,248.1893,전남광주통합특별시,무안군,2775,8.0,6.0,2.0,0.0,26.0,24.0,0.0,2.0
전남광주통합특별시,함평군,함평읍,엄다,2775,2026.0,0.0,57.6,54.3,49.8,45.4,41.0,34.4,0.0,전남광주통합특별시,나주시,동강면,2775,2026.0,0.0,0.0,0.0,0.0,0.0,0.0,0.0,0.0,전남광주통합특별시,나주시,동강면,2775,2026.0,0.0,0.0,0.0,0.0,0.0,0.0,0.0,0.0,248.1893,전남광주통합특별시,함평군,2775,8.0,6.0,2.0,0.0,26.0,24.0,0.0,2.0
전남광주통합특별시,여수시,중앙동,여수,2684,2026.0,0.0,0.0,0.0,0.0,0.0,0.0,0.0,0.0,전남광주통합특별시,여수시,경호동,2684,2026.0,0.0,0.0,0.0,0.0,0.0,0.0,0.0,0.0,전남광주통합특별시,여수시,경호동,2684,2026.0,0.0,0.0,0.0,0.0,0.0,0.0,0.0,0.0,345.0,전남광주통합특별시,여수시,2684,8.0,4.0,1.0,3.0,29.0,29.0,0.0,0.0
,,,여수T/P,,,,,,,,,,,,,,,,,,,,,,,,전남광주통합특별시,여수시,봉산동,S622,2026.0,0.0,0.0,0.0,0.0,0.0,0.0,0.0,0.0,1477.5,,,,,,,,,,,
,,,여수산단개폐소,,,,,,,,,,,,,,,,,,,,,,,,전남광주통합특별시,여수시,평여동,D495,2026.0,0.0,0.0,0.0,0.0,0.0,0.0,0.0,0.0,490.0,,,,,,,,,,,
서울특별시,영등포구,여의도동,여의,2158,2026.0,0.0,0.0,0.0,0.0,0.0,0.0,0.0,0.0,서울특별시,영등포구,여의도동,2158,2026.0,0.0,0.0,0.0,0.0,0.0,285.0,285.0,0.0,서울특별시,영등포구,여의도동,2158,2026.0,425.0,425.0,425.0,425.0,435.0,460.0,460.0,425.0,0.0,서울특별시,영등포구,2158,6.0,4.0,0.0,2.0,36.0,35.0,0.0,1.0
경기도,여주시,홍문동,여주,2658,2026.0,5.9,0.0,0.0,0.0,0.0,0.0,0.0,5.9,경기도,여주시,가업동,2658,2026.0,0.0,0.0,0.0,0.0,0.0,0.0,805.0,0.0,경기도,여주시,가업동,2658,2026.0,445.0,445.0,445.0,445.0,445.0,450.0,1135.0,445.0,0.0,경기도,여주시,2658,7.0,5.0,0.0,2.0,28.0,28.0,0.0,0.0
전남광주통합특별시,여수시,평여동,여천,5055,2026.0,0.0,0.0,0.0,0.0,0.0,0.0,0.0,0.0,전남광주통합특별시,여수시,봉계동,5055,2026.0,0.0,0.0,0.0,0.0,0.0,0.0,0.0,0.0,전남광주통합특별시,여수시,봉계동,5055,2026.0,0.0,0.0,0.0,0.0,0.0,0.0,0.0,0.0,0.0,전남광주통합특별시,여수시,5055,20.0,20.0,0.0,0.0,17.0,15.0,2.0,0.0
경기도,,옥길동,역곡,SB01,2026.0,0.0,0.0,0.0,0.0,0.0,0.0,0.0,0.0,경기도,,괴안동,SB01,2026.0,0.0,0.0,0.0,0.0,0.0,0.0,0.0,0.0,경기도,,괴안동,SB01,2026.0,415.0,415.0,415.0,415.0,420.0,420.0,420.0,415.0,0.0,경기도,부천시,SB01,8.0,2.0,5.0,1.0,28.0,23.0,0.0,5.0
서울특별시,강남구,역삼동,역삼,S207,2026.0,0.0,0.0,0.0,0.0,0.0,0.0,0.0,0.0,서울특별시,강남구,역삼동,S207,2026.0,0.0,0.0,0.0,0.0,0.0,0.0,0.0,0.0,서울특별시,강남구,역삼동,S207,2026.0,700.0,700.0,700.0,700.0,710.0,710.0,715.0,700.0,0.0,서울특별시,강남구,S207,6.0,5.0,0.0,1.0,26.0,25.0,0.0,1.0
서울특별시,서대문구,연희동,연대,S113,2026.0,0.0,0.0,0.0,0.0,0.0,0.0,0.0,0.0,서울특별시,마포구,연남동,S113,2026.0,0.0,0.0,0.0,0.0,0.0,0.0,145.0,0.0,서울특별시,마포구,연남동,S113,2026.0,455.0,455.0,455.0,455.0,455.0,455.0,455.0,455.0,0.0,서울특별시,마포구,S113,8.0,2.0,5.0,1.0,30.0,25.0,0.0,5.0
서울특별시,서대문구,연희동,연대,S113,2026.0,0.0,0.0,0.0,0.0,0.0,0.0,0.0,0.0,서울특별시,마포구,연남동,S113,2026.0,0.0,0.0,0.0,0.0,0.0,0.0,145.0,0.0,서울특별시,마포구,연남동,S113,2026.0,455.0,455.0,455.0,455.0,455.0,455.0,455.0,455.0,0.0,서울특별시,서대문구,S113,8.0,2.0,5.0,1.0,30.0,25.0,0.0,5.0
충청남도,논산시,연무읍,연무(건설중),E835,2026.0,0.0,0.0,0.0,0.0,0.0,165.6,165.6,0.0,충청남도,논산시,연무읍,E835,2026.0,0.0,0.0,0.0,0.0,0.0,770.0,735.0,0.0,충청남도,논산시,연무읍,E835,2026.0,0.0,0.0,0.0,0.0,0.0,0.0,0.0,0.0,0.0,,,,,,,,,,,
부산광역시,해운대구,안락동,연산,S826,2026.0,0.0,0.0,0.0,0.0,0.0,0.0,0.0,0.0,부산광역시,동래구,안락동,S826,2026.0,0.0,0.0,0.0,0.0,0.0,0.0,0.0,0.0,부산광역시,동래구,안락동,S826,2026.0,960.0,960.0,960.0,960.0,965.0,965.0,965.0,960.0,0.0,부산광역시,동래구,S826,12.0,4.0,0.0,8.0,19.0,13.0,2.0,4.0
부산광역시,해운대구,안락동,연산,S826,2026.0,0.0,0.0,0.0,0.0,0.0,0.0,0.0,0.0,부산광역시,동래구,안락동,S826,2026.0,0.0,0.0,0.0,0.0,0.0,0.0,0.0,0.0,부산광역시,동래구,안락동,S826,2026.0,960.0,960.0,960.0,960.0,965.0,965.0,965.0,960.0,0.0,부산광역시,연제구,S826,12.0,4.0,0.0,8.0,19.0,13.0,2.0,4.0
부산광역시,해운대구,안락동,연산,S826,2026.0,0.0,0.0,0.0,0.0,0.0,0.0,0.0,0.0,부산광역시,동래구,안락동,S826,2026.0,0.0,0.0,0.0,0.0,0.0,0.0,0.0,0.0,부산광역시,동래구,안락동,S826,2026.0,960.0,960.0,960.0,960.0,965.0,965.0,965.0,960.0,0.0,부산광역시,해운대구,S826,12.0,4.0,0.0,8.0,19.0,13.0,2.0,4.0
인천광역시,연수구,동춘동,연수,2618,2026.0,0.0,0.0,0.0,0.0,0.0,0.0,0.0,0.0,인천광역시,연수구,동춘동,2618,2026.0,0.0,0.0,0.0,0.0,0.0,0.0,0.0,0.0,인천광역시,연수구,동춘동,2618,2026.0,0.0,0.0,0.0,0.0,0.0,0.0,0.0,0.0,0.0,인천광역시,연수구,2618,8.0,6.0,2.0,0.0,26.0,23.0,3.0,0.0
경기도,포천시,창수면,연일(건설중),E814,2026.0,0.0,0.0,0.0,0.0,0.0,55.2,55.2,0.0,경기도,포천시,창수면,E814,2026.0,0.0,0.0,0.0,0.0,0.0,580.0,580.0,0.0,경기도,포천시,창수면,E814,2026.0,0.0,0.0,0.0,0.0,0.0,1055.0,1055.0,0.0,0.0,,,,,,,,,,,
서울특별시,서초구,원지동,염곡,S210,2026.0,0.0,0.0,0.0,0.0,0.0,0.0,0.0,0.0,서울특별시,서초구,내곡동,S210,2026.0,0.0,0.0,0.0,0.0,0.0,0.0,0.0,0.0,서울특별시,서초구,내곡동,S210,2026.0,0.0,0.0,0.0,0.0,0.0,0.0,0.0,0.0,0.0,서울특별시,서초구,S210,7.0,6.0,1.0,0.0,26.0,24.0,2.0,0.0
전남광주통합특별시,영광군,염산면,영광,5181,2026.0,0.0,75.7,73.2,69.5,67.0,64.0,59.7,0.0,전남광주통합특별시,영광군,군남면,5181,2026.0,0.0,0.0,0.0,0.0,0.0,0.0,0.0,0.0,전남광주통합특별시,영광군,군남면,5181,2026.0,0.0,0.0,0.0,0.0,0.0,0.0,0.0,0.0,218.501,전남광주통합특별시,영광군,5181,10.0,8.0,2.0,0.0,26.0,21.0,1.0,4.0
경상북도,영덕군,강구면,영덕,2747,2026.0,0.0,0.0,97.5,91.3,90.3,89.4,88.5,0.0,경상북도,영덕군,강구면,2747,2026.0,0.0,0.0,0.0,0.0,1485.0,1535.0,1430.0,0.0,경상북도,영덕군,강구면,2747,2026.0,0.0,0.0,0.0,0.0,0.0,0.0,650.0,0.0,49.0,경상북도,영덕군,2747,12.0,7.0,4.0,1.0,26.0,16.0,2.0,8.0
부산광역시,영도구,영선동4가,영도,2333,2026.0,65.6,0.0,0.0,0.0,0.0,0.0,0.0,65.6,부산광역시,영도구,동삼동,2333,2026.0,140.0,0.0,0.0,0.0,0.0,0.0,0.0,140.0,부산광역시,영도구,동삼동,2333,2026.0,0.0,0.0,0.0,0.0,0.0,790.0,790.0,0.0,0.0,부산광역시,영도구,2333,6.0,3.0,2.0,1.0,18.0,16.0,0.0,2.0
충청북도,영동군,매곡면,영동,2244,2026.0,9.6,5.0,0.4,19.6,15.7,9.3,3.0,9.6,충청북도,영동군,황간면,2244,2026.0,0.0,0.0,0.0,0.0,0.0,370.0,490.0,0.0,충청북도,영동군,매곡면,2244,2026.0,0.0,0.0,0.0,0.0,0.0,590.0,590.0,0.0,0.0,충청북도,영동군,2244,6.0,3.0,2.0,1.0,21.0,15.0,0.0,6.0
강원특별자치도,강릉시,강동면,영동T/P,S408,2026.0,0.0,0.0,0.0,0.0,0.0,0.0,0.0,0.0,강원특별자치도,강릉시,강동면,S408,2026.0,0.0,0.0,0.0,0.0,0.0,0.0,0.0,0.0,강원특별자치도,강릉시,강동면,S408,2026.0,0.0,0.0,0.0,0.0,0.0,0.0,0.0,0.0,0.0,강원특별자치도,강릉시,S408,4.0,4.0,0.0,0.0,11.0,9.0,0.0,2.0
전북특별자치도,익산시,황등면,영등,2825,2026.0,41.0,37.5,35.8,32.7,31.0,29.4,27.7,41.0,전북특별자치도,익산시,남중동,2825,2026.0,0.0,0.0,0.0,0.0,0.0,0.0,0.0,0.0,전북특별자치도,익산시,남중동,2825,2026.0,0.0,0.0,0.0,0.0,0.0,0.0,0.0,0.0,0.0,전북특별자치도,익산시,2825,8.0,8.0,0.0,0.0,28.0,21.0,0.0,7.0
전남광주통합특별시,영암군,학산면,영암,2583,2026.0,0.0,105.0,103.9,102.9,101.8,100.7,99.6,0.0,전남광주통합특별시,영암군,군서면,2583,2026.0,0.0,0.0,0.0,0.0,0.0,0.0,0.0,0.0,전남광주통합특별시,영암군,군서면,2583,2026.0,0.0,0.0,0.0,0.0,0.0,0.0,0.0,0.0,0.0,전남광주통합특별시,영암군,2583,12.0,6.0,2.0,4.0,26.0,18.0,0.0,8.0
경상북도,영양군,청기면,영양(건설중),E601,2026.0,0.0,0.0,165.6,165.6,165.6,165.6,165.6,0.0,경상북도,영양군,청기면,E601,2026.0,0.0,0.0,245.0,280.0,210.0,380.0,465.0,0.0,경상북도,영양군,청기면,E601,2026.0,0.0,0.0,0.0,0.0,0.0,0.0,75.0,0.0,127.0123,,,,,,,,,,,
서울특별시,영등포구,영등포동2가,영오,S222,2026.0,0.0,0.0,0.0,0.0,0.0,42.4,42.4,0.0,서울특별시,영등포구,영등포동2가,S222,2026.0,0.0,0.0,0.0,0.0,0.0,0.0,0.0,0.0,서울특별시,영등포구,영등포동2가,S222,2026.0,0.0,0.0,0.0,0.0,0.0,0.0,0.0,0.0,0.0,서울특별시,영등포구,S222,4.0,4.0,0.0,0.0,21.0,13.0,6.0,2.0
강원특별자치도,영월군,남면,영월,S410,2026.0,116.0,115.3,114.7,114.1,113.4,112.8,112.1,116.0,강원특별자치도,영월군,남면,S410,2026.0,0.0,0.0,0.0,0.0,0.0,0.0,0.0,0.0,강원특별자치도,영월군,남면,S410,2026.0,0.0,0.0,0.0,0.0,0.0,0.0,0.0,0.0,23.106,강원특별자치도,영월군,S410,11.0,9.0,2.0,0.0,28.0,14.0,3.0,11.0
강원특별자치도,영월군,남면,영월,S410,2026.0,116.0,115.3,114.7,114.1,113.4,112.8,112.1,116.0,강원특별자치도,영월군,남면,S410,2026.0,0.0,0.0,0.0,0.0,0.0,0.0,0.0,0.0,강원특별자치도,영월군,남면,S410,2026.0,0.0,0.0,0.0,0.0,0.0,0.0,0.0,0.0,23.106,강원특별자치도,평창군,S410,11.0,9.0,2.0,0.0,28.0,14.0,3.0,11.0
,,,영월C/C S/Y,,,,,,,,,,,,,,,,,,,,,,,,강원특별자치도,영월군,영월읍,D465,2026.0,0.0,0.0,0.0,0.0,0.0,210.0,245.0,0.0,39.0,,,,,,,,,,,
,,,영월에코윈드,,,,,,,,,,,,,,,,,,,,,,,,강원특별자치도,영월군,상동읍,E324,2026.0,0.0,0.0,0.0,0.0,0.0,380.0,405.0,0.0,60.0,,,,,,,,,,,
경상북도,포항시남구,대송면,영일,2695,2026.0,49.8,47.8,45.9,43.9,42.0,40.0,38.1,49.8,경상북도,포항시남구,대송면,2695,2026.0,585.0,415.0,580.0,610.0,625.0,670.0,670.0,585.0,경상북도,포항시남구,대송면,2695,2026.0,0.0,0.0,0.0,0.0,0.0,1315.0,1315.0,0.0,0.0,경상북도,포항시남구,2695,10.0,7.0,0.0,3.0,18.0,18.0,0.0,0.0
인천광역시,영종구,남북동,영종,S304,2026.0,0.0,0.0,0.0,0.0,0.0,0.0,0.0,0.0,인천광역시,영종구,남북동,S304,2026.0,0.0,0.0,0.0,0.0,0.0,0.0,0.0,0.0,인천광역시,영종구,남북동,S304,2026.0,0.0,355.0,500.0,510.0,515.0,540.0,600.0,0.0,0.0,인천광역시,영종구,S304,9.0,8.0,1.0,0.0,19.0,19.0,0.0,0.0
경상북도,영주시,단산면,영주(SA),E204,2026.0,0.0,0.0,0.0,0.0,165.6,165.6,165.6,0.0,경상북도,영주시,단산면,E204,2026.0,0.0,0.0,0.0,0.0,250.0,250.0,285.0,0.0,경상북도,영주시,단산면,E204,2026.0,0.0,0.0,0.0,0.0,0.0,0.0,35.0,0.0,0.0,경상북도,봉화군,E204,12.0,9.0,0.0,3.0,28.0,23.0,1.0,4.0
경상북도,영주시,단산면,영주(SA),E204,2026.0,0.0,0.0,0.0,0.0,165.6,165.6,165.6,0.0,경상북도,영주시,단산면,E204,2026.0,0.0,0.0,0.0,0.0,250.0,250.0,285.0,0.0,경상북도,영주시,단산면,E204,2026.0,0.0,0.0,0.0,0.0,0.0,0.0,35.0,0.0,0.0,경상북도,영주시,E204,12.0,9.0,0.0,3.0,28.0,23.0,1.0,4.0
,,,영천(SA),,,,,,,,,,,,,,,,,,,,,,,,,,,,,,,,,,,,,,경상북도,영천시,E371,11.0,6.0,0.0,5.0,32.0,25.0,0.0,7.0
충청남도,예산군,고덕면,예산,2051,2026.0,0.0,33.4,30.4,27.4,0.0,0.0,0.0,0.0,충청남도,예산군,고덕면,2051,2026.0,0.0,45.0,80.0,200.0,0.0,0.0,0.0,0.0,충청남도,예산군,고덕면,2051,2026.0,0.0,0.0,0.0,0.0,0.0,0.0,0.0,0.0,0.0,충청남도,예산군,2051,12.0,8.0,0.0,4.0,23.0,19.0,0.0,4.0
경상북도,문경시,유천면,예천,2732,2026.0,0.0,0.0,0.0,0.0,0.0,105.0,104.1,0.0,경상북도,문경시,유천면,2732,2026.0,0.0,0.0,0.0,0.0,0.0,335.0,600.0,0.0,경상북도,문경시,유천면,2732,2026.0,0.0,0.0,0.0,0.0,0.0,270.0,620.0,0.0,0.0,경상북도,문경시,2732,8.0,4.0,0.0,4.0,26.0,14.0,1.0,11.0
경상북도,문경시,유천면,예천,2732,2026.0,0.0,0.0,0.0,0.0,0.0,105.0,104.1,0.0,경상북도,문경시,유천면,2732,2026.0,0.0,0.0,0.0,0.0,0.0,335.0,600.0,0.0,경상북도,문경시,유천면,2732,2026.0,0.0,0.0,0.0,0.0,0.0,270.0,620.0,0.0,0.0,경상북도,예천군,2732,8.0,4.0,0.0,4.0,26.0,14.0,1.0,11.0
서울특별시,구로구,오류동,오류,2148,2026.0,0.0,0.0,0.0,0.0,0.0,0.0,0.0,0.0,서울특별시,구로구,개봉동,2148,2026.0,0.0,0.0,0.0,0.0,0.0,0.0,0.0,0.0,서울특별시,구로구,개봉동,2148,2026.0,210.0,210.0,210.0,210.0,350.0,580.0,580.0,210.0,0.0,서울특별시,구로구,2148,8.0,3.0,0.0,5.0,31.0,15.0,3.0,13.0
인천광역시,남동구,논현동,오봉,SB04,2026.0,0.0,0.0,0.0,0.0,0.0,0.0,0.0,0.0,인천광역시,남동구,논현동,SB04,2026.0,0.0,0.0,0.0,0.0,0.0,35.0,35.0,0.0,인천광역시,남동구,논현동,SB04,2026.0,695.0,730.0,845.0,845.0,845.0,1110.0,1110.0,695.0,0.0,인천광역시,남동구,SB04,12.0,8.0,0.0,4.0,28.0,28.0,0.0,0.0
경기도,평택시,서탄면,오산,2180,2026.0,0.0,0.0,0.0,0.0,0.0,0.0,0.0,0.0,경기도,오산시,가장동,2180,2026.0,0.0,0.0,0.0,0.0,0.0,0.0,0.0,0.0,경기도,오산시,가장동,2180,2026.0,535.0,535.0,535.0,535.0,540.0,540.0,540.0,535.0,0.0,경기도,오산시,2180,8.0,8.0,0.0,0.0,30.0,29.0,0.0,1.0
경기도,평택시,서탄면,오산,2180,2026.0,0.0,0.0,0.0,0.0,0.0,0.0,0.0,0.0,경기도,오산시,가장동,2180,2026.0,0.0,0.0,0.0,0.0,0.0,0.0,0.0,0.0,경기도,오산시,가장동,2180,2026.0,535.0,535.0,535.0,535.0,540.0,540.0,540.0,535.0,0.0,경기도,평택시,2180,8.0,8.0,0.0,0.0,30.0,29.0,0.0,1.0
충청북도,청주시흥덕구,오송읍,오송,S433,2026.0,0.0,0.0,0.0,0.0,0.0,0.0,0.0,0.0,충청북도,청주시흥덕구,오송읍,S433,2026.0,0.0,0.0,0.0,0.0,0.0,0.0,0.0,0.0,충청북도,청주시흥덕구,오송읍,S433,2026.0,0.0,1295.0,1295.0,1295.0,1330.0,1335.0,1345.0,0.0,0.0,충청북도,청주시흥덕구,S433,12.0,7.0,3.0,2.0,32.0,31.0,0.0,1.0
충청북도,청주시청원구,오창읍,오창,S420,2026.0,0.0,0.0,0.0,0.0,0.0,0.0,0.0,0.0,충청북도,청주시청원구,오창읍,S420,2026.0,0.0,0.0,0.0,0.0,0.0,0.0,0.0,0.0,충청북도,청주시청원구,오창읍,S420,2026.0,1410.0,1365.0,1360.0,1345.0,0.0,1340.0,1340.0,1410.0,0.0,충청북도,진천군,S420,8.0,8.0,-1.0,1.0,26.0,20.0,1.0,5.0
충청북도,청주시청원구,오창읍,오창,S420,2026.0,0.0,0.0,0.0,0.0,0.0,0.0,0.0,0.0,충청북도,청주시청원구,오창읍,S420,2026.0,0.0,0.0,0.0,0.0,0.0,0.0,0.0,0.0,충청북도,청주시청원구,오창읍,S420,2026.0,1410.0,1365.0,1360.0,1345.0,0.0,1340.0,1340.0,1410.0,0.0,충청북도,청주시청원구,S420,8.0,8.0,-1.0,1.0,26.0,20.0,1.0,5.0
경기도,이천시,마장면,오천,D308,2026.0,1.1,8.5,4.9,0.8,0.0,0.0,0.0,1.1,경기도,광주시,도척면,D308,2026.0,0.0,0.0,0.0,0.0,0.0,0.0,100.0,0.0,경기도,광주시,도척면,D308,2026.0,530.0,530.0,530.0,530.0,535.0,535.0,535.0,530.0,0.0,경기도,광주시,D308,8.0,4.0,2.0,2.0,26.0,10.0,0.0,16.0
경기도,이천시,마장면,오천,D308,2026.0,1.1,8.5,4.9,0.8,0.0,0.0,0.0,1.1,경기도,광주시,도척면,D308,2026.0,0.0,0.0,0.0,0.0,0.0,0.0,100.0,0.0,경기도,광주시,도척면,D308,2026.0,530.0,530.0,530.0,530.0,535.0,535.0,535.0,530.0,0.0,경기도,용인시처인구,D308,8.0,4.0,2.0,2.0,26.0,10.0,0.0,16.0
경기도,이천시,마장면,오천,D308,2026.0,1.1,8.5,4.9,0.8,0.0,0.0,0.0,1.1,경기도,광주시,도척면,D308,2026.0,0.0,0.0,0.0,0.0,0.0,0.0,100.0,0.0,경기도,광주시,도척면,D308,2026.0,530.0,530.0,530.0,530.0,535.0,535.0,535.0,530.0,0.0,경기도,이천시,D308,8.0,4.0,2.0,2.0,26.0,10.0,0.0,16.0
경기도,광주시,태전동,오포,D305,2026.0,0.0,0.0,0.0,0.0,10.4,9.0,7.7,0.0,경기도,광주시,목동,D305,2026.0,0.0,0.0,0.0,0.0,0.0,0.0,0.0,0.0,경기도,광주시,목동,D305,2026.0,1105.0,1105.0,1105.0,1105.0,1105.0,1105.0,1115.0,1105.0,0.0,경기도,광주시,D305,12.0,4.0,0.0,8.0,26.0,16.0,10.0,0.0
강원특별자치도,강릉시,성산면,옥계(건설중),E047,2026.0,165.6,165.6,165.6,165.6,165.6,165.6,165.6,165.6,강원특별자치도,강릉시,성산면,E047,2026.0,400.0,400.0,400.0,400.0,400.0,400.0,400.0,400.0,강원특별자치도,강릉시,성산면,E047,2026.0,0.0,0.0,0.0,0.0,825.0,1330.0,1330.0,0.0,0.0,,,,,,,,,,,
울산광역시,남구,신정동,옥동,2646,2026.0,0.0,0.0,0.0,0.0,0.0,0.0,0.0,0.0,울산광역시,남구,신정동,2646,2026.0,0.0,0.0,0.0,0.0,0.0,0.0,0.0,0.0,울산광역시,남구,신정동,2646,2026.0,1010.0,1010.0,1010.0,1010.0,1010.0,1010.0,1010.0,1010.0,0.0,울산광역시,남구,2646,10.0,4.0,2.0,4.0,24.0,23.0,0.0,1.0
충청남도,부여군,임천면,옥산,2824,2026.0,103.0,101.5,100.0,98.5,97.0,95.6,94.2,103.0,충청남도,부여군,임천면,2824,2026.0,425.0,475.0,600.0,455.0,440.0,715.0,605.0,425.0,충청남도,부여군,임천면,2824,2026.0,0.0,0.0,0.0,0.0,0.0,0.0,0.0,0.0,0.0,충청남도,부여군,2824,8.0,6.0,0.0,2.0,27.0,15.0,0.0,12.0
서울특별시,종로구,평창동,옥인,2052,2026.0,0.0,0.0,0.0,0.0,0.0,0.0,0.0,0.0,서울특별시,종로구,구기동,2052,2026.0,0.0,0.0,0.0,0.0,0.0,0.0,0.0,0.0,서울특별시,종로구,구기동,2052,2026.0,620.0,620.0,620.0,620.0,620.0,620.0,620.0,620.0,0.0,서울특별시,종로구,2052,8.0,6.0,-3.0,5.0,15.0,13.0,0.0,2.0
경기도,양주시,회암동,옥정,D473,2026.0,0.0,0.0,0.0,0.0,0.0,0.0,0.0,0.0,경기도,양주시,고암동,D473,2026.0,0.0,0.0,0.0,0.0,280.0,280.0,280.0,0.0,경기도,양주시,고암동,D473,2026.0,965.0,970.0,975.0,975.0,975.0,975.0,975.0,965.0,0.0,경기도,양주시,D473,8.0,6.0,0.0,2.0,28.0,14.0,5.0,9.0
충청북도,옥천군,군북면,옥천,2727,2026.0,76.1,73.0,70.0,66.8,62.5,58.2,53.4,76.1,충청북도,옥천군,청성면,2727,2026.0,0.0,0.0,0.0,0.0,0.0,0.0,0.0,0.0,충청북도,옥천군,군북면,2727,2026.0,0.0,0.0,0.0,0.0,0.0,610.0,610.0,0.0,0.0,충청북도,옥천군,2727,8.0,8.0,0.0,0.0,34.0,16.0,1.0,17.0
울산광역시,울주군,온산읍,온산,2392,2026.0,0.0,0.0,0.0,0.0,0.0,0.0,0.0,0.0,울산광역시,울주군,온산읍,2392,2026.0,0.0,0.0,0.0,0.0,0.0,0.0,0.0,0.0,울산광역시,울주군,온산읍,2392,2026.0,0.0,0.0,0.0,0.0,0.0,0.0,0.0,0.0,19.835,울산광역시,울주군,2392,9.0,9.0,0.0,0.0,25.0,25.0,1.0,-1.0
경기도,화성시만세구,남양읍,온석(건설중),E824,2026.0,0.0,0.0,0.0,0.0,0.0,165.6,165.6,0.0,경기도,화성시만세구,남양읍,E824,2026.0,0.0,0.0,0.0,0.0,0.0,250.0,250.0,0.0,경기도,화성시만세구,남양읍,E824,2026.0,0.0,0.0,0.0,1375.0,1390.0,1720.0,1725.0,0.0,0.0,,,,,,,,,,,
서울특별시,구로구,항동,온수,2639,2026.0,0.0,0.0,0.0,0.0,0.0,0.0,0.0,0.0,서울특별시,구로구,온수동,2639,2026.0,0.0,0.0,0.0,0.0,0.0,0.0,0.0,0.0,서울특별시,구로구,온수동,2639,2026.0,435.0,435.0,545.0,545.0,545.0,545.0,765.0,435.0,0.0,서울특별시,구로구,2639,8.0,4.0,3.0,1.0,22.0,16.0,4.0,2.0
충청남도,아산시,배방읍,온양,2482,2026.0,0.0,0.0,0.0,0.0,0.0,0.0,0.0,0.0,충청남도,아산시,배방읍,2482,2026.0,0.0,0.0,0.0,0.0,0.0,0.0,0.0,0.0,충청남도,아산시,배방읍,2482,2026.0,0.0,0.0,0.0,0.0,0.0,0.0,0.0,0.0,0.0,,,,,,,,,,,
,,,올림픽,,,,,,,,,,,,,,,,,,,,,,,,강원특별자치도,평창군,대관령면,D983,2026.0,0.0,0.0,0.0,0.0,0.0,0.0,0.0,0.0,0.0,,,,,,,,,,,
대구광역시,서구,중리동,와룡,2833,2026.0,53.0,51.7,50.4,49.0,47.8,46.5,45.2,53.0,대구광역시,서구,중리동,2833,2026.0,0.0,0.0,0.0,0.0,0.0,0.0,0.0,0.0,대구광역시,서구,중리동,2833,2026.0,0.0,0.0,0.0,0.0,0.0,0.0,0.0,0.0,0.0,대구광역시,서구,2833,4.0,4.0,0.0,0.0,22.0,18.0,0.0,4.0
대구광역시,동구,와촌면,와촌E/C,E217,2026.0,107.9,98.8,89.4,73.3,54.7,36.5,19.5,107.9,대구광역시,동구,와촌면,E217,2026.0,655.0,670.0,680.0,680.0,660.0,655.0,640.0,655.0,경상북도,경산시,와촌면,E217,2026.0,1125.0,1130.0,1135.0,1140.0,1145.0,1155.0,1160.0,1125.0,0.0,경상북도,경산시,E217,8.0,4.0,0.0,4.0,12.0,8.0,2.0,2.0
대구광역시,동구,와촌면,와촌E/C,E217,2026.0,107.9,98.8,89.4,73.3,54.7,36.5,19.5,107.9,대구광역시,동구,와촌면,E217,2026.0,655.0,670.0,680.0,680.0,660.0,655.0,640.0,655.0,경상북도,경산시,와촌면,E217,2026.0,1125.0,1130.0,1135.0,1140.0,1145.0,1155.0,1160.0,1125.0,0.0,경상북도,영천시,E217,8.0,4.0,0.0,4.0,12.0,8.0,2.0,2.0
대구광역시,동구,와촌면,와촌E/C,E217,2026.0,107.9,98.8,89.4,73.3,54.7,36.5,19.5,107.9,대구광역시,동구,와촌면,E217,2026.0,655.0,670.0,680.0,680.0,660.0,655.0,640.0,655.0,경상북도,경산시,와촌면,E217,2026.0,1125.0,1130.0,1135.0,1140.0,1145.0,1155.0,1160.0,1125.0,0.0,대구광역시,동구,E217,8.0,4.0,0.0,4.0,12.0,8.0,2.0,2.0
대구광역시,동구,와촌면,와촌E/C,E217,2026.0,107.9,98.8,89.4,73.3,54.7,36.5,19.5,107.9,대구광역시,동구,와촌면,E217,2026.0,655.0,670.0,680.0,680.0,660.0,655.0,640.0,655.0,대구광역시,동구,와촌면,E217,2026.0,1125.0,1130.0,1135.0,1140.0,1145.0,1155.0,1160.0,1125.0,0.0,경상북도,경산시,E217,8.0,4.0,0.0,4.0,12.0,8.0,2.0,2.0
대구광역시,동구,와촌면,와촌E/C,E217,2026.0,107.9,98.8,89.4,73.3,54.7,36.5,19.5,107.9,대구광역시,동구,와촌면,E217,2026.0,655.0,670.0,680.0,680.0,660.0,655.0,640.0,655.0,대구광역시,동구,와촌면,E217,2026.0,1125.0,1130.0,1135.0,1140.0,1145.0,1155.0,1160.0,1125.0,0.0,경상북도,영천시,E217,8.0,4.0,0.0,4.0,12.0,8.0,2.0,2.0
대구광역시,동구,와촌면,와촌E/C,E217,2026.0,107.9,98.8,89.4,73.3,54.7,36.5,19.5,107.9,대구광역시,동구,와촌면,E217,2026.0,655.0,670.0,680.0,680.0,660.0,655.0,640.0,655.0,대구광역시,동구,와촌면,E217,2026.0,1125.0,1130.0,1135.0,1140.0,1145.0,1155.0,1160.0,1125.0,0.0,대구광역시,동구,E217,8.0,4.0,0.0,4.0,12.0,8.0,2.0,2.0
대구광역시,동구,와촌면,와촌E/C,E217,2026.0,107.9,98.8,89.4,73.3,54.7,36.5,19.5,107.9,경상북도,경산시,와촌면,E217,2026.0,655.0,670.0,680.0,680.0,660.0,655.0,640.0,655.0,경상북도,경산시,와촌면,E217,2026.0,1125.0,1130.0,1135.0,1140.0,1145.0,1155.0,1160.0,1125.0,0.0,경상북도,경산시,E217,8.0,4.0,0.0,4.0,12.0,8.0,2.0,2.0
대구광역시,동구,와촌면,와촌E/C,E217,2026.0,107.9,98.8,89.4,73.3,54.7,36.5,19.5,107.9,경상북도,경산시,와촌면,E217,2026.0,655.0,670.0,680.0,680.0,660.0,655.0,640.0,655.0,경상북도,경산시,와촌면,E217,2026.0,1125.0,1130.0,1135.0,1140.0,1145.0,1155.0,1160.0,1125.0,0.0,경상북도,영천시,E217,8.0,4.0,0.0,4.0,12.0,8.0,2.0,2.0
대구광역시,동구,와촌면,와촌E/C,E217,2026.0,107.9,98.8,89.4,73.3,54.7,36.5,19.5,107.9,경상북도,경산시,와촌면,E217,2026.0,655.0,670.0,680.0,680.0,660.0,655.0,640.0,655.0,경상북도,경산시,와촌면,E217,2026.0,1125.0,1130.0,1135.0,1140.0,1145.0,1155.0,1160.0,1125.0,0.0,대구광역시,동구,E217,8.0,4.0,0.0,4.0,12.0,8.0,2.0,2.0
대구광역시,동구,와촌면,와촌E/C,E217,2026.0,107.9,98.8,89.4,73.3,54.7,36.5,19.5,107.9,경상북도,경산시,와촌면,E217,2026.0,655.0,670.0,680.0,680.0,660.0,655.0,640.0,655.0,대구광역시,동구,와촌면,E217,2026.0,1125.0,1130.0,1135.0,1140.0,1145.0,1155.0,1160.0,1125.0,0.0,경상북도,경산시,E217,8.0,4.0,0.0,4.0,12.0,8.0,2.0,2.0
대구광역시,동구,와촌면,와촌E/C,E217,2026.0,107.9,98.8,89.4,73.3,54.7,36.5,19.5,107.9,경상북도,경산시,와촌면,E217,2026.0,655.0,670.0,680.0,680.0,660.0,655.0,640.0,655.0,대구광역시,동구,와촌면,E217,2026.0,1125.0,1130.0,1135.0,1140.0,1145.0,1155.0,1160.0,1125.0,0.0,경상북도,영천시,E217,8.0,4.0,0.0,4.0,12.0,8.0,2.0,2.0
대구광역시,동구,와촌면,와촌E/C,E217,2026.0,107.9,98.8,89.4,73.3,54.7,36.5,19.5,107.9,경상북도,경산시,와촌면,E217,2026.0,655.0,670.0,680.0,680.0,660.0,655.0,640.0,655.0,대구광역시,동구,와촌면,E217,2026.0,1125.0,1130.0,1135.0,1140.0,1145.0,1155.0,1160.0,1125.0,0.0,대구광역시,동구,E217,8.0,4.0,0.0,4.0,12.0,8.0,2.0,2.0
경상북도,경산시,와촌면,와촌E/C,E217,2026.0,107.9,98.8,89.4,73.3,54.7,36.5,19.5,107.9,대구광역시,동구,와촌면,E217,2026.0,655.0,670.0,680.0,680.0,660.0,655.0,640.0,655.0,경상북도,경산시,와촌면,E217,2026.0,1125.0,1130.0,1135.0,1140.0,1145.0,1155.0,1160.0,1125.0,0.0,경상북도,경산시,E217,8.0,4.0,0.0,4.0,12.0,8.0,2.0,2.0
경상북도,경산시,와촌면,와촌E/C,E217,2026.0,107.9,98.8,89.4,73.3,54.7,36.5,19.5,107.9,대구광역시,동구,와촌면,E217,2026.0,655.0,670.0,680.0,680.0,660.0,655.0,640.0,655.0,경상북도,경산시,와촌면,E217,2026.0,1125.0,1130.0,1135.0,1140.0,1145.0,1155.0,1160.0,1125.0,0.0,경상북도,영천시,E217,8.0,4.0,0.0,4.0,12.0,8.0,2.0,2.0
경상북도,경산시,와촌면,와촌E/C,E217,2026.0,107.9,98.8,89.4,73.3,54.7,36.5,19.5,107.9,대구광역시,동구,와촌면,E217,2026.0,655.0,670.0,680.0,680.0,660.0,655.0,640.0,655.0,경상북도,경산시,와촌면,E217,2026.0,1125.0,1130.0,1135.0,1140.0,1145.0,1155.0,1160.0,1125.0,0.0,대구광역시,동구,E217,8.0,4.0,0.0,4.0,12.0,8.0,2.0,2.0
경상북도,경산시,와촌면,와촌E/C,E217,2026.0,107.9,98.8,89.4,73.3,54.7,36.5,19.5,107.9,대구광역시,동구,와촌면,E217,2026.0,655.0,670.0,680.0,680.0,660.0,655.0,640.0,655.0,대구광역시,동구,와촌면,E217,2026.0,1125.0,1130.0,1135.0,1140.0,1145.0,1155.0,1160.0,1125.0,0.0,경상북도,경산시,E217,8.0,4.0,0.0,4.0,12.0,8.0,2.0,2.0
경상북도,경산시,와촌면,와촌E/C,E217,2026.0,107.9,98.8,89.4,73.3,54.7,36.5,19.5,107.9,대구광역시,동구,와촌면,E217,2026.0,655.0,670.0,680.0,680.0,660.0,655.0,640.0,655.0,대구광역시,동구,와촌면,E217,2026.0,1125.0,1130.0,1135.0,1140.0,1145.0,1155.0,1160.0,1125.0,0.0,경상북도,영천시,E217,8.0,4.0,0.0,4.0,12.0,8.0,2.0,2.0
경상북도,경산시,와촌면,와촌E/C,E217,2026.0,107.9,98.8,89.4,73.3,54.7,36.5,19.5,107.9,대구광역시,동구,와촌면,E217,2026.0,655.0,670.0,680.0,680.0,660.0,655.0,640.0,655.0,대구광역시,동구,와촌면,E217,2026.0,1125.0,1130.0,1135.0,1140.0,1145.0,1155.0,1160.0,1125.0,0.0,대구광역시,동구,E217,8.0,4.0,0.0,4.0,12.0,8.0,2.0,2.0
경상북도,경산시,와촌면,와촌E/C,E217,2026.0,107.9,98.8,89.4,73.3,54.7,36.5,19.5,107.9,경상북도,경산시,와촌면,E217,2026.0,655.0,670.0,680.0,680.0,660.0,655.0,640.0,655.0,경상북도,경산시,와촌면,E217,2026.0,1125.0,1130.0,1135.0,1140.0,1145.0,1155.0,1160.0,1125.0,0.0,경상북도,경산시,E217,8.0,4.0,0.0,4.0,12.0,8.0,2.0,2.0
경상북도,경산시,와촌면,와촌E/C,E217,2026.0,107.9,98.8,89.4,73.3,54.7,36.5,19.5,107.9,경상북도,경산시,와촌면,E217,2026.0,655.0,670.0,680.0,680.0,660.0,655.0,640.0,655.0,경상북도,경산시,와촌면,E217,2026.0,1125.0,1130.0,1135.0,1140.0,1145.0,1155.0,1160.0,1125.0,0.0,경상북도,영천시,E217,8.0,4.0,0.0,4.0,12.0,8.0,2.0,2.0
경상북도,경산시,와촌면,와촌E/C,E217,2026.0,107.9,98.8,89.4,73.3,54.7,36.5,19.5,107.9,경상북도,경산시,와촌면,E217,2026.0,655.0,670.0,680.0,680.0,660.0,655.0,640.0,655.0,경상북도,경산시,와촌면,E217,2026.0,1125.0,1130.0,1135.0,1140.0,1145.0,1155.0,1160.0,1125.0,0.0,대구광역시,동구,E217,8.0,4.0,0.0,4.0,12.0,8.0,2.0,2.0
경상북도,경산시,와촌면,와촌E/C,E217,2026.0,107.9,98.8,89.4,73.3,54.7,36.5,19.5,107.9,경상북도,경산시,와촌면,E217,2026.0,655.0,670.0,680.0,680.0,660.0,655.0,640.0,655.0,대구광역시,동구,와촌면,E217,2026.0,1125.0,1130.0,1135.0,1140.0,1145.0,1155.0,1160.0,1125.0,0.0,경상북도,경산시,E217,8.0,4.0,0.0,4.0,12.0,8.0,2.0,2.0
경상북도,경산시,와촌면,와촌E/C,E217,2026.0,107.9,98.8,89.4,73.3,54.7,36.5,19.5,107.9,경상북도,경산시,와촌면,E217,2026.0,655.0,670.0,680.0,680.0,660.0,655.0,640.0,655.0,대구광역시,동구,와촌면,E217,2026.0,1125.0,1130.0,1135.0,1140.0,1145.0,1155.0,1160.0,1125.0,0.0,경상북도,영천시,E217,8.0,4.0,0.0,4.0,12.0,8.0,2.0,2.0
경상북도,경산시,와촌면,와촌E/C,E217,2026.0,107.9,98.8,89.4,73.3,54.7,36.5,19.5,107.9,경상북도,경산시,와촌면,E217,2026.0,655.0,670.0,680.0,680.0,660.0,655.0,640.0,655.0,대구광역시,동구,와촌면,E217,2026.0,1125.0,1130.0,1135.0,1140.0,1145.0,1155.0,1160.0,1125.0,0.0,대구광역시,동구,E217,8.0,4.0,0.0,4.0,12.0,8.0,2.0,2.0
전남광주통합특별시,완도군,청산면,완도,S607,2026.0,0.0,0.0,0.0,0.0,0.0,0.0,0.0,0.0,전남광주통합특별시,완도군,고금면,S607,2026.0,0.0,0.0,0.0,0.0,0.0,0.0,0.0,0.0,전남광주통합특별시,완도군,고금면,S607,2026.0,0.0,0.0,0.0,0.0,0.0,0.0,0.0,0.0,748.5,전남광주통합특별시,완도군,S607,8.0,2.0,6.0,0.0,19.0,19.0,0.0,0.0
전북특별자치도,전주시완산구,석구동,완산,D363,2026.0,0.0,0.0,0.0,0.0,82.6,72.9,68.0,0.0,전북특별자치도,완주군,동상면,D363,2026.0,0.0,0.0,0.0,0.0,0.0,0.0,0.0,0.0,전북특별자치도,완주군,동상면,D363,2026.0,0.0,0.0,0.0,0.0,0.0,0.0,0.0,0.0,0.0,,,,,,,,,,,
경상남도,창원시성산구,완암동,완암,2546,2026.0,0.0,0.0,0.0,0.0,0.0,0.0,0.0,0.0,경상남도,창원시성산구,완암동,2546,2026.0,0.0,0.0,0.0,0.0,0.0,0.0,0.0,0.0,경상남도,창원시성산구,완암동,2546,2026.0,0.0,0.0,0.0,0.0,0.0,0.0,0.0,0.0,0.0,경상남도,창원시성산구,2546,8.0,8.0,0.0,0.0,25.0,21.0,0.0,4.0
전남광주통합특별시,나주시,왕곡면,왕곡,E131,2026.0,0.0,100.3,99.6,0.0,98.4,97.7,97.1,0.0,전남광주통합특별시,나주시,공산면,E131,2026.0,0.0,0.0,0.0,0.0,0.0,0.0,0.0,0.0,전남광주통합특별시,나주시,공산면,E131,2026.0,0.0,0.0,0.0,0.0,0.0,0.0,0.0,0.0,62.2084,전남광주통합특별시,나주시,E131,8.0,5.0,2.0,1.0,26.0,13.0,0.0,13.0
전북특별자치도,완주군,화산면,왕궁,E130,2026.0,0.0,0.0,0.0,0.0,69.0,65.9,65.3,0.0,전북특별자치도,완주군,봉동읍,E130,2026.0,0.0,0.0,0.0,0.0,450.0,300.0,170.0,0.0,전북특별자치도,완주군,봉동읍,E130,2026.0,0.0,0.0,0.0,0.0,0.0,0.0,0.0,0.0,0.0,,,,,,,,,,,
인천광역시,서구,오류동,왕길,D316,2026.0,0.0,0.0,0.0,0.0,0.0,0.0,0.0,0.0,인천광역시,서구,오류동,D316,2026.0,0.0,0.0,0.0,0.0,0.0,0.0,0.0,0.0,인천광역시,서구,오류동,D316,2026.0,0.0,575.0,580.0,580.0,580.0,580.0,580.0,0.0,0.0,,,,,,,,,,,
경기도,의왕시,초평동,왕송(건설중),E816,2026.0,0.0,0.0,0.0,0.0,0.0,50.0,50.0,0.0,경기도,의왕시,초평동,E816,2026.0,0.0,0.0,0.0,0.0,0.0,50.0,50.0,0.0,경기도,의왕시,초평동,E816,2026.0,0.0,0.0,0.0,0.0,0.0,0.0,1235.0,0.0,0.0,,,,,,,,,,,
경기도,남양주시,진건읍,왕숙(건설중),E759,2026.0,0.0,0.0,0.0,0.0,63.6,63.6,63.6,0.0,경기도,남양주시,진건읍,E759,2026.0,0.0,0.0,0.0,0.0,220.0,220.0,220.0,0.0,경기도,남양주시,진건읍,E759,2026.0,0.0,0.0,1355.0,1355.0,1355.0,1355.0,1375.0,0.0,0.0,,,,,,,,,,,
경상북도,경주시,강동면,왕신,E055,2026.0,125.3,50.0,124.5,124.1,123.7,123.4,123.0,125.3,경상북도,경주시,강동면,E055,2026.0,0.0,0.0,0.0,0.0,0.0,0.0,0.0,0.0,경상북도,경주시,강동면,E055,2026.0,0.0,0.0,0.0,0.0,0.0,0.0,0.0,0.0,15.0,경상북도,경주시,E055,10.0,4.0,6.0,0.0,14.0,7.0,2.0,5.0
서울특별시,성동구,용답동,왕십리,S135,2026.0,39.4,39.1,38.9,0.0,0.0,0.0,0.0,39.4,서울특별시,성동구,금호동1가,S135,2026.0,80.0,65.0,65.0,5.0,10.0,0.0,0.0,80.0,서울특별시,성동구,금호동1가,S135,2026.0,550.0,550.0,550.0,550.0,550.0,550.0,550.0,550.0,0.0,서울특별시,성동구,S135,8.0,3.0,4.0,1.0,30.0,23.0,0.0,7.0
충청북도,제천시,금성면,왕암,S427,2026.0,30.5,16.7,14.6,12.6,10.5,8.4,6.4,30.5,충청북도,제천시,하소동,S427,2026.0,825.0,905.0,930.0,940.0,965.0,1335.0,1445.0,825.0,충청북도,제천시,금성면,S427,2026.0,0.0,0.0,0.0,0.0,0.0,455.0,445.0,0.0,0.0,충청북도,제천시,S427,12.0,8.0,3.0,1.0,26.0,17.0,1.0,8.0
경상북도,칠곡군,왜관읍,왜관,D392,2026.0,85.0,55.0,107.0,106.4,105.7,105.1,104.4,85.0,경상북도,칠곡군,왜관읍,D392,2026.0,85.0,55.0,265.0,235.0,255.0,240.0,200.0,85.0,경상북도,칠곡군,왜관읍,D392,2026.0,630.0,630.0,1105.0,1105.0,1110.0,1110.0,1110.0,630.0,0.0,경상북도,칠곡군,D392,8.0,4.0,0.0,4.0,14.0,9.0,0.0,5.0
경상북도,경주시,외동읍,외동,S702,2026.0,0.0,0.0,0.0,0.0,9.1,6.9,4.8,0.0,경상북도,경주시,외동읍,S702,2026.0,0.0,0.0,0.0,0.0,40.0,45.0,35.0,0.0,경상북도,경주시,외동읍,S702,2026.0,265.0,935.0,935.0,935.0,935.0,935.0,935.0,265.0,0.0,경상북도,경주시,S702,8.0,4.0,1.0,3.0,25.0,18.0,0.0,7.0
대전광역시,유성구,용계동,용계(건설중),D482,2026.0,0.0,0.0,0.0,0.0,0.0,0.0,0.0,0.0,대전광역시,유성구,죽동,D482,2026.0,0.0,0.0,0.0,0.0,0.0,0.0,0.0,0.0,대전광역시,유성구,죽동,D482,2026.0,0.0,0.0,0.0,0.0,0.0,0.0,0.0,0.0,0.0,,,,,,,,,,,
서울특별시,동대문구,제기동,용두,D284,2026.0,80.0,65.0,65.0,5.0,0.0,0.0,0.0,80.0,서울특별시,동대문구,답십리동,D284,2026.0,80.0,65.0,65.0,5.0,10.0,0.0,0.0,80.0,서울특별시,동대문구,답십리동,D284,2026.0,425.0,425.0,425.0,425.0,425.0,425.0,425.0,425.0,0.0,서울특별시,동대문구,D284,8.0,4.0,0.0,4.0,30.0,8.0,1.0,21.0
경기도,양평군,양평읍,용문(SA),S101,2026.0,0.0,0.0,12.4,12.4,12.4,12.4,12.4,0.0,경기도,양평군,강상면,S101,2026.0,0.0,0.0,0.0,0.0,0.0,0.0,0.0,0.0,경기도,양평군,강상면,S101,2026.0,400.0,630.0,630.0,630.0,630.0,715.0,835.0,400.0,0.0,경기도,양평군,S101,4.0,4.0,0.0,0.0,30.0,22.0,0.0,8.0
서울특별시,용산구,한강로3가,용산,2020,2026.0,0.0,0.0,0.0,0.0,0.0,0.0,0.0,0.0,서울특별시,용산구,원효로1가,2020,2026.0,0.0,0.0,0.0,0.0,0.0,0.0,0.0,0.0,서울특별시,용산구,원효로1가,2020,2026.0,85.0,85.0,85.0,85.0,85.0,480.0,590.0,85.0,0.0,서울특별시,용산구,2020,7.0,5.0,1.0,1.0,31.0,28.0,0.0,3.0
전남광주통합특별시,여수시,호명동,용성,S620,2026.0,0.0,0.0,0.0,0.0,0.0,0.0,0.0,0.0,전남광주통합특별시,여수시,낙포동,S620,2026.0,0.0,0.0,0.0,0.0,0.0,0.0,0.0,0.0,전남광주통합특별시,여수시,낙포동,S620,2026.0,0.0,0.0,0.0,0.0,0.0,0.0,0.0,0.0,589.0,전남광주통합특별시,여수시,S620,16.0,14.0,2.0,0.0,26.0,25.0,0.0,1.0
울산광역시,남구,고사동,용연,2578,2026.0,0.0,0.0,0.0,0.0,0.0,0.0,0.0,0.0,울산광역시,남구,고사동,2578,2026.0,0.0,0.0,0.0,0.0,0.0,0.0,0.0,0.0,울산광역시,남구,고사동,2578,2026.0,1455.0,1455.0,1455.0,1455.0,1455.0,1455.0,1465.0,1455.0,0.0,울산광역시,남구,2578,11.0,11.0,0.0,0.0,22.0,21.0,0.0,1.0
대전광역시,동구,용운동,용운,S529,2026.0,0.0,0.0,0.0,0.0,0.0,0.0,0.0,0.0,대전광역시,동구,가양동,S529,2026.0,0.0,0.0,0.0,0.0,0.0,0.0,0.0,0.0,대전광역시,동구,가양동,S529,2026.0,0.0,0.0,0.0,0.0,0.0,0.0,0.0,0.0,0.0,대전광역시,동구,S529,8.0,4.0,0.0,4.0,23.0,4.0,0.0,19.0
부산광역시,강서구,천성동,용원,D402,2026.0,0.0,30.0,0.0,0.0,0.0,0.0,0.0,0.0,부산광역시,강서구,눌차동,D402,2026.0,0.0,30.0,0.0,0.0,0.0,0.0,0.0,0.0,부산광역시,강서구,눌차동,D402,2026.0,480.0,590.0,665.0,665.0,665.0,725.0,730.0,480.0,19.2,부산광역시,강서구,D402,12.0,5.0,4.0,3.0,20.0,9.0,6.0,5.0
경기도,용인시처인구,호동,용인,2050,2026.0,0.0,0.0,0.0,0.0,0.0,0.0,0.0,0.0,경기도,용인시처인구,고림동,2050,2026.0,0.0,0.0,0.0,0.0,0.0,0.0,0.0,0.0,경기도,용인시처인구,고림동,2050,2026.0,1285.0,1285.0,1285.0,1285.0,1285.0,1285.0,1285.0,1285.0,0.0,경기도,용인시처인구,2050,8.0,8.0,0.0,0.0,30.0,30.0,0.0,0.0
경기도,포천시,자작동,용정,D474,2026.0,0.0,0.0,0.0,0.0,22.2,22.2,22.2,0.0,경기도,파주시,군내면,D474,2026.0,0.0,0.0,0.0,0.0,240.0,240.0,240.0,0.0,경기도,파주시,군내면,D474,2026.0,905.0,905.0,905.0,960.0,960.0,965.0,980.0,905.0,0.0,경기도,파주시,D474,8.0,4.0,0.0,4.0,21.0,13.0,4.0,4.0
경기도,포천시,자작동,용정,D474,2026.0,0.0,0.0,0.0,0.0,22.2,22.2,22.2,0.0,경기도,파주시,군내면,D474,2026.0,0.0,0.0,0.0,0.0,240.0,240.0,240.0,0.0,경기도,파주시,군내면,D474,2026.0,905.0,905.0,905.0,960.0,960.0,965.0,980.0,905.0,0.0,경기도,포천시,D474,8.0,4.0,0.0,4.0,21.0,13.0,4.0,4.0
경기도,의정부시,자일동,용현,D488,2026.0,0.0,0.0,0.0,0.0,0.0,0.0,0.0,0.0,경기도,의정부시,고산동,D488,2026.0,0.0,0.0,0.0,0.0,0.0,0.0,0.0,0.0,경기도,의정부시,고산동,D488,2026.0,0.0,0.0,0.0,0.0,0.0,0.0,0.0,0.0,0.0,경기도,의정부시,D488,12.0,6.0,1.0,5.0,22.0,14.0,8.0,0.0
부산광역시,남구,용호동,용호,S804,2026.0,0.0,0.0,0.0,0.0,0.0,0.0,0.0,0.0,부산광역시,남구,감만동,S804,2026.0,0.0,0.0,0.0,0.0,0.0,0.0,0.0,0.0,부산광역시,남구,감만동,S804,2026.0,405.0,405.0,405.0,405.0,405.0,405.0,405.0,405.0,0.0,부산광역시,남구,S804,8.0,5.0,1.0,2.0,20.0,19.0,1.0,0.0
부산광역시,해운대구,우동,우동,S802,2026.0,0.0,0.0,0.0,0.0,0.0,0.0,0.0,0.0,부산광역시,수영구,우동,S802,2026.0,0.0,0.0,0.0,0.0,0.0,0.0,0.0,0.0,부산광역시,수영구,우동,S802,2026.0,145.0,335.0,400.0,400.0,400.0,400.0,400.0,145.0,0.0,부산광역시,수영구,S802,7.0,5.0,1.0,1.0,20.0,19.0,1.0,0.0
부산광역시,해운대구,우동,우동,S802,2026.0,0.0,0.0,0.0,0.0,0.0,0.0,0.0,0.0,부산광역시,수영구,우동,S802,2026.0,0.0,0.0,0.0,0.0,0.0,0.0,0.0,0.0,부산광역시,수영구,우동,S802,2026.0,145.0,335.0,400.0,400.0,400.0,400.0,400.0,145.0,0.0,부산광역시,해운대구,S802,7.0,5.0,1.0,1.0,20.0,19.0,1.0,0.0
경기도,수원시팔달구,지동,우만,2781,2026.0,0.0,3.6,0.0,0.0,0.0,0.0,0.0,0.0,경기도,수원시장안구,상광교동,2781,2026.0,0.0,0.0,0.0,0.0,0.0,0.0,50.0,0.0,경기도,수원시장안구,상광교동,2781,2026.0,730.0,860.0,860.0,860.0,860.0,860.0,860.0,730.0,0.0,경기도,수원시장안구,2781,8.0,4.0,0.0,4.0,26.0,23.0,0.0,3.0
경기도,수원시팔달구,지동,우만,2781,2026.0,0.0,3.6,0.0,0.0,0.0,0.0,0.0,0.0,경기도,수원시장안구,상광교동,2781,2026.0,0.0,0.0,0.0,0.0,0.0,0.0,50.0,0.0,경기도,수원시장안구,상광교동,2781,2026.0,730.0,860.0,860.0,860.0,860.0,860.0,860.0,730.0,0.0,경기도,수원시팔달구,2781,8.0,4.0,0.0,4.0,26.0,23.0,0.0,3.0
전남광주통합특별시,무안군,운남면,운남,S621,2026.0,105.8,103.9,102.8,101.0,99.2,96.5,94.0,105.8,전남광주통합특별시,무안군,망운면,S621,2026.0,0.0,0.0,0.0,0.0,0.0,0.0,0.0,0.0,전남광주통합특별시,무안군,망운면,S621,2026.0,0.0,0.0,0.0,0.0,0.0,0.0,0.0,0.0,431.3135,전남광주통합특별시,무안군,S621,10.0,6.0,4.0,0.0,19.0,16.0,0.0,3.0
전남광주통합특별시,무안군,운남면,운남,S621,2026.0,105.8,103.9,102.8,101.0,99.2,96.5,94.0,105.8,전남광주통합특별시,무안군,망운면,S621,2026.0,0.0,0.0,0.0,0.0,0.0,0.0,0.0,0.0,전남광주통합특별시,무안군,망운면,S621,2026.0,0.0,0.0,0.0,0.0,0.0,0.0,0.0,0.0,431.3135,전남광주통합특별시,신안군,S621,10.0,6.0,4.0,0.0,19.0,16.0,0.0,3.0
전남광주통합특별시,신안군,지도읍,운남#2(건설중),E299,2026.0,0.0,165.6,165.6,165.6,165.6,165.6,165.6,0.0,전남광주통합특별시,신안군,안좌면,E299,2026.0,1095.0,935.0,935.0,950.0,840.0,1340.0,1335.0,1095.0,전남광주통합특별시,신안군,안좌면,E299,2026.0,0.0,0.0,0.0,0.0,0.0,0.0,0.0,0.0,379.0007,,,,,,,,,,,
서울특별시,종로구,와룡동,운니,2621,2026.0,6.4,6.4,6.3,6.2,6.1,6.1,6.0,6.4,서울특별시,종로구,와룡동,2621,2026.0,0.0,0.0,0.0,0.0,0.0,0.0,0.0,0.0,서울특별시,종로구,와룡동,2621,2026.0,480.0,480.0,480.0,480.0,480.0,480.0,480.0,480.0,0.0,서울특별시,종로구,2621,5.0,5.0,-1.0,1.0,16.0,14.0,0.0,2.0
경기도,파주시,서패동,운정,E158,2026.0,0.0,0.0,0.0,0.0,0.0,0.0,0.0,0.0,경기도,파주시,다율동,E158,2026.0,0.0,0.0,0.0,0.0,0.0,0.0,0.0,0.0,경기도,파주시,다율동,E158,2026.0,655.0,655.0,655.0,675.0,695.0,1555.0,1555.0,655.0,0.0,,,,,,,,,,,
경기도,파주시,서패동,운정#2(건설중),E811,2026.0,0.0,0.0,0.0,0.0,0.0,0.0,0.0,0.0,경기도,파주시,서패동,E811,2026.0,0.0,0.0,0.0,0.0,0.0,0.0,0.0,0.0,경기도,파주시,서패동,E811,2026.0,0.0,0.0,0.0,0.0,0.0,1175.0,1175.0,0.0,0.0,,,,,,,,,,,
경기도,포천시,이동면,운천,S108,2026.0,0.0,0.0,0.0,0.0,12.9,12.9,46.2,0.0,경기도,포천시,관인면,S108,2026.0,0.0,0.0,0.0,0.0,625.0,625.0,625.0,0.0,경기도,포천시,관인면,S108,2026.0,945.0,945.0,945.0,1045.0,1045.0,1150.0,1150.0,945.0,0.0,경기도,포천시,S108,8.0,6.0,0.0,2.0,28.0,17.0,0.0,11.0
울산광역시,남구,매암동,울산,S814,2026.0,0.0,0.0,0.0,0.0,0.0,0.0,0.0,0.0,울산광역시,남구,매암동,S814,2026.0,0.0,0.0,0.0,0.0,0.0,0.0,0.0,0.0,울산광역시,남구,매암동,S814,2026.0,0.0,0.0,0.0,0.0,0.0,0.0,0.0,0.0,0.0,울산광역시,남구,S814,15.0,15.0,0.0,0.0,26.0,26.0,0.0,0.0
,,,울산T/P,,,,,,,,,,,,,,,,,,,,,,,,울산광역시,남구,황성동,S809,2026.0,0.0,0.0,0.0,0.0,0.0,480.0,480.0,0.0,0.0,,,,,,,,,,,
울산광역시,울주군,언양읍,울주,S801,2026.0,0.0,0.0,0.0,0.0,0.0,0.0,0.0,0.0,울산광역시,울주군,언양읍,S801,2026.0,0.0,0.0,0.0,0.0,0.0,0.0,0.0,0.0,울산광역시,울주군,언양읍,S801,2026.0,0.0,0.0,0.0,0.0,0.0,1430.0,1430.0,0.0,0.0,울산광역시,울주군,S801,15.0,12.0,0.0,3.0,11.0,5.0,1.0,5.0
경상북도,울진군,근남면,울진,2733,2026.0,0.0,0.0,0.0,0.0,0.0,0.0,0.0,0.0,경상북도,울진군,근남면,2733,2026.0,0.0,0.0,0.0,0.0,0.0,0.0,0.0,0.0,경상북도,울진군,근남면,2733,2026.0,0.0,0.0,0.0,0.0,0.0,0.0,0.0,0.0,0.0,경상북도,울진군,2733,11.0,6.0,1.0,4.0,17.0,13.0,4.0,0.0
울산광역시,울주군,웅촌면,웅촌,S816,2026.0,0.0,0.0,0.0,0.0,42.8,39.3,35.7,0.0,울산광역시,울주군,웅촌면,S816,2026.0,0.0,0.0,0.0,0.0,110.0,105.0,105.0,0.0,울산광역시,울주군,웅촌면,S816,2026.0,0.0,0.0,0.0,0.0,0.0,5.0,495.0,0.0,0.0,울산광역시,울주군,S816,11.0,6.0,0.0,5.0,18.0,14.0,3.0,1.0
경기도,안산시단원구,원곡동,원곡,S339,2026.0,71.4,70.9,70.4,70.0,66.1,59.7,55.0,71.4,경기도,시흥시,거모동,S339,2026.0,250.0,220.0,220.0,225.0,215.0,220.0,200.0,250.0,경기도,시흥시,거모동,S339,2026.0,660.0,660.0,660.0,660.0,660.0,660.0,660.0,660.0,0.0,경기도,시흥시,S339,12.0,4.0,0.0,8.0,27.0,17.0,0.0,10.0
경기도,안산시단원구,원곡동,원곡,S339,2026.0,71.4,70.9,70.4,70.0,66.1,59.7,55.0,71.4,경기도,시흥시,거모동,S339,2026.0,250.0,220.0,220.0,225.0,215.0,220.0,200.0,250.0,경기도,시흥시,거모동,S339,2026.0,660.0,660.0,660.0,660.0,660.0,660.0,660.0,660.0,0.0,경기도,안산시단원구,S339,12.0,4.0,0.0,8.0,27.0,17.0,0.0,10.0
서울특별시,종로구,연건동,원남,2643,2026.0,0.0,0.0,0.0,0.0,0.0,0.0,0.0,0.0,서울특별시,종로구,동숭동,2643,2026.0,0.0,0.0,0.0,0.0,0.0,0.0,0.0,0.0,서울특별시,종로구,동숭동,2643,2026.0,480.0,480.0,480.0,480.0,480.0,480.0,480.0,480.0,0.0,서울특별시,종로구,2643,6.0,6.0,0.0,0.0,27.0,25.0,0.0,2.0
경기도,,중동,원미,S318,2026.0,0.0,0.0,0.0,0.0,0.0,0.0,0.0,0.0,경기도,,상동,S318,2026.0,0.0,0.0,0.0,0.0,0.0,0.0,0.0,0.0,경기도,,상동,S318,2026.0,0.0,0.0,0.0,0.0,0.0,0.0,0.0,0.0,0.0,경기도,부천시,S318,8.0,5.0,3.0,0.0,23.0,23.0,0.0,0.0
경기도,평택시,포승읍,원정,S302,2026.0,0.0,0.0,0.0,0.0,0.0,0.0,0.0,0.0,경기도,평택시,포승읍,S302,2026.0,0.0,0.0,0.0,0.0,0.0,0.0,0.0,0.0,경기도,평택시,포승읍,S302,2026.0,495.0,495.0,495.0,495.0,495.0,495.0,495.0,495.0,0.0,경기도,평택시,S302,12.0,5.0,0.0,7.0,26.0,21.0,2.0,3.0
강원특별자치도,원주시,귀래면,원주,2506,2026.0,55.7,54.0,52.3,50.6,48.9,47.1,45.4,55.7,강원특별자치도,원주시,귀래면,2506,2026.0,95.0,245.0,280.0,260.0,260.0,330.0,270.0,95.0,강원특별자치도,원주시,귀래면,2506,2026.0,0.0,0.0,0.0,0.0,555.0,725.0,1030.0,0.0,0.0,,,,,,,,,,,
인천광역시,서구,석남동,원창,SB03,2026.0,0.0,0.0,0.0,0.0,0.0,0.0,0.0,0.0,인천광역시,서구,석남동,SB03,2026.0,0.0,0.0,0.0,0.0,0.0,0.0,0.0,0.0,인천광역시,서구,석남동,SB03,2026.0,260.0,260.0,260.0,260.0,260.0,260.0,260.0,260.0,0.0,,,,,,,,,,,
서울특별시,용산구,동자동,원효(건설중),E238,2026.0,0.0,0.0,0.0,0.0,0.0,0.0,0.0,0.0,서울특별시,용산구,한남동,E238,2026.0,0.0,0.0,0.0,0.0,0.0,0.0,545.0,0.0,서울특별시,용산구,한남동,E238,2026.0,0.0,0.0,0.0,0.0,0.0,500.0,665.0,0.0,0.0,,,,,,,,,,,
경기도,고양시덕양구,원흥동,원흥,D294,2026.0,0.0,0.0,0.0,0.0,0.0,0.0,0.0,0.0,경기도,고양시덕양구,선유동,D294,2026.0,0.0,0.0,0.0,0.0,0.0,0.0,0.0,0.0,경기도,고양시덕양구,선유동,D294,2026.0,0.0,0.0,1360.0,1360.0,1360.0,1605.0,1605.0,0.0,0.0,경기도,고양시덕양구,D294,8.0,6.0,2.0,0.0,25.0,15.0,1.0,9.0
경기도,김포시,대곶면,월곶(건설중),E141,2026.0,0.0,0.0,0.0,0.0,0.0,0.0,0.0,0.0,경기도,김포시,양촌읍,E141,2026.0,0.0,0.0,0.0,0.0,0.0,0.0,0.0,0.0,경기도,김포시,양촌읍,E141,2026.0,0.0,0.0,470.0,470.0,470.0,470.0,470.0,0.0,0.0,,,,,,,,,,,
경기도,파주시,진서면,월롱,D484,2026.0,0.0,0.0,0.0,0.0,0.0,0.0,31.2,0.0,경기도,파주시,진서면,D484,2026.0,0.0,0.0,0.0,0.0,0.0,0.0,50.0,0.0,경기도,파주시,진서면,D484,2026.0,580.0,580.0,755.0,770.0,775.0,785.0,790.0,580.0,0.0,경기도,파주시,D484,12.0,8.0,3.0,1.0,26.0,3.0,7.0,16.0
경상남도,창원시성산구,귀산동,월림,2777,2026.0,98.4,97.7,96.9,96.2,95.5,94.8,94.0,98.4,경상남도,창원시성산구,귀산동,2777,2026.0,0.0,0.0,0.0,0.0,0.0,0.0,0.0,0.0,경상남도,창원시성산구,귀산동,2777,2026.0,0.0,0.0,0.0,0.0,0.0,0.0,0.0,0.0,0.0,경상남도,창원시성산구,2777,12.0,7.0,2.0,3.0,19.0,14.0,0.0,5.0
대구광역시,달서구,월암동,월배,D382,2026.0,38.5,37.1,35.7,34.4,33.0,31.7,30.4,38.5,대구광역시,달서구,본동,D382,2026.0,120.0,80.0,320.0,315.0,330.0,320.0,305.0,120.0,대구광역시,달서구,본동,D382,2026.0,375.0,480.0,480.0,480.0,480.0,480.0,490.0,375.0,19.8,대구광역시,달서구,D382,8.0,4.0,0.0,4.0,19.0,16.0,1.0,2.0
세종특별자치시,세종특별자치시,연기면,월산,S517,2026.0,0.0,0.0,0.0,0.0,0.0,0.0,0.0,0.0,세종특별자치시,세종특별자치시,연기면,S517,2026.0,260.0,250.0,355.0,270.0,0.0,0.0,0.0,260.0,세종특별자치시,세종특별자치시,연기면,S517,2026.0,0.0,0.0,0.0,0.0,0.0,0.0,0.0,0.0,0.0,세종특별자치시,세종시,S517,8.0,6.0,0.0,2.0,26.0,25.0,1.0,0.0
경기도,하남시,항동,위례,D433,2026.0,0.0,0.0,0.0,0.0,0.0,0.0,0.0,0.0,경기도,하남시,감북동,D433,2026.0,25.0,25.0,25.0,25.0,25.0,25.0,25.0,25.0,경기도,하남시,감북동,D433,2026.0,255.0,255.0,255.0,260.0,260.0,260.0,265.0,255.0,0.0,경기도,하남시,D433,8.0,6.0,1.0,1.0,28.0,15.0,7.0,6.0
대구광역시,달성군,유가읍,유가,2832,2026.0,0.0,0.0,0.0,0.0,0.0,0.0,0.0,0.0,대구광역시,달성군,유가읍,2832,2026.0,605.0,570.0,880.0,605.0,615.0,415.0,585.0,605.0,경상남도,창녕군,대합면,2832,2026.0,1180.0,1180.0,1760.0,1825.0,1840.0,1865.0,1885.0,1180.0,0.0,경상남도,창녕군,2832,8.0,5.0,0.0,3.0,27.0,27.0,0.0,0.0
대구광역시,달성군,유가읍,유가,2832,2026.0,0.0,0.0,0.0,0.0,0.0,0.0,0.0,0.0,대구광역시,달성군,유가읍,2832,2026.0,605.0,570.0,880.0,605.0,615.0,415.0,585.0,605.0,경상남도,창녕군,대합면,2832,2026.0,1180.0,1180.0,1760.0,1825.0,1840.0,1865.0,1885.0,1180.0,0.0,대구광역시,달성군,2832,8.0,5.0,0.0,3.0,27.0,27.0,0.0,0.0
대구광역시,달성군,유가읍,유가,2832,2026.0,0.0,0.0,0.0,0.0,0.0,0.0,0.0,0.0,대구광역시,달성군,유가읍,2832,2026.0,605.0,570.0,880.0,605.0,615.0,415.0,585.0,605.0,대구광역시,달성군,유가읍,2832,2026.0,1180.0,1180.0,1760.0,1825.0,1840.0,1865.0,1885.0,1180.0,0.0,경상남도,창녕군,2832,8.0,5.0,0.0,3.0,27.0,27.0,0.0,0.0
대구광역시,달성군,유가읍,유가,2832,2026.0,0.0,0.0,0.0,0.0,0.0,0.0,0.0,0.0,대구광역시,달성군,유가읍,2832,2026.0,605.0,570.0,880.0,605.0,615.0,415.0,585.0,605.0,대구광역시,달성군,유가읍,2832,2026.0,1180.0,1180.0,1760.0,1825.0,1840.0,1865.0,1885.0,1180.0,0.0,대구광역시,달성군,2832,8.0,5.0,0.0,3.0,27.0,27.0,0.0,0.0
대구광역시,달성군,유가읍,유가,2832,2026.0,0.0,0.0,0.0,0.0,0.0,0.0,0.0,0.0,경상남도,창녕군,대합면,2832,2026.0,605.0,570.0,880.0,605.0,615.0,415.0,585.0,605.0,경상남도,창녕군,대합면,2832,2026.0,1180.0,1180.0,1760.0,1825.0,1840.0,1865.0,1885.0,1180.0,0.0,경상남도,창녕군,2832,8.0,5.0,0.0,3.0,27.0,27.0,0.0,0.0
대구광역시,달성군,유가읍,유가,2832,2026.0,0.0,0.0,0.0,0.0,0.0,0.0,0.0,0.0,경상남도,창녕군,대합면,2832,2026.0,605.0,570.0,880.0,605.0,615.0,415.0,585.0,605.0,경상남도,창녕군,대합면,2832,2026.0,1180.0,1180.0,1760.0,1825.0,1840.0,1865.0,1885.0,1180.0,0.0,대구광역시,달성군,2832,8.0,5.0,0.0,3.0,27.0,27.0,0.0,0.0
대구광역시,달성군,유가읍,유가,2832,2026.0,0.0,0.0,0.0,0.0,0.0,0.0,0.0,0.0,경상남도,창녕군,대합면,2832,2026.0,605.0,570.0,880.0,605.0,615.0,415.0,585.0,605.0,대구광역시,달성군,유가읍,2832,2026.0,1180.0,1180.0,1760.0,1825.0,1840.0,1865.0,1885.0,1180.0,0.0,경상남도,창녕군,2832,8.0,5.0,0.0,3.0,27.0,27.0,0.0,0.0
대구광역시,달성군,유가읍,유가,2832,2026.0,0.0,0.0,0.0,0.0,0.0,0.0,0.0,0.0,경상남도,창녕군,대합면,2832,2026.0,605.0,570.0,880.0,605.0,615.0,415.0,585.0,605.0,대구광역시,달성군,유가읍,2832,2026.0,1180.0,1180.0,1760.0,1825.0,1840.0,1865.0,1885.0,1180.0,0.0,대구광역시,달성군,2832,8.0,5.0,0.0,3.0,27.0,27.0,0.0,0.0
경상남도,창녕군,대합면,유가,2832,2026.0,0.0,0.0,0.0,0.0,0.0,0.0,0.0,0.0,대구광역시,달성군,유가읍,2832,2026.0,605.0,570.0,880.0,605.0,615.0,415.0,585.0,605.0,경상남도,창녕군,대합면,2832,2026.0,1180.0,1180.0,1760.0,1825.0,1840.0,1865.0,1885.0,1180.0,0.0,경상남도,창녕군,2832,8.0,5.0,0.0,3.0,27.0,27.0,0.0,0.0
경상남도,창녕군,대합면,유가,2832,2026.0,0.0,0.0,0.0,0.0,0.0,0.0,0.0,0.0,대구광역시,달성군,유가읍,2832,2026.0,605.0,570.0,880.0,605.0,615.0,415.0,585.0,605.0,경상남도,창녕군,대합면,2832,2026.0,1180.0,1180.0,1760.0,1825.0,1840.0,1865.0,1885.0,1180.0,0.0,대구광역시,달성군,2832,8.0,5.0,0.0,3.0,27.0,27.0,0.0,0.0
경상남도,창녕군,대합면,유가,2832,2026.0,0.0,0.0,0.0,0.0,0.0,0.0,0.0,0.0,대구광역시,달성군,유가읍,2832,2026.0,605.0,570.0,880.0,605.0,615.0,415.0,585.0,605.0,대구광역시,달성군,유가읍,2832,2026.0,1180.0,1180.0,1760.0,1825.0,1840.0,1865.0,1885.0,1180.0,0.0,경상남도,창녕군,2832,8.0,5.0,0.0,3.0,27.0,27.0,0.0,0.0
경상남도,창녕군,대합면,유가,2832,2026.0,0.0,0.0,0.0,0.0,0.0,0.0,0.0,0.0,대구광역시,달성군,유가읍,2832,2026.0,605.0,570.0,880.0,605.0,615.0,415.0,585.0,605.0,대구광역시,달성군,유가읍,2832,2026.0,1180.0,1180.0,1760.0,1825.0,1840.0,1865.0,1885.0,1180.0,0.0,대구광역시,달성군,2832,8.0,5.0,0.0,3.0,27.0,27.0,0.0,0.0
경상남도,창녕군,대합면,유가,2832,2026.0,0.0,0.0,0.0,0.0,0.0,0.0,0.0,0.0,경상남도,창녕군,대합면,2832,2026.0,605.0,570.0,880.0,605.0,615.0,415.0,585.0,605.0,경상남도,창녕군,대합면,2832,2026.0,1180.0,1180.0,1760.0,1825.0,1840.0,1865.0,1885.0,1180.0,0.0,경상남도,창녕군,2832,8.0,5.0,0.0,3.0,27.0,27.0,0.0,0.0
경상남도,창녕군,대합면,유가,2832,2026.0,0.0,0.0,0.0,0.0,0.0,0.0,0.0,0.0,경상남도,창녕군,대합면,2832,2026.0,605.0,570.0,880.0,605.0,615.0,415.0,585.0,605.0,경상남도,창녕군,대합면,2832,2026.0,1180.0,1180.0,1760.0,1825.0,1840.0,1865.0,1885.0,1180.0,0.0,대구광역시,달성군,2832,8.0,5.0,0.0,3.0,27.0,27.0,0.0,0.0
경상남도,창녕군,대합면,유가,2832,2026.0,0.0,0.0,0.0,0.0,0.0,0.0,0.0,0.0,경상남도,창녕군,대합면,2832,2026.0,605.0,570.0,880.0,605.0,615.0,415.0,585.0,605.0,대구광역시,달성군,유가읍,2832,2026.0,1180.0,1180.0,1760.0,1825.0,1840.0,1865.0,1885.0,1180.0,0.0,경상남도,창녕군,2832,8.0,5.0,0.0,3.0,27.0,27.0,0.0,0.0
경상남도,창녕군,대합면,유가,2832,2026.0,0.0,0.0,0.0,0.0,0.0,0.0,0.0,0.0,경상남도,창녕군,대합면,2832,2026.0,605.0,570.0,880.0,605.0,615.0,415.0,585.0,605.0,대구광역시,달성군,유가읍,2832,2026.0,1180.0,1180.0,1760.0,1825.0,1840.0,1865.0,1885.0,1180.0,0.0,대구광역시,달성군,2832,8.0,5.0,0.0,3.0,27.0,27.0,0.0,0.0
대전광역시,유성구,현도면,유성,S504,2026.0,0.0,0.0,0.0,0.0,0.0,0.0,0.0,0.0,대전광역시,유성구,갑동,S504,2026.0,30.0,0.0,0.0,0.0,0.0,0.0,0.0,30.0,대전광역시,유성구,갑동,S504,2026.0,0.0,0.0,0.0,0.0,0.0,0.0,0.0,0.0,0.0,대전광역시,유성구,S504,8.0,5.0,0.0,3.0,27.0,25.0,1.0,1.0
대전광역시,대전광역시중구,태평동,유천,2786,2026.0,0.0,0.0,0.0,0.0,0.0,0.0,0.0,0.0,대전광역시,대전광역시중구,태평동,2786,2026.0,0.0,0.0,0.0,0.0,0.0,0.0,0.0,0.0,대전광역시,대전광역시중구,태평동,2786,2026.0,0.0,0.0,0.0,0.0,0.0,0.0,0.0,0.0,0.0,,,,,,,,,,,
,,,유천(SA),,,,,,,,,,,,,,,,,,,,,,,,,,,,,,,,,,,,,,대전광역시,중구,E395,8.0,3.0,0.0,5.0,21.0,15.0,0.0,6.0
충청북도,청주시청원구,내덕동,율량,D341,2026.0,0.0,0.0,0.0,0.0,0.0,0.0,0.0,0.0,충청북도,청주시상당구,명암동,D341,2026.0,0.0,0.0,0.0,0.0,0.0,0.0,0.0,0.0,충청북도,청주시청원구,내덕동,D341,2026.0,0.0,0.0,0.0,0.0,0.0,715.0,730.0,0.0,0.0,충청북도,청주시상당구,D341,7.0,4.0,2.0,1.0,21.0,13.0,0.0,8.0
충청북도,청주시청원구,내덕동,율량,D341,2026.0,0.0,0.0,0.0,0.0,0.0,0.0,0.0,0.0,충청북도,청주시상당구,명암동,D341,2026.0,0.0,0.0,0.0,0.0,0.0,0.0,0.0,0.0,충청북도,청주시청원구,내덕동,D341,2026.0,0.0,0.0,0.0,0.0,0.0,715.0,730.0,0.0,0.0,충청북도,청주시청원구,D341,7.0,4.0,2.0,1.0,21.0,13.0,0.0,8.0
경기도,평택시,청북읍,율북,E225,2026.0,0.0,0.0,0.0,0.0,0.0,0.0,0.0,0.0,경기도,평택시,청북읍,E225,2026.0,0.0,0.0,0.0,0.0,0.0,0.0,0.0,0.0,경기도,평택시,청북읍,E225,2026.0,665.0,665.0,665.0,665.0,665.0,665.0,1015.0,665.0,0.0,,,,,,,,,,,
경기도,수원시장안구,이목동,율전,S308,2026.0,0.0,0.0,0.0,0.0,0.3,0.0,0.0,0.0,경기도,수원시장안구,송죽동,S308,2026.0,0.0,0.0,0.0,0.0,0.0,0.0,0.0,0.0,경기도,수원시장안구,송죽동,S308,2026.0,630.0,630.0,630.0,630.0,630.0,630.0,1000.0,630.0,0.0,경기도,수원시장안구,S308,9.0,9.0,0.0,0.0,26.0,21.0,1.0,4.0
경기도,수원시장안구,이목동,율전,S308,2026.0,0.0,0.0,0.0,0.0,0.3,0.0,0.0,0.0,경기도,수원시장안구,송죽동,S308,2026.0,0.0,0.0,0.0,0.0,0.0,0.0,0.0,0.0,경기도,수원시장안구,송죽동,S308,2026.0,630.0,630.0,630.0,630.0,630.0,630.0,1000.0,630.0,0.0,경기도,수원시팔달구,S308,9.0,9.0,0.0,0.0,26.0,21.0,1.0,4.0
전남광주통합특별시,순천시,해룡면,율촌,S606,2026.0,0.0,0.0,0.0,0.0,0.0,0.0,0.0,0.0,전남광주통합특별시,순천시,해룡면,S606,2026.0,0.0,0.0,0.0,0.0,0.0,0.0,0.0,0.0,전남광주통합특별시,순천시,해룡면,S606,2026.0,0.0,0.0,0.0,0.0,0.0,0.0,0.0,0.0,30.0,전남광주통합특별시,순천시,S606,16.0,15.0,1.0,0.0,14.0,14.0,0.0,0.0
전남광주통합특별시,순천시,해룡면,율촌,S606,2026.0,0.0,0.0,0.0,0.0,0.0,0.0,0.0,0.0,전남광주통합특별시,순천시,해룡면,S606,2026.0,0.0,0.0,0.0,0.0,0.0,0.0,0.0,0.0,전남광주통합특별시,순천시,해룡면,S606,2026.0,0.0,0.0,0.0,0.0,0.0,0.0,0.0,0.0,30.0,전남광주통합특별시,여수시,S606,16.0,15.0,1.0,0.0,14.0,14.0,0.0,0.0
경기도,이천시,호법면,율현,S218,2026.0,0.0,0.0,0.0,0.0,0.0,0.0,0.0,0.0,경기도,이천시,고담동,S218,2026.0,0.0,0.0,0.0,0.0,0.0,0.0,0.0,0.0,경기도,이천시,고담동,S218,2026.0,1355.0,1355.0,1355.0,1515.0,1525.0,1525.0,1525.0,1355.0,0.0,경기도,이천시,S218,12.0,8.0,0.0,4.0,31.0,31.0,0.0,0.0
경기도,양주시,은현면,은남(건설중),E810,2026.0,0.0,0.0,0.0,0.0,0.0,0.0,0.0,0.0,경기도,양주시,은현면,E810,2026.0,0.0,0.0,0.0,0.0,0.0,0.0,0.0,0.0,경기도,양주시,은현면,E810,2026.0,0.0,0.0,755.0,1235.0,1250.0,1250.0,1250.0,0.0,0.0,,,,,,,,,,,
충청남도,논산시,가야곡면,은진,2200,2026.0,0.0,0.0,0.0,0.0,0.0,0.0,0.0,0.0,충청남도,논산시,가야곡면,2200,2026.0,295.0,0.0,0.0,0.0,0.0,0.0,0.0,295.0,충청남도,논산시,가야곡면,2200,2026.0,0.0,0.0,0.0,0.0,0.0,0.0,0.0,0.0,0.0,충청남도,논산시,2200,12.0,6.0,0.0,6.0,22.0,21.0,1.0,0.0
,,,은평SA,,,,,,,,,,,,,,,,,,,,,,,,,,,,,,,,,,,,,,서울특별시,서대문구,E376,8.0,7.0,0.0,1.0,31.0,25.0,0.0,6.0
,,,은평SA,,,,,,,,,,,,,,,,,,,,,,,,,,,,,,,,,,,,,,서울특별시,은평구,E376,8.0,7.0,0.0,1.0,31.0,25.0,0.0,6.0
,,,은평SA,,,,,,,,,,,,,,,,,,,,,,,,,,,,,,,,,,,,,,서울특별시,종로구,E376,8.0,7.0,0.0,1.0,31.0,25.0,0.0,6.0
충청남도,홍성군,결성면,은하,D354,2026.0,0.0,0.0,0.0,0.0,0.0,0.0,58.8,0.0,충청남도,홍성군,결성면,D354,2026.0,0.0,0.0,0.0,0.0,0.0,0.0,560.0,0.0,충청남도,홍성군,결성면,D354,2026.0,0.0,0.0,0.0,0.0,0.0,0.0,0.0,0.0,0.0,충청남도,홍성군,D354,8.0,4.0,1.0,3.0,27.0,14.0,3.0,10.0
인천광역시,영종구,덕교동,을왕,E514,2026.0,0.0,0.0,0.0,0.0,0.0,0.0,0.0,0.0,인천광역시,영종구,덕교동,E514,2026.0,0.0,0.0,0.0,0.0,0.0,0.0,0.0,0.0,인천광역시,영종구,덕교동,E514,2026.0,0.0,370.0,370.0,450.0,450.0,480.0,550.0,0.0,0.0,인천광역시,영종구,E514,8.0,3.0,3.0,2.0,13.0,7.0,2.0,4.0
충청북도,음성군,소이면,음성,2563,2026.0,0.0,0.0,48.4,42.0,35.2,28.4,16.6,0.0,충청북도,충주시,신니면,2563,2026.0,0.0,0.0,1015.0,585.0,910.0,945.0,975.0,0.0,충청북도,음성군,소이면,2563,2026.0,0.0,0.0,0.0,0.0,0.0,390.0,880.0,0.0,0.0,충청북도,음성군,2563,10.0,9.0,0.0,1.0,24.0,15.0,0.0,9.0
충청북도,음성군,소이면,음성,2563,2026.0,0.0,0.0,48.4,42.0,35.2,28.4,16.6,0.0,충청북도,충주시,신니면,2563,2026.0,0.0,0.0,1015.0,585.0,910.0,945.0,975.0,0.0,충청북도,음성군,소이면,2563,2026.0,0.0,0.0,0.0,0.0,0.0,390.0,880.0,0.0,0.0,충청북도,충주시,2563,10.0,9.0,0.0,1.0,24.0,15.0,0.0,9.0
충청남도,예산군,광시면,응봉,D355,2026.0,21.2,7.4,7.0,0.0,0.0,0.0,0.0,21.2,충청남도,예산군,광시면,D355,2026.0,255.0,45.0,80.0,200.0,185.0,210.0,170.0,255.0,충청남도,예산군,광시면,D355,2026.0,0.0,0.0,0.0,0.0,0.0,0.0,0.0,0.0,0.0,충청남도,예산군,D355,8.0,4.0,0.0,4.0,23.0,19.0,2.0,2.0
,,,의령,,,,,,,,,,,,,,,,,,,,,,,,경상남도,산청군,산청읍,S903,2026.0,0.0,0.0,0.0,915.0,1495.0,1495.0,1495.0,0.0,0.0,경상남도,거창군,S903,22.0,12.0,0.0,10.0,8.0,7.0,0.0,1.0
,,,의령,,,,,,,,,,,,,,,,,,,,,,,,경상남도,산청군,산청읍,S903,2026.0,0.0,0.0,0.0,915.0,1495.0,1495.0,1495.0,0.0,0.0,경상남도,산청군,S903,22.0,12.0,0.0,10.0,8.0,7.0,0.0,1.0
,,,의령,,,,,,,,,,,,,,,,,,,,,,,,경상남도,산청군,산청읍,S903,2026.0,0.0,0.0,0.0,915.0,1495.0,1495.0,1495.0,0.0,0.0,경상남도,의령군,S903,22.0,12.0,0.0,10.0,8.0,7.0,0.0,1.0
,,,의령,,,,,,,,,,,,,,,,,,,,,,,,경상남도,산청군,산청읍,S903,2026.0,0.0,0.0,0.0,915.0,1495.0,1495.0,1495.0,0.0,0.0,경상남도,진주시,S903,22.0,12.0,0.0,10.0,8.0,7.0,0.0,1.0
,,,의령,,,,,,,,,,,,,,,,,,,,,,,,경상남도,산청군,산청읍,S903,2026.0,0.0,0.0,0.0,915.0,1495.0,1495.0,1495.0,0.0,0.0,경상남도,함양군,S903,22.0,12.0,0.0,10.0,8.0,7.0,0.0,1.0
,,,의령,,,,,,,,,,,,,,,,,,,,,,,,경상남도,산청군,산청읍,S903,2026.0,0.0,0.0,0.0,915.0,1495.0,1495.0,1495.0,0.0,0.0,경상남도,합천군,S903,22.0,12.0,0.0,10.0,8.0,7.0,0.0,1.0
서울특별시,영등포구,당산동,의사당,S208,2026.0,0.0,0.0,0.0,0.0,0.0,0.0,0.0,0.0,서울특별시,영등포구,당산동,S208,2026.0,0.0,0.0,0.0,0.0,0.0,235.0,0.0,0.0,서울특별시,영등포구,당산동,S208,2026.0,590.0,590.0,590.0,590.0,590.0,625.0,625.0,590.0,0.0,서울특별시,영등포구,S208,8.0,4.0,0.0,4.0,19.0,19.0,0.0,0.0
경상북도,의성군,가음면,의성,2577,2026.0,0.0,165.6,165.6,165.6,165.6,165.6,165.6,0.0,경상북도,의성군,가음면,2577,2026.0,0.0,285.0,350.0,345.0,370.0,370.0,370.0,0.0,경상북도,의성군,가음면,2577,2026.0,0.0,0.0,0.0,0.0,0.0,25.0,25.0,0.0,0.0,,,,,,,,,,,
,,,의암H/P,,,,,,,,,,,,,,,,,,,,,,,,강원특별자치도,춘천시,신동면,S413,2026.0,0.0,0.0,0.0,0.0,0.0,0.0,0.0,0.0,0.0,,,,,,,,,,,
경기도,의왕시,이동,의왕,2637,2026.0,0.8,30.0,28.6,27.2,25.8,24.5,23.2,0.8,경기도,군포시,당정동,2637,2026.0,0.0,0.0,0.0,0.0,0.0,0.0,0.0,0.0,경기도,군포시,당정동,2637,2026.0,0.0,0.0,0.0,0.0,0.0,0.0,0.0,0.0,0.0,경기도,군포시,2637,11.0,9.0,0.0,2.0,27.0,27.0,0.0,0.0
경기도,의왕시,이동,의왕,2637,2026.0,0.8,30.0,28.6,27.2,25.8,24.5,23.2,0.8,경기도,군포시,당정동,2637,2026.0,0.0,0.0,0.0,0.0,0.0,0.0,0.0,0.0,경기도,군포시,당정동,2637,2026.0,0.0,0.0,0.0,0.0,0.0,0.0,0.0,0.0,0.0,경기도,수원시장안구,2637,11.0,9.0,0.0,2.0,27.0,27.0,0.0,0.0
경기도,의왕시,이동,의왕,2637,2026.0,0.8,30.0,28.6,27.2,25.8,24.5,23.2,0.8,경기도,군포시,당정동,2637,2026.0,0.0,0.0,0.0,0.0,0.0,0.0,0.0,0.0,경기도,군포시,당정동,2637,2026.0,0.0,0.0,0.0,0.0,0.0,0.0,0.0,0.0,0.0,경기도,의왕시,2637,11.0,9.0,0.0,2.0,27.0,27.0,0.0,0.0
경상남도,창원시의창구,도계동,의창(SA),D409,2026.0,0.0,0.0,0.0,0.0,0.0,0.0,0.0,0.0,경상남도,창원시의창구,도계동,D409,2026.0,0.0,0.0,0.0,0.0,0.0,0.0,0.0,0.0,경상남도,창원시의창구,도계동,D409,2026.0,330.0,850.0,850.0,850.0,870.0,870.0,880.0,330.0,0.0,경상남도,창원시의창구,D409,8.0,4.0,0.0,4.0,14.0,5.0,0.0,9.0
전북특별자치도,군산시,임피면,이리,2252,2026.0,56.3,54.7,53.2,51.7,50.1,48.6,47.1,56.3,전북특별자치도,익산시,금강동,2252,2026.0,0.0,0.0,0.0,0.0,0.0,0.0,0.0,0.0,전북특별자치도,익산시,금강동,2252,2026.0,0.0,0.0,0.0,0.0,0.0,0.0,0.0,0.0,0.0,전북특별자치도,군산시,2252,12.0,10.0,2.0,0.0,32.0,21.0,5.0,6.0
전북특별자치도,군산시,임피면,이리,2252,2026.0,56.3,54.7,53.2,51.7,50.1,48.6,47.1,56.3,전북특별자치도,익산시,금강동,2252,2026.0,0.0,0.0,0.0,0.0,0.0,0.0,0.0,0.0,전북특별자치도,익산시,금강동,2252,2026.0,0.0,0.0,0.0,0.0,0.0,0.0,0.0,0.0,0.0,전북특별자치도,익산시,2252,12.0,10.0,2.0,0.0,32.0,21.0,5.0,6.0
서울특별시,서초구,반포동,이수,S229,2026.0,0.0,0.0,0.0,0.0,0.0,0.0,13.1,0.0,서울특별시,서초구,반포동,S229,2026.0,0.0,0.0,0.0,0.0,0.0,0.0,120.0,0.0,서울특별시,서초구,반포동,S229,2026.0,580.0,580.0,580.0,580.0,580.0,580.0,580.0,580.0,0.0,서울특별시,서초구,S229,5.0,3.0,0.0,2.0,22.0,16.0,3.0,3.0
,,,이원,,,,,,,,,,,,,,,,,,,,,,,,강원특별자치도,동해시,귀운동,S425,2026.0,0.0,0.0,0.0,0.0,0.0,0.0,0.0,0.0,0.0,,,,,,,,,,,
충청북도,진천군,덕산읍,이월(건설중),E586,2026.0,0.0,0.0,0.0,0.0,165.6,165.6,165.6,0.0,충청북도,진천군,이월면,E586,2026.0,0.0,0.0,0.0,125.0,100.0,95.0,90.0,0.0,충청북도,진천군,덕산읍,E586,2026.0,0.0,0.0,0.0,0.0,0.0,705.0,1150.0,0.0,0.0,,,,,,,,,,,
경기도,수원시영통구,이의동,이의,D322,2026.0,0.0,0.0,0.0,0.0,0.0,0.0,0.0,0.0,경기도,수원시영통구,이의동,D322,2026.0,0.0,0.0,0.0,0.0,0.0,0.0,0.0,0.0,경기도,수원시영통구,이의동,D322,2026.0,740.0,855.0,855.0,855.0,855.0,855.0,855.0,740.0,0.0,경기도,수원시영통구,D322,12.0,9.0,1.0,2.0,30.0,26.0,4.0,0.0
경기도,이천시,부발읍,이천,2421,2026.0,0.0,0.0,0.0,0.0,0.0,0.0,0.0,0.0,경기도,여주시,금사면,2421,2026.0,0.0,0.0,0.0,0.0,0.0,0.0,0.0,0.0,경기도,여주시,금사면,2421,2026.0,1155.0,1535.0,1535.0,1535.0,1535.0,1580.0,1635.0,1155.0,0.0,경기도,여주시,2421,11.0,11.0,0.0,0.0,33.0,33.0,0.0,0.0
경기도,이천시,부발읍,이천,2421,2026.0,0.0,0.0,0.0,0.0,0.0,0.0,0.0,0.0,경기도,여주시,금사면,2421,2026.0,0.0,0.0,0.0,0.0,0.0,0.0,0.0,0.0,경기도,여주시,금사면,2421,2026.0,1155.0,1535.0,1535.0,1535.0,1535.0,1580.0,1635.0,1155.0,0.0,경기도,이천시,2421,11.0,11.0,0.0,0.0,33.0,33.0,0.0,0.0
경상남도,진주시,귀곡동,이현,S902,2026.0,0.0,0.0,40.0,35.0,30.0,25.0,20.0,0.0,경상남도,진주시,귀곡동,S902,2026.0,0.0,0.0,0.0,0.0,0.0,0.0,0.0,0.0,경상남도,진주시,귀곡동,S902,2026.0,0.0,0.0,0.0,0.0,670.0,670.0,670.0,0.0,0.0,경상남도,진주시,S902,8.0,2.0,2.0,4.0,21.0,19.0,0.0,2.0
경상북도,구미시,구포동,인동,5298,2026.0,20.2,16.9,14.0,11.2,8.4,5.7,3.0,20.2,경상북도,구미시,구포동,5298,2026.0,395.0,400.0,405.0,395.0,390.0,395.0,380.0,395.0,경상북도,구미시,구포동,5298,2026.0,0.0,0.0,0.0,0.0,0.0,710.0,720.0,0.0,0.0,,,,,,,,,,,
강원특별자치도,인제군,기린면,인제,S421,2026.0,108.0,107.2,106.4,105.6,104.8,104.0,103.2,108.0,강원특별자치도,인제군,기린면,S421,2026.0,0.0,0.0,0.0,0.0,0.0,0.0,0.0,0.0,강원특별자치도,인제군,기린면,S421,2026.0,0.0,0.0,0.0,0.0,0.0,0.0,0.0,0.0,0.0,강원특별자치도,인제군,S421,8.0,8.0,0.0,0.0,28.0,13.0,0.0,15.0
충청남도,아산시,선장면,인주,2764,2026.0,0.0,0.0,0.0,0.0,0.0,0.0,0.0,0.0,충청남도,아산시,선장면,2764,2026.0,0.0,0.0,0.0,0.0,0.0,0.0,0.0,0.0,충청남도,아산시,선장면,2764,2026.0,0.0,0.0,0.0,0.0,0.0,0.0,0.0,0.0,19.8,충청남도,아산시,2764,7.0,6.0,0.0,1.0,22.0,18.0,4.0,0.0
인천광역시,미추홀구,숭의동,인천,2172,2026.0,0.0,0.0,0.0,0.0,0.0,20.0,20.0,0.0,인천광역시,미추홀구,숭의동,2172,2026.0,0.0,0.0,0.0,0.0,0.0,0.0,0.0,0.0,인천광역시,미추홀구,숭의동,2172,2026.0,0.0,0.0,0.0,0.0,0.0,0.0,0.0,0.0,0.0,인천광역시,미추홀구,2172,7.0,5.0,2.0,0.0,20.0,18.0,2.0,0.0
전남광주통합특별시,전남광주통합특별시북구,일곡동,일곡,S617,2026.0,0.0,0.0,0.0,13.9,11.8,9.8,7.7,0.0,전남광주통합특별시,북구,매곡동,S617,2026.0,0.0,0.0,0.0,0.0,0.0,0.0,0.0,0.0,전남광주통합특별시,북구,매곡동,S617,2026.0,0.0,0.0,0.0,0.0,0.0,0.0,0.0,0.0,0.0,전남광주통합특별시,북구,S617,10.0,8.0,2.0,0.0,28.0,19.0,0.0,9.0
경기도,안산시상록구,본오동,일동,2590,2026.0,0.0,0.0,0.0,0.0,0.0,0.0,0.0,0.0,경기도,안산시상록구,건건동,2590,2026.0,0.0,0.0,0.0,0.0,0.0,0.0,0.0,0.0,경기도,안산시상록구,건건동,2590,2026.0,0.0,0.0,0.0,0.0,0.0,0.0,0.0,0.0,0.0,경기도,안산시상록구,2590,8.0,8.0,0.0,0.0,24.0,21.0,0.0,3.0
경기도,고양시일산동구,백석동,일산,2567,2026.0,0.0,0.0,0.0,0.0,0.0,0.0,0.0,0.0,경기도,고양시덕양구,내곡동,2567,2026.0,0.0,0.0,0.0,0.0,0.0,0.0,0.0,0.0,경기도,고양시덕양구,내곡동,2567,2026.0,420.0,420.0,580.0,580.0,580.0,580.0,580.0,420.0,0.0,경기도,고양시덕양구,2567,16.0,16.0,0.0,0.0,33.0,33.0,0.0,0.0
경기도,고양시일산동구,백석동,일산,2567,2026.0,0.0,0.0,0.0,0.0,0.0,0.0,0.0,0.0,경기도,고양시덕양구,내곡동,2567,2026.0,0.0,0.0,0.0,0.0,0.0,0.0,0.0,0.0,경기도,고양시덕양구,내곡동,2567,2026.0,420.0,420.0,580.0,580.0,580.0,580.0,580.0,420.0,0.0,경기도,고양시일산동구,2567,16.0,16.0,0.0,0.0,33.0,33.0,0.0,0.0
경기도,고양시일산동구,백석동,일산,2567,2026.0,0.0,0.0,0.0,0.0,0.0,0.0,0.0,0.0,경기도,고양시덕양구,내곡동,2567,2026.0,0.0,0.0,0.0,0.0,0.0,0.0,0.0,0.0,경기도,고양시덕양구,내곡동,2567,2026.0,420.0,420.0,580.0,580.0,580.0,580.0,580.0,420.0,0.0,경기도,고양시일산서구,2567,16.0,16.0,0.0,0.0,33.0,33.0,0.0,0.0
강원특별자치도,정선군,임계면,임계(건설중),E323,2026.0,0.0,165.6,165.6,165.6,165.6,165.6,165.6,0.0,강원특별자치도,정선군,임계면,E323,2026.0,0.0,285.0,235.0,260.0,405.0,395.0,325.0,0.0,강원특별자치도,정선군,임계면,E323,2026.0,0.0,0.0,0.0,0.0,0.0,405.0,920.0,0.0,296.2,,,,,,,,,,,
전북특별자치도,임실군,관촌면,임실,2303,2026.0,119.9,0.0,0.0,0.0,116.8,116.1,115.3,119.9,전북특별자치도,임실군,삼계면,2303,2026.0,0.0,0.0,0.0,0.0,0.0,0.0,0.0,0.0,전북특별자치도,임실군,삼계면,2303,2026.0,0.0,0.0,0.0,0.0,0.0,0.0,0.0,0.0,0.0,전북특별자치도,완주군,2303,5.0,5.0,0.0,0.0,26.0,21.0,0.0,5.0
전북특별자치도,임실군,관촌면,임실,2303,2026.0,119.9,0.0,0.0,0.0,116.8,116.1,115.3,119.9,전북특별자치도,임실군,삼계면,2303,2026.0,0.0,0.0,0.0,0.0,0.0,0.0,0.0,0.0,전북특별자치도,임실군,삼계면,2303,2026.0,0.0,0.0,0.0,0.0,0.0,0.0,0.0,0.0,0.0,전북특별자치도,임실군,2303,5.0,5.0,0.0,0.0,26.0,21.0,0.0,5.0
인천광역시,계양구,계산동,임학,2782,2026.0,0.0,0.0,0.0,0.0,0.0,0.0,0.0,0.0,인천광역시,계양구,계산동,2782,2026.0,0.0,0.0,0.0,0.0,0.0,0.0,0.0,0.0,인천광역시,계양구,계산동,2782,2026.0,0.0,0.0,0.0,0.0,0.0,0.0,0.0,0.0,0.0,,,,,,,,,,,
경상북도,경주시,문무대왕면,입실,D385,2026.0,0.0,0.0,0.0,0.0,39.3,38.2,37.2,0.0,경상북도,경주시,문무대왕면,D385,2026.0,0.0,0.0,0.0,0.0,75.0,160.0,245.0,0.0,경상북도,경주시,문무대왕면,D385,2026.0,0.0,0.0,0.0,0.0,0.0,290.0,290.0,0.0,0.0,경상북도,경주시,D385,7.0,4.0,0.0,3.0,21.0,11.0,2.0,8.0
경상북도,경산시,갑제동,자인,S732,2026.0,0.0,81.1,78.8,71.4,66.3,60.9,51.7,0.0,경상북도,경산시,갑제동,S732,2026.0,0.0,130.0,640.0,620.0,575.0,520.0,335.0,0.0,경상북도,경산시,갑제동,S732,2026.0,310.0,310.0,570.0,570.0,570.0,570.0,570.0,310.0,0.0,경상북도,경산시,S732,7.0,4.0,2.0,1.0,22.0,16.0,1.0,5.0
서울특별시,송파구,잠실동,잠실,2655,2026.0,0.0,0.0,0.0,0.0,0.0,0.0,0.0,0.0,서울특별시,송파구,삼전동,2655,2026.0,0.0,0.0,0.0,0.0,0.0,0.0,0.0,0.0,서울특별시,송파구,삼전동,2655,2026.0,0.0,0.0,0.0,0.0,0.0,0.0,0.0,0.0,0.0,서울특별시,송파구,2655,8.0,8.0,0.0,0.0,32.0,32.0,0.0,0.0
인천광역시,서구,대곡동,장기,D318,2026.0,0.0,0.0,0.0,0.0,0.0,0.0,0.0,0.0,인천광역시,서구,대곡동,D318,2026.0,0.0,0.0,0.0,0.0,0.0,0.0,0.0,0.0,경기도,김포시,운양동,D318,2026.0,0.0,0.0,0.0,0.0,0.0,0.0,0.0,0.0,0.0,경기도,김포시,D318,6.0,4.0,2.0,0.0,27.0,27.0,0.0,0.0
인천광역시,서구,대곡동,장기,D318,2026.0,0.0,0.0,0.0,0.0,0.0,0.0,0.0,0.0,인천광역시,서구,대곡동,D318,2026.0,0.0,0.0,0.0,0.0,0.0,0.0,0.0,0.0,인천광역시,서구,대곡동,D318,2026.0,0.0,0.0,0.0,0.0,0.0,0.0,0.0,0.0,0.0,경기도,김포시,D318,6.0,4.0,2.0,0.0,27.0,27.0,0.0,0.0
인천광역시,서구,대곡동,장기,D318,2026.0,0.0,0.0,0.0,0.0,0.0,0.0,0.0,0.0,경기도,김포시,운양동,D318,2026.0,0.0,0.0,0.0,0.0,0.0,0.0,0.0,0.0,경기도,김포시,운양동,D318,2026.0,0.0,0.0,0.0,0.0,0.0,0.0,0.0,0.0,0.0,경기도,김포시,D318,6.0,4.0,2.0,0.0,27.0,27.0,0.0,0.0
인천광역시,서구,대곡동,장기,D318,2026.0,0.0,0.0,0.0,0.0,0.0,0.0,0.0,0.0,경기도,김포시,운양동,D318,2026.0,0.0,0.0,0.0,0.0,0.0,0.0,0.0,0.0,인천광역시,서구,대곡동,D318,2026.0,0.0,0.0,0.0,0.0,0.0,0.0,0.0,0.0,0.0,경기도,김포시,D318,6.0,4.0,2.0,0.0,27.0,27.0,0.0,0.0
경기도,김포시,걸포동,장기,D318,2026.0,0.0,0.0,0.0,0.0,0.0,0.0,0.0,0.0,인천광역시,서구,대곡동,D318,2026.0,0.0,0.0,0.0,0.0,0.0,0.0,0.0,0.0,경기도,김포시,운양동,D318,2026.0,0.0,0.0,0.0,0.0,0.0,0.0,0.0,0.0,0.0,경기도,김포시,D318,6.0,4.0,2.0,0.0,27.0,27.0,0.0,0.0
경기도,김포시,걸포동,장기,D318,2026.0,0.0,0.0,0.0,0.0,0.0,0.0,0.0,0.0,인천광역시,서구,대곡동,D318,2026.0,0.0,0.0,0.0,0.0,0.0,0.0,0.0,0.0,인천광역시,서구,대곡동,D318,2026.0,0.0,0.0,0.0,0.0,0.0,0.0,0.0,0.0,0.0,경기도,김포시,D318,6.0,4.0,2.0,0.0,27.0,27.0,0.0,0.0
경기도,김포시,걸포동,장기,D318,2026.0,0.0,0.0,0.0,0.0,0.0,0.0,0.0,0.0,경기도,김포시,운양동,D318,2026.0,0.0,0.0,0.0,0.0,0.0,0.0,0.0,0.0,경기도,김포시,운양동,D318,2026.0,0.0,0.0,0.0,0.0,0.0,0.0,0.0,0.0,0.0,경기도,김포시,D318,6.0,4.0,2.0,0.0,27.0,27.0,0.0,0.0
경기도,김포시,걸포동,장기,D318,2026.0,0.0,0.0,0.0,0.0,0.0,0.0,0.0,0.0,경기도,김포시,운양동,D318,2026.0,0.0,0.0,0.0,0.0,0.0,0.0,0.0,0.0,인천광역시,서구,대곡동,D318,2026.0,0.0,0.0,0.0,0.0,0.0,0.0,0.0,0.0,0.0,경기도,김포시,D318,6.0,4.0,2.0,0.0,27.0,27.0,0.0,0.0
경기도,화성시,팔탄면,장덕,S332,2026.0,0.0,0.0,0.0,0.0,0.0,0.0,0.0,0.0,경기도,화성시,팔탄면,S332,2026.0,0.0,0.0,0.0,0.0,0.0,250.0,250.0,0.0,경기도,화성시,팔탄면,S332,2026.0,0.0,0.0,0.0,0.0,0.0,0.0,0.0,0.0,0.0,경기도,화성시,S332,7.0,5.0,2.0,0.0,30.0,30.0,0.0,0.0
부산광역시,사하구,구평동,장림,S818,2026.0,50.0,0.0,0.0,0.0,0.0,0.0,0.0,50.0,부산광역시,사하구,구평동,S818,2026.0,50.0,0.0,0.0,0.0,0.0,0.0,0.0,50.0,부산광역시,사하구,구평동,S818,2026.0,0.0,0.0,0.0,0.0,0.0,685.0,685.0,0.0,0.0,부산광역시,사하구,S818,8.0,4.0,3.0,1.0,20.0,13.0,3.0,4.0
전남광주통합특별시,장성군,황룡면,장성,S602,2026.0,0.0,0.0,0.0,0.0,56.3,54.7,53.0,0.0,전남광주통합특별시,북구,진원면,S602,2026.0,0.0,0.0,0.0,0.0,0.0,0.0,0.0,0.0,전남광주통합특별시,북구,진원면,S602,2026.0,0.0,0.0,0.0,0.0,0.0,0.0,0.0,0.0,0.0,전남광주통합특별시,북구,S602,8.0,6.0,2.0,0.0,19.0,14.0,0.0,5.0
전남광주통합특별시,장성군,황룡면,장성,S602,2026.0,0.0,0.0,0.0,0.0,56.3,54.7,53.0,0.0,전남광주통합특별시,북구,진원면,S602,2026.0,0.0,0.0,0.0,0.0,0.0,0.0,0.0,0.0,전남광주통합특별시,북구,진원면,S602,2026.0,0.0,0.0,0.0,0.0,0.0,0.0,0.0,0.0,0.0,전남광주통합특별시,장성군,S602,8.0,6.0,2.0,0.0,19.0,14.0,0.0,5.0
전북특별자치도,장수군,장수읍,장수,D361,2026.0,0.0,0.0,0.0,0.0,110.9,109.4,108.0,0.0,전북특별자치도,장수군,계남면,D361,2026.0,0.0,0.0,0.0,0.0,590.0,475.0,485.0,0.0,전북특별자치도,장수군,계남면,D361,2026.0,0.0,0.0,0.0,0.0,0.0,0.0,245.0,0.0,0.0,전북특별자치도,장수군,D361,12.0,2.0,6.0,4.0,26.0,20.0,0.0,6.0
전북특별자치도,장수군,장수읍,장수,D361,2026.0,0.0,0.0,0.0,0.0,110.9,109.4,108.0,0.0,전북특별자치도,장수군,계남면,D361,2026.0,0.0,0.0,0.0,0.0,590.0,475.0,485.0,0.0,전북특별자치도,장수군,계남면,D361,2026.0,0.0,0.0,0.0,0.0,0.0,0.0,245.0,0.0,0.0,전북특별자치도,진안군,D361,12.0,2.0,6.0,4.0,26.0,20.0,0.0,6.0
전북특별자치도,장수군,산서면,장수#2(건설중),E591,2026.0,0.0,0.0,0.0,0.0,110.4,110.4,110.4,0.0,전북특별자치도,장수군,장수읍,E591,2026.0,0.0,0.0,0.0,0.0,560.0,530.0,545.0,0.0,전북특별자치도,장수군,장수읍,E591,2026.0,0.0,0.0,0.0,0.0,0.0,0.0,795.0,0.0,0.0,,,,,,,,,,,
부산광역시,기장군,정관읍,장안,E063,2026.0,0.0,0.0,0.0,0.0,0.0,0.0,0.0,0.0,부산광역시,기장군,일광읍,E063,2026.0,0.0,0.0,0.0,0.0,0.0,0.0,0.0,0.0,부산광역시,기장군,일광읍,E063,2026.0,605.0,610.0,610.0,615.0,620.0,625.0,625.0,605.0,208.0,부산광역시,기장군,E063,8.0,5.0,3.0,0.0,14.0,7.0,0.0,7.0
부산광역시,기장군,정관읍,장안,E063,2026.0,0.0,0.0,0.0,0.0,0.0,0.0,0.0,0.0,부산광역시,기장군,일광읍,E063,2026.0,0.0,0.0,0.0,0.0,0.0,0.0,0.0,0.0,부산광역시,기장군,일광읍,E063,2026.0,605.0,610.0,610.0,615.0,620.0,625.0,625.0,605.0,208.0,울산광역시,울주군,E063,8.0,5.0,3.0,0.0,14.0,7.0,0.0,7.0
부산광역시,기장군,정관읍,장안,E063,2026.0,0.0,0.0,0.0,0.0,0.0,0.0,0.0,0.0,부산광역시,기장군,일광읍,E063,2026.0,0.0,0.0,0.0,0.0,0.0,0.0,0.0,0.0,울산광역시,울주군,서생면,E063,2026.0,605.0,610.0,610.0,615.0,620.0,625.0,625.0,605.0,208.0,부산광역시,기장군,E063,8.0,5.0,3.0,0.0,14.0,7.0,0.0,7.0
부산광역시,기장군,정관읍,장안,E063,2026.0,0.0,0.0,0.0,0.0,0.0,0.0,0.0,0.0,부산광역시,기장군,일광읍,E063,2026.0,0.0,0.0,0.0,0.0,0.0,0.0,0.0,0.0,울산광역시,울주군,서생면,E063,2026.0,605.0,610.0,610.0,615.0,620.0,625.0,625.0,605.0,208.0,울산광역시,울주군,E063,8.0,5.0,3.0,0.0,14.0,7.0,0.0,7.0
부산광역시,기장군,정관읍,장안,E063,2026.0,0.0,0.0,0.0,0.0,0.0,0.0,0.0,0.0,울산광역시,울주군,서생면,E063,2026.0,0.0,0.0,0.0,0.0,0.0,0.0,0.0,0.0,부산광역시,기장군,일광읍,E063,2026.0,605.0,610.0,610.0,615.0,620.0,625.0,625.0,605.0,208.0,부산광역시,기장군,E063,8.0,5.0,3.0,0.0,14.0,7.0,0.0,7.0
부산광역시,기장군,정관읍,장안,E063,2026.0,0.0,0.0,0.0,0.0,0.0,0.0,0.0,0.0,울산광역시,울주군,서생면,E063,2026.0,0.0,0.0,0.0,0.0,0.0,0.0,0.0,0.0,부산광역시,기장군,일광읍,E063,2026.0,605.0,610.0,610.0,615.0,620.0,625.0,625.0,605.0,208.0,울산광역시,울주군,E063,8.0,5.0,3.0,0.0,14.0,7.0,0.0,7.0
부산광역시,기장군,정관읍,장안,E063,2026.0,0.0,0.0,0.0,0.0,0.0,0.0,0.0,0.0,울산광역시,울주군,서생면,E063,2026.0,0.0,0.0,0.0,0.0,0.0,0.0,0.0,0.0,울산광역시,울주군,서생면,E063,2026.0,605.0,610.0,610.0,615.0,620.0,625.0,625.0,605.0,208.0,부산광역시,기장군,E063,8.0,5.0,3.0,0.0,14.0,7.0,0.0,7.0
부산광역시,기장군,정관읍,장안,E063,2026.0,0.0,0.0,0.0,0.0,0.0,0.0,0.0,0.0,울산광역시,울주군,서생면,E063,2026.0,0.0,0.0,0.0,0.0,0.0,0.0,0.0,0.0,울산광역시,울주군,서생면,E063,2026.0,605.0,610.0,610.0,615.0,620.0,625.0,625.0,605.0,208.0,울산광역시,울주군,E063,8.0,5.0,3.0,0.0,14.0,7.0,0.0,7.0
울산광역시,울주군,서생면,장안,E063,2026.0,0.0,0.0,0.0,0.0,0.0,0.0,0.0,0.0,부산광역시,기장군,일광읍,E063,2026.0,0.0,0.0,0.0,0.0,0.0,0.0,0.0,0.0,부산광역시,기장군,일광읍,E063,2026.0,605.0,610.0,610.0,615.0,620.0,625.0,625.0,605.0,208.0,부산광역시,기장군,E063,8.0,5.0,3.0,0.0,14.0,7.0,0.0,7.0
울산광역시,울주군,서생면,장안,E063,2026.0,0.0,0.0,0.0,0.0,0.0,0.0,0.0,0.0,부산광역시,기장군,일광읍,E063,2026.0,0.0,0.0,0.0,0.0,0.0,0.0,0.0,0.0,부산광역시,기장군,일광읍,E063,2026.0,605.0,610.0,610.0,615.0,620.0,625.0,625.0,605.0,208.0,울산광역시,울주군,E063,8.0,5.0,3.0,0.0,14.0,7.0,0.0,7.0
울산광역시,울주군,서생면,장안,E063,2026.0,0.0,0.0,0.0,0.0,0.0,0.0,0.0,0.0,부산광역시,기장군,일광읍,E063,2026.0,0.0,0.0,0.0,0.0,0.0,0.0,0.0,0.0,울산광역시,울주군,서생면,E063,2026.0,605.0,610.0,610.0,615.0,620.0,625.0,625.0,605.0,208.0,부산광역시,기장군,E063,8.0,5.0,3.0,0.0,14.0,7.0,0.0,7.0
울산광역시,울주군,서생면,장안,E063,2026.0,0.0,0.0,0.0,0.0,0.0,0.0,0.0,0.0,부산광역시,기장군,일광읍,E063,2026.0,0.0,0.0,0.0,0.0,0.0,0.0,0.0,0.0,울산광역시,울주군,서생면,E063,2026.0,605.0,610.0,610.0,615.0,620.0,625.0,625.0,605.0,208.0,울산광역시,울주군,E063,8.0,5.0,3.0,0.0,14.0,7.0,0.0,7.0
울산광역시,울주군,서생면,장안,E063,2026.0,0.0,0.0,0.0,0.0,0.0,0.0,0.0,0.0,울산광역시,울주군,서생면,E063,2026.0,0.0,0.0,0.0,0.0,0.0,0.0,0.0,0.0,부산광역시,기장군,일광읍,E063,2026.0,605.0,610.0,610.0,615.0,620.0,625.0,625.0,605.0,208.0,부산광역시,기장군,E063,8.0,5.0,3.0,0.0,14.0,7.0,0.0,7.0
울산광역시,울주군,서생면,장안,E063,2026.0,0.0,0.0,0.0,0.0,0.0,0.0,0.0,0.0,울산광역시,울주군,서생면,E063,2026.0,0.0,0.0,0.0,0.0,0.0,0.0,0.0,0.0,부산광역시,기장군,일광읍,E063,2026.0,605.0,610.0,610.0,615.0,620.0,625.0,625.0,605.0,208.0,울산광역시,울주군,E063,8.0,5.0,3.0,0.0,14.0,7.0,0.0,7.0
울산광역시,울주군,서생면,장안,E063,2026.0,0.0,0.0,0.0,0.0,0.0,0.0,0.0,0.0,울산광역시,울주군,서생면,E063,2026.0,0.0,0.0,0.0,0.0,0.0,0.0,0.0,0.0,울산광역시,울주군,서생면,E063,2026.0,605.0,610.0,610.0,615.0,620.0,625.0,625.0,605.0,208.0,부산광역시,기장군,E063,8.0,5.0,3.0,0.0,14.0,7.0,0.0,7.0
울산광역시,울주군,서생면,장안,E063,2026.0,0.0,0.0,0.0,0.0,0.0,0.0,0.0,0.0,울산광역시,울주군,서생면,E063,2026.0,0.0,0.0,0.0,0.0,0.0,0.0,0.0,0.0,울산광역시,울주군,서생면,E063,2026.0,605.0,610.0,610.0,615.0,620.0,625.0,625.0,605.0,208.0,울산광역시,울주군,E063,8.0,5.0,3.0,0.0,14.0,7.0,0.0,7.0
충청북도,괴산군,감물면,장연,2700,2026.0,114.3,112.4,110.5,107.7,104.9,102.2,97.5,114.3,충청북도,충주시,살미면,2700,2026.0,30.0,30.0,30.0,30.0,30.0,30.0,25.0,30.0,충청북도,괴산군,감물면,2700,2026.0,0.0,0.0,0.0,0.0,0.0,90.0,90.0,0.0,0.0,충청북도,괴산군,2700,6.0,4.0,1.0,1.0,24.0,7.0,0.0,17.0
충청북도,괴산군,감물면,장연,2700,2026.0,114.3,112.4,110.5,107.7,104.9,102.2,97.5,114.3,충청북도,충주시,살미면,2700,2026.0,30.0,30.0,30.0,30.0,30.0,30.0,25.0,30.0,충청북도,괴산군,감물면,2700,2026.0,0.0,0.0,0.0,0.0,0.0,90.0,90.0,0.0,0.0,충청북도,충주시,2700,6.0,4.0,1.0,1.0,24.0,7.0,0.0,17.0
서울특별시,성북구,장위동,장위,S131,2026.0,0.0,80.0,35.0,30.0,30.0,0.0,0.0,0.0,서울특별시,성북구,보문동7가,S131,2026.0,0.0,80.0,35.0,30.0,30.0,0.0,0.0,0.0,서울특별시,성북구,보문동7가,S131,2026.0,0.0,0.0,0.0,0.0,0.0,0.0,0.0,0.0,0.0,,,,,,,,,,,
경상남도,김해시,관동동,장유(SA),S909,2026.0,3.3,0.0,0.0,0.0,0.0,0.0,0.0,3.3,경상남도,김해시,관동동,S909,2026.0,0.0,0.0,0.0,0.0,0.0,0.0,0.0,0.0,경상남도,김해시,관동동,S909,2026.0,905.0,905.0,905.0,905.0,905.0,905.0,905.0,905.0,0.0,경상남도,김해시,S909,8.0,4.0,0.0,4.0,27.0,20.0,0.0,7.0
충청남도,천안시서북구,쌍용동,장재,S528,2026.0,0.0,0.0,0.0,0.0,0.0,0.0,0.0,0.0,충청남도,천안시서북구,쌍용동,S528,2026.0,0.0,0.0,0.0,0.0,0.0,0.0,0.0,0.0,충청남도,천안시서북구,쌍용동,S528,2026.0,0.0,0.0,0.0,0.0,0.0,0.0,0.0,0.0,0.0,충청남도,천안시서북구,S528,8.0,8.0,0.0,0.0,25.0,23.0,0.0,2.0
충청남도,서천군,기산면,장항,2319,2026.0,0.0,0.0,44.5,40.1,35.7,29.5,23.4,0.0,충청남도,서천군,기산면,2319,2026.0,0.0,0.0,415.0,420.0,395.0,420.0,360.0,0.0,충청남도,서천군,기산면,2319,2026.0,0.0,0.0,0.0,0.0,0.0,0.0,0.0,0.0,0.0,충청남도,서천군,2319,12.0,5.0,2.0,5.0,26.0,17.0,6.0,3.0
,,,장흥SA,,,,,,,,,,,,,,,,,,,,,,,,,,,,,,,,,,,,,,전남광주통합특별시,장흥군,E440,12.0,6.0,4.0,2.0,26.0,17.0,0.0,9.0
경기도,연천군,청산면,전곡,S107,2026.0,0.0,0.0,0.0,0.0,7.7,7.7,7.7,0.0,경기도,연천군,군남면,S107,2026.0,0.0,0.0,0.0,0.0,560.0,560.0,560.0,0.0,경기도,연천군,군남면,S107,2026.0,890.0,890.0,890.0,985.0,985.0,1070.0,1070.0,890.0,0.0,경기도,연천군,S107,11.0,4.0,1.0,6.0,31.0,18.0,4.0,9.0
서울특별시,용산구,동자동,전곡2S/S(건설중),E238,2026.0,0.0,0.0,0.0,0.0,0.0,0.0,0.0,0.0,서울특별시,용산구,한남동,E238,2026.0,0.0,0.0,0.0,0.0,0.0,0.0,545.0,0.0,서울특별시,용산구,한남동,E238,2026.0,0.0,0.0,0.0,0.0,0.0,500.0,665.0,0.0,0.0,,,,,,,,,,,
세종특별자치시,세종특별자치시,소정면,전의,S501,2026.0,15.4,8.6,4.6,0.7,7.7,3.6,0.0,15.4,세종특별자치시,세종특별자치시,전의면,S501,2026.0,195.0,185.0,160.0,215.0,190.0,80.0,0.0,195.0,세종특별자치시,세종특별자치시,소정면,S501,2026.0,0.0,0.0,0.0,0.0,0.0,0.0,0.0,0.0,0.0,세종특별자치시,세종시,S501,8.0,7.0,0.0,1.0,24.0,22.0,1.0,1.0
전북특별자치도,전주시완산구,중동,전주,2269,2026.0,0.0,0.0,0.0,0.0,0.0,0.0,0.0,0.0,전북특별자치도,전주시덕진구,강흥동,2269,2026.0,400.0,250.0,380.0,290.0,400.0,400.0,280.0,400.0,전북특별자치도,전주시덕진구,강흥동,2269,2026.0,0.0,0.0,0.0,0.0,0.0,0.0,65.0,0.0,0.0,전북특별자치도,전주시덕진구,2269,11.0,6.0,4.0,1.0,31.0,31.0,0.0,0.0
전북특별자치도,전주시완산구,중동,전주,2269,2026.0,0.0,0.0,0.0,0.0,0.0,0.0,0.0,0.0,전북특별자치도,전주시덕진구,강흥동,2269,2026.0,400.0,250.0,380.0,290.0,400.0,400.0,280.0,400.0,전북특별자치도,전주시덕진구,강흥동,2269,2026.0,0.0,0.0,0.0,0.0,0.0,0.0,65.0,0.0,0.0,전북특별자치도,전주시완산구,2269,11.0,6.0,4.0,1.0,31.0,31.0,0.0,0.0
경상북도,문경시,공평동,점촌,2565,2026.0,0.0,0.0,50.0,0.0,0.0,92.8,91.7,0.0,경상북도,문경시,공평동,2565,2026.0,0.0,0.0,50.0,0.0,0.0,235.0,415.0,0.0,경상북도,문경시,공평동,2565,2026.0,0.0,0.0,0.0,0.0,0.0,250.0,490.0,0.0,0.0,경상북도,문경시,2565,7.0,7.0,0.0,0.0,31.0,19.0,2.0,10.0
경상북도,문경시,공평동,점촌,2565,2026.0,0.0,0.0,50.0,0.0,0.0,92.8,91.7,0.0,경상북도,문경시,공평동,2565,2026.0,0.0,0.0,50.0,0.0,0.0,235.0,415.0,0.0,경상북도,문경시,공평동,2565,2026.0,0.0,0.0,0.0,0.0,0.0,250.0,490.0,0.0,0.0,경상북도,상주시,2565,7.0,7.0,0.0,0.0,31.0,19.0,2.0,10.0
전북특별자치도,정읍시,태인면,정공,2768,2026.0,20.0,0.0,0.0,0.0,20.0,20.0,20.0,20.0,전북특별자치도,정읍시,북면,2768,2026.0,400.0,0.0,0.0,0.0,400.0,400.0,400.0,400.0,전북특별자치도,정읍시,북면,2768,2026.0,0.0,0.0,0.0,0.0,0.0,0.0,1025.0,0.0,0.0,,,,,,,,,,,
부산광역시,기장군,철마면,정관,S827,2026.0,0.0,0.0,0.0,0.0,0.0,0.0,0.0,0.0,부산광역시,기장군,정관읍,S827,2026.0,0.0,0.0,0.0,0.0,0.0,0.0,0.0,0.0,부산광역시,기장군,정관읍,S827,2026.0,575.0,575.0,575.0,575.0,575.0,580.0,585.0,575.0,0.0,부산광역시,기장군,S827,12.0,6.0,0.0,6.0,20.0,12.0,0.0,8.0
부산광역시,해운대구,재송동,정보,S821,2026.0,0.0,0.0,0.0,0.0,0.0,0.0,0.0,0.0,부산광역시,해운대구,우동,S821,2026.0,0.0,0.0,0.0,0.0,0.0,0.0,0.0,0.0,부산광역시,해운대구,우동,S821,2026.0,315.0,360.0,395.0,830.0,830.0,835.0,840.0,315.0,0.0,부산광역시,해운대구,S821,12.0,3.0,0.0,9.0,18.0,17.0,1.0,0.0
강원특별자치도,정선군,여량면,정선,S424,2026.0,0.0,0.0,0.0,0.0,0.0,0.0,0.0,0.0,강원특별자치도,정선군,여량면,S424,2026.0,325.0,240.0,145.0,190.0,275.0,290.0,275.0,325.0,강원특별자치도,정선군,여량면,S424,2026.0,0.0,0.0,0.0,0.0,0.0,300.0,415.0,0.0,45.3906,강원특별자치도,정선군,S424,11.0,7.0,3.0,1.0,16.0,11.0,5.0,0.0
강원특별자치도,정선군,여량면,정선,S424,2026.0,0.0,0.0,0.0,0.0,0.0,0.0,0.0,0.0,강원특별자치도,정선군,여량면,S424,2026.0,325.0,240.0,145.0,190.0,275.0,290.0,275.0,325.0,강원특별자치도,정선군,여량면,S424,2026.0,0.0,0.0,0.0,0.0,0.0,300.0,415.0,0.0,45.3906,강원특별자치도,평창군,S424,11.0,7.0,3.0,1.0,16.0,11.0,5.0,0.0
경기도,시흥시,정왕동,정왕,D477,2026.0,4.3,3.5,2.7,1.9,1.3,0.7,0.2,4.3,경기도,시흥시,월곶동,D477,2026.0,65.0,65.0,65.0,65.0,65.0,65.0,65.0,65.0,경기도,시흥시,월곶동,D477,2026.0,495.0,505.0,820.0,955.0,960.0,960.0,965.0,495.0,0.0,경기도,시흥시,D477,8.0,2.0,4.0,2.0,20.0,15.0,1.0,4.0
경기도,성남시분당구,정자동,정자,S223,2026.0,0.0,0.0,0.0,0.0,0.0,0.0,0.0,0.0,경기도,성남시분당구,궁내동,S223,2026.0,0.0,0.0,0.0,0.0,0.0,0.0,0.0,0.0,경기도,성남시분당구,궁내동,S223,2026.0,0.0,0.0,0.0,0.0,0.0,0.0,0.0,0.0,0.0,경기도,성남시분당구,S223,8.0,7.0,1.0,0.0,26.0,24.0,2.0,0.0
전북특별자치도,정읍시,하북동,정주SA,E216,2026.0,0.0,0.0,0.0,0.0,165.6,165.6,165.6,0.0,전북특별자치도,정읍시,삼산동,E216,2026.0,0.0,0.0,0.0,0.0,210.0,215.0,560.0,0.0,전북특별자치도,정읍시,삼산동,E216,2026.0,0.0,0.0,0.0,0.0,0.0,0.0,320.0,0.0,0.0,전북특별자치도,김제시,E216,11.0,7.0,1.0,3.0,26.0,25.0,0.0,1.0
전북특별자치도,정읍시,하북동,정주SA,E216,2026.0,0.0,0.0,0.0,0.0,165.6,165.6,165.6,0.0,전북특별자치도,정읍시,삼산동,E216,2026.0,0.0,0.0,0.0,0.0,210.0,215.0,560.0,0.0,전북특별자치도,정읍시,삼산동,E216,2026.0,0.0,0.0,0.0,0.0,0.0,0.0,320.0,0.0,0.0,전북특별자치도,정읍시,E216,11.0,7.0,1.0,3.0,26.0,25.0,0.0,1.0
,,,제주,,,,,,,,,,,,,,,,,,,,,,,,,,,,,,,,,,,,,,제주특별자치도,제주시,E054,8.0,3.0,2.0,3.0,12.0,6.0,2.0,4.0
충청북도,제천시,강제동,제천,4596,2026.0,29.6,26.9,24.2,21.6,19.0,16.3,13.7,29.6,충청북도,제천시,흑석동,4596,2026.0,165.0,165.0,180.0,185.0,215.0,445.0,440.0,165.0,충청북도,제천시,강제동,4596,2026.0,0.0,0.0,0.0,0.0,0.0,790.0,795.0,0.0,0.0,충청북도,제천시,4596,7.0,4.0,0.0,3.0,24.0,20.0,0.0,4.0
,,,조천,,,,,,,,,,,,,,,,,,,,,,,,,,,,,,,,,,,,,,제주특별자치도,서귀포시,SA06,12.0,4.0,8.0,0.0,24.0,16.0,1.0,7.0
,,,조천,,,,,,,,,,,,,,,,,,,,,,,,,,,,,,,,,,,,,,제주특별자치도,제주시,SA06,12.0,4.0,8.0,0.0,24.0,16.0,1.0,7.0
세종특별자치시,세종특별자치시,연서면,조치원,2209,2026.0,48.6,45.4,42.3,39.7,0.0,0.0,0.0,48.6,세종특별자치시,세종특별자치시,조치원읍,2209,2026.0,240.0,235.0,385.0,290.0,0.0,0.0,0.0,240.0,세종특별자치시,세종특별자치시,연서면,2209,2026.0,0.0,0.0,0.0,0.0,0.0,0.0,0.0,0.0,0.0,세종특별자치시,세종시,2209,12.0,7.0,0.0,5.0,24.0,19.0,3.0,2.0
서울특별시,종로구,훈정동,종로,S123,2026.0,3.3,3.1,0.0,0.0,0.0,0.0,0.0,3.3,서울특별시,중구,을지로3가,S123,2026.0,80.0,65.0,65.0,5.0,10.0,0.0,0.0,80.0,서울특별시,중구,을지로3가,S123,2026.0,990.0,990.0,990.0,990.0,990.0,990.0,990.0,990.0,0.0,서울특별시,종로구,S123,4.0,3.0,0.0,1.0,23.0,21.0,0.0,2.0
서울특별시,종로구,훈정동,종로,S123,2026.0,3.3,3.1,0.0,0.0,0.0,0.0,0.0,3.3,서울특별시,중구,을지로3가,S123,2026.0,80.0,65.0,65.0,5.0,10.0,0.0,0.0,80.0,서울특별시,중구,을지로3가,S123,2026.0,990.0,990.0,990.0,990.0,990.0,990.0,990.0,990.0,0.0,서울특별시,중구,S123,4.0,3.0,0.0,1.0,23.0,21.0,0.0,2.0
서울특별시,성북구,종암동,종암,2064,2026.0,0.0,0.0,0.0,0.0,0.0,0.0,0.0,0.0,서울특별시,동대문구,청량리동,2064,2026.0,80.0,65.0,65.0,5.0,10.0,0.0,0.0,80.0,서울특별시,동대문구,청량리동,2064,2026.0,320.0,320.0,320.0,320.0,320.0,320.0,320.0,320.0,0.0,서울특별시,동대문구,2064,4.0,3.0,0.0,1.0,18.0,18.0,0.0,0.0
서울특별시,성북구,종암동,종암,2064,2026.0,0.0,0.0,0.0,0.0,0.0,0.0,0.0,0.0,서울특별시,동대문구,청량리동,2064,2026.0,80.0,65.0,65.0,5.0,10.0,0.0,0.0,80.0,서울특별시,동대문구,청량리동,2064,2026.0,320.0,320.0,320.0,320.0,320.0,320.0,320.0,320.0,0.0,서울특별시,성북구,2064,4.0,3.0,0.0,1.0,18.0,18.0,0.0,0.0
부산광역시,해운대구,중동,좌동(SA),2796,2026.0,0.0,0.0,0.0,0.0,0.0,0.0,0.0,0.0,부산광역시,해운대구,좌동,2796,2026.0,0.0,0.0,0.0,0.0,0.0,0.0,0.0,0.0,부산광역시,해운대구,좌동,2796,2026.0,420.0,440.0,440.0,440.0,440.0,440.0,440.0,420.0,0.0,부산광역시,해운대구,2796,8.0,4.0,4.0,0.0,26.0,21.0,3.0,2.0
강원특별자치도,강릉시,사천면,주문진,S423,2026.0,118.2,117.5,117.0,116.4,115.7,115.1,114.6,118.2,강원특별자치도,강릉시,사천면,S423,2026.0,0.0,0.0,0.0,0.0,0.0,0.0,0.0,0.0,강원특별자치도,강릉시,사천면,S423,2026.0,0.0,0.0,0.0,0.0,0.0,0.0,0.0,0.0,0.0,강원특별자치도,강릉시,S423,8.0,5.0,3.0,0.0,28.0,11.0,0.0,17.0
인천광역시,남동구,간석동,주안,SB05,2026.0,0.0,0.0,0.0,0.0,0.0,0.0,0.0,0.0,인천광역시,남동구,간석동,SB05,2026.0,0.0,0.0,0.0,0.0,0.0,0.0,0.0,0.0,인천광역시,남동구,간석동,SB05,2026.0,695.0,925.0,925.0,925.0,950.0,925.0,925.0,695.0,0.0,인천광역시,남동구,SB05,8.0,5.0,0.0,3.0,22.0,22.0,0.0,0.0
인천광역시,남동구,간석동,주안,SB05,2026.0,0.0,0.0,0.0,0.0,0.0,0.0,0.0,0.0,인천광역시,남동구,간석동,SB05,2026.0,0.0,0.0,0.0,0.0,0.0,0.0,0.0,0.0,인천광역시,남동구,간석동,SB05,2026.0,695.0,925.0,925.0,925.0,950.0,925.0,925.0,695.0,0.0,인천광역시,미추홀구,SB05,8.0,5.0,0.0,3.0,22.0,22.0,0.0,0.0
인천광역시,남동구,간석동,주안,SB05,2026.0,0.0,0.0,0.0,0.0,0.0,0.0,0.0,0.0,인천광역시,남동구,간석동,SB05,2026.0,0.0,0.0,0.0,0.0,0.0,0.0,0.0,0.0,인천광역시,남동구,간석동,SB05,2026.0,695.0,925.0,925.0,925.0,950.0,925.0,925.0,695.0,0.0,인천광역시,부평구,SB05,8.0,5.0,0.0,3.0,22.0,22.0,0.0,0.0
강원특별자치도,평창군,대화면,주진,S434,2026.0,65.5,64.9,64.3,63.7,63.1,62.5,61.9,65.5,강원특별자치도,평창군,대화면,S434,2026.0,0.0,0.0,0.0,0.0,0.0,0.0,0.0,0.0,강원특별자치도,평창군,대화면,S434,2026.0,0.0,0.0,0.0,0.0,0.0,0.0,0.0,0.0,0.0,강원특별자치도,평창군,S434,6.0,6.0,0.0,0.0,26.0,10.0,0.0,16.0
강원특별자치도,평창군,미탄면,주진#2(건설중),E829,2026.0,0.0,0.0,0.0,0.0,0.0,165.6,165.6,0.0,강원특별자치도,평창군,미탄면,E829,2026.0,0.0,0.0,0.0,0.0,0.0,470.0,580.0,0.0,강원특별자치도,평창군,미탄면,E829,2026.0,0.0,0.0,0.0,0.0,0.0,260.0,325.0,0.0,0.0,,,,,,,,,,,
강원특별자치도,영월군,김삿갓면,주천,E229,2026.0,105.0,165.6,160.0,160.0,165.6,165.6,165.6,105.0,강원특별자치도,영월군,김삿갓면,E229,2026.0,105.0,215.0,160.0,160.0,280.0,400.0,350.0,105.0,강원특별자치도,영월군,김삿갓면,E229,2026.0,0.0,0.0,0.0,0.0,175.0,270.0,285.0,0.0,0.0,,,,,,,,,,,
경상남도,김해시,신문동,주촌(SA),D432,2026.0,0.0,0.0,0.0,0.0,0.0,0.0,0.0,0.0,경상남도,김해시,신문동,D432,2026.0,0.0,0.0,0.0,30.0,30.0,0.0,0.0,0.0,경상남도,김해시,신문동,D432,2026.0,665.0,1015.0,1210.0,1210.0,1225.0,1225.0,1225.0,665.0,0.0,경상남도,김해시,D432,8.0,4.0,0.0,4.0,26.0,24.0,0.0,2.0
충청북도,청주시서원구,개신동,죽림,S404,2026.0,0.0,0.0,0.0,0.0,0.0,0.0,0.0,0.0,충청북도,청주시서원구,현도면,S404,2026.0,0.0,0.0,0.0,0.0,0.0,0.0,0.0,0.0,충청북도,청주시서원구,개신동,S404,2026.0,0.0,0.0,0.0,0.0,0.0,955.0,955.0,0.0,0.0,충청북도,청주시서원구,S404,8.0,8.0,0.0,0.0,26.0,21.0,0.0,5.0
경기도,용인시수지구,죽전동,죽전,S336,2026.0,0.0,0.0,0.0,0.0,0.0,0.0,0.0,0.0,경기도,성남시분당구,구미동,S336,2026.0,0.0,0.0,0.0,0.0,0.0,0.0,0.0,0.0,경기도,성남시분당구,구미동,S336,2026.0,595.0,595.0,595.0,595.0,595.0,595.0,595.0,595.0,0.0,경기도,성남시분당구,S336,8.0,4.0,2.0,2.0,26.0,25.0,1.0,0.0
경기도,용인시수지구,죽전동,죽전,S336,2026.0,0.0,0.0,0.0,0.0,0.0,0.0,0.0,0.0,경기도,성남시분당구,구미동,S336,2026.0,0.0,0.0,0.0,0.0,0.0,0.0,0.0,0.0,경기도,성남시분당구,구미동,S336,2026.0,595.0,595.0,595.0,595.0,595.0,595.0,595.0,595.0,0.0,경기도,용인시기흥구,S336,8.0,4.0,2.0,2.0,26.0,25.0,1.0,0.0
경기도,용인시수지구,죽전동,죽전,S336,2026.0,0.0,0.0,0.0,0.0,0.0,0.0,0.0,0.0,경기도,성남시분당구,구미동,S336,2026.0,0.0,0.0,0.0,0.0,0.0,0.0,0.0,0.0,경기도,성남시분당구,구미동,S336,2026.0,595.0,595.0,595.0,595.0,595.0,595.0,595.0,595.0,0.0,경기도,용인시수지구,S336,8.0,4.0,2.0,2.0,26.0,25.0,1.0,0.0
경상북도,포항시남구,인덕동,죽정,D544,2026.0,143.6,128.6,121.6,114.6,99.6,84.6,59.0,143.6,경상북도,포항시남구,인덕동,D544,2026.0,100.0,90.0,80.0,70.0,60.0,50.0,50.0,100.0,경상북도,포항시남구,인덕동,D544,2026.0,0.0,0.0,0.0,0.0,0.0,290.0,295.0,0.0,145.6,,,,,,,,,,,
서울특별시,노원구,중계동,중계,S121,2026.0,71.0,58.1,57.4,47.9,47.2,46.6,45.9,71.0,서울특별시,노원구,중계동,S121,2026.0,140.0,125.0,275.0,255.0,315.0,315.0,315.0,140.0,서울특별시,노원구,중계동,S121,2026.0,550.0,550.0,550.0,550.0,550.0,550.0,550.0,550.0,0.0,서울특별시,노원구,S121,8.0,2.0,1.0,5.0,23.0,13.0,0.0,10.0
인천광역시,계양구,서운동,중동,2568,2026.0,0.0,0.0,0.0,0.0,0.0,0.0,0.0,0.0,인천광역시,계양구,서운동,2568,2026.0,0.0,0.0,0.0,0.0,0.0,0.0,0.0,0.0,경기도,,내동,2568,2026.0,0.0,0.0,0.0,0.0,0.0,0.0,0.0,0.0,0.0,경기도,부천시,2568,14.0,14.0,0.0,0.0,32.0,32.0,0.0,0.0
인천광역시,계양구,서운동,중동,2568,2026.0,0.0,0.0,0.0,0.0,0.0,0.0,0.0,0.0,인천광역시,계양구,서운동,2568,2026.0,0.0,0.0,0.0,0.0,0.0,0.0,0.0,0.0,경기도,,내동,2568,2026.0,0.0,0.0,0.0,0.0,0.0,0.0,0.0,0.0,0.0,인천광역시,계양구,2568,14.0,14.0,0.0,0.0,32.0,32.0,0.0,0.0
인천광역시,계양구,서운동,중동,2568,2026.0,0.0,0.0,0.0,0.0,0.0,0.0,0.0,0.0,인천광역시,계양구,서운동,2568,2026.0,0.0,0.0,0.0,0.0,0.0,0.0,0.0,0.0,인천광역시,계양구,서운동,2568,2026.0,0.0,0.0,0.0,0.0,0.0,0.0,0.0,0.0,0.0,경기도,부천시,2568,14.0,14.0,0.0,0.0,32.0,32.0,0.0,0.0
인천광역시,계양구,서운동,중동,2568,2026.0,0.0,0.0,0.0,0.0,0.0,0.0,0.0,0.0,인천광역시,계양구,서운동,2568,2026.0,0.0,0.0,0.0,0.0,0.0,0.0,0.0,0.0,인천광역시,계양구,서운동,2568,2026.0,0.0,0.0,0.0,0.0,0.0,0.0,0.0,0.0,0.0,인천광역시,계양구,2568,14.0,14.0,0.0,0.0,32.0,32.0,0.0,0.0
인천광역시,계양구,서운동,중동,2568,2026.0,0.0,0.0,0.0,0.0,0.0,0.0,0.0,0.0,경기도,,내동,2568,2026.0,0.0,0.0,0.0,0.0,0.0,0.0,0.0,0.0,경기도,,내동,2568,2026.0,0.0,0.0,0.0,0.0,0.0,0.0,0.0,0.0,0.0,경기도,부천시,2568,14.0,14.0,0.0,0.0,32.0,32.0,0.0,0.0
인천광역시,계양구,서운동,중동,2568,2026.0,0.0,0.0,0.0,0.0,0.0,0.0,0.0,0.0,경기도,,내동,2568,2026.0,0.0,0.0,0.0,0.0,0.0,0.0,0.0,0.0,경기도,,내동,2568,2026.0,0.0,0.0,0.0,0.0,0.0,0.0,0.0,0.0,0.0,인천광역시,계양구,2568,14.0,14.0,0.0,0.0,32.0,32.0,0.0,0.0
인천광역시,계양구,서운동,중동,2568,2026.0,0.0,0.0,0.0,0.0,0.0,0.0,0.0,0.0,경기도,,내동,2568,2026.0,0.0,0.0,0.0,0.0,0.0,0.0,0.0,0.0,인천광역시,계양구,서운동,2568,2026.0,0.0,0.0,0.0,0.0,0.0,0.0,0.0,0.0,0.0,경기도,부천시,2568,14.0,14.0,0.0,0.0,32.0,32.0,0.0,0.0
인천광역시,계양구,서운동,중동,2568,2026.0,0.0,0.0,0.0,0.0,0.0,0.0,0.0,0.0,경기도,,내동,2568,2026.0,0.0,0.0,0.0,0.0,0.0,0.0,0.0,0.0,인천광역시,계양구,서운동,2568,2026.0,0.0,0.0,0.0,0.0,0.0,0.0,0.0,0.0,0.0,인천광역시,계양구,2568,14.0,14.0,0.0,0.0,32.0,32.0,0.0,0.0
경기도,,중동,중동,2568,2026.0,0.0,0.0,0.0,0.0,0.0,0.0,0.0,0.0,인천광역시,계양구,서운동,2568,2026.0,0.0,0.0,0.0,0.0,0.0,0.0,0.0,0.0,경기도,,내동,2568,2026.0,0.0,0.0,0.0,0.0,0.0,0.0,0.0,0.0,0.0,경기도,부천시,2568,14.0,14.0,0.0,0.0,32.0,32.0,0.0,0.0
경기도,,중동,중동,2568,2026.0,0.0,0.0,0.0,0.0,0.0,0.0,0.0,0.0,인천광역시,계양구,서운동,2568,2026.0,0.0,0.0,0.0,0.0,0.0,0.0,0.0,0.0,경기도,,내동,2568,2026.0,0.0,0.0,0.0,0.0,0.0,0.0,0.0,0.0,0.0,인천광역시,계양구,2568,14.0,14.0,0.0,0.0,32.0,32.0,0.0,0.0
경기도,,중동,중동,2568,2026.0,0.0,0.0,0.0,0.0,0.0,0.0,0.0,0.0,인천광역시,계양구,서운동,2568,2026.0,0.0,0.0,0.0,0.0,0.0,0.0,0.0,0.0,인천광역시,계양구,서운동,2568,2026.0,0.0,0.0,0.0,0.0,0.0,0.0,0.0,0.0,0.0,경기도,부천시,2568,14.0,14.0,0.0,0.0,32.0,32.0,0.0,0.0
경기도,,중동,중동,2568,2026.0,0.0,0.0,0.0,0.0,0.0,0.0,0.0,0.0,인천광역시,계양구,서운동,2568,2026.0,0.0,0.0,0.0,0.0,0.0,0.0,0.0,0.0,인천광역시,계양구,서운동,2568,2026.0,0.0,0.0,0.0,0.0,0.0,0.0,0.0,0.0,0.0,인천광역시,계양구,2568,14.0,14.0,0.0,0.0,32.0,32.0,0.0,0.0
경기도,,중동,중동,2568,2026.0,0.0,0.0,0.0,0.0,0.0,0.0,0.0,0.0,경기도,,내동,2568,2026.0,0.0,0.0,0.0,0.0,0.0,0.0,0.0,0.0,경기도,,내동,2568,2026.0,0.0,0.0,0.0,0.0,0.0,0.0,0.0,0.0,0.0,경기도,부천시,2568,14.0,14.0,0.0,0.0,32.0,32.0,0.0,0.0
경기도,,중동,중동,2568,2026.0,0.0,0.0,0.0,0.0,0.0,0.0,0.0,0.0,경기도,,내동,2568,2026.0,0.0,0.0,0.0,0.0,0.0,0.0,0.0,0.0,경기도,,내동,2568,2026.0,0.0,0.0,0.0,0.0,0.0,0.0,0.0,0.0,0.0,인천광역시,계양구,2568,14.0,14.0,0.0,0.0,32.0,32.0,0.0,0.0
경기도,,중동,중동,2568,2026.0,0.0,0.0,0.0,0.0,0.0,0.0,0.0,0.0,경기도,,내동,2568,2026.0,0.0,0.0,0.0,0.0,0.0,0.0,0.0,0.0,인천광역시,계양구,서운동,2568,2026.0,0.0,0.0,0.0,0.0,0.0,0.0,0.0,0.0,0.0,경기도,부천시,2568,14.0,14.0,0.0,0.0,32.0,32.0,0.0,0.0
경기도,,중동,중동,2568,2026.0,0.0,0.0,0.0,0.0,0.0,0.0,0.0,0.0,경기도,,내동,2568,2026.0,0.0,0.0,0.0,0.0,0.0,0.0,0.0,0.0,인천광역시,계양구,서운동,2568,2026.0,0.0,0.0,0.0,0.0,0.0,0.0,0.0,0.0,0.0,인천광역시,계양구,2568,14.0,14.0,0.0,0.0,32.0,32.0,0.0,0.0
경기도,화성시동탄구,산척동,중동탄,D468,2026.0,0.0,0.0,0.0,0.0,0.0,0.0,0.0,0.0,경기도,오산시,서랑동,D468,2026.0,0.0,0.0,0.0,0.0,0.0,0.0,0.0,0.0,경기도,오산시,서랑동,D468,2026.0,1060.0,1070.0,1075.0,1245.0,1255.0,1270.0,1275.0,1060.0,0.0,,,,,,,,,,,
경상남도,창원시마산회원구,내서읍,중리,S905,2026.0,0.0,0.0,65.0,93.7,91.6,89.5,88.0,0.0,경상남도,창원시마산회원구,내서읍,S905,2026.0,0.0,0.0,65.0,215.0,250.0,205.0,250.0,0.0,경상남도,창원시마산회원구,내서읍,S905,2026.0,0.0,0.0,0.0,525.0,525.0,525.0,525.0,0.0,0.0,경상남도,창원시마산회원구,S905,11.0,4.0,0.0,7.0,15.0,10.0,0.0,5.0
경상남도,창원시마산회원구,내서읍,중리,S905,2026.0,0.0,0.0,65.0,93.7,91.6,89.5,88.0,0.0,경상남도,창원시마산회원구,내서읍,S905,2026.0,0.0,0.0,65.0,215.0,250.0,205.0,250.0,0.0,경상남도,창원시마산회원구,내서읍,S905,2026.0,0.0,0.0,0.0,525.0,525.0,525.0,525.0,0.0,0.0,경상남도,함안군,S905,11.0,4.0,0.0,7.0,15.0,10.0,0.0,5.0
서울특별시,마포구,합정동,중부,2560,2026.0,1.1,0.3,6.1,5.4,4.8,4.2,3.5,1.1,서울특별시,중구,만리동1가,2560,2026.0,0.0,0.0,0.0,0.0,0.0,0.0,400.0,0.0,서울특별시,중구,만리동1가,2560,2026.0,515.0,540.0,755.0,790.0,1030.0,1155.0,1575.0,515.0,0.0,서울특별시,마포구,2560,18.0,10.0,-1.0,9.0,14.0,12.0,0.0,2.0
서울특별시,마포구,합정동,중부,2560,2026.0,1.1,0.3,6.1,5.4,4.8,4.2,3.5,1.1,서울특별시,중구,만리동1가,2560,2026.0,0.0,0.0,0.0,0.0,0.0,0.0,400.0,0.0,서울특별시,중구,만리동1가,2560,2026.0,515.0,540.0,755.0,790.0,1030.0,1155.0,1575.0,515.0,0.0,서울특별시,서대문구,2560,18.0,10.0,-1.0,9.0,14.0,12.0,0.0,2.0
서울특별시,마포구,합정동,중부,2560,2026.0,1.1,0.3,6.1,5.4,4.8,4.2,3.5,1.1,서울특별시,중구,만리동1가,2560,2026.0,0.0,0.0,0.0,0.0,0.0,0.0,400.0,0.0,서울특별시,중구,만리동1가,2560,2026.0,515.0,540.0,755.0,790.0,1030.0,1155.0,1575.0,515.0,0.0,서울특별시,용산구,2560,18.0,10.0,-1.0,9.0,14.0,12.0,0.0,2.0
서울특별시,마포구,합정동,중부,2560,2026.0,1.1,0.3,6.1,5.4,4.8,4.2,3.5,1.1,서울특별시,중구,만리동1가,2560,2026.0,0.0,0.0,0.0,0.0,0.0,0.0,400.0,0.0,서울특별시,중구,만리동1가,2560,2026.0,515.0,540.0,755.0,790.0,1030.0,1155.0,1575.0,515.0,0.0,서울특별시,은평구,2560,18.0,10.0,-1.0,9.0,14.0,12.0,0.0,2.0
서울특별시,마포구,합정동,중부,2560,2026.0,1.1,0.3,6.1,5.4,4.8,4.2,3.5,1.1,서울특별시,중구,만리동1가,2560,2026.0,0.0,0.0,0.0,0.0,0.0,0.0,400.0,0.0,서울특별시,중구,만리동1가,2560,2026.0,515.0,540.0,755.0,790.0,1030.0,1155.0,1575.0,515.0,0.0,서울특별시,종로구,2560,18.0,10.0,-1.0,9.0,14.0,12.0,0.0,2.0
서울특별시,마포구,합정동,중부,2560,2026.0,1.1,0.3,6.1,5.4,4.8,4.2,3.5,1.1,서울특별시,중구,만리동1가,2560,2026.0,0.0,0.0,0.0,0.0,0.0,0.0,400.0,0.0,서울특별시,중구,만리동1가,2560,2026.0,515.0,540.0,755.0,790.0,1030.0,1155.0,1575.0,515.0,0.0,서울특별시,중구,2560,18.0,10.0,-1.0,9.0,14.0,12.0,0.0,2.0
인천광역시,영종구,운남동,중산,D311,2026.0,0.0,0.0,0.0,0.0,0.0,0.0,0.0,0.0,인천광역시,영종구,운남동,D311,2026.0,0.0,0.0,0.0,0.0,0.0,0.0,0.0,0.0,인천광역시,영종구,운남동,D311,2026.0,0.0,230.0,230.0,230.0,230.0,315.0,335.0,0.0,0.0,인천광역시,영종구,D311,8.0,2.0,3.0,3.0,14.0,14.0,0.0,0.0
경기도,시흥시,정왕동,중시화,S331,2026.0,0.0,0.0,0.0,0.0,0.0,0.0,0.0,0.0,경기도,시흥시,정왕동,S331,2026.0,0.0,0.0,0.0,0.0,0.0,0.0,0.0,0.0,경기도,시흥시,정왕동,S331,2026.0,840.0,840.0,840.0,840.0,840.0,840.0,840.0,840.0,0.0,경기도,시흥시,S331,8.0,4.0,4.0,0.0,29.0,26.0,0.0,3.0
서울특별시,중구,예장동,중앙(SA),2642,2026.0,16.6,16.4,16.2,16.1,0.0,0.0,0.0,16.6,서울특별시,중구,예장동,2642,2026.0,80.0,60.0,65.0,5.0,10.0,0.0,0.0,80.0,서울특별시,중구,예장동,2642,2026.0,885.0,885.0,885.0,885.0,885.0,885.0,885.0,885.0,0.0,서울특별시,중구,2642,3.0,3.0,0.0,0.0,20.0,20.0,0.0,0.0
경기도,성남시중원구,하대원동,중원,S220,2026.0,0.0,0.0,0.0,0.0,0.0,0.0,0.0,0.0,경기도,성남시수정구,고등동,S220,2026.0,0.0,0.0,0.0,0.0,0.0,0.0,0.0,0.0,경기도,성남시수정구,고등동,S220,2026.0,705.0,705.0,705.0,705.0,705.0,705.0,705.0,705.0,0.0,경기도,성남시수정구,S220,8.0,4.0,0.0,4.0,26.0,19.0,0.0,7.0
경기도,성남시중원구,하대원동,중원,S220,2026.0,0.0,0.0,0.0,0.0,0.0,0.0,0.0,0.0,경기도,성남시수정구,고등동,S220,2026.0,0.0,0.0,0.0,0.0,0.0,0.0,0.0,0.0,경기도,성남시수정구,고등동,S220,2026.0,705.0,705.0,705.0,705.0,705.0,705.0,705.0,705.0,0.0,경기도,성남시중원구,S220,8.0,4.0,0.0,4.0,26.0,19.0,0.0,7.0
서울특별시,은평구,수색동,증산SA,E327,2026.0,0.0,0.0,0.0,0.0,0.0,0.0,0.0,0.0,서울특별시,은평구,수색동,E327,2026.0,0.0,0.0,0.0,0.0,0.0,0.0,0.0,0.0,서울특별시,은평구,수색동,E327,2026.0,590.0,590.0,590.0,590.0,590.0,590.0,590.0,590.0,0.0,,,,,,,,,,,
경기도,고양시덕양구,화정동,지도,2635,2026.0,0.0,0.0,0.0,0.0,0.0,0.0,0.0,0.0,경기도,고양시덕양구,성사동,2635,2026.0,0.0,0.0,0.0,0.0,0.0,0.0,0.0,0.0,경기도,고양시덕양구,성사동,2635,2026.0,520.0,550.0,565.0,565.0,565.0,565.0,565.0,520.0,0.0,경기도,고양시덕양구,2635,8.0,4.0,0.0,4.0,28.0,26.0,0.0,2.0
경기도,안성시,원곡면,지문(건설중),E825,2026.0,0.0,0.0,0.0,0.0,0.0,0.0,0.0,0.0,경기도,안성시,원곡면,E825,2026.0,0.0,0.0,0.0,0.0,0.0,0.0,0.0,0.0,경기도,안성시,원곡면,E825,2026.0,0.0,0.0,0.0,1110.0,1950.0,1950.0,1950.0,0.0,0.0,,,,,,,,,,,
부산광역시,부산광역시강서구,지사동,지사,S825,2026.0,0.0,75.9,0.0,0.0,0.0,0.0,0.0,0.0,부산광역시,강서구,지사동,S825,2026.0,0.0,190.0,0.0,0.0,0.0,0.0,0.0,0.0,부산광역시,강서구,지사동,S825,2026.0,1175.0,1130.0,1135.0,1135.0,1140.0,1145.0,1155.0,1175.0,0.0,부산광역시,강서구,S825,12.0,4.0,5.0,3.0,24.0,19.0,2.0,3.0
경기도,양평군,지평면,지제,S125,2026.0,0.0,0.0,65.1,65.1,65.1,65.1,65.1,0.0,경기도,양평군,개군면,S125,2026.0,0.0,0.0,120.0,120.0,625.0,745.0,750.0,0.0,경기도,양평군,개군면,S125,2026.0,1065.0,1120.0,1120.0,1120.0,1120.0,1120.0,1120.0,1065.0,0.0,경기도,양평군,S125,8.0,6.0,0.0,2.0,27.0,14.0,6.0,7.0
,,,지축,,,,,,,,,,,,,,,,,,,,,,,,,,,,,,,,,,,,,,경기도,고양시덕양구,E382,8.0,6.0,0.0,2.0,26.0,17.0,3.0,6.0
울산광역시,울주군,두서면,직동,S805,2026.0,0.0,0.0,0.0,0.0,0.0,0.0,0.0,0.0,울산광역시,울주군,두서면,S805,2026.0,0.0,0.0,0.0,0.0,0.0,0.0,0.0,0.0,울산광역시,울주군,두서면,S805,2026.0,0.0,0.0,0.0,0.0,0.0,1155.0,1155.0,0.0,0.0,울산광역시,울주군,S805,8.0,4.0,0.0,4.0,19.0,17.0,0.0,2.0
,,,직산(SA),,,,,,,,,,,,,,,,,,,,,,,,,,,,,,,,,,,,,,충청남도,천안시서북구,E399,8.0,4.0,4.0,0.0,27.0,12.0,7.0,8.0
경기도,남양주시,수석동,진건,D300,2026.0,0.0,0.0,0.0,0.0,0.0,0.0,0.0,0.0,경기도,구리시,사노동,D300,2026.0,0.0,0.0,0.0,0.0,25.0,25.0,25.0,0.0,경기도,구리시,사노동,D300,2026.0,0.0,0.0,550.0,550.0,550.0,550.0,550.0,0.0,0.0,경기도,구리시,D300,8.0,4.0,0.0,4.0,24.0,20.0,4.0,0.0
경기도,남양주시,수석동,진건,D300,2026.0,0.0,0.0,0.0,0.0,0.0,0.0,0.0,0.0,경기도,구리시,사노동,D300,2026.0,0.0,0.0,0.0,0.0,25.0,25.0,25.0,0.0,경기도,구리시,사노동,D300,2026.0,0.0,0.0,550.0,550.0,550.0,550.0,550.0,0.0,0.0,경기도,남양주시,D300,8.0,4.0,0.0,4.0,24.0,20.0,4.0,0.0
전남광주통합특별시,진도군,진도읍,진도,S608,2026.0,31.2,28.3,25.3,20.7,16.2,15.0,13.8,31.2,전남광주통합특별시,진도군,고군면,S608,2026.0,0.0,0.0,0.0,0.0,0.0,0.0,0.0,0.0,전남광주통합특별시,진도군,고군면,S608,2026.0,0.0,0.0,0.0,0.0,0.0,0.0,0.0,0.0,284.8819,전남광주통합특별시,진도군,S608,9.0,6.0,3.0,0.0,21.0,13.0,3.0,5.0
경상남도,창원시마산합포구,진전면,진동,2736,2026.0,103.6,102.3,101.1,99.8,98.6,97.4,96.4,103.6,경상남도,창원시마산합포구,진전면,2736,2026.0,0.0,0.0,0.0,0.0,0.0,0.0,0.0,0.0,경상남도,창원시마산합포구,진전면,2736,2026.0,0.0,0.0,0.0,0.0,0.0,0.0,0.0,0.0,0.0,,,,,,,,,,,
경상북도,경산시,압량읍,진량,5389,2026.0,62.6,60.8,59.1,57.4,55.7,53.9,52.2,62.6,경상북도,경산시,압량읍,5389,2026.0,0.0,0.0,0.0,0.0,0.0,0.0,0.0,0.0,경상북도,경산시,압량읍,5389,2026.0,0.0,0.0,0.0,0.0,0.0,0.0,0.0,0.0,0.0,경상북도,경산시,5389,8.0,3.0,5.0,0.0,25.0,22.0,0.0,3.0
경상남도,김해시,진례면,진례(SA),E150,2026.0,0.0,0.0,0.0,30.0,65.0,40.0,30.0,0.0,경상남도,김해시,진례면,E150,2026.0,0.0,0.0,0.0,30.0,65.0,40.0,30.0,0.0,경상남도,김해시,진례면,E150,2026.0,1000.0,1110.0,1115.0,1125.0,1125.0,1125.0,1130.0,1000.0,0.0,경상남도,김해시,E150,8.0,4.0,0.0,4.0,14.0,8.0,0.0,6.0
경기도,포천시,내촌면,진목(건설중),E809,2026.0,0.0,0.0,0.0,55.2,55.2,55.2,55.2,0.0,경기도,포천시,내촌면,E809,2026.0,0.0,0.0,0.0,235.0,235.0,235.0,235.0,0.0,경기도,포천시,내촌면,E809,2026.0,0.0,0.0,910.0,960.0,980.0,980.0,980.0,0.0,0.0,,,,,,,,,,,
경상북도,영양군,석보면,진보,2791,2026.0,0.0,0.0,109.5,40.0,107.6,106.7,105.8,0.0,경상북도,영양군,석보면,2791,2026.0,0.0,0.0,0.0,0.0,0.0,0.0,0.0,0.0,경상북도,영양군,석보면,2791,2026.0,0.0,0.0,0.0,0.0,0.0,0.0,0.0,0.0,56.1,,,,,,,,,,,
,,,진보SA,,,,,,,,,,,,,,,,,,,,,,,,,,,,,,,,,,,,,,경상북도,영양군,E498,8.0,7.0,1.0,0.0,25.0,16.0,0.0,9.0
전북특별자치도,진안군,진안읍,진안,SC01,2026.0,0.0,0.0,0.0,0.0,111.5,110.7,110.0,0.0,전북특별자치도,진안군,동향면,SC01,2026.0,0.0,0.0,0.0,0.0,680.0,560.0,575.0,0.0,전북특별자치도,진안군,동향면,SC01,2026.0,0.0,0.0,0.0,0.0,0.0,0.0,245.0,0.0,0.0,전북특별자치도,진안군,SC01,6.0,4.0,0.0,2.0,25.0,15.0,0.0,10.0
경상남도,김해시,진영읍,진영,S910,2026.0,26.1,23.4,20.6,17.9,15.2,12.5,12.0,26.1,경상남도,김해시,진영읍,S910,2026.0,0.0,0.0,0.0,0.0,0.0,0.0,0.0,0.0,경상남도,김해시,진영읍,S910,2026.0,1010.0,1090.0,1095.0,1195.0,1195.0,1205.0,1210.0,1010.0,0.0,경상남도,김해시,S910,11.0,9.0,0.0,2.0,26.0,26.0,0.0,0.0
경기도,평택시,진위면,진위,S347,2026.0,0.0,0.0,0.0,0.0,0.0,0.0,0.0,0.0,경기도,오산시,갈곶동,S347,2026.0,0.0,0.0,0.0,0.0,0.0,0.0,0.0,0.0,경기도,오산시,갈곶동,S347,2026.0,1215.0,1215.0,1215.0,1215.0,1215.0,1240.0,1240.0,1215.0,0.0,경기도,오산시,S347,12.0,5.0,0.0,7.0,26.0,19.0,5.0,2.0
경기도,평택시,진위면,진위,S347,2026.0,0.0,0.0,0.0,0.0,0.0,0.0,0.0,0.0,경기도,오산시,갈곶동,S347,2026.0,0.0,0.0,0.0,0.0,0.0,0.0,0.0,0.0,경기도,오산시,갈곶동,S347,2026.0,1215.0,1215.0,1215.0,1215.0,1215.0,1240.0,1240.0,1215.0,0.0,경기도,평택시,S347,12.0,5.0,0.0,7.0,26.0,19.0,5.0,2.0
경기도,남양주시,진접읍,진접,S111,2026.0,0.0,0.0,0.0,0.0,0.0,0.0,0.0,0.0,경기도,남양주시,오남읍,S111,2026.0,0.0,0.0,0.0,0.0,0.0,0.0,0.0,0.0,경기도,남양주시,오남읍,S111,2026.0,0.0,0.0,0.0,0.0,0.0,0.0,0.0,0.0,0.0,경기도,남양주시,S111,8.0,2.0,2.0,4.0,27.0,22.0,0.0,5.0
경상남도,진주시,대곡면,진주,2376,2026.0,0.0,0.0,0.0,0.0,0.0,0.0,0.0,0.0,경상남도,진주시,대곡면,2376,2026.0,100.0,75.0,0.0,35.0,50.0,45.0,45.0,100.0,경상남도,진주시,대곡면,2376,2026.0,0.0,0.0,0.0,800.0,900.0,900.0,960.0,0.0,0.0,경상남도,진주시,2376,8.0,5.0,3.0,0.0,30.0,25.0,0.0,5.0
충청북도,진천군,이월면,진천,2527,2026.0,0.0,0.0,0.0,0.0,0.0,0.0,0.0,0.0,충청북도,진천군,진천읍,2527,2026.0,0.0,0.0,220.0,270.0,260.0,310.0,300.0,0.0,충청북도,진천군,이월면,2527,2026.0,0.0,0.0,0.0,0.0,0.0,0.0,0.0,0.0,0.0,충청북도,진천군,2527,8.0,8.0,-2.0,2.0,28.0,28.0,0.0,0.0
경상남도,창원시진해구,경화동,진해(SA),2179,2026.0,0.0,0.0,0.0,46.8,46.3,45.7,45.0,0.0,경상남도,창원시진해구,경화동,2179,2026.0,0.0,0.0,0.0,165.0,180.0,120.0,90.0,0.0,경상남도,창원시진해구,경화동,2179,2026.0,920.0,1010.0,1010.0,1010.0,1010.0,1010.0,1010.0,920.0,0.0,경상남도,창원시진해구,2179,8.0,7.0,0.0,1.0,14.0,14.0,0.0,0.0
경상남도,창원시의창구,동정동,차룡,S901,2026.0,19.4,18.5,17.6,16.8,16.1,15.3,14.0,19.4,경상남도,창원시의창구,동정동,S901,2026.0,220.0,180.0,170.0,170.0,185.0,170.0,170.0,220.0,경상남도,창원시의창구,동정동,S901,2026.0,505.0,850.0,850.0,850.0,870.0,870.0,875.0,505.0,0.0,경상남도,창원시의창구,S901,6.0,4.0,0.0,2.0,27.0,25.0,0.0,2.0
경상남도,창원시성산구,내동,창공,2749,2026.0,0.0,0.0,0.0,0.0,0.0,0.0,0.0,0.0,경상남도,창원시성산구,내동,2749,2026.0,0.0,0.0,0.0,0.0,0.0,0.0,0.0,0.0,경상남도,창원시성산구,내동,2749,2026.0,850.0,870.0,870.0,870.0,870.0,870.0,875.0,850.0,0.0,경상남도,창원시성산구,2749,12.0,8.0,0.0,4.0,24.0,22.0,0.0,2.0
경상남도,창원시성산구,내동,창공,2749,2026.0,0.0,0.0,0.0,0.0,0.0,0.0,0.0,0.0,경상남도,창원시성산구,내동,2749,2026.0,0.0,0.0,0.0,0.0,0.0,0.0,0.0,0.0,경상남도,창원시성산구,내동,2749,2026.0,850.0,870.0,870.0,870.0,870.0,870.0,875.0,850.0,0.0,경상남도,창원시의창구,2749,12.0,8.0,0.0,4.0,24.0,22.0,0.0,2.0
경상남도,창녕군,계성면,창녕,2441,2026.0,26.8,24.0,21.2,18.5,15.8,13.2,11.0,26.8,경상남도,창녕군,계성면,2441,2026.0,230.0,170.0,250.0,240.0,230.0,200.0,220.0,230.0,경상남도,창녕군,계성면,2441,2026.0,620.0,650.0,840.0,920.0,955.0,1255.0,1295.0,620.0,0.0,경상남도,창녕군,2441,6.0,6.0,0.0,0.0,23.0,18.0,0.0,5.0
서울특별시,도봉구,방학동,창동,2778,2026.0,9.2,7.9,6.7,5.4,4.3,3.1,2.0,9.2,서울특별시,도봉구,방학동,2778,2026.0,415.0,440.0,440.0,135.0,200.0,0.0,0.0,415.0,서울특별시,도봉구,방학동,2778,2026.0,0.0,0.0,0.0,0.0,0.0,0.0,0.0,0.0,0.0,서울특별시,도봉구,2778,8.0,7.0,0.0,1.0,28.0,22.0,0.0,6.0
경기도,고양시덕양구,도내동,창릉(건설중),E808,2026.0,0.0,0.0,0.0,0.0,0.0,0.0,0.0,0.0,경기도,고양시덕양구,도내동,E808,2026.0,0.0,0.0,0.0,0.0,0.0,0.0,0.0,0.0,경기도,고양시덕양구,도내동,E808,2026.0,0.0,0.0,0.0,690.0,690.0,725.0,730.0,0.0,0.0,,,,,,,,,,,
,,,창원,,,,,,,,,,,,,,,,,,,,,,,,경상남도,창원시의창구,삼동동,D281,2026.0,1450.0,1450.0,1815.0,1890.0,1890.0,1910.0,1975.0,1450.0,0.0,경상남도,창원시성산구,D281,24.0,15.0,1.0,8.0,0.0,0.0,0.0,0.0
,,,창원,,,,,,,,,,,,,,,,,,,,,,,,경상남도,창원시의창구,삼동동,D281,2026.0,1450.0,1450.0,1815.0,1890.0,1890.0,1910.0,1975.0,1450.0,0.0,경상남도,창원시의창구,D281,24.0,15.0,1.0,8.0,0.0,0.0,0.0,0.0
울산광역시,울주군,온산읍,처용,2596,2026.0,0.0,0.0,0.0,0.0,0.0,0.0,0.0,0.0,울산광역시,울주군,온산읍,2596,2026.0,0.0,0.0,0.0,0.0,0.0,0.0,0.0,0.0,울산광역시,울주군,온산읍,2596,2026.0,0.0,0.0,0.0,0.0,0.0,0.0,0.0,0.0,0.0,,,,,,,,,,,
,,,천북SA,,,,,,,,,,,,,,,,,,,,,,,,,,,,,,,,,,,,,,경상북도,경주시,E418,8.0,8.0,0.0,0.0,30.0,26.0,2.0,2.0
,,,천선개폐소(SA),,,,,,,,,,,,,,,,,,,,,,,,경상남도,창원시성산구,천선동,D408,2026.0,820.0,1000.0,1630.0,1650.0,1650.0,1680.0,1720.0,820.0,0.0,,,,,,,,,,,
충청남도,천안시동남구,구룡동,천안,2724,2026.0,0.0,0.0,0.0,0.0,0.0,0.0,0.0,0.0,충청남도,천안시동남구,구룡동,2724,2026.0,0.0,0.0,0.0,0.0,0.0,0.0,0.0,0.0,충청남도,천안시동남구,구룡동,2724,2026.0,0.0,0.0,0.0,0.0,0.0,0.0,0.0,0.0,0.0,충청남도,천안시동남구,2724,8.0,6.0,2.0,0.0,25.0,25.0,0.0,0.0
충청남도,천안시동남구,구룡동,천안,2724,2026.0,0.0,0.0,0.0,0.0,0.0,0.0,0.0,0.0,충청남도,천안시동남구,구룡동,2724,2026.0,0.0,0.0,0.0,0.0,0.0,0.0,0.0,0.0,충청남도,천안시동남구,구룡동,2724,2026.0,0.0,0.0,0.0,0.0,0.0,0.0,0.0,0.0,0.0,충청남도,천안시서북구,2724,8.0,6.0,2.0,0.0,25.0,25.0,0.0,0.0
서울특별시,구로구,천왕동,천왕,S205,2026.0,0.0,0.0,0.0,0.0,0.0,0.0,0.0,0.0,서울특별시,구로구,천왕동,S205,2026.0,0.0,0.0,0.0,0.0,0.0,0.0,0.0,0.0,경기도,광명시,옥길동,S205,2026.0,930.0,930.0,930.0,930.0,1155.0,1155.0,1300.0,930.0,0.0,경기도,광명시,S205,9.0,9.0,0.0,0.0,29.0,14.0,4.0,11.0
서울특별시,구로구,천왕동,천왕,S205,2026.0,0.0,0.0,0.0,0.0,0.0,0.0,0.0,0.0,서울특별시,구로구,천왕동,S205,2026.0,0.0,0.0,0.0,0.0,0.0,0.0,0.0,0.0,경기도,광명시,옥길동,S205,2026.0,930.0,930.0,930.0,930.0,1155.0,1155.0,1300.0,930.0,0.0,경기도,부천시,S205,9.0,9.0,0.0,0.0,29.0,14.0,4.0,11.0
서울특별시,구로구,천왕동,천왕,S205,2026.0,0.0,0.0,0.0,0.0,0.0,0.0,0.0,0.0,서울특별시,구로구,천왕동,S205,2026.0,0.0,0.0,0.0,0.0,0.0,0.0,0.0,0.0,경기도,광명시,옥길동,S205,2026.0,930.0,930.0,930.0,930.0,1155.0,1155.0,1300.0,930.0,0.0,서울특별시,구로구,S205,9.0,9.0,0.0,0.0,29.0,14.0,4.0,11.0
서울특별시,구로구,천왕동,천왕,S205,2026.0,0.0,0.0,0.0,0.0,0.0,0.0,0.0,0.0,서울특별시,구로구,천왕동,S205,2026.0,0.0,0.0,0.0,0.0,0.0,0.0,0.0,0.0,서울특별시,구로구,천왕동,S205,2026.0,930.0,930.0,930.0,930.0,1155.0,1155.0,1300.0,930.0,0.0,경기도,광명시,S205,9.0,9.0,0.0,0.0,29.0,14.0,4.0,11.0
서울특별시,구로구,천왕동,천왕,S205,2026.0,0.0,0.0,0.0,0.0,0.0,0.0,0.0,0.0,서울특별시,구로구,천왕동,S205,2026.0,0.0,0.0,0.0,0.0,0.0,0.0,0.0,0.0,서울특별시,구로구,천왕동,S205,2026.0,930.0,930.0,930.0,930.0,1155.0,1155.0,1300.0,930.0,0.0,경기도,부천시,S205,9.0,9.0,0.0,0.0,29.0,14.0,4.0,11.0
서울특별시,구로구,천왕동,천왕,S205,2026.0,0.0,0.0,0.0,0.0,0.0,0.0,0.0,0.0,서울특별시,구로구,천왕동,S205,2026.0,0.0,0.0,0.0,0.0,0.0,0.0,0.0,0.0,서울특별시,구로구,천왕동,S205,2026.0,930.0,930.0,930.0,930.0,1155.0,1155.0,1300.0,930.0,0.0,서울특별시,구로구,S205,9.0,9.0,0.0,0.0,29.0,14.0,4.0,11.0
서울특별시,구로구,천왕동,천왕,S205,2026.0,0.0,0.0,0.0,0.0,0.0,0.0,0.0,0.0,경기도,광명시,옥길동,S205,2026.0,0.0,0.0,0.0,0.0,0.0,0.0,0.0,0.0,경기도,광명시,옥길동,S205,2026.0,930.0,930.0,930.0,930.0,1155.0,1155.0,1300.0,930.0,0.0,경기도,광명시,S205,9.0,9.0,0.0,0.0,29.0,14.0,4.0,11.0
서울특별시,구로구,천왕동,천왕,S205,2026.0,0.0,0.0,0.0,0.0,0.0,0.0,0.0,0.0,경기도,광명시,옥길동,S205,2026.0,0.0,0.0,0.0,0.0,0.0,0.0,0.0,0.0,경기도,광명시,옥길동,S205,2026.0,930.0,930.0,930.0,930.0,1155.0,1155.0,1300.0,930.0,0.0,경기도,부천시,S205,9.0,9.0,0.0,0.0,29.0,14.0,4.0,11.0
서울특별시,구로구,천왕동,천왕,S205,2026.0,0.0,0.0,0.0,0.0,0.0,0.0,0.0,0.0,경기도,광명시,옥길동,S205,2026.0,0.0,0.0,0.0,0.0,0.0,0.0,0.0,0.0,경기도,광명시,옥길동,S205,2026.0,930.0,930.0,930.0,930.0,1155.0,1155.0,1300.0,930.0,0.0,서울특별시,구로구,S205,9.0,9.0,0.0,0.0,29.0,14.0,4.0,11.0
서울특별시,구로구,천왕동,천왕,S205,2026.0,0.0,0.0,0.0,0.0,0.0,0.0,0.0,0.0,경기도,광명시,옥길동,S205,2026.0,0.0,0.0,0.0,0.0,0.0,0.0,0.0,0.0,서울특별시,구로구,천왕동,S205,2026.0,930.0,930.0,930.0,930.0,1155.0,1155.0,1300.0,930.0,0.0,경기도,광명시,S205,9.0,9.0,0.0,0.0,29.0,14.0,4.0,11.0
서울특별시,구로구,천왕동,천왕,S205,2026.0,0.0,0.0,0.0,0.0,0.0,0.0,0.0,0.0,경기도,광명시,옥길동,S205,2026.0,0.0,0.0,0.0,0.0,0.0,0.0,0.0,0.0,서울특별시,구로구,천왕동,S205,2026.0,930.0,930.0,930.0,930.0,1155.0,1155.0,1300.0,930.0,0.0,경기도,부천시,S205,9.0,9.0,0.0,0.0,29.0,14.0,4.0,11.0
서울특별시,구로구,천왕동,천왕,S205,2026.0,0.0,0.0,0.0,0.0,0.0,0.0,0.0,0.0,경기도,광명시,옥길동,S205,2026.0,0.0,0.0,0.0,0.0,0.0,0.0,0.0,0.0,서울특별시,구로구,천왕동,S205,2026.0,930.0,930.0,930.0,930.0,1155.0,1155.0,1300.0,930.0,0.0,서울특별시,구로구,S205,9.0,9.0,0.0,0.0,29.0,14.0,4.0,11.0
경기도,,옥길동,천왕,S205,2026.0,0.0,0.0,0.0,0.0,0.0,0.0,0.0,0.0,서울특별시,구로구,천왕동,S205,2026.0,0.0,0.0,0.0,0.0,0.0,0.0,0.0,0.0,경기도,광명시,옥길동,S205,2026.0,930.0,930.0,930.0,930.0,1155.0,1155.0,1300.0,930.0,0.0,경기도,광명시,S205,9.0,9.0,0.0,0.0,29.0,14.0,4.0,11.0
경기도,,옥길동,천왕,S205,2026.0,0.0,0.0,0.0,0.0,0.0,0.0,0.0,0.0,서울특별시,구로구,천왕동,S205,2026.0,0.0,0.0,0.0,0.0,0.0,0.0,0.0,0.0,경기도,광명시,옥길동,S205,2026.0,930.0,930.0,930.0,930.0,1155.0,1155.0,1300.0,930.0,0.0,경기도,부천시,S205,9.0,9.0,0.0,0.0,29.0,14.0,4.0,11.0
경기도,,옥길동,천왕,S205,2026.0,0.0,0.0,0.0,0.0,0.0,0.0,0.0,0.0,서울특별시,구로구,천왕동,S205,2026.0,0.0,0.0,0.0,0.0,0.0,0.0,0.0,0.0,경기도,광명시,옥길동,S205,2026.0,930.0,930.0,930.0,930.0,1155.0,1155.0,1300.0,930.0,0.0,서울특별시,구로구,S205,9.0,9.0,0.0,0.0,29.0,14.0,4.0,11.0
경기도,,옥길동,천왕,S205,2026.0,0.0,0.0,0.0,0.0,0.0,0.0,0.0,0.0,서울특별시,구로구,천왕동,S205,2026.0,0.0,0.0,0.0,0.0,0.0,0.0,0.0,0.0,서울특별시,구로구,천왕동,S205,2026.0,930.0,930.0,930.0,930.0,1155.0,1155.0,1300.0,930.0,0.0,경기도,광명시,S205,9.0,9.0,0.0,0.0,29.0,14.0,4.0,11.0
경기도,,옥길동,천왕,S205,2026.0,0.0,0.0,0.0,0.0,0.0,0.0,0.0,0.0,서울특별시,구로구,천왕동,S205,2026.0,0.0,0.0,0.0,0.0,0.0,0.0,0.0,0.0,서울특별시,구로구,천왕동,S205,2026.0,930.0,930.0,930.0,930.0,1155.0,1155.0,1300.0,930.0,0.0,경기도,부천시,S205,9.0,9.0,0.0,0.0,29.0,14.0,4.0,11.0
경기도,,옥길동,천왕,S205,2026.0,0.0,0.0,0.0,0.0,0.0,0.0,0.0,0.0,서울특별시,구로구,천왕동,S205,2026.0,0.0,0.0,0.0,0.0,0.0,0.0,0.0,0.0,서울특별시,구로구,천왕동,S205,2026.0,930.0,930.0,930.0,930.0,1155.0,1155.0,1300.0,930.0,0.0,서울특별시,구로구,S205,9.0,9.0,0.0,0.0,29.0,14.0,4.0,11.0
경기도,,옥길동,천왕,S205,2026.0,0.0,0.0,0.0,0.0,0.0,0.0,0.0,0.0,경기도,광명시,옥길동,S205,2026.0,0.0,0.0,0.0,0.0,0.0,0.0,0.0,0.0,경기도,광명시,옥길동,S205,2026.0,930.0,930.0,930.0,930.0,1155.0,1155.0,1300.0,930.0,0.0,경기도,광명시,S205,9.0,9.0,0.0,0.0,29.0,14.0,4.0,11.0
경기도,,옥길동,천왕,S205,2026.0,0.0,0.0,0.0,0.0,0.0,0.0,0.0,0.0,경기도,광명시,옥길동,S205,2026.0,0.0,0.0,0.0,0.0,0.0,0.0,0.0,0.0,경기도,광명시,옥길동,S205,2026.0,930.0,930.0,930.0,930.0,1155.0,1155.0,1300.0,930.0,0.0,경기도,부천시,S205,9.0,9.0,0.0,0.0,29.0,14.0,4.0,11.0
경기도,,옥길동,천왕,S205,2026.0,0.0,0.0,0.0,0.0,0.0,0.0,0.0,0.0,경기도,광명시,옥길동,S205,2026.0,0.0,0.0,0.0,0.0,0.0,0.0,0.0,0.0,경기도,광명시,옥길동,S205,2026.0,930.0,930.0,930.0,930.0,1155.0,1155.0,1300.0,930.0,0.0,서울특별시,구로구,S205,9.0,9.0,0.0,0.0,29.0,14.0,4.0,11.0
경기도,,옥길동,천왕,S205,2026.0,0.0,0.0,0.0,0.0,0.0,0.0,0.0,0.0,경기도,광명시,옥길동,S205,2026.0,0.0,0.0,0.0,0.0,0.0,0.0,0.0,0.0,서울특별시,구로구,천왕동,S205,2026.0,930.0,930.0,930.0,930.0,1155.0,1155.0,1300.0,930.0,0.0,경기도,광명시,S205,9.0,9.0,0.0,0.0,29.0,14.0,4.0,11.0
경기도,,옥길동,천왕,S205,2026.0,0.0,0.0,0.0,0.0,0.0,0.0,0.0,0.0,경기도,광명시,옥길동,S205,2026.0,0.0,0.0,0.0,0.0,0.0,0.0,0.0,0.0,서울특별시,구로구,천왕동,S205,2026.0,930.0,930.0,930.0,930.0,1155.0,1155.0,1300.0,930.0,0.0,경기도,부천시,S205,9.0,9.0,0.0,0.0,29.0,14.0,4.0,11.0
경기도,,옥길동,천왕,S205,2026.0,0.0,0.0,0.0,0.0,0.0,0.0,0.0,0.0,경기도,광명시,옥길동,S205,2026.0,0.0,0.0,0.0,0.0,0.0,0.0,0.0,0.0,서울특별시,구로구,천왕동,S205,2026.0,930.0,930.0,930.0,930.0,1155.0,1155.0,1300.0,930.0,0.0,서울특별시,구로구,S205,9.0,9.0,0.0,0.0,29.0,14.0,4.0,11.0
서울특별시,강동구,암사동,천호,S221,2026.0,0.0,0.0,0.0,0.0,0.0,0.0,0.0,0.0,서울특별시,강동구,천호동,S221,2026.0,0.0,0.0,0.0,0.0,0.0,0.0,0.0,0.0,서울특별시,강동구,천호동,S221,2026.0,295.0,385.0,385.0,385.0,385.0,385.0,390.0,295.0,0.0,서울특별시,강동구,S221,8.0,4.0,0.0,4.0,29.0,22.0,0.0,7.0
강원특별자치도,철원군,갈말읍,철원,2525,2026.0,26.0,23.8,21.7,19.6,17.4,15.3,13.1,26.0,강원특별자치도,철원군,갈말읍,2525,2026.0,370.0,375.0,365.0,385.0,825.0,830.0,820.0,370.0,강원특별자치도,철원군,갈말읍,2525,2026.0,0.0,0.0,0.0,0.0,0.0,0.0,0.0,0.0,0.0,강원특별자치도,철원군,2525,9.0,7.0,0.0,2.0,25.0,19.0,0.0,6.0
전남광주통합특별시,광산구,삼거동,첨단,E132,2026.0,0.0,98.6,98.6,91.1,76.1,61.1,46.1,0.0,전남광주통합특별시,광산구,산정동,E132,2026.0,0.0,380.0,375.0,225.0,415.0,130.0,110.0,0.0,전남광주통합특별시,광산구,산정동,E132,2026.0,0.0,0.0,0.0,0.0,0.0,0.0,0.0,0.0,0.0,,,,,,,,,,,
경상북도,청도군,각남면,청도,2831,2026.0,77.5,76.5,75.5,74.5,73.4,72.0,70.6,77.5,경상북도,청도군,각남면,2831,2026.0,0.0,0.0,0.0,0.0,0.0,0.0,0.0,0.0,경상북도,청도군,각남면,2831,2026.0,0.0,0.0,0.0,0.0,0.0,0.0,0.0,0.0,0.0,경상북도,청도군,2831,4.0,4.0,0.0,0.0,21.0,15.0,0.0,6.0
인천광역시,서구,청라동,청라,D310,2026.0,0.0,0.0,0.0,0.0,0.0,0.0,0.0,0.0,인천광역시,서구,청라동,D310,2026.0,0.0,0.0,0.0,0.0,0.0,0.0,0.0,0.0,인천광역시,서구,청라동,D310,2026.0,0.0,1285.0,1295.0,1320.0,1340.0,1350.0,1365.0,0.0,0.0,,,,,,,,,,,
경상북도,상주시,거동동,청리,S736,2026.0,0.0,0.0,0.0,0.0,0.0,131.9,131.5,0.0,경상북도,상주시,거동동,S736,2026.0,0.0,0.0,0.0,0.0,0.0,290.0,395.0,0.0,경상북도,상주시,거동동,S736,2026.0,0.0,0.0,0.0,0.0,0.0,490.0,490.0,0.0,0.0,경상북도,상주시,S736,12.0,5.0,2.0,5.0,25.0,12.0,0.0,13.0
경기도,평택시,청북읍,청북,S338,2026.0,0.0,0.0,0.0,0.0,0.0,0.0,0.0,0.0,경기도,평택시,오성면,S338,2026.0,0.0,0.0,0.0,0.0,0.0,0.0,0.0,0.0,경기도,평택시,오성면,S338,2026.0,1015.0,1015.0,1015.0,1015.0,1015.0,1015.0,1015.0,1015.0,0.0,경기도,평택시,S338,11.0,8.0,2.0,1.0,26.0,26.0,0.0,0.0
대전광역시,서구,월평동,청양,2437,2026.0,0.0,0.0,0.0,0.0,0.0,0.0,0.0,0.0,대전광역시,유성구,봉명동,2437,2026.0,0.0,0.0,0.0,0.0,0.0,0.0,0.0,0.0,대전광역시,유성구,봉명동,2437,2026.0,0.0,0.0,0.0,0.0,0.0,0.0,0.0,0.0,1200.0,대전광역시,대덕구,2437,12.0,6.0,0.0,6.0,11.0,6.0,0.0,5.0
대전광역시,서구,월평동,청양,2437,2026.0,0.0,0.0,0.0,0.0,0.0,0.0,0.0,0.0,대전광역시,유성구,봉명동,2437,2026.0,0.0,0.0,0.0,0.0,0.0,0.0,0.0,0.0,대전광역시,유성구,봉명동,2437,2026.0,0.0,0.0,0.0,0.0,0.0,0.0,0.0,0.0,1200.0,대전광역시,서구,2437,12.0,6.0,0.0,6.0,11.0,6.0,0.0,5.0
대전광역시,서구,월평동,청양,2437,2026.0,0.0,0.0,0.0,0.0,0.0,0.0,0.0,0.0,대전광역시,유성구,봉명동,2437,2026.0,0.0,0.0,0.0,0.0,0.0,0.0,0.0,0.0,대전광역시,유성구,봉명동,2437,2026.0,0.0,0.0,0.0,0.0,0.0,0.0,0.0,0.0,1200.0,대전광역시,유성구,2437,12.0,6.0,0.0,6.0,11.0,6.0,0.0,5.0
대전광역시,서구,월평동,청양,2437,2026.0,0.0,0.0,0.0,0.0,0.0,0.0,0.0,0.0,대전광역시,유성구,봉명동,2437,2026.0,0.0,0.0,0.0,0.0,0.0,0.0,0.0,0.0,대전광역시,유성구,봉명동,2437,2026.0,0.0,0.0,0.0,0.0,0.0,0.0,0.0,0.0,1200.0,충청남도,공주시,2437,12.0,6.0,0.0,6.0,11.0,6.0,0.0,5.0
대전광역시,서구,월평동,청양,2437,2026.0,0.0,0.0,0.0,0.0,0.0,0.0,0.0,0.0,대전광역시,유성구,봉명동,2437,2026.0,0.0,0.0,0.0,0.0,0.0,0.0,0.0,0.0,대전광역시,유성구,봉명동,2437,2026.0,0.0,0.0,0.0,0.0,0.0,0.0,0.0,0.0,1200.0,충청남도,보령시,2437,12.0,6.0,0.0,6.0,11.0,6.0,0.0,5.0
대전광역시,서구,월평동,청양,2437,2026.0,0.0,0.0,0.0,0.0,0.0,0.0,0.0,0.0,대전광역시,유성구,봉명동,2437,2026.0,0.0,0.0,0.0,0.0,0.0,0.0,0.0,0.0,대전광역시,유성구,봉명동,2437,2026.0,0.0,0.0,0.0,0.0,0.0,0.0,0.0,0.0,1200.0,충청남도,청양군,2437,12.0,6.0,0.0,6.0,11.0,6.0,0.0,5.0
대전광역시,서구,월평동,청양,2437,2026.0,0.0,0.0,0.0,0.0,0.0,0.0,0.0,0.0,대전광역시,유성구,봉명동,2437,2026.0,0.0,0.0,0.0,0.0,0.0,0.0,0.0,0.0,충청남도,청양군,남양면,2437,2026.0,0.0,0.0,0.0,0.0,0.0,0.0,0.0,0.0,1200.0,대전광역시,대덕구,2437,12.0,6.0,0.0,6.0,11.0,6.0,0.0,5.0
대전광역시,서구,월평동,청양,2437,2026.0,0.0,0.0,0.0,0.0,0.0,0.0,0.0,0.0,대전광역시,유성구,봉명동,2437,2026.0,0.0,0.0,0.0,0.0,0.0,0.0,0.0,0.0,충청남도,청양군,남양면,2437,2026.0,0.0,0.0,0.0,0.0,0.0,0.0,0.0,0.0,1200.0,대전광역시,서구,2437,12.0,6.0,0.0,6.0,11.0,6.0,0.0,5.0
대전광역시,서구,월평동,청양,2437,2026.0,0.0,0.0,0.0,0.0,0.0,0.0,0.0,0.0,대전광역시,유성구,봉명동,2437,2026.0,0.0,0.0,0.0,0.0,0.0,0.0,0.0,0.0,충청남도,청양군,남양면,2437,2026.0,0.0,0.0,0.0,0.0,0.0,0.0,0.0,0.0,1200.0,대전광역시,유성구,2437,12.0,6.0,0.0,6.0,11.0,6.0,0.0,5.0
대전광역시,서구,월평동,청양,2437,2026.0,0.0,0.0,0.0,0.0,0.0,0.0,0.0,0.0,대전광역시,유성구,봉명동,2437,2026.0,0.0,0.0,0.0,0.0,0.0,0.0,0.0,0.0,충청남도,청양군,남양면,2437,2026.0,0.0,0.0,0.0,0.0,0.0,0.0,0.0,0.0,1200.0,충청남도,공주시,2437,12.0,6.0,0.0,6.0,11.0,6.0,0.0,5.0
대전광역시,서구,월평동,청양,2437,2026.0,0.0,0.0,0.0,0.0,0.0,0.0,0.0,0.0,대전광역시,유성구,봉명동,2437,2026.0,0.0,0.0,0.0,0.0,0.0,0.0,0.0,0.0,충청남도,청양군,남양면,2437,2026.0,0.0,0.0,0.0,0.0,0.0,0.0,0.0,0.0,1200.0,충청남도,보령시,2437,12.0,6.0,0.0,6.0,11.0,6.0,0.0,5.0
대전광역시,서구,월평동,청양,2437,2026.0,0.0,0.0,0.0,0.0,0.0,0.0,0.0,0.0,대전광역시,유성구,봉명동,2437,2026.0,0.0,0.0,0.0,0.0,0.0,0.0,0.0,0.0,충청남도,청양군,남양면,2437,2026.0,0.0,0.0,0.0,0.0,0.0,0.0,0.0,0.0,1200.0,충청남도,청양군,2437,12.0,6.0,0.0,6.0,11.0,6.0,0.0,5.0
대전광역시,서구,월평동,청양,2437,2026.0,0.0,0.0,0.0,0.0,0.0,0.0,0.0,0.0,충청남도,청양군,남양면,2437,2026.0,0.0,0.0,0.0,0.0,0.0,0.0,0.0,0.0,대전광역시,유성구,봉명동,2437,2026.0,0.0,0.0,0.0,0.0,0.0,0.0,0.0,0.0,1200.0,대전광역시,대덕구,2437,12.0,6.0,0.0,6.0,11.0,6.0,0.0,5.0
대전광역시,서구,월평동,청양,2437,2026.0,0.0,0.0,0.0,0.0,0.0,0.0,0.0,0.0,충청남도,청양군,남양면,2437,2026.0,0.0,0.0,0.0,0.0,0.0,0.0,0.0,0.0,대전광역시,유성구,봉명동,2437,2026.0,0.0,0.0,0.0,0.0,0.0,0.0,0.0,0.0,1200.0,대전광역시,서구,2437,12.0,6.0,0.0,6.0,11.0,6.0,0.0,5.0
대전광역시,서구,월평동,청양,2437,2026.0,0.0,0.0,0.0,0.0,0.0,0.0,0.0,0.0,충청남도,청양군,남양면,2437,2026.0,0.0,0.0,0.0,0.0,0.0,0.0,0.0,0.0,대전광역시,유성구,봉명동,2437,2026.0,0.0,0.0,0.0,0.0,0.0,0.0,0.0,0.0,1200.0,대전광역시,유성구,2437,12.0,6.0,0.0,6.0,11.0,6.0,0.0,5.0
대전광역시,서구,월평동,청양,2437,2026.0,0.0,0.0,0.0,0.0,0.0,0.0,0.0,0.0,충청남도,청양군,남양면,2437,2026.0,0.0,0.0,0.0,0.0,0.0,0.0,0.0,0.0,대전광역시,유성구,봉명동,2437,2026.0,0.0,0.0,0.0,0.0,0.0,0.0,0.0,0.0,1200.0,충청남도,공주시,2437,12.0,6.0,0.0,6.0,11.0,6.0,0.0,5.0
대전광역시,서구,월평동,청양,2437,2026.0,0.0,0.0,0.0,0.0,0.0,0.0,0.0,0.0,충청남도,청양군,남양면,2437,2026.0,0.0,0.0,0.0,0.0,0.0,0.0,0.0,0.0,대전광역시,유성구,봉명동,2437,2026.0,0.0,0.0,0.0,0.0,0.0,0.0,0.0,0.0,1200.0,충청남도,보령시,2437,12.0,6.0,0.0,6.0,11.0,6.0,0.0,5.0
대전광역시,서구,월평동,청양,2437,2026.0,0.0,0.0,0.0,0.0,0.0,0.0,0.0,0.0,충청남도,청양군,남양면,2437,2026.0,0.0,0.0,0.0,0.0,0.0,0.0,0.0,0.0,대전광역시,유성구,봉명동,2437,2026.0,0.0,0.0,0.0,0.0,0.0,0.0,0.0,0.0,1200.0,충청남도,청양군,2437,12.0,6.0,0.0,6.0,11.0,6.0,0.0,5.0
대전광역시,서구,월평동,청양,2437,2026.0,0.0,0.0,0.0,0.0,0.0,0.0,0.0,0.0,충청남도,청양군,남양면,2437,2026.0,0.0,0.0,0.0,0.0,0.0,0.0,0.0,0.0,충청남도,청양군,남양면,2437,2026.0,0.0,0.0,0.0,0.0,0.0,0.0,0.0,0.0,1200.0,대전광역시,대덕구,2437,12.0,6.0,0.0,6.0,11.0,6.0,0.0,5.0
대전광역시,서구,월평동,청양,2437,2026.0,0.0,0.0,0.0,0.0,0.0,0.0,0.0,0.0,충청남도,청양군,남양면,2437,2026.0,0.0,0.0,0.0,0.0,0.0,0.0,0.0,0.0,충청남도,청양군,남양면,2437,2026.0,0.0,0.0,0.0,0.0,0.0,0.0,0.0,0.0,1200.0,대전광역시,서구,2437,12.0,6.0,0.0,6.0,11.0,6.0,0.0,5.0
대전광역시,서구,월평동,청양,2437,2026.0,0.0,0.0,0.0,0.0,0.0,0.0,0.0,0.0,충청남도,청양군,남양면,2437,2026.0,0.0,0.0,0.0,0.0,0.0,0.0,0.0,0.0,충청남도,청양군,남양면,2437,2026.0,0.0,0.0,0.0,0.0,0.0,0.0,0.0,0.0,1200.0,대전광역시,유성구,2437,12.0,6.0,0.0,6.0,11.0,6.0,0.0,5.0
대전광역시,서구,월평동,청양,2437,2026.0,0.0,0.0,0.0,0.0,0.0,0.0,0.0,0.0,충청남도,청양군,남양면,2437,2026.0,0.0,0.0,0.0,0.0,0.0,0.0,0.0,0.0,충청남도,청양군,남양면,2437,2026.0,0.0,0.0,0.0,0.0,0.0,0.0,0.0,0.0,1200.0,충청남도,공주시,2437,12.0,6.0,0.0,6.0,11.0,6.0,0.0,5.0
대전광역시,서구,월평동,청양,2437,2026.0,0.0,0.0,0.0,0.0,0.0,0.0,0.0,0.0,충청남도,청양군,남양면,2437,2026.0,0.0,0.0,0.0,0.0,0.0,0.0,0.0,0.0,충청남도,청양군,남양면,2437,2026.0,0.0,0.0,0.0,0.0,0.0,0.0,0.0,0.0,1200.0,충청남도,보령시,2437,12.0,6.0,0.0,6.0,11.0,6.0,0.0,5.0
대전광역시,서구,월평동,청양,2437,2026.0,0.0,0.0,0.0,0.0,0.0,0.0,0.0,0.0,충청남도,청양군,남양면,2437,2026.0,0.0,0.0,0.0,0.0,0.0,0.0,0.0,0.0,충청남도,청양군,남양면,2437,2026.0,0.0,0.0,0.0,0.0,0.0,0.0,0.0,0.0,1200.0,충청남도,청양군,2437,12.0,6.0,0.0,6.0,11.0,6.0,0.0,5.0
충청남도,청양군,남양면,청양,2437,2026.0,0.0,0.0,0.0,0.0,0.0,0.0,0.0,0.0,대전광역시,유성구,봉명동,2437,2026.0,0.0,0.0,0.0,0.0,0.0,0.0,0.0,0.0,대전광역시,유성구,봉명동,2437,2026.0,0.0,0.0,0.0,0.0,0.0,0.0,0.0,0.0,1200.0,대전광역시,대덕구,2437,12.0,6.0,0.0,6.0,11.0,6.0,0.0,5.0
충청남도,청양군,남양면,청양,2437,2026.0,0.0,0.0,0.0,0.0,0.0,0.0,0.0,0.0,대전광역시,유성구,봉명동,2437,2026.0,0.0,0.0,0.0,0.0,0.0,0.0,0.0,0.0,대전광역시,유성구,봉명동,2437,2026.0,0.0,0.0,0.0,0.0,0.0,0.0,0.0,0.0,1200.0,대전광역시,서구,2437,12.0,6.0,0.0,6.0,11.0,6.0,0.0,5.0
충청남도,청양군,남양면,청양,2437,2026.0,0.0,0.0,0.0,0.0,0.0,0.0,0.0,0.0,대전광역시,유성구,봉명동,2437,2026.0,0.0,0.0,0.0,0.0,0.0,0.0,0.0,0.0,대전광역시,유성구,봉명동,2437,2026.0,0.0,0.0,0.0,0.0,0.0,0.0,0.0,0.0,1200.0,대전광역시,유성구,2437,12.0,6.0,0.0,6.0,11.0,6.0,0.0,5.0
충청남도,청양군,남양면,청양,2437,2026.0,0.0,0.0,0.0,0.0,0.0,0.0,0.0,0.0,대전광역시,유성구,봉명동,2437,2026.0,0.0,0.0,0.0,0.0,0.0,0.0,0.0,0.0,대전광역시,유성구,봉명동,2437,2026.0,0.0,0.0,0.0,0.0,0.0,0.0,0.0,0.0,1200.0,충청남도,공주시,2437,12.0,6.0,0.0,6.0,11.0,6.0,0.0,5.0
충청남도,청양군,남양면,청양,2437,2026.0,0.0,0.0,0.0,0.0,0.0,0.0,0.0,0.0,대전광역시,유성구,봉명동,2437,2026.0,0.0,0.0,0.0,0.0,0.0,0.0,0.0,0.0,대전광역시,유성구,봉명동,2437,2026.0,0.0,0.0,0.0,0.0,0.0,0.0,0.0,0.0,1200.0,충청남도,보령시,2437,12.0,6.0,0.0,6.0,11.0,6.0,0.0,5.0
충청남도,청양군,남양면,청양,2437,2026.0,0.0,0.0,0.0,0.0,0.0,0.0,0.0,0.0,대전광역시,유성구,봉명동,2437,2026.0,0.0,0.0,0.0,0.0,0.0,0.0,0.0,0.0,대전광역시,유성구,봉명동,2437,2026.0,0.0,0.0,0.0,0.0,0.0,0.0,0.0,0.0,1200.0,충청남도,청양군,2437,12.0,6.0,0.0,6.0,11.0,6.0,0.0,5.0
충청남도,청양군,남양면,청양,2437,2026.0,0.0,0.0,0.0,0.0,0.0,0.0,0.0,0.0,대전광역시,유성구,봉명동,2437,2026.0,0.0,0.0,0.0,0.0,0.0,0.0,0.0,0.0,충청남도,청양군,남양면,2437,2026.0,0.0,0.0,0.0,0.0,0.0,0.0,0.0,0.0,1200.0,대전광역시,대덕구,2437,12.0,6.0,0.0,6.0,11.0,6.0,0.0,5.0
충청남도,청양군,남양면,청양,2437,2026.0,0.0,0.0,0.0,0.0,0.0,0.0,0.0,0.0,대전광역시,유성구,봉명동,2437,2026.0,0.0,0.0,0.0,0.0,0.0,0.0,0.0,0.0,충청남도,청양군,남양면,2437,2026.0,0.0,0.0,0.0,0.0,0.0,0.0,0.0,0.0,1200.0,대전광역시,서구,2437,12.0,6.0,0.0,6.0,11.0,6.0,0.0,5.0
충청남도,청양군,남양면,청양,2437,2026.0,0.0,0.0,0.0,0.0,0.0,0.0,0.0,0.0,대전광역시,유성구,봉명동,2437,2026.0,0.0,0.0,0.0,0.0,0.0,0.0,0.0,0.0,충청남도,청양군,남양면,2437,2026.0,0.0,0.0,0.0,0.0,0.0,0.0,0.0,0.0,1200.0,대전광역시,유성구,2437,12.0,6.0,0.0,6.0,11.0,6.0,0.0,5.0
충청남도,청양군,남양면,청양,2437,2026.0,0.0,0.0,0.0,0.0,0.0,0.0,0.0,0.0,대전광역시,유성구,봉명동,2437,2026.0,0.0,0.0,0.0,0.0,0.0,0.0,0.0,0.0,충청남도,청양군,남양면,2437,2026.0,0.0,0.0,0.0,0.0,0.0,0.0,0.0,0.0,1200.0,충청남도,공주시,2437,12.0,6.0,0.0,6.0,11.0,6.0,0.0,5.0
충청남도,청양군,남양면,청양,2437,2026.0,0.0,0.0,0.0,0.0,0.0,0.0,0.0,0.0,대전광역시,유성구,봉명동,2437,2026.0,0.0,0.0,0.0,0.0,0.0,0.0,0.0,0.0,충청남도,청양군,남양면,2437,2026.0,0.0,0.0,0.0,0.0,0.0,0.0,0.0,0.0,1200.0,충청남도,보령시,2437,12.0,6.0,0.0,6.0,11.0,6.0,0.0,5.0
충청남도,청양군,남양면,청양,2437,2026.0,0.0,0.0,0.0,0.0,0.0,0.0,0.0,0.0,대전광역시,유성구,봉명동,2437,2026.0,0.0,0.0,0.0,0.0,0.0,0.0,0.0,0.0,충청남도,청양군,남양면,2437,2026.0,0.0,0.0,0.0,0.0,0.0,0.0,0.0,0.0,1200.0,충청남도,청양군,2437,12.0,6.0,0.0,6.0,11.0,6.0,0.0,5.0
충청남도,청양군,남양면,청양,2437,2026.0,0.0,0.0,0.0,0.0,0.0,0.0,0.0,0.0,충청남도,청양군,남양면,2437,2026.0,0.0,0.0,0.0,0.0,0.0,0.0,0.0,0.0,대전광역시,유성구,봉명동,2437,2026.0,0.0,0.0,0.0,0.0,0.0,0.0,0.0,0.0,1200.0,대전광역시,대덕구,2437,12.0,6.0,0.0,6.0,11.0,6.0,0.0,5.0
충청남도,청양군,남양면,청양,2437,2026.0,0.0,0.0,0.0,0.0,0.0,0.0,0.0,0.0,충청남도,청양군,남양면,2437,2026.0,0.0,0.0,0.0,0.0,0.0,0.0,0.0,0.0,대전광역시,유성구,봉명동,2437,2026.0,0.0,0.0,0.0,0.0,0.0,0.0,0.0,0.0,1200.0,대전광역시,서구,2437,12.0,6.0,0.0,6.0,11.0,6.0,0.0,5.0
충청남도,청양군,남양면,청양,2437,2026.0,0.0,0.0,0.0,0.0,0.0,0.0,0.0,0.0,충청남도,청양군,남양면,2437,2026.0,0.0,0.0,0.0,0.0,0.0,0.0,0.0,0.0,대전광역시,유성구,봉명동,2437,2026.0,0.0,0.0,0.0,0.0,0.0,0.0,0.0,0.0,1200.0,대전광역시,유성구,2437,12.0,6.0,0.0,6.0,11.0,6.0,0.0,5.0
충청남도,청양군,남양면,청양,2437,2026.0,0.0,0.0,0.0,0.0,0.0,0.0,0.0,0.0,충청남도,청양군,남양면,2437,2026.0,0.0,0.0,0.0,0.0,0.0,0.0,0.0,0.0,대전광역시,유성구,봉명동,2437,2026.0,0.0,0.0,0.0,0.0,0.0,0.0,0.0,0.0,1200.0,충청남도,공주시,2437,12.0,6.0,0.0,6.0,11.0,6.0,0.0,5.0
충청남도,청양군,남양면,청양,2437,2026.0,0.0,0.0,0.0,0.0,0.0,0.0,0.0,0.0,충청남도,청양군,남양면,2437,2026.0,0.0,0.0,0.0,0.0,0.0,0.0,0.0,0.0,대전광역시,유성구,봉명동,2437,2026.0,0.0,0.0,0.0,0.0,0.0,0.0,0.0,0.0,1200.0,충청남도,보령시,2437,12.0,6.0,0.0,6.0,11.0,6.0,0.0,5.0
충청남도,청양군,남양면,청양,2437,2026.0,0.0,0.0,0.0,0.0,0.0,0.0,0.0,0.0,충청남도,청양군,남양면,2437,2026.0,0.0,0.0,0.0,0.0,0.0,0.0,0.0,0.0,대전광역시,유성구,봉명동,2437,2026.0,0.0,0.0,0.0,0.0,0.0,0.0,0.0,0.0,1200.0,충청남도,청양군,2437,12.0,6.0,0.0,6.0,11.0,6.0,0.0,5.0
충청남도,청양군,남양면,청양,2437,2026.0,0.0,0.0,0.0,0.0,0.0,0.0,0.0,0.0,충청남도,청양군,남양면,2437,2026.0,0.0,0.0,0.0,0.0,0.0,0.0,0.0,0.0,충청남도,청양군,남양면,2437,2026.0,0.0,0.0,0.0,0.0,0.0,0.0,0.0,0.0,1200.0,대전광역시,대덕구,2437,12.0,6.0,0.0,6.0,11.0,6.0,0.0,5.0
충청남도,청양군,남양면,청양,2437,2026.0,0.0,0.0,0.0,0.0,0.0,0.0,0.0,0.0,충청남도,청양군,남양면,2437,2026.0,0.0,0.0,0.0,0.0,0.0,0.0,0.0,0.0,충청남도,청양군,남양면,2437,2026.0,0.0,0.0,0.0,0.0,0.0,0.0,0.0,0.0,1200.0,대전광역시,서구,2437,12.0,6.0,0.0,6.0,11.0,6.0,0.0,5.0
충청남도,청양군,남양면,청양,2437,2026.0,0.0,0.0,0.0,0.0,0.0,0.0,0.0,0.0,충청남도,청양군,남양면,2437,2026.0,0.0,0.0,0.0,0.0,0.0,0.0,0.0,0.0,충청남도,청양군,남양면,2437,2026.0,0.0,0.0,0.0,0.0,0.0,0.0,0.0,0.0,1200.0,대전광역시,유성구,2437,12.0,6.0,0.0,6.0,11.0,6.0,0.0,5.0
충청남도,청양군,남양면,청양,2437,2026.0,0.0,0.0,0.0,0.0,0.0,0.0,0.0,0.0,충청남도,청양군,남양면,2437,2026.0,0.0,0.0,0.0,0.0,0.0,0.0,0.0,0.0,충청남도,청양군,남양면,2437,2026.0,0.0,0.0,0.0,0.0,0.0,0.0,0.0,0.0,1200.0,충청남도,공주시,2437,12.0,6.0,0.0,6.0,11.0,6.0,0.0,5.0
충청남도,청양군,남양면,청양,2437,2026.0,0.0,0.0,0.0,0.0,0.0,0.0,0.0,0.0,충청남도,청양군,남양면,2437,2026.0,0.0,0.0,0.0,0.0,0.0,0.0,0.0,0.0,충청남도,청양군,남양면,2437,2026.0,0.0,0.0,0.0,0.0,0.0,0.0,0.0,0.0,1200.0,충청남도,보령시,2437,12.0,6.0,0.0,6.0,11.0,6.0,0.0,5.0
충청남도,청양군,남양면,청양,2437,2026.0,0.0,0.0,0.0,0.0,0.0,0.0,0.0,0.0,충청남도,청양군,남양면,2437,2026.0,0.0,0.0,0.0,0.0,0.0,0.0,0.0,0.0,충청남도,청양군,남양면,2437,2026.0,0.0,0.0,0.0,0.0,0.0,0.0,0.0,0.0,1200.0,충청남도,청양군,2437,12.0,6.0,0.0,6.0,11.0,6.0,0.0,5.0
충청북도,청주시상당구,가덕면,청주,2725,2026.0,0.0,0.0,0.0,0.0,0.0,0.0,0.0,0.0,충청북도,청주시상당구,낭성면,2725,2026.0,0.0,0.0,0.0,0.0,0.0,0.0,0.0,0.0,충청북도,청주시상당구,가덕면,2725,2026.0,0.0,0.0,0.0,0.0,0.0,835.0,860.0,0.0,0.0,충청북도,청주시상당구,2725,12.0,10.0,-1.0,3.0,26.0,25.0,1.0,0.0
충청북도,청주시상당구,가덕면,청주,2725,2026.0,0.0,0.0,0.0,0.0,0.0,0.0,0.0,0.0,충청북도,청주시상당구,낭성면,2725,2026.0,0.0,0.0,0.0,0.0,0.0,0.0,0.0,0.0,충청북도,청주시상당구,가덕면,2725,2026.0,0.0,0.0,0.0,0.0,0.0,835.0,860.0,0.0,0.0,충청북도,청주시서원구,2725,12.0,10.0,-1.0,3.0,26.0,25.0,1.0,0.0
인천광역시,계양구,효성동,청천,SB08,2026.0,0.0,0.0,0.0,0.0,0.0,0.0,0.0,0.0,인천광역시,계양구,효성동,SB08,2026.0,0.0,0.0,0.0,0.0,0.0,0.0,0.0,0.0,인천광역시,계양구,효성동,SB08,2026.0,660.0,660.0,660.0,660.0,660.0,660.0,665.0,660.0,0.0,인천광역시,계양구,SB08,5.0,4.0,1.0,0.0,10.0,10.0,0.0,0.0
인천광역시,계양구,효성동,청천,SB08,2026.0,0.0,0.0,0.0,0.0,0.0,0.0,0.0,0.0,인천광역시,계양구,효성동,SB08,2026.0,0.0,0.0,0.0,0.0,0.0,0.0,0.0,0.0,인천광역시,계양구,효성동,SB08,2026.0,660.0,660.0,660.0,660.0,660.0,660.0,665.0,660.0,0.0,인천광역시,부평구,SB08,5.0,4.0,1.0,0.0,10.0,10.0,0.0,0.0
경상북도,영천시,청통면,청통,S728,2026.0,57.0,52.6,48.2,43.8,36.1,28.4,20.8,57.0,경상북도,영천시,청통면,S728,2026.0,710.0,680.0,690.0,690.0,670.0,665.0,650.0,710.0,경상북도,영천시,청통면,S728,2026.0,1220.0,1220.0,1220.0,1220.0,1220.0,1220.0,1220.0,1220.0,0.0,경상북도,영천시,S728,9.0,8.0,0.0,1.0,21.0,18.0,0.0,3.0
경상북도,포항시북구,기계면,청하,S710,2026.0,83.4,82.0,80.6,79.2,77.8,76.4,75.1,83.4,경상북도,포항시북구,기계면,S710,2026.0,0.0,0.0,0.0,0.0,0.0,0.0,0.0,0.0,경상북도,포항시북구,기계면,S710,2026.0,0.0,0.0,0.0,0.0,0.0,0.0,0.0,0.0,62.0,경상북도,포항시북구,S710,10.0,6.0,4.0,0.0,21.0,14.0,4.0,3.0
경상남도,밀양시,초동면,초동,2843,2026.0,40.4,37.9,35.4,33.0,30.6,28.2,26.0,40.4,경상남도,밀양시,초동면,2843,2026.0,0.0,0.0,0.0,0.0,0.0,0.0,0.0,0.0,경상남도,밀양시,초동면,2843,2026.0,0.0,0.0,0.0,0.0,0.0,0.0,0.0,0.0,0.0,경상남도,밀양시,2843,8.0,8.0,0.0,0.0,22.0,17.0,0.0,5.0
경기도,광주시,초월읍,초월,S202,2026.0,0.0,0.0,0.0,0.0,0.0,0.0,0.0,0.0,경기도,광주시,곤지암읍,S202,2026.0,0.0,0.0,0.0,0.0,0.0,0.0,0.0,0.0,경기도,광주시,곤지암읍,S202,2026.0,1225.0,1225.0,1225.0,1225.0,1225.0,1230.0,1255.0,1225.0,0.0,경기도,광주시,S202,7.0,4.0,2.0,1.0,30.0,26.0,0.0,4.0
충청북도,청주시청원구,내수읍,초정,S429,2026.0,0.0,0.0,0.0,0.0,0.0,0.0,0.0,0.0,충청북도,청주시상당구,미원면,S429,2026.0,0.0,0.0,0.0,0.0,0.0,0.0,0.0,0.0,충청북도,청주시청원구,내수읍,S429,2026.0,0.0,0.0,0.0,0.0,0.0,585.0,585.0,0.0,0.0,충청북도,청주시상당구,S429,7.0,4.0,2.0,1.0,31.0,31.0,0.0,0.0
충청북도,청주시청원구,내수읍,초정,S429,2026.0,0.0,0.0,0.0,0.0,0.0,0.0,0.0,0.0,충청북도,청주시상당구,미원면,S429,2026.0,0.0,0.0,0.0,0.0,0.0,0.0,0.0,0.0,충청북도,청주시청원구,내수읍,S429,2026.0,0.0,0.0,0.0,0.0,0.0,585.0,585.0,0.0,0.0,충청북도,청주시청원구,S429,7.0,4.0,2.0,1.0,31.0,31.0,0.0,0.0
경기도,안성시,양성면,추곡,E577,2026.0,0.0,0.0,0.0,0.0,0.0,0.0,0.0,0.0,경기도,안성시,양성면,E577,2026.0,0.0,0.0,0.0,0.0,0.0,0.0,0.0,0.0,경기도,안성시,양성면,E577,2026.0,1780.0,1780.0,1780.0,1780.0,1800.0,1800.0,1850.0,1780.0,19.825,,,,,,,,,,,
충청남도,금산군,군북면,추부,D353,2026.0,0.0,0.0,0.0,0.0,0.0,46.5,45.2,0.0,충청남도,금산군,군북면,D353,2026.0,0.0,0.0,0.0,0.0,0.0,630.0,680.0,0.0,충청남도,금산군,군북면,D353,2026.0,0.0,0.0,0.0,0.0,0.0,0.0,0.0,0.0,0.0,충청남도,금산군,D353,8.0,4.0,0.0,4.0,15.0,7.0,3.0,5.0
경기도,평택시,평택동,추팔,S317,2026.0,0.0,0.0,0.0,0.0,0.0,0.0,0.0,0.0,경기도,평택시,군문동,S317,2026.0,0.0,0.0,0.0,0.0,0.0,0.0,0.0,0.0,경기도,평택시,군문동,S317,2026.0,580.0,580.0,580.0,590.0,590.0,590.0,600.0,580.0,0.0,경기도,평택시,S317,8.0,8.0,0.0,0.0,29.0,25.0,0.0,4.0
강원특별자치도,춘천시,교동,춘천,4299,2026.0,0.0,1.9,0.0,0.0,0.0,0.0,0.0,0.0,강원특별자치도,춘천시,교동,4299,2026.0,40.0,50.0,105.0,105.0,70.0,5.0,80.0,40.0,강원특별자치도,춘천시,교동,4299,2026.0,0.0,0.0,0.0,0.0,0.0,0.0,0.0,0.0,0.0,강원특별자치도,춘천시,4299,10.0,4.0,2.0,4.0,28.0,26.0,0.0,2.0
,,,춘천H/P,,,,,,,,,,,,,,,,,,,,,,,,강원특별자치도,춘천시,신북읍,S414,2026.0,0.0,0.0,0.0,0.0,0.0,0.0,0.0,0.0,0.0,,,,,,,,,,,
,,,춘천열병합S/Y,,,,,,,,,,,,,,,,,,,,,,,,강원특별자치도,춘천시,동산면,E118,2026.0,0.0,0.0,0.0,0.0,0.0,0.0,0.0,0.0,0.0,,,,,,,,,,,
전남광주통합특별시,북구,중흥동,충장,2682,2026.0,0.0,0.0,0.0,0.0,0.0,0.0,0.0,0.0,전남광주통합특별시,서구,양동,2682,2026.0,0.0,0.0,0.0,0.0,0.0,0.0,0.0,0.0,전남광주통합특별시,서구,양동,2682,2026.0,0.0,0.0,0.0,0.0,0.0,0.0,0.0,0.0,0.0,전남광주통합특별시,남구,2682,8.0,6.0,0.0,2.0,26.0,26.0,0.0,0.0
전남광주통합특별시,북구,중흥동,충장,2682,2026.0,0.0,0.0,0.0,0.0,0.0,0.0,0.0,0.0,전남광주통합특별시,서구,양동,2682,2026.0,0.0,0.0,0.0,0.0,0.0,0.0,0.0,0.0,전남광주통합특별시,서구,양동,2682,2026.0,0.0,0.0,0.0,0.0,0.0,0.0,0.0,0.0,0.0,전남광주통합특별시,동구,2682,8.0,6.0,0.0,2.0,26.0,26.0,0.0,0.0
전남광주통합특별시,북구,중흥동,충장,2682,2026.0,0.0,0.0,0.0,0.0,0.0,0.0,0.0,0.0,전남광주통합특별시,서구,양동,2682,2026.0,0.0,0.0,0.0,0.0,0.0,0.0,0.0,0.0,전남광주통합특별시,서구,양동,2682,2026.0,0.0,0.0,0.0,0.0,0.0,0.0,0.0,0.0,0.0,전남광주통합특별시,북구,2682,8.0,6.0,0.0,2.0,26.0,26.0,0.0,0.0
전남광주통합특별시,북구,중흥동,충장,2682,2026.0,0.0,0.0,0.0,0.0,0.0,0.0,0.0,0.0,전남광주통합특별시,서구,양동,2682,2026.0,0.0,0.0,0.0,0.0,0.0,0.0,0.0,0.0,전남광주통합특별시,서구,양동,2682,2026.0,0.0,0.0,0.0,0.0,0.0,0.0,0.0,0.0,0.0,전남광주통합특별시,서구,2682,8.0,6.0,0.0,2.0,26.0,26.0,0.0,0.0
충청북도,충주시,교현동,충주,2446,2026.0,0.0,0.0,0.0,0.0,0.0,0.0,0.0,0.0,충청북도,충주시,목벌동,2446,2026.0,170.0,160.0,150.0,140.0,130.0,440.0,440.0,170.0,충청북도,충주시,교현동,2446,2026.0,0.0,0.0,0.0,0.0,0.0,560.0,675.0,0.0,0.0,충청북도,충주시,2446,11.0,9.0,0.0,2.0,27.0,27.0,0.0,0.0
,,,충주HP(건설중),,,,,,,,,,,,,,,,,,,,,,,,충청북도,충주시,동량면,S437,2026.0,0.0,0.0,0.0,0.0,0.0,560.0,675.0,0.0,0.0,,,,,,,,,,,
경상북도,칠곡군,가산면,칠곡,2694,2026.0,4.7,2.9,1.2,16.2,13.8,11.5,9.1,4.7,경상북도,칠곡군,가산면,2694,2026.0,255.0,255.0,260.0,260.0,265.0,265.0,260.0,255.0,경상북도,칠곡군,가산면,2694,2026.0,555.0,555.0,555.0,555.0,555.0,555.0,560.0,555.0,0.0,경상북도,칠곡군,2694,9.0,5.0,1.0,3.0,28.0,25.0,0.0,3.0
경상남도,함안군,대산면,칠서,2776,2026.0,0.0,0.0,0.0,0.0,0.0,0.0,0.0,0.0,경상남도,함안군,대산면,2776,2026.0,0.0,0.0,195.0,180.0,160.0,135.0,150.0,0.0,경상남도,함안군,대산면,2776,2026.0,0.0,0.0,0.0,0.0,0.0,0.0,0.0,0.0,0.0,,,,,,,,,,,
대구광역시,북구,태전동,침산,5244,2026.0,9.4,8.2,7.0,5.9,4.7,3.6,2.5,9.4,대구광역시,북구,대현동,5244,2026.0,0.0,0.0,100.0,95.0,65.0,45.0,25.0,0.0,대구광역시,북구,대현동,5244,2026.0,430.0,430.0,570.0,575.0,575.0,575.0,580.0,430.0,0.0,,,,,,,,,,,
전북특별자치도,전주시덕진구,여의동,탄소(SA),E337,2026.0,118.6,117.9,117.2,116.6,115.9,115.3,114.6,118.6,전북특별자치도,전주시덕진구,여의동,E337,2026.0,264.0,225.0,345.0,270.0,535.0,470.0,260.0,264.0,전북특별자치도,전주시덕진구,여의동,E337,2026.0,0.0,0.0,0.0,0.0,0.0,0.0,180.0,0.0,0.0,전북특별자치도,전주시덕진구,E337,8.0,4.0,0.0,4.0,14.0,6.0,0.0,8.0
서울특별시,강남구,삼성동,탄천,D434,2026.0,0.0,5.0,5.0,5.0,5.0,5.0,5.0,0.0,서울특별시,강남구,삼성동,D434,2026.0,0.0,5.0,5.0,5.0,5.0,5.0,5.0,0.0,서울특별시,강남구,삼성동,D434,2026.0,730.0,1110.0,1110.0,1110.0,1110.0,1110.0,1120.0,730.0,0.0,서울특별시,강남구,D434,10.0,6.0,2.0,2.0,35.0,17.0,0.0,18.0
충청남도,아산시,탕정면,탕정,S516,2026.0,0.0,0.0,0.0,0.0,0.0,0.0,0.0,0.0,충청남도,아산시,탕정면,S516,2026.0,0.0,0.0,0.0,0.0,0.0,0.0,0.0,0.0,충청남도,아산시,탕정면,S516,2026.0,0.0,0.0,0.0,0.0,0.0,0.0,0.0,0.0,0.0,충청남도,아산시,S516,12.0,11.0,1.0,0.0,26.0,23.0,1.0,2.0
전남광주통합특별시,광양시,태인동,태금,2443,2026.0,0.0,0.0,0.0,0.0,0.0,0.0,0.0,0.0,전남광주통합특별시,광양시,금호동,2443,2026.0,0.0,0.0,0.0,0.0,0.0,0.0,0.0,0.0,전남광주통합특별시,광양시,금호동,2443,2026.0,0.0,0.0,0.0,0.0,0.0,0.0,0.0,0.0,0.0,전남광주통합특별시,광양시,2443,8.0,8.0,0.0,0.0,18.0,17.0,1.0,0.0
강원특별자치도,삼척시,하사미동,태백,2510,2026.0,89.2,88.6,83.3,82.7,82.1,81.5,80.9,89.2,강원특별자치도,삼척시,하사미동,2510,2026.0,0.0,0.0,0.0,0.0,0.0,0.0,0.0,0.0,강원특별자치도,삼척시,하사미동,2510,2026.0,0.0,0.0,0.0,0.0,0.0,0.0,0.0,0.0,147.6,강원특별자치도,삼척시,2510,11.0,9.0,2.0,0.0,27.0,14.0,6.0,7.0
강원특별자치도,삼척시,하사미동,태백,2510,2026.0,89.2,88.6,83.3,82.7,82.1,81.5,80.9,89.2,강원특별자치도,삼척시,하사미동,2510,2026.0,0.0,0.0,0.0,0.0,0.0,0.0,0.0,0.0,강원특별자치도,삼척시,하사미동,2510,2026.0,0.0,0.0,0.0,0.0,0.0,0.0,0.0,0.0,147.6,강원특별자치도,태백시,2510,11.0,9.0,2.0,0.0,27.0,14.0,6.0,7.0
강원특별자치도,삼척시,도계읍,태백#2(건설중),E830,2026.0,0.0,0.0,0.0,0.0,0.0,165.6,165.6,0.0,강원특별자치도,삼척시,도계읍,E830,2026.0,0.0,0.0,0.0,0.0,0.0,325.0,335.0,0.0,강원특별자치도,삼척시,도계읍,E830,2026.0,0.0,0.0,0.0,0.0,0.0,465.0,465.0,0.0,0.0,,,,,,,,,,,
충청남도,태안군,근흥면,태안,2675,2026.0,0.0,0.0,0.0,0.0,0.0,0.0,0.0,0.0,충청남도,태안군,근흥면,2675,2026.0,435.0,375.0,505.0,480.0,530.0,1135.0,1075.0,435.0,충청남도,태안군,근흥면,2675,2026.0,0.0,0.0,0.0,0.0,0.0,0.0,0.0,0.0,64.7928,충청남도,당진시,2675,10.0,6.0,2.0,2.0,26.0,17.0,9.0,0.0
충청남도,태안군,근흥면,태안,2675,2026.0,0.0,0.0,0.0,0.0,0.0,0.0,0.0,0.0,충청남도,태안군,근흥면,2675,2026.0,435.0,375.0,505.0,480.0,530.0,1135.0,1075.0,435.0,충청남도,태안군,근흥면,2675,2026.0,0.0,0.0,0.0,0.0,0.0,0.0,0.0,0.0,64.7928,충청남도,서산시,2675,10.0,6.0,2.0,2.0,26.0,17.0,9.0,0.0
충청남도,태안군,근흥면,태안,2675,2026.0,0.0,0.0,0.0,0.0,0.0,0.0,0.0,0.0,충청남도,태안군,근흥면,2675,2026.0,435.0,375.0,505.0,480.0,530.0,1135.0,1075.0,435.0,충청남도,태안군,근흥면,2675,2026.0,0.0,0.0,0.0,0.0,0.0,0.0,0.0,0.0,64.7928,충청남도,예산군,2675,10.0,6.0,2.0,2.0,26.0,17.0,9.0,0.0
충청남도,태안군,근흥면,태안,2675,2026.0,0.0,0.0,0.0,0.0,0.0,0.0,0.0,0.0,충청남도,태안군,근흥면,2675,2026.0,435.0,375.0,505.0,480.0,530.0,1135.0,1075.0,435.0,충청남도,태안군,근흥면,2675,2026.0,0.0,0.0,0.0,0.0,0.0,0.0,0.0,0.0,64.7928,충청남도,태안군,2675,10.0,6.0,2.0,2.0,26.0,17.0,9.0,0.0
충청남도,태안군,근흥면,태안,2675,2026.0,0.0,0.0,0.0,0.0,0.0,0.0,0.0,0.0,충청남도,태안군,근흥면,2675,2026.0,435.0,375.0,505.0,480.0,530.0,1135.0,1075.0,435.0,충청남도,태안군,근흥면,2675,2026.0,0.0,0.0,0.0,0.0,0.0,0.0,0.0,0.0,64.7928,충청남도,홍성군,2675,10.0,6.0,2.0,2.0,26.0,17.0,9.0,0.0
,,,태안화력,,,,,,,,,,,,,,,,,,,,,,,,충청남도,태안군,원북면,S509,2026.0,0.0,0.0,0.0,0.0,0.0,0.0,0.0,0.0,1.998,,,,,,,,,,,
전북특별자치도,전주시완산구,태평동,태평(SA),S503,2026.0,0.0,0.0,0.0,0.0,5.6,3.8,1.9,0.0,전북특별자치도,전주시덕진구,진북동,S503,2026.0,0.0,0.0,0.0,0.0,250.0,300.0,255.0,0.0,전북특별자치도,전주시덕진구,진북동,S503,2026.0,0.0,0.0,0.0,0.0,0.0,0.0,825.0,0.0,0.0,전북특별자치도,전주시덕진구,S503,6.0,4.0,0.0,2.0,24.0,17.0,1.0,6.0
전북특별자치도,전주시완산구,태평동,태평(SA),S503,2026.0,0.0,0.0,0.0,0.0,5.6,3.8,1.9,0.0,전북특별자치도,전주시덕진구,진북동,S503,2026.0,0.0,0.0,0.0,0.0,250.0,300.0,255.0,0.0,전북특별자치도,전주시덕진구,진북동,S503,2026.0,0.0,0.0,0.0,0.0,0.0,0.0,825.0,0.0,0.0,전북특별자치도,전주시완산구,S503,6.0,4.0,0.0,2.0,24.0,17.0,1.0,6.0
울산광역시,중구,다운동,태화,D398,2026.0,0.0,0.0,0.0,0.0,89.3,89.0,88.7,0.0,울산광역시,중구,다운동,D398,2026.0,0.0,0.0,0.0,0.0,140.0,150.0,160.0,0.0,울산광역시,중구,다운동,D398,2026.0,0.0,0.0,0.0,0.0,0.0,1065.0,1100.0,0.0,0.0,울산광역시,중구,D398,8.0,4.0,0.0,4.0,10.0,7.0,2.0,1.0
경상남도,통영시,도남동,통영,2449,2026.0,0.0,0.0,0.0,0.0,0.0,0.0,0.0,0.0,경상남도,통영시,도남동,2449,2026.0,0.0,0.0,0.0,0.0,0.0,0.0,0.0,0.0,경상남도,통영시,도남동,2449,2026.0,0.0,0.0,0.0,0.0,0.0,0.0,315.0,0.0,0.0,경상남도,통영시,2449,8.0,4.0,0.0,4.0,31.0,25.0,0.0,6.0
경기도,김포시,월곶면,통진,SB10,2026.0,0.0,0.0,0.0,0.0,0.0,0.0,0.0,0.0,경기도,김포시,대곶면,SB10,2026.0,0.0,0.0,0.0,0.0,0.0,0.0,0.0,0.0,경기도,김포시,대곶면,SB10,2026.0,350.0,525.0,640.0,645.0,650.0,655.0,665.0,350.0,0.0,경기도,김포시,SB10,12.0,3.0,7.0,2.0,25.0,25.0,0.0,0.0
대구광역시,서구,이현동,팔달,5498,2026.0,0.0,0.0,0.0,0.0,0.0,0.0,0.0,0.0,대구광역시,북구,금호동,5498,2026.0,0.0,65.0,275.0,245.0,270.0,250.0,210.0,0.0,대구광역시,북구,금호동,5498,2026.0,610.0,610.0,610.0,610.0,610.0,615.0,615.0,610.0,0.0,,,,,,,,,,,
전북특별자치도,전주시덕진구,춘포면,팔봉,2609,2026.0,42.9,41.2,39.4,37.7,36.0,34.3,32.6,42.9,전북특별자치도,익산시,금마면,2609,2026.0,0.0,0.0,0.0,0.0,0.0,0.0,0.0,0.0,전북특별자치도,익산시,금마면,2609,2026.0,0.0,0.0,0.0,0.0,0.0,0.0,0.0,0.0,0.0,전북특별자치도,익산시,2609,8.0,8.0,0.0,0.0,32.0,31.0,0.0,1.0
전북특별자치도,전주시덕진구,춘포면,팔봉,2609,2026.0,42.9,41.2,39.4,37.7,36.0,34.3,32.6,42.9,전북특별자치도,익산시,금마면,2609,2026.0,0.0,0.0,0.0,0.0,0.0,0.0,0.0,0.0,전북특별자치도,익산시,금마면,2609,2026.0,0.0,0.0,0.0,0.0,0.0,0.0,0.0,0.0,0.0,전북특별자치도,전주시덕진구,2609,8.0,8.0,0.0,0.0,32.0,31.0,0.0,1.0
경기도,화성시만세구,팔탄면,팔탄(건설중),E827,2026.0,0.0,0.0,0.0,0.0,0.0,165.6,165.6,0.0,경기도,화성시만세구,팔탄면,E827,2026.0,0.0,0.0,0.0,0.0,0.0,250.0,250.0,0.0,경기도,화성시만세구,팔탄면,E827,2026.0,0.0,0.0,0.0,1295.0,1305.0,1660.0,1660.0,0.0,0.0,,,,,,,,,,,
경기도,평택시,팽성읍,팽성,D982,2026.0,0.0,0.0,0.0,0.0,0.0,0.0,0.0,0.0,경기도,평택시,팽성읍,D982,2026.0,80.0,0.0,0.0,0.0,0.0,0.0,0.0,80.0,경기도,평택시,팽성읍,D982,2026.0,0.0,0.0,0.0,0.0,0.0,0.0,0.0,0.0,0.0,경기도,평택시,D982,12.0,2.0,2.0,8.0,40.0,40.0,0.0,0.0
경기도,남양주시,화도읍,평내(건설중),E572,2026.0,0.0,0.0,0.0,0.0,0.0,0.0,0.0,0.0,경기도,양주시,마전동,E572,2026.0,0.0,0.0,0.0,0.0,0.0,0.0,0.0,0.0,경기도,양주시,마전동,E572,2026.0,1235.0,1235.0,1235.0,1240.0,1245.0,1260.0,1275.0,1235.0,0.0,,,,,,,,,,,
,,,평동SA,,,,,,,,,,,,,,,,,,,,,,,,,,,,,,,,,,,,,,전남광주통합특별시,광산구,E439,12.0,9.0,1.0,2.0,26.0,23.0,2.0,1.0
강원특별자치도,평창군,봉평면,평창,2553,2026.0,107.3,106.5,105.7,104.9,104.1,103.3,102.6,107.3,강원특별자치도,평창군,봉평면,2553,2026.0,0.0,0.0,0.0,0.0,0.0,0.0,0.0,0.0,강원특별자치도,평창군,봉평면,2553,2026.0,0.0,0.0,0.0,0.0,0.0,0.0,0.0,0.0,237.6,강원특별자치도,평창군,2553,7.0,7.0,0.0,0.0,27.0,16.0,4.0,7.0
경기도,안양시동안구,비산동,평촌,2589,2026.0,0.0,0.0,0.0,0.0,0.0,0.0,0.0,0.0,경기도,안양시동안구,비산동,2589,2026.0,0.0,0.0,0.0,0.0,0.0,0.0,0.0,0.0,경기도,안양시동안구,비산동,2589,2026.0,0.0,0.0,0.0,0.0,0.0,0.0,0.0,0.0,0.0,,,,,,,,,,,
,,,평택,,,,,,,,,,,,,,,,,,,,,,,,,,,,,,,,,,,,,,경기도,평택시,2182,12.0,12.0,0.0,0.0,26.0,20.0,5.0,1.0
경상북도,울진군,근남면,평해,2045,2026.0,0.0,0.0,134.2,110.0,133.2,132.7,132.1,0.0,경상북도,울진군,근남면,2045,2026.0,0.0,0.0,0.0,0.0,0.0,0.0,0.0,0.0,경상북도,울진군,근남면,2045,2026.0,0.0,0.0,0.0,0.0,0.0,0.0,0.0,0.0,205.9769,,,,,,,,,,,
전남광주통합특별시,고흥군,포두면,포두(건설중),E273,2026.0,165.6,165.6,165.6,165.6,165.6,165.6,165.6,165.6,전남광주통합특별시,고흥군,과역면,E273,2026.0,0.0,0.0,0.0,0.0,0.0,0.0,0.0,0.0,전남광주통합특별시,고흥군,과역면,E273,2026.0,0.0,0.0,0.0,0.0,0.0,0.0,0.0,0.0,160.0,,,,,,,,,,,
경기도,평택시,현덕면,포승,2579,2026.0,0.0,0.0,0.0,0.0,0.0,0.0,0.0,0.0,경기도,평택시,현덕면,2579,2026.0,0.0,0.0,0.0,0.0,0.0,0.0,0.0,0.0,경기도,평택시,현덕면,2579,2026.0,1140.0,1140.0,1140.0,1155.0,1175.0,1210.0,1215.0,1140.0,0.0,경기도,평택시,2579,8.0,6.0,0.0,2.0,29.0,18.0,0.0,11.0
경기도,포천시,화현면,포천,2566,2026.0,0.0,0.0,0.0,0.0,11.7,11.7,11.7,0.0,경기도,포천시,신북면,2566,2026.0,0.0,0.0,0.0,0.0,410.0,410.0,410.0,0.0,경기도,포천시,신북면,2566,2026.0,1015.0,1015.0,1015.0,1105.0,1105.0,1110.0,1110.0,1015.0,0.0,경기도,포천시,2566,0.0,0.0,0.0,0.0,0.0,0.0,0.0,0.0
경상북도,포항시남구,괴동동,포항,5419,2026.0,0.0,0.0,0.0,0.0,0.0,0.0,0.0,0.0,경상북도,포항시남구,괴동동,5419,2026.0,0.0,0.0,0.0,0.0,0.0,0.0,0.0,0.0,경상북도,포항시남구,괴동동,5419,2026.0,0.0,0.0,0.0,0.0,0.0,0.0,0.0,0.0,0.0,,,,,,,,,,,
,,,표선,,,,,,,,,,,,,,,,,,,,,,,,,,,,,,,,,,,,,,제주특별자치도,서귀포시,SA08,12.0,5.0,5.0,2.0,20.0,17.0,1.0,2.0
경상북도,영주시,이산면,풍기(건설중),D391,2026.0,0.0,0.0,0.0,0.0,0.0,165.6,165.6,0.0,경상북도,영주시,이산면,D391,2026.0,0.0,0.0,0.0,0.0,0.0,330.0,600.0,0.0,경상북도,영주시,이산면,D391,2026.0,0.0,0.0,0.0,0.0,0.0,260.0,665.0,0.0,0.0,,,,,,,,,,,
서울특별시,송파구,풍납동,풍납,2638,2026.0,0.0,0.0,0.0,0.0,0.0,0.0,0.0,0.0,서울특별시,송파구,풍납동,2638,2026.0,0.0,0.0,0.0,0.0,0.0,0.0,0.0,0.0,서울특별시,송파구,풍납동,2638,2026.0,615.0,615.0,620.0,635.0,685.0,685.0,690.0,615.0,0.0,서울특별시,송파구,2638,6.0,4.0,0.0,2.0,34.0,31.0,0.0,3.0
충청북도,충주시,가주동,풍동,S405,2026.0,62.8,60.2,57.6,55.0,52.4,49.8,47.3,62.8,충청북도,충주시,주덕읍,S405,2026.0,575.0,505.0,530.0,460.0,555.0,545.0,535.0,575.0,충청북도,충주시,가주동,S405,2026.0,0.0,0.0,0.0,0.0,0.0,450.0,935.0,0.0,0.0,충청북도,충주시,S405,7.0,4.0,0.0,3.0,25.0,16.0,1.0,8.0
경상북도,안동시,남후면,풍산,D384,2026.0,93.1,68.6,67.3,54.3,36.9,19.5,0.2,93.1,경상북도,안동시,남후면,D384,2026.0,250.0,245.0,330.0,275.0,380.0,410.0,340.0,250.0,경상북도,안동시,남후면,D384,2026.0,0.0,0.0,0.0,0.0,0.0,275.0,320.0,0.0,0.0,경상북도,안동시,D384,7.0,4.0,1.0,2.0,21.0,18.0,0.0,3.0
경상북도,안동시,남후면,풍산,D384,2026.0,93.1,68.6,67.3,54.3,36.9,19.5,0.2,93.1,경상북도,안동시,남후면,D384,2026.0,250.0,245.0,330.0,275.0,380.0,410.0,340.0,250.0,경상북도,안동시,남후면,D384,2026.0,0.0,0.0,0.0,0.0,0.0,275.0,320.0,0.0,0.0,경상북도,예천군,D384,7.0,4.0,1.0,2.0,21.0,18.0,0.0,3.0
충청남도,천안시동남구,광덕면,풍세,D360,2026.0,0.0,0.0,0.0,0.0,0.0,0.0,0.0,0.0,충청남도,천안시동남구,광덕면,D360,2026.0,0.0,0.0,0.0,0.0,0.0,0.0,0.0,0.0,충청남도,천안시동남구,광덕면,D360,2026.0,0.0,0.0,0.0,0.0,0.0,0.0,0.0,0.0,0.0,충청남도,천안시동남구,D360,7.0,4.0,3.0,0.0,25.0,18.0,6.0,1.0
충청남도,아산시,도고면,풍세#2(건설중),E264,2026.0,0.0,0.0,0.0,0.0,0.0,0.0,0.0,0.0,충청남도,아산시,도고면,E264,2026.0,0.0,0.0,0.0,0.0,0.0,0.0,0.0,0.0,충청남도,아산시,도고면,E264,2026.0,0.0,0.0,0.0,0.0,0.0,0.0,0.0,0.0,0.0,,,,,,,,,,,
경상북도,예천군,용문면,풍천,E059,2026.0,165.6,165.6,165.6,165.6,165.6,165.6,165.6,165.6,경상북도,예천군,용문면,E059,2026.0,220.0,230.0,325.0,290.0,315.0,365.0,425.0,220.0,경상북도,예천군,용문면,E059,2026.0,0.0,0.0,0.0,0.0,0.0,265.0,265.0,0.0,0.0,,,,,,,,,,,
전남광주통합특별시,광산구,오선동,하남,2681,2026.0,69.8,56.8,54.6,52.3,50.2,48.1,0.0,69.8,전남광주통합특별시,광산구,고룡동,2681,2026.0,0.0,0.0,0.0,0.0,0.0,0.0,0.0,0.0,전남광주통합특별시,광산구,고룡동,2681,2026.0,0.0,0.0,0.0,0.0,0.0,0.0,0.0,0.0,0.0,전남광주통합특별시,광산구,2681,14.0,11.0,3.0,0.0,29.0,29.0,0.0,0.0
전남광주통합특별시,광양시,다압면,하동(SA),2753,2026.0,84.3,82.7,81.1,79.5,77.9,76.3,74.0,84.3,전남광주통합특별시,광양시,진상면,2753,2026.0,0.0,0.0,0.0,0.0,0.0,0.0,0.0,0.0,경상남도,사천시,곤명면,2753,2026.0,0.0,0.0,0.0,0.0,0.0,0.0,460.0,0.0,0.0,경상남도,사천시,2753,8.0,8.0,0.0,0.0,27.0,18.0,0.0,9.0
전남광주통합특별시,광양시,다압면,하동(SA),2753,2026.0,84.3,82.7,81.1,79.5,77.9,76.3,74.0,84.3,전남광주통합특별시,광양시,진상면,2753,2026.0,0.0,0.0,0.0,0.0,0.0,0.0,0.0,0.0,경상남도,사천시,곤명면,2753,2026.0,0.0,0.0,0.0,0.0,0.0,0.0,460.0,0.0,0.0,경상남도,하동군,2753,8.0,8.0,0.0,0.0,27.0,18.0,0.0,9.0
전남광주통합특별시,광양시,다압면,하동(SA),2753,2026.0,84.3,82.7,81.1,79.5,77.9,76.3,74.0,84.3,전남광주통합특별시,광양시,진상면,2753,2026.0,0.0,0.0,0.0,0.0,0.0,0.0,0.0,0.0,경상남도,사천시,곤명면,2753,2026.0,0.0,0.0,0.0,0.0,0.0,0.0,460.0,0.0,0.0,전남광주통합특별시,광양시,2753,8.0,8.0,0.0,0.0,27.0,18.0,0.0,9.0
전남광주통합특별시,광양시,다압면,하동(SA),2753,2026.0,84.3,82.7,81.1,79.5,77.9,76.3,74.0,84.3,전남광주통합특별시,광양시,진상면,2753,2026.0,0.0,0.0,0.0,0.0,0.0,0.0,0.0,0.0,전남광주통합특별시,광양시,진상면,2753,2026.0,0.0,0.0,0.0,0.0,0.0,0.0,460.0,0.0,0.0,경상남도,사천시,2753,8.0,8.0,0.0,0.0,27.0,18.0,0.0,9.0
전남광주통합특별시,광양시,다압면,하동(SA),2753,2026.0,84.3,82.7,81.1,79.5,77.9,76.3,74.0,84.3,전남광주통합특별시,광양시,진상면,2753,2026.0,0.0,0.0,0.0,0.0,0.0,0.0,0.0,0.0,전남광주통합특별시,광양시,진상면,2753,2026.0,0.0,0.0,0.0,0.0,0.0,0.0,460.0,0.0,0.0,경상남도,하동군,2753,8.0,8.0,0.0,0.0,27.0,18.0,0.0,9.0
전남광주통합특별시,광양시,다압면,하동(SA),2753,2026.0,84.3,82.7,81.1,79.5,77.9,76.3,74.0,84.3,전남광주통합특별시,광양시,진상면,2753,2026.0,0.0,0.0,0.0,0.0,0.0,0.0,0.0,0.0,전남광주통합특별시,광양시,진상면,2753,2026.0,0.0,0.0,0.0,0.0,0.0,0.0,460.0,0.0,0.0,전남광주통합특별시,광양시,2753,8.0,8.0,0.0,0.0,27.0,18.0,0.0,9.0
전남광주통합특별시,광양시,다압면,하동(SA),2753,2026.0,84.3,82.7,81.1,79.5,77.9,76.3,74.0,84.3,경상남도,사천시,곤명면,2753,2026.0,0.0,0.0,0.0,0.0,0.0,0.0,0.0,0.0,경상남도,사천시,곤명면,2753,2026.0,0.0,0.0,0.0,0.0,0.0,0.0,460.0,0.0,0.0,경상남도,사천시,2753,8.0,8.0,0.0,0.0,27.0,18.0,0.0,9.0
전남광주통합특별시,광양시,다압면,하동(SA),2753,2026.0,84.3,82.7,81.1,79.5,77.9,76.3,74.0,84.3,경상남도,사천시,곤명면,2753,2026.0,0.0,0.0,0.0,0.0,0.0,0.0,0.0,0.0,경상남도,사천시,곤명면,2753,2026.0,0.0,0.0,0.0,0.0,0.0,0.0,460.0,0.0,0.0,경상남도,하동군,2753,8.0,8.0,0.0,0.0,27.0,18.0,0.0,9.0
전남광주통합특별시,광양시,다압면,하동(SA),2753,2026.0,84.3,82.7,81.1,79.5,77.9,76.3,74.0,84.3,경상남도,사천시,곤명면,2753,2026.0,0.0,0.0,0.0,0.0,0.0,0.0,0.0,0.0,경상남도,사천시,곤명면,2753,2026.0,0.0,0.0,0.0,0.0,0.0,0.0,460.0,0.0,0.0,전남광주통합특별시,광양시,2753,8.0,8.0,0.0,0.0,27.0,18.0,0.0,9.0
전남광주통합특별시,광양시,다압면,하동(SA),2753,2026.0,84.3,82.7,81.1,79.5,77.9,76.3,74.0,84.3,경상남도,사천시,곤명면,2753,2026.0,0.0,0.0,0.0,0.0,0.0,0.0,0.0,0.0,전남광주통합특별시,광양시,진상면,2753,2026.0,0.0,0.0,0.0,0.0,0.0,0.0,460.0,0.0,0.0,경상남도,사천시,2753,8.0,8.0,0.0,0.0,27.0,18.0,0.0,9.0
전남광주통합특별시,광양시,다압면,하동(SA),2753,2026.0,84.3,82.7,81.1,79.5,77.9,76.3,74.0,84.3,경상남도,사천시,곤명면,2753,2026.0,0.0,0.0,0.0,0.0,0.0,0.0,0.0,0.0,전남광주통합특별시,광양시,진상면,2753,2026.0,0.0,0.0,0.0,0.0,0.0,0.0,460.0,0.0,0.0,경상남도,하동군,2753,8.0,8.0,0.0,0.0,27.0,18.0,0.0,9.0
전남광주통합특별시,광양시,다압면,하동(SA),2753,2026.0,84.3,82.7,81.1,79.5,77.9,76.3,74.0,84.3,경상남도,사천시,곤명면,2753,2026.0,0.0,0.0,0.0,0.0,0.0,0.0,0.0,0.0,전남광주통합특별시,광양시,진상면,2753,2026.0,0.0,0.0,0.0,0.0,0.0,0.0,460.0,0.0,0.0,전남광주통합특별시,광양시,2753,8.0,8.0,0.0,0.0,27.0,18.0,0.0,9.0
경상남도,사천시,곤명면,하동(SA),2753,2026.0,84.3,82.7,81.1,79.5,77.9,76.3,74.0,84.3,전남광주통합특별시,광양시,진상면,2753,2026.0,0.0,0.0,0.0,0.0,0.0,0.0,0.0,0.0,경상남도,사천시,곤명면,2753,2026.0,0.0,0.0,0.0,0.0,0.0,0.0,460.0,0.0,0.0,경상남도,사천시,2753,8.0,8.0,0.0,0.0,27.0,18.0,0.0,9.0
경상남도,사천시,곤명면,하동(SA),2753,2026.0,84.3,82.7,81.1,79.5,77.9,76.3,74.0,84.3,전남광주통합특별시,광양시,진상면,2753,2026.0,0.0,0.0,0.0,0.0,0.0,0.0,0.0,0.0,경상남도,사천시,곤명면,2753,2026.0,0.0,0.0,0.0,0.0,0.0,0.0,460.0,0.0,0.0,경상남도,하동군,2753,8.0,8.0,0.0,0.0,27.0,18.0,0.0,9.0
경상남도,사천시,곤명면,하동(SA),2753,2026.0,84.3,82.7,81.1,79.5,77.9,76.3,74.0,84.3,전남광주통합특별시,광양시,진상면,2753,2026.0,0.0,0.0,0.0,0.0,0.0,0.0,0.0,0.0,경상남도,사천시,곤명면,2753,2026.0,0.0,0.0,0.0,0.0,0.0,0.0,460.0,0.0,0.0,전남광주통합특별시,광양시,2753,8.0,8.0,0.0,0.0,27.0,18.0,0.0,9.0
경상남도,사천시,곤명면,하동(SA),2753,2026.0,84.3,82.7,81.1,79.5,77.9,76.3,74.0,84.3,전남광주통합특별시,광양시,진상면,2753,2026.0,0.0,0.0,0.0,0.0,0.0,0.0,0.0,0.0,전남광주통합특별시,광양시,진상면,2753,2026.0,0.0,0.0,0.0,0.0,0.0,0.0,460.0,0.0,0.0,경상남도,사천시,2753,8.0,8.0,0.0,0.0,27.0,18.0,0.0,9.0
경상남도,사천시,곤명면,하동(SA),2753,2026.0,84.3,82.7,81.1,79.5,77.9,76.3,74.0,84.3,전남광주통합특별시,광양시,진상면,2753,2026.0,0.0,0.0,0.0,0.0,0.0,0.0,0.0,0.0,전남광주통합특별시,광양시,진상면,2753,2026.0,0.0,0.0,0.0,0.0,0.0,0.0,460.0,0.0,0.0,경상남도,하동군,2753,8.0,8.0,0.0,0.0,27.0,18.0,0.0,9.0
경상남도,사천시,곤명면,하동(SA),2753,2026.0,84.3,82.7,81.1,79.5,77.9,76.3,74.0,84.3,전남광주통합특별시,광양시,진상면,2753,2026.0,0.0,0.0,0.0,0.0,0.0,0.0,0.0,0.0,전남광주통합특별시,광양시,진상면,2753,2026.0,0.0,0.0,0.0,0.0,0.0,0.0,460.0,0.0,0.0,전남광주통합특별시,광양시,2753,8.0,8.0,0.0,0.0,27.0,18.0,0.0,9.0
경상남도,사천시,곤명면,하동(SA),2753,2026.0,84.3,82.7,81.1,79.5,77.9,76.3,74.0,84.3,경상남도,사천시,곤명면,2753,2026.0,0.0,0.0,0.0,0.0,0.0,0.0,0.0,0.0,경상남도,사천시,곤명면,2753,2026.0,0.0,0.0,0.0,0.0,0.0,0.0,460.0,0.0,0.0,경상남도,사천시,2753,8.0,8.0,0.0,0.0,27.0,18.0,0.0,9.0
경상남도,사천시,곤명면,하동(SA),2753,2026.0,84.3,82.7,81.1,79.5,77.9,76.3,74.0,84.3,경상남도,사천시,곤명면,2753,2026.0,0.0,0.0,0.0,0.0,0.0,0.0,0.0,0.0,경상남도,사천시,곤명면,2753,2026.0,0.0,0.0,0.0,0.0,0.0,0.0,460.0,0.0,0.0,경상남도,하동군,2753,8.0,8.0,0.0,0.0,27.0,18.0,0.0,9.0
경상남도,사천시,곤명면,하동(SA),2753,2026.0,84.3,82.7,81.1,79.5,77.9,76.3,74.0,84.3,경상남도,사천시,곤명면,2753,2026.0,0.0,0.0,0.0,0.0,0.0,0.0,0.0,0.0,경상남도,사천시,곤명면,2753,2026.0,0.0,0.0,0.0,0.0,0.0,0.0,460.0,0.0,0.0,전남광주통합특별시,광양시,2753,8.0,8.0,0.0,0.0,27.0,18.0,0.0,9.0
경상남도,사천시,곤명면,하동(SA),2753,2026.0,84.3,82.7,81.1,79.5,77.9,76.3,74.0,84.3,경상남도,사천시,곤명면,2753,2026.0,0.0,0.0,0.0,0.0,0.0,0.0,0.0,0.0,전남광주통합특별시,광양시,진상면,2753,2026.0,0.0,0.0,0.0,0.0,0.0,0.0,460.0,0.0,0.0,경상남도,사천시,2753,8.0,8.0,0.0,0.0,27.0,18.0,0.0,9.0
경상남도,사천시,곤명면,하동(SA),2753,2026.0,84.3,82.7,81.1,79.5,77.9,76.3,74.0,84.3,경상남도,사천시,곤명면,2753,2026.0,0.0,0.0,0.0,0.0,0.0,0.0,0.0,0.0,전남광주통합특별시,광양시,진상면,2753,2026.0,0.0,0.0,0.0,0.0,0.0,0.0,460.0,0.0,0.0,경상남도,하동군,2753,8.0,8.0,0.0,0.0,27.0,18.0,0.0,9.0
경상남도,사천시,곤명면,하동(SA),2753,2026.0,84.3,82.7,81.1,79.5,77.9,76.3,74.0,84.3,경상남도,사천시,곤명면,2753,2026.0,0.0,0.0,0.0,0.0,0.0,0.0,0.0,0.0,전남광주통합특별시,광양시,진상면,2753,2026.0,0.0,0.0,0.0,0.0,0.0,0.0,460.0,0.0,0.0,전남광주통합특별시,광양시,2753,8.0,8.0,0.0,0.0,27.0,18.0,0.0,9.0
,,,하양,,,,,,,,,,,,,,,,,,,,,,,,경상북도,경산시,하양읍,S739,2026.0,1835.0,1880.0,1920.0,1920.0,1935.0,1950.0,1970.0,1835.0,0.0,,,,,,,,,,,
경기도,광명시,하안동,학온(건설중),E758,2026.0,0.0,0.0,0.0,0.0,0.0,0.0,0.0,0.0,경기도,광명시,하안동,E758,2026.0,0.0,0.0,0.0,0.0,0.0,0.0,0.0,0.0,경기도,광명시,하안동,E758,2026.0,0.0,0.0,0.0,0.0,0.0,0.0,1965.0,0.0,0.0,,,,,,,,,,,
경기도,김포시,양촌읍,학운(건설중),E515,2026.0,0.0,0.0,0.0,0.0,0.0,0.0,83.1,0.0,경기도,김포시,양촌읍,E515,2026.0,0.0,0.0,0.0,0.0,0.0,0.0,95.0,0.0,경기도,김포시,양촌읍,E515,2026.0,0.0,300.0,300.0,300.0,300.0,300.0,300.0,0.0,0.0,,,,,,,,,,,
인천광역시,미추홀구,용현동,학익,S301,2026.0,0.0,0.0,0.0,0.0,0.0,0.0,0.0,0.0,인천광역시,미추홀구,용현동,S301,2026.0,0.0,0.0,0.0,0.0,0.0,25.0,25.0,0.0,인천광역시,미추홀구,용현동,S301,2026.0,420.0,420.0,420.0,420.0,430.0,435.0,440.0,420.0,0.0,인천광역시,미추홀구,S301,8.0,4.0,0.0,4.0,17.0,17.0,2.0,-2.0
부산광역시,사상구,학장동,학장,2335,2026.0,0.0,0.0,0.0,0.0,0.0,0.0,0.0,0.0,부산광역시,사상구,감전동,2335,2026.0,175.0,0.0,0.0,0.0,0.0,0.0,0.0,175.0,부산광역시,사상구,감전동,2335,2026.0,0.0,0.0,0.0,0.0,0.0,650.0,650.0,0.0,0.0,부산광역시,사상구,2335,8.0,5.0,2.0,1.0,26.0,21.0,5.0,0.0
서울특별시,용산구,후암동,한남,S109,2026.0,0.0,0.0,0.0,0.0,0.0,0.0,0.0,0.0,서울특별시,성동구,옥수동,S109,2026.0,45.0,20.0,0.0,0.0,0.0,0.0,0.0,45.0,서울특별시,성동구,옥수동,S109,2026.0,1005.0,1005.0,1005.0,1005.0,1005.0,1005.0,1005.0,1005.0,0.0,서울특별시,성동구,S109,8.0,2.0,2.0,4.0,30.0,20.0,0.0,10.0
서울특별시,용산구,후암동,한남,S109,2026.0,0.0,0.0,0.0,0.0,0.0,0.0,0.0,0.0,서울특별시,성동구,옥수동,S109,2026.0,45.0,20.0,0.0,0.0,0.0,0.0,0.0,45.0,서울특별시,성동구,옥수동,S109,2026.0,1005.0,1005.0,1005.0,1005.0,1005.0,1005.0,1005.0,1005.0,0.0,서울특별시,용산구,S109,8.0,2.0,2.0,4.0,30.0,20.0,0.0,10.0
,,,한라,,,,,,,,,,,,,,,,,,,,,,,,,,,,,,,,,,,,,,제주특별자치도,서귀포시,5964,7.0,5.0,1.0,1.0,26.0,20.0,0.0,6.0
,,,한림,,,,,,,,,,,,,,,,,,,,,,,,,,,,,,,,,,,,,,제주특별자치도,서귀포시,SA07,8.0,7.0,1.0,0.0,18.0,15.0,1.0,2.0
,,,한림,,,,,,,,,,,,,,,,,,,,,,,,,,,,,,,,,,,,,,제주특별자치도,제주시,SA07,8.0,7.0,1.0,0.0,18.0,15.0,1.0,2.0
경상남도,김해시,한림면,한림정,D496,2026.0,0.0,0.0,0.0,0.0,0.0,0.0,0.0,0.0,경상남도,김해시,한림면,D496,2026.0,0.0,0.0,0.0,30.0,65.0,0.0,0.0,0.0,경상남도,김해시,한림면,D496,2026.0,570.0,570.0,570.0,570.0,575.0,575.0,590.0,570.0,0.0,경상남도,김해시,D496,12.0,4.0,0.0,8.0,23.0,18.0,2.0,3.0
충청남도,천안시서북구,차암동,한샘,S527,2026.0,0.0,0.0,0.0,0.0,0.0,0.0,0.0,0.0,충청남도,천안시서북구,차암동,S527,2026.0,0.0,0.0,0.0,0.0,0.0,0.0,0.0,0.0,충청남도,천안시서북구,차암동,S527,2026.0,0.0,0.0,0.0,0.0,0.0,0.0,0.0,0.0,0.0,충청남도,천안시서북구,S527,12.0,8.0,2.0,2.0,24.0,24.0,0.0,0.0
경상남도,함양군,마천면,함양,2442,2026.0,54.0,52.7,51.5,50.2,49.0,47.8,47.0,54.0,경상남도,함양군,마천면,2442,2026.0,225.0,240.0,0.0,265.0,230.0,235.0,240.0,225.0,경상남도,함양군,마천면,2442,2026.0,0.0,0.0,105.0,110.0,115.0,115.0,340.0,0.0,0.0,,,,,,,,,,,
전북특별자치도,군산시,함라면,함열,2741,2026.0,89.7,87.5,86.5,83.3,80.0,76.8,71.4,89.7,전북특별자치도,익산시,망성면,2741,2026.0,0.0,0.0,0.0,0.0,0.0,0.0,0.0,0.0,전북특별자치도,익산시,망성면,2741,2026.0,0.0,0.0,0.0,0.0,0.0,0.0,0.0,0.0,0.0,,,,,,,,,,,
충청남도,당진시,우강면,합덕,D990,2026.0,0.0,62.5,55.4,48.8,0.0,0.0,0.0,0.0,충청남도,당진시,우강면,D990,2026.0,0.0,435.0,420.0,325.0,0.0,0.0,0.0,0.0,충청남도,당진시,우강면,D990,2026.0,0.0,0.0,0.0,0.0,0.0,0.0,0.0,0.0,40.0,충청남도,당진시,D990,8.0,6.0,1.0,1.0,26.0,16.0,8.0,2.0
경상남도,합천군,가야면,합천,2385,2026.0,54.4,53.3,52.1,51.0,49.9,48.8,47.0,54.4,경상남도,합천군,가야면,2385,2026.0,255.0,315.0,0.0,240.0,255.0,245.0,260.0,255.0,경상남도,합천군,가야면,2385,2026.0,0.0,0.0,115.0,115.0,115.0,115.0,370.0,0.0,0.0,경상남도,합천군,2385,8.0,6.0,0.0,2.0,15.0,10.0,0.0,5.0
전남광주통합특별시,해남군,화산면,해남,2687,2026.0,92.1,90.7,89.4,88.1,86.9,85.7,84.5,92.1,전남광주통합특별시,해남군,마산면,2687,2026.0,0.0,0.0,0.0,0.0,0.0,0.0,0.0,0.0,전남광주통합특별시,해남군,마산면,2687,2026.0,0.0,0.0,0.0,0.0,0.0,0.0,0.0,0.0,242.0238,전남광주통합특별시,해남군,2687,13.0,7.0,6.0,0.0,26.0,19.0,1.0,6.0
충청남도,서산시,고북면,해미,S530,2026.0,113.7,112.4,111.2,109.9,108.7,107.5,106.3,113.7,충청남도,서산시,고북면,S530,2026.0,405.0,825.0,810.0,900.0,865.0,645.0,655.0,405.0,충청남도,서산시,고북면,S530,2026.0,0.0,0.0,0.0,0.0,0.0,0.0,0.0,0.0,0.0,충청남도,서산시,S530,8.0,2.0,4.0,2.0,27.0,9.0,2.0,16.0
경기도,화성시,정남면,향남,D467,2026.0,0.0,0.0,0.0,0.0,0.0,0.0,0.0,0.0,경기도,화성시,정남면,D467,2026.0,0.0,0.0,0.0,0.0,0.0,0.0,0.0,0.0,경기도,화성시,정남면,D467,2026.0,590.0,590.0,590.0,590.0,595.0,595.0,1030.0,590.0,0.0,경기도,화성시,D467,8.0,4.0,0.0,4.0,26.0,19.0,2.0,5.0
경기도,평택시,현덕면,현덕(건설중),E331,2026.0,0.0,0.0,0.0,0.0,0.0,0.0,0.0,0.0,경기도,평택시,현덕면,E331,2026.0,0.0,0.0,0.0,0.0,0.0,0.0,0.0,0.0,경기도,평택시,현덕면,E331,2026.0,0.0,0.0,0.0,0.0,0.0,1255.0,1270.0,0.0,0.0,,,,,,,,,,,
서울특별시,서대문구,홍제동,현저,2027,2026.0,0.0,0.0,0.0,0.0,0.0,0.0,0.0,0.0,서울특별시,서대문구,북아현동,2027,2026.0,0.0,0.0,0.0,0.0,0.0,0.0,0.0,0.0,경기도,남양주시,수석동,2027,2026.0,460.0,495.0,565.0,565.0,580.0,585.0,585.0,460.0,0.0,,,,,,,,,,,
서울특별시,서대문구,홍제동,현저,2027,2026.0,0.0,0.0,0.0,0.0,0.0,0.0,0.0,0.0,서울특별시,서대문구,북아현동,2027,2026.0,0.0,0.0,0.0,0.0,0.0,0.0,0.0,0.0,서울특별시,서대문구,북아현동,2027,2026.0,460.0,495.0,565.0,565.0,580.0,585.0,585.0,460.0,0.0,,,,,,,,,,,
서울특별시,서대문구,홍제동,현저,2027,2026.0,0.0,0.0,0.0,0.0,0.0,0.0,0.0,0.0,경기도,남양주시,수석동,2027,2026.0,0.0,0.0,0.0,0.0,0.0,0.0,0.0,0.0,경기도,남양주시,수석동,2027,2026.0,460.0,495.0,565.0,565.0,580.0,585.0,585.0,460.0,0.0,,,,,,,,,,,
서울특별시,서대문구,홍제동,현저,2027,2026.0,0.0,0.0,0.0,0.0,0.0,0.0,0.0,0.0,경기도,남양주시,수석동,2027,2026.0,0.0,0.0,0.0,0.0,0.0,0.0,0.0,0.0,서울특별시,서대문구,북아현동,2027,2026.0,460.0,495.0,565.0,565.0,580.0,585.0,585.0,460.0,0.0,,,,,,,,,,,
경기도,남양주시,오남읍,현저,2027,2026.0,0.0,0.0,0.0,0.0,0.0,0.0,0.0,0.0,서울특별시,서대문구,북아현동,2027,2026.0,0.0,0.0,0.0,0.0,0.0,0.0,0.0,0.0,경기도,남양주시,수석동,2027,2026.0,460.0,495.0,565.0,565.0,580.0,585.0,585.0,460.0,0.0,,,,,,,,,,,
경기도,남양주시,오남읍,현저,2027,2026.0,0.0,0.0,0.0,0.0,0.0,0.0,0.0,0.0,서울특별시,서대문구,북아현동,2027,2026.0,0.0,0.0,0.0,0.0,0.0,0.0,0.0,0.0,서울특별시,서대문구,북아현동,2027,2026.0,460.0,495.0,565.0,565.0,580.0,585.0,585.0,460.0,0.0,,,,,,,,,,,
경기도,남양주시,오남읍,현저,2027,2026.0,0.0,0.0,0.0,0.0,0.0,0.0,0.0,0.0,경기도,남양주시,수석동,2027,2026.0,0.0,0.0,0.0,0.0,0.0,0.0,0.0,0.0,경기도,남양주시,수석동,2027,2026.0,460.0,495.0,565.0,565.0,580.0,585.0,585.0,460.0,0.0,,,,,,,,,,,
경기도,남양주시,오남읍,현저,2027,2026.0,0.0,0.0,0.0,0.0,0.0,0.0,0.0,0.0,경기도,남양주시,수석동,2027,2026.0,0.0,0.0,0.0,0.0,0.0,0.0,0.0,0.0,서울특별시,서대문구,북아현동,2027,2026.0,460.0,495.0,565.0,565.0,580.0,585.0,585.0,460.0,0.0,,,,,,,,,,,
대구광역시,달성군,유가읍,현풍(SA),D457,2026.0,76.7,60.3,0.0,0.0,0.0,0.0,0.0,76.7,대구광역시,달성군,현풍읍,D457,2026.0,615.0,530.0,0.0,0.0,0.0,0.0,0.0,615.0,대구광역시,달성군,현풍읍,D457,2026.0,1165.0,1170.0,1680.0,1800.0,1820.0,1850.0,1880.0,1165.0,0.0,대구광역시,달성군,D457,8.0,4.0,0.0,4.0,14.0,8.0,0.0,6.0
,,,호남T/P(삭제예정),,,,,,,,,,,,,,,,,,,,,,,,전남광주통합특별시,여수시,월내동,S613,2026.0,0.0,0.0,0.0,0.0,0.0,0.0,0.0,0.0,105.0,,,,,,,,,,,
경기도,수원시권선구,호매실동,호매실,D330,2026.0,0.0,0.0,0.0,0.0,0.0,0.0,0.0,0.0,경기도,수원시권선구,고색동,D330,2026.0,0.0,0.0,0.0,0.0,0.0,0.0,0.0,0.0,경기도,수원시권선구,고색동,D330,2026.0,595.0,595.0,595.0,595.0,605.0,610.0,1440.0,595.0,0.0,경기도,수원시권선구,D330,7.0,2.0,4.0,1.0,26.0,21.0,2.0,3.0
경기도,고양시일산서구,법곳동,호수,D553,2026.0,0.0,0.0,0.0,0.0,0.0,0.0,0.0,0.0,경기도,고양시일산서구,법곳동,D553,2026.0,0.0,0.0,0.0,0.0,0.0,0.0,0.0,0.0,경기도,고양시일산서구,법곳동,D553,2026.0,510.0,515.0,800.0,800.0,800.0,840.0,850.0,510.0,0.0,경기도,고양시일산서구,D553,12.0,6.0,0.0,6.0,26.0,20.0,6.0,0.0
부산광역시,북구,금곡동,호포,2792,2026.0,0.0,0.0,0.0,0.0,0.0,35.0,0.0,0.0,부산광역시,북구,금곡동,2792,2026.0,0.0,0.0,0.0,0.0,0.0,35.0,0.0,0.0,경상남도,양산시,동면,2792,2026.0,755.0,755.0,755.0,1035.0,1035.0,1035.0,1035.0,755.0,0.0,경상남도,양산시,2792,8.0,5.0,1.0,2.0,19.0,15.0,1.0,3.0
부산광역시,북구,금곡동,호포,2792,2026.0,0.0,0.0,0.0,0.0,0.0,35.0,0.0,0.0,부산광역시,북구,금곡동,2792,2026.0,0.0,0.0,0.0,0.0,0.0,35.0,0.0,0.0,경상남도,양산시,동면,2792,2026.0,755.0,755.0,755.0,1035.0,1035.0,1035.0,1035.0,755.0,0.0,부산광역시,북구,2792,8.0,5.0,1.0,2.0,19.0,15.0,1.0,3.0
부산광역시,북구,금곡동,호포,2792,2026.0,0.0,0.0,0.0,0.0,0.0,35.0,0.0,0.0,부산광역시,북구,금곡동,2792,2026.0,0.0,0.0,0.0,0.0,0.0,35.0,0.0,0.0,부산광역시,북구,금곡동,2792,2026.0,755.0,755.0,755.0,1035.0,1035.0,1035.0,1035.0,755.0,0.0,경상남도,양산시,2792,8.0,5.0,1.0,2.0,19.0,15.0,1.0,3.0
부산광역시,북구,금곡동,호포,2792,2026.0,0.0,0.0,0.0,0.0,0.0,35.0,0.0,0.0,부산광역시,북구,금곡동,2792,2026.0,0.0,0.0,0.0,0.0,0.0,35.0,0.0,0.0,부산광역시,북구,금곡동,2792,2026.0,755.0,755.0,755.0,1035.0,1035.0,1035.0,1035.0,755.0,0.0,부산광역시,북구,2792,8.0,5.0,1.0,2.0,19.0,15.0,1.0,3.0
부산광역시,북구,금곡동,호포,2792,2026.0,0.0,0.0,0.0,0.0,0.0,35.0,0.0,0.0,경상남도,양산시,동면,2792,2026.0,0.0,0.0,0.0,0.0,0.0,35.0,0.0,0.0,경상남도,양산시,동면,2792,2026.0,755.0,755.0,755.0,1035.0,1035.0,1035.0,1035.0,755.0,0.0,경상남도,양산시,2792,8.0,5.0,1.0,2.0,19.0,15.0,1.0,3.0
부산광역시,북구,금곡동,호포,2792,2026.0,0.0,0.0,0.0,0.0,0.0,35.0,0.0,0.0,경상남도,양산시,동면,2792,2026.0,0.0,0.0,0.0,0.0,0.0,35.0,0.0,0.0,경상남도,양산시,동면,2792,2026.0,755.0,755.0,755.0,1035.0,1035.0,1035.0,1035.0,755.0,0.0,부산광역시,북구,2792,8.0,5.0,1.0,2.0,19.0,15.0,1.0,3.0
부산광역시,북구,금곡동,호포,2792,2026.0,0.0,0.0,0.0,0.0,0.0,35.0,0.0,0.0,경상남도,양산시,동면,2792,2026.0,0.0,0.0,0.0,0.0,0.0,35.0,0.0,0.0,부산광역시,북구,금곡동,2792,2026.0,755.0,755.0,755.0,1035.0,1035.0,1035.0,1035.0,755.0,0.0,경상남도,양산시,2792,8.0,5.0,1.0,2.0,19.0,15.0,1.0,3.0
부산광역시,북구,금곡동,호포,2792,2026.0,0.0,0.0,0.0,0.0,0.0,35.0,0.0,0.0,경상남도,양산시,동면,2792,2026.0,0.0,0.0,0.0,0.0,0.0,35.0,0.0,0.0,부산광역시,북구,금곡동,2792,2026.0,755.0,755.0,755.0,1035.0,1035.0,1035.0,1035.0,755.0,0.0,부산광역시,북구,2792,8.0,5.0,1.0,2.0,19.0,15.0,1.0,3.0
경상남도,양산시,동면,호포,2792,2026.0,0.0,0.0,0.0,0.0,0.0,35.0,0.0,0.0,부산광역시,북구,금곡동,2792,2026.0,0.0,0.0,0.0,0.0,0.0,35.0,0.0,0.0,경상남도,양산시,동면,2792,2026.0,755.0,755.0,755.0,1035.0,1035.0,1035.0,1035.0,755.0,0.0,경상남도,양산시,2792,8.0,5.0,1.0,2.0,19.0,15.0,1.0,3.0
경상남도,양산시,동면,호포,2792,2026.0,0.0,0.0,0.0,0.0,0.0,35.0,0.0,0.0,부산광역시,북구,금곡동,2792,2026.0,0.0,0.0,0.0,0.0,0.0,35.0,0.0,0.0,경상남도,양산시,동면,2792,2026.0,755.0,755.0,755.0,1035.0,1035.0,1035.0,1035.0,755.0,0.0,부산광역시,북구,2792,8.0,5.0,1.0,2.0,19.0,15.0,1.0,3.0
경상남도,양산시,동면,호포,2792,2026.0,0.0,0.0,0.0,0.0,0.0,35.0,0.0,0.0,부산광역시,북구,금곡동,2792,2026.0,0.0,0.0,0.0,0.0,0.0,35.0,0.0,0.0,부산광역시,북구,금곡동,2792,2026.0,755.0,755.0,755.0,1035.0,1035.0,1035.0,1035.0,755.0,0.0,경상남도,양산시,2792,8.0,5.0,1.0,2.0,19.0,15.0,1.0,3.0
경상남도,양산시,동면,호포,2792,2026.0,0.0,0.0,0.0,0.0,0.0,35.0,0.0,0.0,부산광역시,북구,금곡동,2792,2026.0,0.0,0.0,0.0,0.0,0.0,35.0,0.0,0.0,부산광역시,북구,금곡동,2792,2026.0,755.0,755.0,755.0,1035.0,1035.0,1035.0,1035.0,755.0,0.0,부산광역시,북구,2792,8.0,5.0,1.0,2.0,19.0,15.0,1.0,3.0
경상남도,양산시,동면,호포,2792,2026.0,0.0,0.0,0.0,0.0,0.0,35.0,0.0,0.0,경상남도,양산시,동면,2792,2026.0,0.0,0.0,0.0,0.0,0.0,35.0,0.0,0.0,경상남도,양산시,동면,2792,2026.0,755.0,755.0,755.0,1035.0,1035.0,1035.0,1035.0,755.0,0.0,경상남도,양산시,2792,8.0,5.0,1.0,2.0,19.0,15.0,1.0,3.0
경상남도,양산시,동면,호포,2792,2026.0,0.0,0.0,0.0,0.0,0.0,35.0,0.0,0.0,경상남도,양산시,동면,2792,2026.0,0.0,0.0,0.0,0.0,0.0,35.0,0.0,0.0,경상남도,양산시,동면,2792,2026.0,755.0,755.0,755.0,1035.0,1035.0,1035.0,1035.0,755.0,0.0,부산광역시,북구,2792,8.0,5.0,1.0,2.0,19.0,15.0,1.0,3.0
경상남도,양산시,동면,호포,2792,2026.0,0.0,0.0,0.0,0.0,0.0,35.0,0.0,0.0,경상남도,양산시,동면,2792,2026.0,0.0,0.0,0.0,0.0,0.0,35.0,0.0,0.0,부산광역시,북구,금곡동,2792,2026.0,755.0,755.0,755.0,1035.0,1035.0,1035.0,1035.0,755.0,0.0,경상남도,양산시,2792,8.0,5.0,1.0,2.0,19.0,15.0,1.0,3.0
경상남도,양산시,동면,호포,2792,2026.0,0.0,0.0,0.0,0.0,0.0,35.0,0.0,0.0,경상남도,양산시,동면,2792,2026.0,0.0,0.0,0.0,0.0,0.0,35.0,0.0,0.0,부산광역시,북구,금곡동,2792,2026.0,755.0,755.0,755.0,1035.0,1035.0,1035.0,1035.0,755.0,0.0,부산광역시,북구,2792,8.0,5.0,1.0,2.0,19.0,15.0,1.0,3.0
전남광주통합특별시,영광군,홍농읍,홍농,S615,2026.0,0.0,0.0,0.0,0.0,0.0,0.0,0.0,0.0,전남광주통합특별시,영광군,법성면,S615,2026.0,0.0,0.0,0.0,0.0,0.0,0.0,0.0,0.0,전남광주통합특별시,영광군,법성면,S615,2026.0,0.0,0.0,0.0,0.0,0.0,0.0,0.0,0.0,12.9,전남광주통합특별시,영광군,S615,4.0,4.0,0.0,0.0,8.0,7.0,1.0,0.0
충청남도,홍성군,갈산면,홍성,2489,2026.0,17.9,8.1,4.4,7.1,2.7,0.0,0.0,17.9,충청남도,홍성군,갈산면,2489,2026.0,505.0,610.0,620.0,570.0,500.0,515.0,430.0,505.0,충청남도,홍성군,갈산면,2489,2026.0,0.0,0.0,0.0,0.0,0.0,0.0,0.0,0.0,0.0,충청남도,홍성군,2489,12.0,8.0,2.0,2.0,25.0,20.0,1.0,4.0
강원특별자치도,홍천군,남면,홍천,4257,2026.0,38.4,36.3,34.1,32.0,29.9,27.8,25.6,38.4,강원특별자치도,홍천군,남면,4257,2026.0,0.0,0.0,0.0,0.0,0.0,0.0,0.0,0.0,강원특별자치도,홍천군,남면,4257,2026.0,0.0,0.0,0.0,0.0,0.0,0.0,0.0,0.0,0.0,강원특별자치도,홍천군,4257,8.0,8.0,0.0,0.0,26.0,20.0,0.0,6.0
서울특별시,서울특별시강서구,내발산동,화곡,2171,2026.0,0.0,0.0,0.0,0.0,0.0,0.0,0.0,0.0,서울특별시,마포구,공항동,2171,2026.0,0.0,0.0,0.0,0.0,0.0,0.0,0.0,0.0,서울특별시,마포구,공항동,2171,2026.0,0.0,0.0,0.0,0.0,0.0,0.0,0.0,0.0,0.0,서울특별시,강서구,2171,11.0,8.0,3.0,0.0,29.0,29.0,0.0,0.0
서울특별시,서울특별시강서구,내발산동,화곡,2171,2026.0,0.0,0.0,0.0,0.0,0.0,0.0,0.0,0.0,서울특별시,마포구,공항동,2171,2026.0,0.0,0.0,0.0,0.0,0.0,0.0,0.0,0.0,서울특별시,마포구,공항동,2171,2026.0,0.0,0.0,0.0,0.0,0.0,0.0,0.0,0.0,0.0,서울특별시,마포구,2171,11.0,8.0,3.0,0.0,29.0,29.0,0.0,0.0
경상북도,상주시,내서면,화동,E321,2026.0,0.0,0.0,0.0,0.0,0.0,142.5,142.2,0.0,경상북도,상주시,내서면,E321,2026.0,0.0,0.0,0.0,0.0,0.0,400.0,365.0,0.0,경상북도,상주시,내서면,E321,2026.0,0.0,0.0,0.0,0.0,0.0,320.0,325.0,0.0,0.0,,,,,,,,,,,
경기도,화성시만세구,팔탄면,화성,2780,2026.0,0.0,0.0,0.0,0.0,0.0,0.0,0.0,0.0,경기도,화성시,새솔동,2780,2026.0,0.0,0.0,0.0,0.0,0.0,250.0,250.0,0.0,경기도,화성시,새솔동,2780,2026.0,1755.0,1755.0,1755.0,2235.0,2235.0,2235.0,2235.0,1755.0,0.0,경기도,화성시,2780,10.0,10.0,0.0,0.0,16.0,16.0,0.0,0.0
경기도,화성시만세구,팔탄면,화성,2780,2026.0,0.0,0.0,0.0,0.0,0.0,0.0,0.0,0.0,경기도,화성시,새솔동,2780,2026.0,0.0,0.0,0.0,0.0,0.0,250.0,250.0,0.0,경기도,화성시,새솔동,2780,2026.0,1755.0,1755.0,1755.0,2235.0,2235.0,2235.0,2235.0,1755.0,0.0,경기도,화성시만세구,2780,10.0,10.0,0.0,0.0,16.0,16.0,0.0,0.0
전남광주통합특별시,화순군,동면,화순,2683,2026.0,0.0,82.2,80.8,79.4,0.0,0.0,75.3,0.0,전남광주통합특별시,화순군,남면,2683,2026.0,0.0,650.0,650.0,585.0,0.0,0.0,315.0,0.0,전남광주통합특별시,화순군,남면,2683,2026.0,0.0,0.0,0.0,0.0,0.0,0.0,0.0,0.0,2.997,전남광주통합특별시,화순군,2683,12.0,6.0,5.0,1.0,26.0,20.0,0.0,6.0
서울특별시,광진구,중곡동,화양,2072,2026.0,0.0,0.0,0.0,0.0,0.0,0.0,0.0,0.0,서울특별시,광진구,중곡동,2072,2026.0,0.0,0.0,0.0,0.0,0.0,0.0,0.0,0.0,서울특별시,광진구,중곡동,2072,2026.0,965.0,970.0,970.0,970.0,970.0,970.0,970.0,965.0,0.0,서울특별시,광진구,2072,8.0,8.0,0.0,0.0,30.0,28.0,0.0,2.0
전남광주통합특별시,해남군,황산면,화원,S637,2026.0,85.1,69.0,54.5,38.3,22.2,6.0,4.1,85.1,전남광주통합특별시,해남군,문내면,S637,2026.0,0.0,0.0,0.0,0.0,0.0,0.0,0.0,0.0,전남광주통합특별시,해남군,문내면,S637,2026.0,0.0,0.0,0.0,0.0,0.0,0.0,0.0,0.0,83.9542,전남광주통합특별시,해남군,S637,11.0,10.0,1.0,0.0,19.0,13.0,0.0,6.0
전남광주통합특별시,서구,농성동,화정,S624,2026.0,0.0,16.9,15.6,10.6,0.0,0.0,0.0,0.0,전남광주통합특별시,서구,광천동,S624,2026.0,0.0,165.0,160.0,155.0,0.0,0.0,175.0,0.0,전남광주통합특별시,서구,광천동,S624,2026.0,0.0,0.0,0.0,0.0,0.0,0.0,0.0,0.0,0.0,전남광주통합특별시,서구,S624,8.0,4.0,1.0,3.0,19.0,11.0,0.0,8.0
강원특별자치도,화천군,간동면,화천,S430,2026.0,49.8,48.7,47.6,46.5,45.5,44.4,43.3,49.8,강원특별자치도,화천군,간동면,S430,2026.0,225.0,250.0,255.0,255.0,270.0,275.0,290.0,225.0,강원특별자치도,화천군,간동면,S430,2026.0,0.0,0.0,0.0,0.0,225.0,610.0,890.0,0.0,0.0,강원특별자치도,화천군,S430,6.0,4.0,2.0,0.0,23.0,10.0,0.0,13.0
강원특별자치도,화천군,상서면,화천#2(건설중),E828,2026.0,0.0,0.0,0.0,0.0,0.0,165.6,165.6,0.0,강원특별자치도,화천군,상서면,E828,2026.0,0.0,0.0,0.0,0.0,0.0,875.0,855.0,0.0,강원특별자치도,화천군,상서면,E828,2026.0,0.0,0.0,0.0,0.0,0.0,295.0,500.0,0.0,0.0,,,,,,,,,,,
,,,화천H/P,,,,,,,,,,,,,,,,,,,,,,,,강원특별자치도,화천군,간동면,S415,2026.0,0.0,0.0,0.0,0.0,0.0,0.0,0.0,0.0,0.0,,,,,,,,,,,
전남광주통합특별시,여수시,화치동,화치,S627,2026.0,0.0,0.0,0.0,0.0,0.0,0.0,0.0,0.0,전남광주통합특별시,여수시,소라면,S627,2026.0,0.0,0.0,0.0,0.0,0.0,0.0,0.0,0.0,전남광주통합특별시,여수시,소라면,S627,2026.0,0.0,0.0,0.0,0.0,0.0,0.0,0.0,0.0,490.0,전남광주통합특별시,여수시,S627,15.0,14.0,1.0,0.0,19.0,10.0,6.0,3.0
경기도,양주시,산북동,회천,E328,2026.0,0.0,0.0,0.0,0.0,0.0,0.0,55.2,0.0,경기도,남양주시,진접읍,E328,2026.0,0.0,0.0,0.0,0.0,0.0,0.0,325.0,0.0,경기도,남양주시,진접읍,E328,2026.0,0.0,0.0,0.0,0.0,1190.0,1195.0,1205.0,0.0,0.0,,,,,,,,,,,
강원특별자치도,강릉시,왕산면,횡계,2821,2026.0,113.0,112.3,111.7,111.0,110.4,109.7,109.1,113.0,강원특별자치도,강릉시,왕산면,2821,2026.0,220.0,305.0,270.0,265.0,345.0,320.0,315.0,220.0,강원특별자치도,강릉시,왕산면,2821,2026.0,0.0,0.0,0.0,0.0,165.0,220.0,225.0,0.0,9.68,강원특별자치도,강릉시,2821,8.0,6.0,1.0,1.0,28.0,16.0,5.0,7.0
강원특별자치도,강릉시,왕산면,횡계,2821,2026.0,113.0,112.3,111.7,111.0,110.4,109.7,109.1,113.0,강원특별자치도,강릉시,왕산면,2821,2026.0,220.0,305.0,270.0,265.0,345.0,320.0,315.0,220.0,강원특별자치도,강릉시,왕산면,2821,2026.0,0.0,0.0,0.0,0.0,165.0,220.0,225.0,0.0,9.68,강원특별자치도,평창군,2821,8.0,6.0,1.0,1.0,28.0,16.0,5.0,7.0
강원특별자치도,원주시,횡성읍,횡성,2783,2026.0,47.2,45.1,43.1,41.1,39.1,37.0,35.0,47.2,강원특별자치도,원주시,횡성읍,2783,2026.0,0.0,0.0,0.0,0.0,0.0,0.0,0.0,0.0,강원특별자치도,원주시,횡성읍,2783,2026.0,0.0,0.0,0.0,0.0,0.0,0.0,0.0,0.0,0.0,,,,,,,,,,,
대구광역시,수성구,이천동,효목,2790,2026.0,37.2,35.8,34.4,33.0,31.7,30.3,29.0,37.2,대구광역시,동구,검사동,2790,2026.0,450.0,320.0,420.0,405.0,390.0,385.0,160.0,450.0,대구광역시,동구,검사동,2790,2026.0,495.0,765.0,765.0,765.0,765.0,765.0,765.0,495.0,0.0,,,,,,,,,,,
울산광역시,북구,명촌동,효문,2840,2026.0,0.0,0.0,0.0,0.0,10.1,9.2,8.2,0.0,울산광역시,북구,명촌동,2840,2026.0,0.0,0.0,0.0,0.0,135.0,240.0,415.0,0.0,울산광역시,북구,명촌동,2840,2026.0,0.0,0.0,0.0,0.0,0.0,0.0,0.0,0.0,19.8,울산광역시,북구,2840,8.0,4.0,3.0,1.0,25.0,23.0,0.0,2.0
울산광역시,북구,명촌동,효문,2840,2026.0,0.0,0.0,0.0,0.0,10.1,9.2,8.2,0.0,울산광역시,북구,명촌동,2840,2026.0,0.0,0.0,0.0,0.0,135.0,240.0,415.0,0.0,울산광역시,북구,명촌동,2840,2026.0,0.0,0.0,0.0,0.0,0.0,0.0,0.0,0.0,19.8,울산광역시,중구,2840,8.0,4.0,3.0,1.0,25.0,23.0,0.0,2.0
서울특별시,동대문구,휘경동,휘경,2641,2026.0,7.7,3.9,2.6,5.0,10.0,0.0,0.0,7.7,서울특별시,동대문구,이문동,2641,2026.0,80.0,65.0,65.0,5.0,10.0,0.0,0.0,80.0,서울특별시,동대문구,이문동,2641,2026.0,685.0,685.0,685.0,685.0,685.0,685.0,685.0,685.0,0.0,서울특별시,동대문구,2641,8.0,6.0,0.0,2.0,29.0,25.0,0.0,4.0
전남광주통합특별시,광산구,흑석동,흑석,S628,2026.0,0.0,0.0,0.0,0.0,0.0,0.0,0.0,0.0,전남광주통합특별시,광산구,도천동,S628,2026.0,130.0,210.0,210.0,405.0,370.0,310.0,0.0,130.0,전남광주통합특별시,광산구,도천동,S628,2026.0,0.0,0.0,0.0,0.0,0.0,0.0,0.0,0.0,0.0,전남광주통합특별시,광산구,S628,8.0,6.0,0.0,2.0,26.0,26.0,0.0,0.0
경기도,용인시기흥구,영덕동,흥덕,S344,2026.0,0.0,0.0,0.0,0.0,0.0,0.0,0.0,0.0,경기도,용인시기흥구,영덕동,S344,2026.0,0.0,0.0,0.0,0.0,0.0,0.0,0.0,0.0,경기도,용인시기흥구,영덕동,S344,2026.0,440.0,440.0,440.0,440.0,440.0,440.0,960.0,440.0,0.0,경기도,용인시기흥구,S344,12.0,2.0,3.0,7.0,29.0,21.0,0.0,8.0
서울특별시,종로구,창신동,흥인,2023,2026.0,0.0,0.0,0.0,0.0,0.0,0.0,0.0,0.0,서울특별시,종로구,창신동,2023,2026.0,80.0,65.0,65.0,5.0,10.0,0.0,0.0,80.0,서울특별시,종로구,창신동,2023,2026.0,530.0,530.0,530.0,530.0,530.0,530.0,530.0,530.0,0.0,서울특별시,종로구,2023,4.0,2.0,0.0,2.0,16.0,14.0,0.0,2.0
경상북도,포항시남구,흥해읍,흥해,D386,2026.0,65.3,45.0,49.2,43.8,38.7,32.3,24.7,65.3,경상북도,포항시남구,흥해읍,D386,2026.0,140.0,45.0,530.0,455.0,610.0,700.0,680.0,140.0,경상북도,포항시남구,흥해읍,D386,2026.0,1095.0,1095.0,1590.0,1600.0,1650.0,1700.0,1700.0,1095.0,0.0,경상북도,포항시남구,D386,15.0,11.0,3.0,1.0,18.0,16.0,2.0,0.0
경상북도,포항시남구,흥해읍,흥해,D386,2026.0,65.3,45.0,49.2,43.8,38.7,32.3,24.7,65.3,경상북도,포항시남구,흥해읍,D386,2026.0,140.0,45.0,530.0,455.0,610.0,700.0,680.0,140.0,경상북도,포항시남구,흥해읍,D386,2026.0,1095.0,1095.0,1590.0,1600.0,1650.0,1700.0,1700.0,1095.0,0.0,경상북도,포항시북구,D386,15.0,11.0,3.0,1.0,18.0,16.0,2.0,0.0
경기도,평택시,포승읍,희곡,D472,2026.0,0.0,0.0,0.0,0.0,0.0,0.0,0.0,0.0,경기도,평택시,고덕면,D472,2026.0,0.0,0.0,0.0,0.0,0.0,0.0,0.0,0.0,경기도,평택시,고덕면,D472,2026.0,1255.0,1255.0,1300.0,1315.0,1335.0,1355.0,1365.0,1255.0,0.0,,,,,,,,,,,
