emd_full_cd,region_cd,sido_cd,sido_nm,sgg_cd,sgg_nm,emd_cd,emd_nm,sup229_n_sub,sup229_y2026_sum,sup229_y2026_max,sup229_y2027_sum,sup229_y2027_max,sup229_y2028_sum,sup229_y2028_max,sup229_y2029_sum,sup229_y2029_max,sup229_y2030_sum,sup229_y2030_max,sup229_y2031_sum,sup229_y2031_max,sup229_y2032_sum,sup229_y2032_max,sup229_min_cpct_sum,sup229_min_cpct_max,sup154_n_sub,sup154_y2026_sum,sup154_y2026_max,sup154_y2027_sum,sup154_y2027_max,sup154_y2028_sum,sup154_y2028_max,sup154_y2029_sum,sup154_y2029_max,sup154_y2030_sum,sup154_y2030_max,sup154_y2031_sum,sup154_y2031_max,sup154_y2032_sum,sup154_y2032_max,sup154_min_cpct_sum,sup154_min_cpct_max,renw_n_sub,renw_y2026_sum,renw_y2026_max,renw_y2027_sum,renw_y2027_max,renw_y2028_sum,renw_y2028_max,renw_y2029_sum,renw_y2029_max,renw_y2030_sum,renw_y2030_max,renw_y2031_sum,renw_y2031_max,renw_y2032_sum,renw_y2032_max,renw_min_cpct_sum,renw_min_cpct_max,renw_sixyr_cpct_sum,renw_sixyr_cpct_max,cbr_n_sub,cbr_b229_total_sum,cbr_b229_total_max,cbr_b229_use_sum,cbr_b229_use_max,cbr_b229_subs_sum,cbr_b229_subs_max,cbr_b229_futu_sum,cbr_b229_futu_max,cbr_b154_total_sum,cbr_b154_total_max,cbr_b154_use_sum,cbr_b154_use_max,cbr_b154_subs_sum,cbr_b154_subs_max,cbr_b154_futu_sum,cbr_b154_futu_max
11110110,11110,11,서울특별시,110,종로구,110,와룡동,1,6.4,6.4,6.4,6.4,6.3,6.3,6.2,6.2,6.1,6.1,6.1,6.1,6.0,6.0,6.4,6.4,1,0.0,0.0,0.0,0.0,0.0,0.0,0.0,0.0,0.0,0.0,0.0,0.0,0.0,0.0,0.0,0.0,1,480.0,480.0,480.0,480.0,480.0,480.0,480.0,480.0,480.0,480.0,480.0,480.0,480.0,480.0,480.0,480.0,0.0,0.0,1,16,16,14,14,0,0,2,2,5,5,5,5,-1,-1,1,1
11110119,11110,11,서울특별시,110,종로구,119,세종로,1,0.0,0.0,0.0,0.0,0.0,0.0,0.0,0.0,0.0,0.0,0.0,0.0,0.0,0.0,0.0,0.0,1,0.0,0.0,0.0,0.0,0.0,0.0,0.0,0.0,0.0,0.0,0.0,0.0,0.0,0.0,0.0,0.0,1,620.0,620.0,620.0,620.0,620.0,620.0,620.0,620.0,625.0,625.0,625.0,625.0,625.0,625.0,620.0,620.0,0.0,0.0,1,32,32,28,28,0,0,4,4,5,5,5,5,0,0,0,0
11110133,11110,11,서울특별시,110,종로구,133,정릉동,1,9.4,9.4,8.1,8.1,6.8,6.8,5.6,5.6,4.4,4.4,3.2,3.2,2.1,2.1,9.4,9.4,1,75.0,75.0,75.0,75.0,70.0,70.0,70.0,70.0,70.0,70.0,0.0,0.0,0.0,0.0,75.0,75.0,0,0.0,0.0,0.0,0.0,0.0,0.0,0.0,0.0,0.0,0.0,0.0,0.0,0.0,0.0,0.0,0.0,0.0,0.0,1,25,25,23,23,0,0,2,2,8,8,4,4,0,0,4,4
11110150,11110,11,서울특별시,110,종로구,150,훈정동,1,3.3,3.3,3.1,3.1,0.0,0.0,0.0,0.0,0.0,0.0,0.0,0.0,0.0,0.0,3.3,3.3,1,80.0,80.0,65.0,65.0,65.0,65.0,5.0,5.0,10.0,10.0,0.0,0.0,0.0,0.0,80.0,80.0,0,0.0,0.0,0.0,0.0,0.0,0.0,0.0,0.0,0.0,0.0,0.0,0.0,0.0,0.0,0.0,0.0,0.0,0.0,1,23,23,21,21,0,0,2,2,4,4,3,3,0,0,1,1
11110166,11110,11,서울특별시,110,종로구,166,연건동,1,0.0,0.0,0.0,0.0,0.0,0.0,0.0,0.0,0.0,0.0,0.0,0.0,0.0,0.0,0.0,0.0,1,0.0,0.0,0.0,0.0,0.0,0.0,0.0,0.0,0.0,0.0,0.0,0.0,0.0,0.0,0.0,0.0,0,0.0,0.0,0.0,0.0,0.0,0.0,0.0,0.0,0.0,0.0,0.0,0.0,0.0,0.0,0.0,0.0,0.0,0.0,0,0,0,0,0,0,0,0,0,0,0,0,0,0,0,0,0
11110168,11110,11,서울특별시,110,종로구,168,동숭동,0,0.0,0.0,0.0,0.0,0.0,0.0,0.0,0.0,0.0,0.0,0.0,0.0,0.0,0.0,0.0,0.0,0,0.0,0.0,0.0,0.0,0.0,0.0,0.0,0.0,0.0,0.0,0.0,0.0,0.0,0.0,0.0,0.0,1,480.0,480.0,480.0,480.0,480.0,480.0,480.0,480.0,480.0,480.0,480.0,480.0,480.0,480.0,480.0,480.0,0.0,0.0,1,27,27,25,25,0,0,2,2,6,6,6,6,0,0,0,0
11110174,11110,11,서울특별시,110,종로구,174,창신동,1,0.0,0.0,0.0,0.0,0.0,0.0,0.0,0.0,0.0,0.0,0.0,0.0,0.0,0.0,0.0,0.0,1,80.0,80.0,65.0,65.0,65.0,65.0,5.0,5.0,10.0,10.0,0.0,0.0,0.0,0.0,80.0,80.0,1,530.0,530.0,530.0,530.0,530.0,530.0,530.0,530.0,530.0,530.0,530.0,530.0,530.0,530.0,530.0,530.0,0.0,0.0,2,16,16,14,14,0,0,2,2,22,18,16,14,0,0,6,4
11110175,11110,11,서울특별시,110,종로구,175,,0,0.0,0.0,0.0,0.0,0.0,0.0,0.0,0.0,0.0,0.0,0.0,0.0,0.0,0.0,0.0,0.0,0,0.0,0.0,0.0,0.0,0.0,0.0,0.0,0.0,0.0,0.0,0.0,0.0,0.0,0.0,0.0,0.0,0,0.0,0.0,0.0,0.0,0.0,0.0,0.0,0.0,0.0,0.0,0.0,0.0,0.0,0.0,0.0,0.0,0.0,0.0,1,14,14,12,12,0,0,2,2,18,18,10,10,-1,-1,9,9
11110182,11110,11,서울특별시,110,종로구,182,구기동,0,0.0,0.0,0.0,0.0,0.0,0.0,0.0,0.0,0.0,0.0,0.0,0.0,0.0,0.0,0.0,0.0,0,0.0,0.0,0.0,0.0,0.0,0.0,0.0,0.0,0.0,0.0,0.0,0.0,0.0,0.0,0.0,0.0,1,620.0,620.0,620.0,620.0,620.0,620.0,620.0,620.0,620.0,620.0,620.0,620.0,620.0,620.0,620.0,620.0,0.0,0.0,2,46,31,38,25,0,0,8,6,16,8,13,7,-3,0,6,5
11110183,11110,11,서울특별시,110,종로구,183,평창동,1,0.0,0.0,0.0,0.0,0.0,0.0,0.0,0.0,0.0,0.0,0.0,0.0,0.0,0.0,0.0,0.0,1,0.0,0.0,0.0,0.0,0.0,0.0,0.0,0.0,0.0,0.0,0.0,0.0,0.0,0.0,0.0,0.0,0,0.0,0.0,0.0,0.0,0.0,0.0,0.0,0.0,0.0,0.0,0.0,0.0,0.0,0.0,0.0,0.0,0.0,0.0,0,0,0,0,0,0,0,0,0,0,0,0,0,0,0,0,0
11140102,11140,11,서울특별시,140,중구,102,하왕십리동,0,0.0,0.0,0.0,0.0,0.0,0.0,0.0,0.0,0.0,0.0,0.0,0.0,0.0,0.0,0.0,0.0,0,0.0,0.0,0.0,0.0,0.0,0.0,0.0,0.0,0.0,0.0,0.0,0.0,0.0,0.0,0.0,0.0,1,1490.0,1490.0,1490.0,1490.0,1490.0,1490.0,1490.0,1490.0,1490.0,1490.0,1490.0,1490.0,1490.0,1490.0,1490.0,1490.0,0.0,0.0,0,0,0,0,0,0,0,0,0,0,0,0,0,0,0,0,0
11140107,11140,11,서울특별시,140,중구,107,신당동,1,0.0,0.0,0.0,0.0,0.0,0.0,0.0,0.0,0.0,0.0,0.0,0.0,0.0,0.0,0.0,0.0,1,0.0,0.0,0.0,0.0,0.0,0.0,0.0,0.0,0.0,0.0,0.0,0.0,0.0,0.0,0.0,0.0,1,1105.0,1105.0,1105.0,1105.0,1105.0,1105.0,1105.0,1105.0,1105.0,1105.0,1105.0,1105.0,1105.0,1105.0,1105.0,1105.0,0.0,0.0,0,0,0,0,0,0,0,0,0,0,0,0,0,0,0,0,0
11140119,11140,11,서울특별시,140,중구,119,정동,0,0.0,0.0,0.0,0.0,0.0,0.0,0.0,0.0,0.0,0.0,0.0,0.0,0.0,0.0,0.0,0.0,0,0.0,0.0,0.0,0.0,0.0,0.0,0.0,0.0,0.0,0.0,0.0,0.0,0.0,0.0,0.0,0.0,1,595.0,595.0,595.0,595.0,595.0,595.0,595.0,595.0,595.0,595.0,595.0,595.0,595.0,595.0,595.0,595.0,0.0,0.0,1,29,29,24,24,1,1,4,4,8,8,7,7,0,0,1,1
11140121,11140,11,서울특별시,140,중구,121,회현동1가,1,0.0,0.0,0.0,0.0,0.0,0.0,0.0,0.0,0.0,0.0,0.0,0.0,0.0,0.0,0.0,0.0,1,0.0,0.0,0.0,0.0,0.0,0.0,0.0,0.0,0.0,0.0,0.0,0.0,0.0,0.0,0.0,0.0,0,0.0,0.0,0.0,0.0,0.0,0.0,0.0,0.0,0.0,0.0,0.0,0.0,0.0,0.0,0.0,0.0,0.0,0.0,0,0,0,0,0,0,0,0,0,0,0,0,0,0,0,0,0
11140142,11140,11,서울특별시,140,중구,142,예장동,1,16.6,16.6,16.4,16.4,16.2,16.2,16.1,16.1,0.0,0.0,0.0,0.0,0.0,0.0,16.6,16.6,1,80.0,80.0,60.0,60.0,65.0,65.0,5.0,5.0,10.0,10.0,0.0,0.0,0.0,0.0,80.0,80.0,1,885.0,885.0,885.0,885.0,885.0,885.0,885.0,885.0,885.0,885.0,885.0,885.0,885.0,885.0,885.0,885.0,0.0,0.0,1,20,20,20,20,0,0,0,0,3,3,3,3,0,0,0,0
11140144,11140,11,서울특별시,140,중구,144,장충동2가,1,80.0,80.0,60.0,60.0,65.0,65.0,5.0,5.0,0.0,0.0,0.0,0.0,0.0,0.0,80.0,80.0,1,80.0,80.0,60.0,60.0,65.0,65.0,5.0,5.0,10.0,10.0,0.0,0.0,0.0,0.0,80.0,80.0,0,0.0,0.0,0.0,0.0,0.0,0.0,0.0,0.0,0.0,0.0,0.0,0.0,0.0,0.0,0.0,0.0,0.0,0.0,0,0,0,0,0,0,0,0,0,0,0,0,0,0,0,0,0
11140148,11140,11,서울특별시,140,중구,148,을지로6가,0,0.0,0.0,0.0,0.0,0.0,0.0,0.0,0.0,0.0,0.0,0.0,0.0,0.0,0.0,0.0,0.0,0,0.0,0.0,0.0,0.0,0.0,0.0,0.0,0.0,0.0,0.0,0.0,0.0,0.0,0.0,0.0,0.0,1,825.0,825.0,825.0,825.0,825.0,825.0,825.0,825.0,825.0,825.0,825.0,825.0,825.0,825.0,825.0,825.0,0.0,0.0,1,28,28,10,10,1,1,17,17,8,8,4,4,0,0,4,4
11140155,11140,11,서울특별시,140,중구,155,을지로3가,0,0.0,0.0,0.0,0.0,0.0,0.0,0.0,0.0,0.0,0.0,0.0,0.0,0.0,0.0,0.0,0.0,0,0.0,0.0,0.0,0.0,0.0,0.0,0.0,0.0,0.0,0.0,0.0,0.0,0.0,0.0,0.0,0.0,1,990.0,990.0,990.0,990.0,990.0,990.0,990.0,990.0,990.0,990.0,990.0,990.0,990.0,990.0,990.0,990.0,0.0,0.0,1,23,23,21,21,0,0,2,2,4,4,3,3,0,0,1,1
11140161,11140,11,서울특별시,140,중구,161,,0,0.0,0.0,0.0,0.0,0.0,0.0,0.0,0.0,0.0,0.0,0.0,0.0,0.0,0.0,0.0,0.0,0,0.0,0.0,0.0,0.0,0.0,0.0,0.0,0.0,0.0,0.0,0.0,0.0,0.0,0.0,0.0,0.0,0,0.0,0.0,0.0,0.0,0.0,0.0,0.0,0.0,0.0,0.0,0.0,0.0,0.0,0.0,0.0,0.0,0.0,0.0,1,0,0,0,0,0,0,0,0,18,18,14,14,0,0,4,4
11140166,11140,11,서울특별시,140,중구,166,서소문동,1,22.8,22.8,22.5,22.5,22.3,22.3,22.1,22.1,0.0,0.0,0.0,0.0,0.0,0.0,22.8,22.8,1,0.0,0.0,0.0,0.0,0.0,0.0,0.0,0.0,0.0,0.0,0.0,0.0,0.0,0.0,0.0,0.0,0,0.0,0.0,0.0,0.0,0.0,0.0,0.0,0.0,0.0,0.0,0.0,0.0,0.0,0.0,0.0,0.0,0.0,0.0,0,0,0,0,0,0,0,0,0,0,0,0,0,0,0,0,0
11140171,11140,11,서울특별시,140,중구,171,중림동,0,0.0,0.0,0.0,0.0,0.0,0.0,0.0,0.0,0.0,0.0,0.0,0.0,0.0,0.0,0.0,0.0,0,0.0,0.0,0.0,0.0,0.0,0.0,0.0,0.0,0.0,0.0,0.0,0.0,0.0,0.0,0.0,0.0,1,685.0,685.0,685.0,685.0,685.0,685.0,760.0,760.0,760.0,760.0,760.0,760.0,765.0,765.0,685.0,685.0,0.0,0.0,1,30,30,24,24,0,0,6,6,7,7,4,4,1,1,2,2
11140173,11140,11,서울특별시,140,중구,173,만리동1가,0,0.0,0.0,0.0,0.0,0.0,0.0,0.0,0.0,0.0,0.0,0.0,0.0,0.0,0.0,0.0,0.0,0,0.0,0.0,0.0,0.0,0.0,0.0,0.0,0.0,0.0,0.0,0.0,0.0,0.0,0.0,0.0,0.0,1,515.0,515.0,540.0,540.0,755.0,755.0,790.0,790.0,1030.0,1030.0,1155.0,1155.0,1575.0,1575.0,515.0,515.0,0.0,0.0,1,14,14,12,12,0,0,2,2,18,18,10,10,-1,-1,9,9
11170101,11170,11,서울특별시,170,용산구,101,후암동,1,0.0,0.0,0.0,0.0,0.0,0.0,0.0,0.0,0.0,0.0,0.0,0.0,0.0,0.0,0.0,0.0,1,45.0,45.0,20.0,20.0,0.0,0.0,0.0,0.0,0.0,0.0,0.0,0.0,0.0,0.0,45.0,45.0,0,0.0,0.0,0.0,0.0,0.0,0.0,0.0,0.0,0.0,0.0,0.0,0.0,0.0,0.0,0.0,0.0,0.0,0.0,1,0,0,0,0,0,0,0,0,18,18,14,14,0,0,4,4
11170104,11170,11,서울특별시,170,용산구,104,도화동,1,0.0,0.0,1.5,1.5,0.1,0.1,0.0,0.0,0.0,0.0,0.0,0.0,0.0,0.0,0.0,0.0,1,0.0,0.0,0.0,0.0,0.0,0.0,0.0,0.0,0.0,0.0,0.0,0.0,0.0,0.0,0.0,0.0,0,0.0,0.0,0.0,0.0,0.0,0.0,0.0,0.0,0.0,0.0,0.0,0.0,0.0,0.0,0.0,0.0,0.0,0.0,2,37,23,32,20,0,0,5,3,25,18,13,10,2,3,10,9
11170107,11170,11,서울특별시,170,용산구,107,동자동,2,0.0,0.0,0.0,0.0,0.0,0.0,0.0,0.0,0.0,0.0,0.0,0.0,0.0,0.0,0.0,0.0,2,0.0,0.0,0.0,0.0,0.0,0.0,0.0,0.0,0.0,0.0,0.0,0.0,1090.0,545.0,0.0,0.0,0,0.0,0.0,0.0,0.0,0.0,0.0,0.0,0.0,0.0,0.0,0.0,0.0,0.0,0.0,0.0,0.0,0.0,0.0,0,0,0,0,0,0,0,0,0,0,0,0,0,0,0,0,0
11170110,11170,11,서울특별시,170,용산구,110,청파동2가,1,0.0,0.0,0.0,0.0,0.0,0.0,0.0,0.0,0.0,0.0,0.0,0.0,0.0,0.0,0.0,0.0,1,0.0,0.0,0.0,0.0,0.0,0.0,0.0,0.0,0.0,0.0,0.0,0.0,0.0,0.0,0.0,0.0,0,0.0,0.0,0.0,0.0,0.0,0.0,0.0,0.0,0.0,0.0,0.0,0.0,0.0,0.0,0.0,0.0,0.0,0.0,1,22,22,9,9,3,3,10,10,4,4,2,2,2,2,0,0
11170112,11170,11,서울특별시,170,용산구,112,원효로1가,0,0.0,0.0,0.0,0.0,0.0,0.0,0.0,0.0,0.0,0.0,0.0,0.0,0.0,0.0,0.0,0.0,0,0.0,0.0,0.0,0.0,0.0,0.0,0.0,0.0,0.0,0.0,0.0,0.0,0.0,0.0,0.0,0.0,1,85.0,85.0,85.0,85.0,85.0,85.0,85.0,85.0,85.0,85.0,480.0,480.0,590.0,590.0,85.0,85.0,0.0,0.0,1,31,31,28,28,0,0,3,3,7,7,5,5,1,1,1,1
11170125,11170,11,서울특별시,170,용산구,125,한강로2가,1,0.0,0.0,0.0,0.0,0.0,0.0,0.0,0.0,0.0,0.0,0.0,0.0,0.0,0.0,0.0,0.0,1,0.0,0.0,0.0,0.0,0.0,0.0,0.0,0.0,0.0,0.0,0.0,0.0,0.0,0.0,0.0,0.0,0,0.0,0.0,0.0,0.0,0.0,0.0,0.0,0.0,0.0,0.0,0.0,0.0,0.0,0.0,0.0,0.0,0.0,0.0,0,0,0,0,0,0,0,0,0,0,0,0,0,0,0,0,0
11170128,11170,11,서울특별시,170,용산구,128,한강로3가,1,0.0,0.0,0.0,0.0,0.0,0.0,0.0,0.0,0.0,0.0,0.0,0.0,0.0,0.0,0.0,0.0,1,0.0,0.0,0.0,0.0,0.0,0.0,0.0,0.0,0.0,0.0,0.0,0.0,0.0,0.0,0.0,0.0,0,0.0,0.0,0.0,0.0,0.0,0.0,0.0,0.0,0.0,0.0,0.0,0.0,0.0,0.0,0.0,0.0,0.0,0.0,0,0,0,0,0,0,0,0,0,0,0,0,0,0,0,0,0
11170130,11170,11,서울특별시,170,용산구,130,,0,0.0,0.0,0.0,0.0,0.0,0.0,0.0,0.0,0.0,0.0,0.0,0.0,0.0,0.0,0.0,0.0,0,0.0,0.0,0.0,0.0,0.0,0.0,0.0,0.0,0.0,0.0,0.0,0.0,0.0,0.0,0.0,0.0,0,0.0,0.0,0.0,0.0,0.0,0.0,0.0,0.0,0.0,0.0,0.0,0.0,0.0,0.0,0.0,0.0,0.0,0.0,1,30,30,20,20,0,0,10,10,8,8,2,2,2,2,4,4
11170131,11170,11,서울특별시,170,용산구,131,한남동,0,0.0,0.0,0.0,0.0,0.0,0.0,0.0,0.0,0.0,0.0,0.0,0.0,0.0,0.0,0.0,0.0,0,0.0,0.0,0.0,0.0,0.0,0.0,0.0,0.0,0.0,0.0,0.0,0.0,0.0,0.0,0.0,0.0,2,0.0,0.0,0.0,0.0,0.0,0.0,0.0,0.0,0.0,0.0,1000.0,500.0,1330.0,665.0,0.0,0.0,0.0,0.0,0,0,0,0,0,0,0,0,0,0,0,0,0,0,0,0,0
11170133,11170,11,서울특별시,170,용산구,133,서빙고동,0,0.0,0.0,0.0,0.0,0.0,0.0,0.0,0.0,0.0,0.0,0.0,0.0,0.0,0.0,0.0,0.0,0,0.0,0.0,0.0,0.0,0.0,0.0,0.0,0.0,0.0,0.0,0.0,0.0,0.0,0.0,0.0,0.0,1,315.0,315.0,315.0,315.0,315.0,315.0,315.0,315.0,315.0,315.0,315.0,315.0,315.0,315.0,315.0,315.0,0.0,0.0,1,16,16,14,14,2,2,0,0,8,8,5,5,0,0,3,3
11200101,11200,11,서울특별시,200,성동구,101,,0,0.0,0.0,0.0,0.0,0.0,0.0,0.0,0.0,0.0,0.0,0.0,0.0,0.0,0.0,0.0,0.0,0,0.0,0.0,0.0,0.0,0.0,0.0,0.0,0.0,0.0,0.0,0.0,0.0,0.0,0.0,0.0,0.0,0,0.0,0.0,0.0,0.0,0.0,0.0,0.0,0.0,0.0,0.0,0.0,0.0,0.0,0.0,0.0,0.0,0.0,0.0,1,0,0,0,0,0,0,0,0,18,18,14,14,0,0,4,4
11200107,11200,11,서울특별시,200,성동구,107,행당동,1,49.5,49.5,49.3,49.3,49.1,49.1,48.9,48.9,0.0,0.0,0.0,0.0,0.0,0.0,49.5,49.5,1,80.0,80.0,65.0,65.0,65.0,65.0,5.0,5.0,10.0,10.0,0.0,0.0,0.0,0.0,80.0,80.0,0,0.0,0.0,0.0,0.0,0.0,0.0,0.0,0.0,0.0,0.0,0.0,0.0,0.0,0.0,0.0,0.0,0.0,0.0,0,0,0,0,0,0,0,0,0,0,0,0,0,0,0,0,0
11200109,11200,11,서울특별시,200,성동구,109,금호동1가,0,0.0,0.0,0.0,0.0,0.0,0.0,0.0,0.0,0.0,0.0,0.0,0.0,0.0,0.0,0.0,0.0,0,0.0,0.0,0.0,0.0,0.0,0.0,0.0,0.0,0.0,0.0,0.0,0.0,0.0,0.0,0.0,0.0,1,550.0,550.0,550.0,550.0,550.0,550.0,550.0,550.0,550.0,550.0,550.0,550.0,550.0,550.0,550.0,550.0,0.0,0.0,1,30,30,23,23,0,0,7,7,8,8,3,3,4,4,1,1
11200113,11200,11,서울특별시,200,성동구,113,옥수동,0,0.0,0.0,0.0,0.0,0.0,0.0,0.0,0.0,0.0,0.0,0.0,0.0,0.0,0.0,0.0,0.0,0,0.0,0.0,0.0,0.0,0.0,0.0,0.0,0.0,0.0,0.0,0.0,0.0,0.0,0.0,0.0,0.0,1,1005.0,1005.0,1005.0,1005.0,1005.0,1005.0,1005.0,1005.0,1005.0,1005.0,1005.0,1005.0,1005.0,1005.0,1005.0,1005.0,0.0,0.0,1,30,30,20,20,0,0,10,10,8,8,2,2,2,2,4,4
11200114,11200,11,서울특별시,200,성동구,114,송정동,1,1.5,1.5,0.0,0.0,0.0,0.0,0.0,0.0,0.0,0.0,0.0,0.0,0.0,0.0,1.5,1.5,1,30.0,30.0,30.0,30.0,25.0,25.0,15.0,15.0,15.0,15.0,10.0,10.0,10.0,10.0,30.0,30.0,2,705.0,355.0,705.0,355.0,735.0,380.0,735.0,380.0,735.0,380.0,745.0,385.0,745.0,385.0,705.0,355.0,0.0,0.0,2,63,34,41,29,4,4,18,13,14,8,8,4,0,0,6,4
11200115,11200,11,서울특별시,200,성동구,115,성수동2가,1,83.9,83.9,72.2,72.2,71.5,71.5,70.9,70.9,70.2,70.2,69.6,69.6,65.0,65.0,83.9,83.9,1,125.0,125.0,110.0,110.0,90.0,90.0,70.0,70.0,70.0,70.0,70.0,70.0,65.0,65.0,125.0,125.0,0,0.0,0.0,0.0,0.0,0.0,0.0,0.0,0.0,0.0,0.0,0.0,0.0,0.0,0.0,0.0,0.0,0.0,0.0,0,0,0,0,0,0,0,0,0,0,0,0,0,0,0,0,0
11200122,11200,11,서울특별시,200,성동구,122,용답동,2,47.1,39.4,43.0,39.1,40.699999999999996,38.9,1.6,1.6,1.5,1.5,1.3,1.3,1.2,1.2,47.1,39.4,2,80.0,80.0,65.0,65.0,65.0,65.0,5.0,5.0,10.0,10.0,0.0,0.0,0.0,0.0,80.0,80.0,1,465.0,465.0,465.0,465.0,490.0,490.0,490.0,490.0,490.0,490.0,490.0,490.0,490.0,490.0,465.0,465.0,0.0,0.0,0,0,0,0,0,0,0,0,0,0,0,0,0,0,0,0,0
11215101,11215,11,서울특별시,215,광진구,101,중곡동,1,0.0,0.0,0.0,0.0,0.0,0.0,0.0,0.0,0.0,0.0,0.0,0.0,0.0,0.0,0.0,0.0,1,0.0,0.0,0.0,0.0,0.0,0.0,0.0,0.0,0.0,0.0,0.0,0.0,0.0,0.0,0.0,0.0,1,965.0,965.0,970.0,970.0,970.0,970.0,970.0,970.0,970.0,970.0,970.0,970.0,970.0,970.0,965.0,965.0,0.0,0.0,1,30,30,28,28,0,0,2,2,8,8,8,8,0,0,0,0
11215104,11215,11,서울특별시,215,광진구,104,광장동,1,20.4,20.4,19.6,19.6,18.9,18.9,18.2,18.2,17.5,17.5,16.8,16.8,16.2,16.2,20.4,20.4,1,0.0,0.0,0.0,0.0,0.0,0.0,0.0,0.0,0.0,0.0,0.0,0.0,0.0,0.0,0.0,0.0,1,200.0,200.0,200.0,200.0,205.0,205.0,220.0,220.0,225.0,225.0,225.0,225.0,225.0,225.0,200.0,200.0,0.0,0.0,1,23,23,21,21,0,0,2,2,6,6,6,6,0,0,0,0
11215105,11215,11,서울특별시,215,광진구,105,자양동,0,0.0,0.0,0.0,0.0,0.0,0.0,0.0,0.0,0.0,0.0,0.0,0.0,0.0,0.0,0.0,0.0,0,0.0,0.0,0.0,0.0,0.0,0.0,0.0,0.0,0.0,0.0,0.0,0.0,0.0,0.0,0.0,0.0,1,355.0,355.0,1950.0,1950.0,2105.0,2105.0,2105.0,2105.0,2260.0,2260.0,2260.0,2260.0,2280.0,2280.0,355.0,355.0,0.0,0.0,1,19,19,7,7,0,0,12,12,13,13,9,9,0,0,4,4
11215107,11215,11,서울특별시,215,광진구,107,,0,0.0,0.0,0.0,0.0,0.0,0.0,0.0,0.0,0.0,0.0,0.0,0.0,0.0,0.0,0.0,0.0,0,0.0,0.0,0.0,0.0,0.0,0.0,0.0,0.0,0.0,0.0,0.0,0.0,0.0,0.0,0.0,0.0,0,0.0,0.0,0.0,0.0,0.0,0.0,0.0,0.0,0.0,0.0,0.0,0.0,0.0,0.0,0.0,0.0,0.0,0.0,1,0,0,0,0,0,0,0,0,18,18,14,14,0,0,4,4
11215111,11215,11,서울특별시,215,광진구,111,자양동,1,0.0,0.0,0.0,0.0,0.0,0.0,0.0,0.0,0.0,0.0,0.0,0.0,0.0,0.0,0.0,0.0,1,0.0,0.0,0.0,0.0,0.0,0.0,0.0,0.0,0.0,0.0,0.0,0.0,0.0,0.0,0.0,0.0,1,0.0,0.0,0.0,0.0,315.0,315.0,315.0,315.0,315.0,315.0,315.0,315.0,315.0,315.0,0.0,0.0,0.0,0.0,1,29,29,15,15,0,0,14,14,8,8,4,4,0,0,4,4
11230101,11230,11,서울특별시,230,동대문구,101,,0,0.0,0.0,0.0,0.0,0.0,0.0,0.0,0.0,0.0,0.0,0.0,0.0,0.0,0.0,0.0,0.0,0,0.0,0.0,0.0,0.0,0.0,0.0,0.0,0.0,0.0,0.0,0.0,0.0,0.0,0.0,0.0,0.0,0,0.0,0.0,0.0,0.0,0.0,0.0,0.0,0.0,0.0,0.0,0.0,0.0,0.0,0.0,0.0,0.0,0.0,0.0,1,0,0,0,0,0,0,0,0,12,12,8,8,4,4,0,0
11230103,11230,11,서울특별시,230,동대문구,103,제기동,1,80.0,80.0,65.0,65.0,65.0,65.0,5.0,5.0,0.0,0.0,0.0,0.0,0.0,0.0,80.0,80.0,1,80.0,80.0,65.0,65.0,65.0,65.0,5.0,5.0,10.0,10.0,0.0,0.0,0.0,0.0,80.0,80.0,0,0.0,0.0,0.0,0.0,0.0,0.0,0.0,0.0,0.0,0.0,0.0,0.0,0.0,0.0,0.0,0.0,0.0,0.0,0,0,0,0,0,0,0,0,0,0,0,0,0,0,0,0,0
11230105,11230,11,서울특별시,230,동대문구,105,답십리동,0,0.0,0.0,0.0,0.0,0.0,0.0,0.0,0.0,0.0,0.0,0.0,0.0,0.0,0.0,0.0,0.0,0,0.0,0.0,0.0,0.0,0.0,0.0,0.0,0.0,0.0,0.0,0.0,0.0,0.0,0.0,0.0,0.0,1,425.0,425.0,425.0,425.0,425.0,425.0,425.0,425.0,425.0,425.0,425.0,425.0,425.0,425.0,425.0,425.0,0.0,0.0,1,30,30,8,8,1,1,21,21,8,8,4,4,0,0,4,4
11230107,11230,11,서울특별시,230,동대문구,107,청량리동,0,0.0,0.0,0.0,0.0,0.0,0.0,0.0,0.0,0.0,0.0,0.0,0.0,0.0,0.0,0.0,0.0,0,0.0,0.0,0.0,0.0,0.0,0.0,0.0,0.0,0.0,0.0,0.0,0.0,0.0,0.0,0.0,0.0,1,320.0,320.0,320.0,320.0,320.0,320.0,320.0,320.0,320.0,320.0,320.0,320.0,320.0,320.0,320.0,320.0,0.0,0.0,1,18,18,18,18,0,0,0,0,4,4,3,3,0,0,1,1
11230109,11230,11,서울특별시,230,동대문구,109,휘경동,1,7.7,7.7,3.9,3.9,2.6,2.6,5.0,5.0,10.0,10.0,0.0,0.0,0.0,0.0,7.7,7.7,1,80.0,80.0,65.0,65.0,65.0,65.0,5.0,5.0,10.0,10.0,0.0,0.0,0.0,0.0,80.0,80.0,0,0.0,0.0,0.0,0.0,0.0,0.0,0.0,0.0,0.0,0.0,0.0,0.0,0.0,0.0,0.0,0.0,0.0,0.0,0,0,0,0,0,0,0,0,0,0,0,0,0,0,0,0,0
11230110,11230,11,서울특별시,230,동대문구,110,이문동,0,0.0,0.0,0.0,0.0,0.0,0.0,0.0,0.0,0.0,0.0,0.0,0.0,0.0,0.0,0.0,0.0,0,0.0,0.0,0.0,0.0,0.0,0.0,0.0,0.0,0.0,0.0,0.0,0.0,0.0,0.0,0.0,0.0,2,2950.0,2265.0,2950.0,2265.0,2950.0,2265.0,2950.0,2265.0,2950.0,2265.0,2950.0,2265.0,2970.0,2285.0,2950.0,2265.0,0.0,0.0,2,29,29,25,25,0,0,4,4,26,18,20,14,0,0,6,4
11260101,11260,11,서울특별시,260,중랑구,101,면목동,0,0.0,0.0,0.0,0.0,0.0,0.0,0.0,0.0,0.0,0.0,0.0,0.0,0.0,0.0,0.0,0.0,0,0.0,0.0,0.0,0.0,0.0,0.0,0.0,0.0,0.0,0.0,0.0,0.0,0.0,0.0,0.0,0.0,1,0.0,0.0,0.0,0.0,785.0,785.0,815.0,815.0,985.0,985.0,990.0,990.0,990.0,990.0,0.0,0.0,0.0,0.0,0,0,0,0,0,0,0,0,0,0,0,0,0,0,0,0,0
11260103,11260,11,서울특별시,260,중랑구,103,중화동,1,91.9,91.9,91.3,91.3,90.7,90.7,90.1,90.1,86.4,86.4,85.9,85.9,85.4,85.4,91.9,91.9,1,205.0,205.0,170.0,170.0,290.0,290.0,255.0,255.0,260.0,260.0,260.0,260.0,245.0,245.0,205.0,205.0,0,0.0,0.0,0.0,0.0,0.0,0.0,0.0,0.0,0.0,0.0,0.0,0.0,0.0,0.0,0.0,0.0,0.0,0.0,0,0,0,0,0,0,0,0,0,0,0,0,0,0,0,0,0
11260105,11260,11,서울특별시,260,중랑구,105,망우동,0,0.0,0.0,0.0,0.0,0.0,0.0,0.0,0.0,0.0,0.0,0.0,0.0,0.0,0.0,0.0,0.0,0,0.0,0.0,0.0,0.0,0.0,0.0,0.0,0.0,0.0,0.0,0.0,0.0,0.0,0.0,0.0,0.0,2,2570.0,1300.0,2535.0,1270.0,2540.0,1275.0,2550.0,1285.0,2560.0,1295.0,2560.0,1295.0,2560.0,1295.0,2570.0,1300.0,0.0,0.0,2,57,30,38,28,0,0,19,17,16,8,13,7,1,1,2,1
11260106,11260,11,서울특별시,260,중랑구,106,신내동,1,11.7,11.7,10.1,10.1,8.3,8.3,7.2,7.2,6.0,6.0,4.9,4.9,3.9,3.9,11.7,11.7,1,210.0,210.0,170.0,170.0,255.0,255.0,225.0,225.0,230.0,230.0,230.0,230.0,215.0,215.0,210.0,210.0,0,0.0,0.0,0.0,0.0,0.0,0.0,0.0,0.0,0.0,0.0,0.0,0.0,0.0,0.0,0.0,0.0,0.0,0.0,0,0,0,0,0,0,0,0,0,0,0,0,0,0,0,0,0
11290101,11290,11,서울특별시,290,성북구,101,성북동,0,0.0,0.0,0.0,0.0,0.0,0.0,0.0,0.0,0.0,0.0,0.0,0.0,0.0,0.0,0.0,0.0,0,0.0,0.0,0.0,0.0,0.0,0.0,0.0,0.0,0.0,0.0,0.0,0.0,0.0,0.0,0.0,0.0,1,0.0,0.0,0.0,0.0,0.0,0.0,0.0,0.0,0.0,0.0,0.0,0.0,0.0,0.0,0.0,0.0,0.0,0.0,1,0,0,0,0,0,0,0,0,12,12,8,8,4,4,0,0
11290102,11290,11,서울특별시,290,성북구,102,성북동,1,68.1,68.1,67.3,67.3,66.5,66.5,65.7,65.7,65.0,65.0,0.0,0.0,0.0,0.0,68.1,68.1,1,135.0,135.0,145.0,145.0,100.0,100.0,90.0,90.0,95.0,95.0,0.0,0.0,0.0,0.0,135.0,135.0,0,0.0,0.0,0.0,0.0,0.0,0.0,0.0,0.0,0.0,0.0,0.0,0.0,0.0,0.0,0.0,0.0,0.0,0.0,0,0,0,0,0,0,0,0,0,0,0,0,0,0,0,0,0
11290103,11290,11,서울특별시,290,성북구,103,돈암동,0,0.0,0.0,0.0,0.0,0.0,0.0,0.0,0.0,0.0,0.0,0.0,0.0,0.0,0.0,0.0,0.0,0,0.0,0.0,0.0,0.0,0.0,0.0,0.0,0.0,0.0,0.0,0.0,0.0,0.0,0.0,0.0,0.0,1,0.0,0.0,0.0,0.0,0.0,0.0,0.0,0.0,0.0,0.0,0.0,0.0,0.0,0.0,0.0,0.0,0.0,0.0,1,28,28,14,14,0,0,14,14,8,8,3,3,0,0,5,5
11290121,11290,11,서울특별시,290,성북구,121,,0,0.0,0.0,0.0,0.0,0.0,0.0,0.0,0.0,0.0,0.0,0.0,0.0,0.0,0.0,0.0,0.0,0,0.0,0.0,0.0,0.0,0.0,0.0,0.0,0.0,0.0,0.0,0.0,0.0,0.0,0.0,0.0,0.0,0,0.0,0.0,0.0,0.0,0.0,0.0,0.0,0.0,0.0,0.0,0.0,0.0,0.0,0.0,0.0,0.0,0.0,0.0,1,0,0,0,0,0,0,0,0,18,18,14,14,0,0,4,4
11290125,11290,11,서울특별시,290,성북구,125,안암동5가,1,38.2,38.2,37.1,37.1,36.1,36.1,31.3,31.3,30.3,30.3,0.0,0.0,0.0,0.0,38.2,38.2,1,0.0,0.0,0.0,0.0,0.0,0.0,0.0,0.0,0.0,0.0,0.0,0.0,0.0,0.0,0.0,0.0,1,0.0,0.0,0.0,0.0,0.0,0.0,0.0,0.0,0.0,0.0,0.0,0.0,0.0,0.0,0.0,0.0,0.0,0.0,1,31,31,21,21,0,0,10,10,8,8,8,8,0,0,0,0
11290129,11290,11,서울특별시,290,성북구,129,보문동7가,0,0.0,0.0,0.0,0.0,0.0,0.0,0.0,0.0,0.0,0.0,0.0,0.0,0.0,0.0,0.0,0.0,0,0.0,0.0,0.0,0.0,0.0,0.0,0.0,0.0,0.0,0.0,0.0,0.0,0.0,0.0,0.0,0.0,1,0.0,0.0,0.0,0.0,0.0,0.0,0.0,0.0,0.0,0.0,0.0,0.0,0.0,0.0,0.0,0.0,0.0,0.0,0,0,0,0,0,0,0,0,0,0,0,0,0,0,0,0,0
11290134,11290,11,서울특별시,290,성북구,134,,0,0.0,0.0,0.0,0.0,0.0,0.0,0.0,0.0,0.0,0.0,0.0,0.0,0.0,0.0,0.0,0.0,0,0.0,0.0,0.0,0.0,0.0,0.0,0.0,0.0,0.0,0.0,0.0,0.0,0.0,0.0,0.0,0.0,0,0.0,0.0,0.0,0.0,0.0,0.0,0.0,0.0,0.0,0.0,0.0,0.0,0.0,0.0,0.0,0.0,0.0,0.0,1,25,25,23,23,0,0,2,2,8,8,4,4,0,0,4,4
11290135,11290,11,서울특별시,290,성북구,135,종암동,1,0.0,0.0,0.0,0.0,0.0,0.0,0.0,0.0,0.0,0.0,0.0,0.0,0.0,0.0,0.0,0.0,1,80.0,80.0,65.0,65.0,65.0,65.0,5.0,5.0,10.0,10.0,0.0,0.0,0.0,0.0,80.0,80.0,0,0.0,0.0,0.0,0.0,0.0,0.0,0.0,0.0,0.0,0.0,0.0,0.0,0.0,0.0,0.0,0.0,0.0,0.0,1,18,18,18,18,0,0,0,0,4,4,3,3,0,0,1,1
11290138,11290,11,서울특별시,290,성북구,138,장위동,1,0.0,0.0,80.0,80.0,35.0,35.0,30.0,30.0,30.0,30.0,0.0,0.0,0.0,0.0,0.0,0.0,1,0.0,0.0,80.0,80.0,35.0,35.0,30.0,30.0,30.0,30.0,0.0,0.0,0.0,0.0,0.0,0.0,0,0.0,0.0,0.0,0.0,0.0,0.0,0.0,0.0,0.0,0.0,0.0,0.0,0.0,0.0,0.0,0.0,0.0,0.0,0,0,0,0,0,0,0,0,0,0,0,0,0,0,0,0,0
11305101,11305,11,서울특별시,305,강북구,101,미아동,0,0.0,0.0,0.0,0.0,0.0,0.0,0.0,0.0,0.0,0.0,0.0,0.0,0.0,0.0,0.0,0.0,0,0.0,0.0,0.0,0.0,0.0,0.0,0.0,0.0,0.0,0.0,0.0,0.0,0.0,0.0,0.0,0.0,1,0.0,0.0,0.0,0.0,0.0,0.0,0.0,0.0,0.0,0.0,0.0,0.0,0.0,0.0,0.0,0.0,0.0,0.0,2,25,25,23,23,0,0,2,2,20,12,12,8,4,4,4,4
11305102,11305,11,서울특별시,305,강북구,102,,0,0.0,0.0,0.0,0.0,0.0,0.0,0.0,0.0,0.0,0.0,0.0,0.0,0.0,0.0,0.0,0.0,0,0.0,0.0,0.0,0.0,0.0,0.0,0.0,0.0,0.0,0.0,0.0,0.0,0.0,0.0,0.0,0.0,0,0.0,0.0,0.0,0.0,0.0,0.0,0.0,0.0,0.0,0.0,0.0,0.0,0.0,0.0,0.0,0.0,0.0,0.0,1,20,20,16,16,1,1,3,3,6,6,5,5,0,0,1,1
11305103,11305,11,서울특별시,305,강북구,103,수유동,1,152.8,152.8,152.7,152.7,152.6,152.6,152.5,152.5,152.4,152.4,0.0,0.0,0.0,0.0,152.8,152.8,1,185.0,185.0,180.0,180.0,175.0,175.0,160.0,160.0,160.0,160.0,0.0,0.0,0.0,0.0,185.0,185.0,1,0.0,0.0,0.0,0.0,0.0,0.0,0.0,0.0,0.0,0.0,0.0,0.0,0.0,0.0,0.0,0.0,0.0,0.0,1,30,30,5,5,0,0,25,25,8,8,2,2,2,2,4,4
11320103,11320,11,서울특별시,320,도봉구,103,창동,1,2.9,2.9,1.5,1.5,0.0,0.0,0.0,0.0,0.0,0.0,0.0,0.0,0.0,0.0,2.9,2.9,1,185.0,185.0,180.0,180.0,175.0,175.0,160.0,160.0,160.0,160.0,0.0,0.0,0.0,0.0,185.0,185.0,0,0.0,0.0,0.0,0.0,0.0,0.0,0.0,0.0,0.0,0.0,0.0,0.0,0.0,0.0,0.0,0.0,0.0,0.0,0,0,0,0,0,0,0,0,0,0,0,0,0,0,0,0,0
11320105,11320,11,서울특별시,320,도봉구,105,쌍문동,0,0.0,0.0,0.0,0.0,0.0,0.0,0.0,0.0,0.0,0.0,0.0,0.0,0.0,0.0,0.0,0.0,0,0.0,0.0,0.0,0.0,0.0,0.0,0.0,0.0,0.0,0.0,0.0,0.0,0.0,0.0,0.0,0.0,1,0.0,0.0,0.0,0.0,0.0,0.0,0.0,0.0,0.0,0.0,0.0,0.0,0.0,0.0,0.0,0.0,0.0,0.0,2,31,31,26,26,0,0,5,5,20,12,14,8,4,4,2,2
11320106,11320,11,서울특별시,320,도봉구,106,방학동,1,9.2,9.2,7.9,7.9,6.7,6.7,5.4,5.4,4.3,4.3,3.1,3.1,2.0,2.0,9.2,9.2,1,415.0,415.0,440.0,440.0,440.0,440.0,135.0,135.0,200.0,200.0,0.0,0.0,0.0,0.0,415.0,415.0,1,0.0,0.0,0.0,0.0,0.0,0.0,0.0,0.0,0.0,0.0,0.0,0.0,0.0,0.0,0.0,0.0,0.0,0.0,1,28,28,22,22,0,0,6,6,8,8,7,7,0,0,1,1
11320108,11320,11,서울특별시,320,도봉구,108,도봉동,1,126.9,126.9,126.6,126.6,126.3,126.3,120.0,120.0,125.7,125.7,0.0,0.0,0.0,0.0,126.9,126.9,1,455.0,455.0,415.0,415.0,450.0,450.0,120.0,120.0,180.0,180.0,0.0,0.0,0.0,0.0,455.0,455.0,1,0.0,0.0,0.0,0.0,0.0,0.0,0.0,0.0,0.0,0.0,0.0,0.0,0.0,0.0,0.0,0.0,0.0,0.0,1,28,28,5,5,0,0,23,23,8,8,4,4,0,0,4,4
11350102,11350,11,서울특별시,350,노원구,102,,0,0.0,0.0,0.0,0.0,0.0,0.0,0.0,0.0,0.0,0.0,0.0,0.0,0.0,0.0,0.0,0.0,0,0.0,0.0,0.0,0.0,0.0,0.0,0.0,0.0,0.0,0.0,0.0,0.0,0.0,0.0,0.0,0.0,0,0.0,0.0,0.0,0.0,0.0,0.0,0.0,0.0,0.0,0.0,0.0,0.0,0.0,0.0,0.0,0.0,0.0,0.0,1,0,0,0,0,0,0,0,0,12,12,8,8,4,4,0,0
11350103,11350,11,서울특별시,350,노원구,103,공릉동,1,0.0,0.0,0.0,0.0,8.7,8.7,8.7,8.7,8.7,8.7,8.7,8.7,8.7,8.7,0.0,0.0,1,0.0,0.0,0.0,0.0,210.0,210.0,210.0,210.0,240.0,240.0,240.0,240.0,240.0,240.0,0.0,0.0,1,0.0,0.0,0.0,0.0,0.0,0.0,0.0,0.0,0.0,0.0,0.0,0.0,0.0,0.0,0.0,0.0,0.0,0.0,1,20,20,16,16,1,1,3,3,6,6,5,5,0,0,1,1
11350104,11350,11,서울특별시,350,노원구,104,하계동,1,0.0,0.0,0.0,0.0,0.0,0.0,0.0,0.0,0.0,0.0,0.0,0.0,0.0,0.0,0.0,0.0,1,85.0,85.0,80.0,80.0,35.0,35.0,30.0,30.0,30.0,30.0,0.0,0.0,0.0,0.0,85.0,85.0,0,0.0,0.0,0.0,0.0,0.0,0.0,0.0,0.0,0.0,0.0,0.0,0.0,0.0,0.0,0.0,0.0,0.0,0.0,0,0,0,0,0,0,0,0,0,0,0,0,0,0,0,0,0
11350105,11350,11,서울특별시,350,노원구,105,상계동,1,0.0,0.0,0.0,0.0,0.0,0.0,0.0,0.0,0.0,0.0,0.0,0.0,0.0,0.0,0.0,0.0,1,260.0,260.0,250.0,250.0,220.0,220.0,140.0,140.0,215.0,215.0,0.0,0.0,0.0,0.0,260.0,260.0,1,0.0,0.0,0.0,0.0,0.0,0.0,0.0,0.0,0.0,0.0,0.0,0.0,0.0,0.0,0.0,0.0,0.0,0.0,1,31,31,28,28,0,0,3,3,8,8,7,7,0,0,1,1
11350106,11350,11,서울특별시,350,노원구,106,중계동,1,71.0,71.0,58.1,58.1,57.4,57.4,47.9,47.9,47.2,47.2,46.6,46.6,45.9,45.9,71.0,71.0,1,140.0,140.0,125.0,125.0,275.0,275.0,255.0,255.0,315.0,315.0,315.0,315.0,315.0,315.0,140.0,140.0,1,550.0,550.0,550.0,550.0,550.0,550.0,550.0,550.0,550.0,550.0,550.0,550.0,550.0,550.0,550.0,550.0,0.0,0.0,1,23,23,13,13,0,0,10,10,8,8,2,2,1,1,5,5
11380101,11380,11,서울특별시,380,은평구,101,수색동,1,0.0,0.0,0.0,0.0,0.0,0.0,0.0,0.0,0.0,0.0,0.0,0.0,0.0,0.0,0.0,0.0,1,0.0,0.0,0.0,0.0,0.0,0.0,0.0,0.0,0.0,0.0,0.0,0.0,0.0,0.0,0.0,0.0,1,590.0,590.0,590.0,590.0,590.0,590.0,590.0,590.0,590.0,590.0,590.0,590.0,590.0,590.0,590.0,590.0,0.0,0.0,1,25,25,25,25,0,0,0,0,8,8,6,6,0,0,2,2
11380103,11380,11,서울특별시,380,은평구,103,,0,0.0,0.0,0.0,0.0,0.0,0.0,0.0,0.0,0.0,0.0,0.0,0.0,0.0,0.0,0.0,0.0,0,0.0,0.0,0.0,0.0,0.0,0.0,0.0,0.0,0.0,0.0,0.0,0.0,0.0,0.0,0.0,0.0,0,0.0,0.0,0.0,0.0,0.0,0.0,0.0,0.0,0.0,0.0,0.0,0.0,0.0,0.0,0.0,0.0,0.0,0.0,1,31,31,25,25,0,0,6,6,8,8,7,7,0,0,1,1
11380107,11380,11,서울특별시,380,은평구,107,응암동,1,0.0,0.0,0.0,0.0,0.0,0.0,0.0,0.0,0.0,0.0,0.0,0.0,0.0,0.0,0.0,0.0,1,0.0,0.0,0.0,0.0,0.0,0.0,0.0,0.0,0.0,0.0,0.0,0.0,0.0,0.0,0.0,0.0,1,275.0,275.0,275.0,275.0,275.0,275.0,280.0,280.0,290.0,290.0,295.0,295.0,295.0,295.0,275.0,275.0,0.0,0.0,1,30,30,17,17,0,0,13,13,6,6,4,4,4,4,-2,-2
11380109,11380,11,서울특별시,380,은평구,109,,0,0.0,0.0,0.0,0.0,0.0,0.0,0.0,0.0,0.0,0.0,0.0,0.0,0.0,0.0,0.0,0.0,0,0.0,0.0,0.0,0.0,0.0,0.0,0.0,0.0,0.0,0.0,0.0,0.0,0.0,0.0,0.0,0.0,0,0.0,0.0,0.0,0.0,0.0,0.0,0.0,0.0,0.0,0.0,0.0,0.0,0.0,0.0,0.0,0.0,0.0,0.0,1,14,14,12,12,0,0,2,2,18,18,10,10,-1,-1,9,9
11410101,11410,11,서울특별시,410,서대문구,101,홍제동,1,0.0,0.0,0.0,0.0,0.0,0.0,0.0,0.0,0.0,0.0,0.0,0.0,0.0,0.0,0.0,0.0,1,0.0,0.0,0.0,0.0,0.0,0.0,0.0,0.0,0.0,0.0,0.0,0.0,0.0,0.0,0.0,0.0,0,0.0,0.0,0.0,0.0,0.0,0.0,0.0,0.0,0.0,0.0,0.0,0.0,0.0,0.0,0.0,0.0,0.0,0.0,1,14,14,12,12,0,0,2,2,18,18,10,10,-1,-1,9,9
11410109,11410,11,서울특별시,410,서대문구,109,,0,0.0,0.0,0.0,0.0,0.0,0.0,0.0,0.0,0.0,0.0,0.0,0.0,0.0,0.0,0.0,0.0,0,0.0,0.0,0.0,0.0,0.0,0.0,0.0,0.0,0.0,0.0,0.0,0.0,0.0,0.0,0.0,0.0,0,0.0,0.0,0.0,0.0,0.0,0.0,0.0,0.0,0.0,0.0,0.0,0.0,0.0,0.0,0.0,0.0,0.0,0.0,1,30,30,25,25,0,0,5,5,8,8,2,2,5,5,1,1
11410110,11410,11,서울특별시,410,서대문구,110,북아현동,0,0.0,0.0,0.0,0.0,0.0,0.0,0.0,0.0,0.0,0.0,0.0,0.0,0.0,0.0,0.0,0.0,0,0.0,0.0,0.0,0.0,0.0,0.0,0.0,0.0,0.0,0.0,0.0,0.0,0.0,0.0,0.0,0.0,1,460.0,460.0,495.0,495.0,565.0,565.0,565.0,565.0,580.0,580.0,585.0,585.0,585.0,585.0,460.0,460.0,0.0,0.0,0,0,0,0,0,0,0,0,0,0,0,0,0,0,0,0,0
11410115,11410,11,서울특별시,410,서대문구,115,봉원동,1,0.0,0.0,0.0,0.0,0.0,0.0,0.0,0.0,0.0,0.0,0.0,0.0,0.0,0.0,0.0,0.0,1,0.0,0.0,0.0,0.0,0.0,0.0,0.0,0.0,0.0,0.0,0.0,0.0,0.0,0.0,0.0,0.0,0,0.0,0.0,0.0,0.0,0.0,0.0,0.0,0.0,0.0,0.0,0.0,0.0,0.0,0.0,0.0,0.0,0.0,0.0,1,28,28,25,25,0,0,3,3,4,4,4,4,0,0,0,0
11410117,11410,11,서울특별시,410,서대문구,117,연희동,1,0.0,0.0,0.0,0.0,0.0,0.0,0.0,0.0,0.0,0.0,0.0,0.0,0.0,0.0,0.0,0.0,1,0.0,0.0,0.0,0.0,0.0,0.0,0.0,0.0,0.0,0.0,0.0,0.0,145.0,145.0,0.0,0.0,0,0.0,0.0,0.0,0.0,0.0,0.0,0.0,0.0,0.0,0.0,0.0,0.0,0.0,0.0,0.0,0.0,0.0,0.0,0,0,0,0,0,0,0,0,0,0,0,0,0,0,0,0,0
11410118,11410,11,서울특별시,410,서대문구,118,,0,0.0,0.0,0.0,0.0,0.0,0.0,0.0,0.0,0.0,0.0,0.0,0.0,0.0,0.0,0.0,0.0,0,0.0,0.0,0.0,0.0,0.0,0.0,0.0,0.0,0.0,0.0,0.0,0.0,0.0,0.0,0.0,0.0,0,0.0,0.0,0.0,0.0,0.0,0.0,0.0,0.0,0.0,0.0,0.0,0.0,0.0,0.0,0.0,0.0,0.0,0.0,1,31,31,25,25,0,0,6,6,8,8,7,7,0,0,1,1
11410119,11410,11,서울특별시,410,서대문구,119,정동,1,0.0,0.0,0.0,0.0,0.0,0.0,0.0,0.0,0.0,0.0,0.0,0.0,0.0,0.0,0.0,0.0,1,0.0,0.0,0.0,0.0,0.0,0.0,0.0,0.0,0.0,0.0,0.0,0.0,0.0,0.0,0.0,0.0,2,495.0,400.0,530.0,435.0,870.0,525.0,1200.0,675.0,1200.0,675.0,1200.0,675.0,1205.0,675.0,495.0,400.0,0.0,0.0,2,48,25,47,25,0,0,1,1,14,8,12,6,0,0,2,2
11410120,11410,11,서울특별시,410,서대문구,120,남가좌동,1,0.0,0.0,0.0,0.0,0.0,0.0,0.0,0.0,0.0,0.0,0.0,0.0,0.0,0.0,0.0,0.0,1,0.0,0.0,0.0,0.0,0.0,0.0,0.0,0.0,0.0,0.0,0.0,0.0,0.0,0.0,0.0,0.0,0,0.0,0.0,0.0,0.0,0.0,0.0,0.0,0.0,0.0,0.0,0.0,0.0,0.0,0.0,0.0,0.0,0.0,0.0,0,0,0,0,0,0,0,0,0,0,0,0,0,0,0,0,0
11440101,11440,11,서울특별시,440,마포구,101,염창동,1,0.0,0.0,0.0,0.0,0.0,0.0,3.8,3.8,3.8,3.8,3.8,3.8,3.8,3.8,0.0,0.0,1,0.0,0.0,0.0,0.0,0.0,0.0,35.0,35.0,35.0,35.0,35.0,35.0,35.0,35.0,0.0,0.0,0,0.0,0.0,0.0,0.0,0.0,0.0,0.0,0.0,0.0,0.0,0.0,0.0,0.0,0.0,0.0,0.0,0.0,0.0,1,14,14,12,12,0,0,2,2,18,18,10,10,-1,-1,9,9
11440102,11440,11,서울특별시,440,마포구,102,등촌동,0,0.0,0.0,0.0,0.0,0.0,0.0,0.0,0.0,0.0,0.0,0.0,0.0,0.0,0.0,0.0,0.0,0,0.0,0.0,0.0,0.0,0.0,0.0,0.0,0.0,0.0,0.0,0.0,0.0,0.0,0.0,0.0,0.0,2,845.0,505.0,840.0,505.0,835.0,505.0,840.0,505.0,840.0,505.0,840.0,505.0,840.0,505.0,845.0,505.0,0.0,0.0,2,50,28,26,17,7,4,17,10,12,8,6,4,2,2,4,4
11440104,11440,11,서울특별시,440,마포구,104,도화동,0,0.0,0.0,0.0,0.0,0.0,0.0,0.0,0.0,0.0,0.0,0.0,0.0,0.0,0.0,0.0,0.0,0,0.0,0.0,0.0,0.0,0.0,0.0,0.0,0.0,0.0,0.0,0.0,0.0,0.0,0.0,0.0,0.0,1,490.0,490.0,490.0,490.0,490.0,490.0,490.0,490.0,490.0,490.0,490.0,490.0,1325.0,1325.0,490.0,490.0,0.0,0.0,1,23,23,20,20,0,0,3,3,7,7,3,3,3,3,1,1
11440105,11440,11,서울특별시,440,마포구,105,마곡동,0,0.0,0.0,0.0,0.0,0.0,0.0,0.0,0.0,0.0,0.0,0.0,0.0,0.0,0.0,0.0,0.0,0,0.0,0.0,0.0,0.0,0.0,0.0,0.0,0.0,0.0,0.0,0.0,0.0,0.0,0.0,0.0,0.0,1,675.0,675.0,675.0,675.0,675.0,675.0,675.0,675.0,675.0,675.0,675.0,675.0,675.0,675.0,675.0,675.0,19.8,19.8,1,26,26,26,26,0,0,0,0,8,8,5,5,2,2,1,1
11440108,11440,11,서울특별시,440,마포구,108,공항동,0,0.0,0.0,0.0,0.0,0.0,0.0,0.0,0.0,0.0,0.0,0.0,0.0,0.0,0.0,0.0,0.0,0,0.0,0.0,0.0,0.0,0.0,0.0,0.0,0.0,0.0,0.0,0.0,0.0,0.0,0.0,0.0,0.0,1,0.0,0.0,0.0,0.0,0.0,0.0,0.0,0.0,0.0,0.0,0.0,0.0,0.0,0.0,0.0,0.0,0.0,0.0,1,29,29,29,29,0,0,0,0,11,11,8,8,3,3,0,0
11440114,11440,11,서울특별시,440,마포구,114,가양동,0,0.0,0.0,0.0,0.0,0.0,0.0,0.0,0.0,0.0,0.0,0.0,0.0,0.0,0.0,0.0,0.0,0,0.0,0.0,0.0,0.0,0.0,0.0,0.0,0.0,0.0,0.0,0.0,0.0,0.0,0.0,0.0,0.0,1,0.0,0.0,0.0,0.0,0.0,0.0,0.0,0.0,0.0,0.0,0.0,0.0,0.0,0.0,0.0,0.0,0.0,0.0,1,25,25,20,20,1,1,4,4,6,6,6,6,0,0,0,0
11440122,11440,11,서울특별시,440,마포구,122,합정동,2,1.1,1.1,0.3,0.3,6.1,6.1,5.4,5.4,4.8,4.8,4.2,4.2,3.5,3.5,1.1,1.1,2,0.0,0.0,0.0,0.0,0.0,0.0,0.0,0.0,0.0,0.0,0.0,0.0,400.0,400.0,0.0,0.0,0,0.0,0.0,0.0,0.0,0.0,0.0,0.0,0.0,0.0,0.0,0.0,0.0,0.0,0.0,0.0,0.0,0.0,0.0,0,0,0,0,0,0,0,0,0,0,0,0,0,0,0,0,0
11440123,11440,11,서울특별시,440,마포구,123,망원동,0,0.0,0.0,0.0,0.0,0.0,0.0,0.0,0.0,0.0,0.0,0.0,0.0,0.0,0.0,0.0,0.0,0,0.0,0.0,0.0,0.0,0.0,0.0,0.0,0.0,0.0,0.0,0.0,0.0,0.0,0.0,0.0,0.0,1,515.0,515.0,540.0,540.0,595.0,595.0,595.0,595.0,595.0,595.0,595.0,595.0,595.0,595.0,515.0,515.0,0.0,0.0,1,28,28,16,16,0,0,12,12,6,6,6,6,0,0,0,0
11440124,11440,11,서울특별시,440,마포구,124,연남동,0,0.0,0.0,0.0,0.0,0.0,0.0,0.0,0.0,0.0,0.0,0.0,0.0,0.0,0.0,0.0,0.0,0,0.0,0.0,0.0,0.0,0.0,0.0,0.0,0.0,0.0,0.0,0.0,0.0,0.0,0.0,0.0,0.0,1,455.0,455.0,455.0,455.0,455.0,455.0,455.0,455.0,455.0,455.0,455.0,455.0,455.0,455.0,455.0,455.0,0.0,0.0,1,30,30,25,25,0,0,5,5,8,8,2,2,5,5,1,1
11440127,11440,11,서울특별시,440,마포구,127,상암동,1,0.0,0.0,0.0,0.0,0.0,0.0,0.0,0.0,0.0,0.0,0.0,0.0,0.0,0.0,0.0,0.0,1,0.0,0.0,0.0,0.0,0.0,0.0,0.0,0.0,0.0,0.0,0.0,0.0,0.0,0.0,0.0,0.0,1,0.0,0.0,0.0,0.0,0.0,0.0,0.0,0.0,0.0,0.0,0.0,0.0,0.0,0.0,0.0,0.0,0.0,0.0,1,30,30,25,25,3,3,2,2,8,8,8,8,0,0,0,0
11440133,11440,11,서울특별시,440,마포구,133,대흥동,0,0.0,0.0,0.0,0.0,0.0,0.0,0.0,0.0,0.0,0.0,0.0,0.0,0.0,0.0,0.0,0.0,0,0.0,0.0,0.0,0.0,0.0,0.0,0.0,0.0,0.0,0.0,0.0,0.0,0.0,0.0,0.0,0.0,1,845.0,845.0,845.0,845.0,915.0,915.0,915.0,915.0,915.0,915.0,915.0,915.0,925.0,925.0,845.0,845.0,0.0,0.0,1,28,28,25,25,0,0,3,3,4,4,4,4,0,0,0,0
11470101,11470,11,서울특별시,470,양천구,101,신정동,1,0.0,0.0,0.0,0.0,0.0,0.0,0.0,0.0,0.0,0.0,0.0,0.0,0.0,0.0,0.0,0.0,1,0.0,0.0,0.0,0.0,0.0,0.0,0.0,0.0,0.0,0.0,0.0,0.0,0.0,0.0,0.0,0.0,2,2235.0,2235.0,2235.0,2235.0,2275.0,2275.0,2835.0,2275.0,2885.0,2275.0,2900.0,2275.0,3330.0,2290.0,2235.0,2235.0,0.0,0.0,1,0,0,0,0,0,0,0,0,18,18,9,9,2,2,7,7
11470103,11470,11,서울특별시,470,양천구,103,신월동,1,0.0,0.0,0.0,0.0,0.0,0.0,0.0,0.0,0.0,0.0,0.0,0.0,0.0,0.0,0.0,0.0,1,0.0,0.0,0.0,0.0,0.0,0.0,0.0,0.0,0.0,0.0,0.0,0.0,0.0,0.0,0.0,0.0,0,0.0,0.0,0.0,0.0,0.0,0.0,0.0,0.0,0.0,0.0,0.0,0.0,0.0,0.0,0.0,0.0,0.0,0.0,0,0,0,0,0,0,0,0,0,0,0,0,0,0,0,0,0
11470113,11470,11,서울특별시,470,양천구,113,목동,0,0.0,0.0,0.0,0.0,0.0,0.0,0.0,0.0,0.0,0.0,0.0,0.0,0.0,0.0,0.0,0.0,0,0.0,0.0,0.0,0.0,0.0,0.0,0.0,0.0,0.0,0.0,0.0,0.0,0.0,0.0,0.0,0.0,1,0.0,0.0,0.0,0.0,0.0,0.0,0.0,0.0,0.0,0.0,0.0,0.0,0.0,0.0,0.0,0.0,0.0,0.0,1,30,30,30,30,0,0,0,0,9,9,9,9,0,0,0,0
11470117,11470,11,서울특별시,470,양천구,117,신정동,1,0.0,0.0,0.0,0.0,0.0,0.0,0.0,0.0,0.0,0.0,0.0,0.0,0.0,0.0,0.0,0.0,1,0.0,0.0,0.0,0.0,0.0,0.0,0.0,0.0,0.0,0.0,0.0,0.0,0.0,0.0,0.0,0.0,1,305.0,305.0,305.0,305.0,305.0,305.0,305.0,305.0,330.0,330.0,330.0,330.0,330.0,330.0,305.0,305.0,0.0,0.0,1,27,27,9,9,8,8,10,10,8,8,4,4,2,2,2,2
11470123,11470,11,서울특별시,470,양천구,123,신월동,0,0.0,0.0,0.0,0.0,0.0,0.0,0.0,0.0,0.0,0.0,0.0,0.0,0.0,0.0,0.0,0.0,0,0.0,0.0,0.0,0.0,0.0,0.0,0.0,0.0,0.0,0.0,0.0,0.0,0.0,0.0,0.0,0.0,1,740.0,740.0,740.0,740.0,740.0,740.0,740.0,740.0,740.0,740.0,740.0,740.0,740.0,740.0,740.0,740.0,0.0,0.0,1,28,28,25,25,0,0,3,3,6,6,4,4,0,0,2,2
11500101,11500,11,서울특별시,500,강서구,101,염창동,0,0.0,0.0,0.0,0.0,0.0,0.0,0.0,0.0,0.0,0.0,0.0,0.0,0.0,0.0,0.0,0.0,0,0.0,0.0,0.0,0.0,0.0,0.0,0.0,0.0,0.0,0.0,0.0,0.0,0.0,0.0,0.0,0.0,1,2085.0,2085.0,2085.0,2085.0,2085.0,2085.0,2085.0,2085.0,2085.0,2085.0,2085.0,2085.0,2085.0,2085.0,2085.0,2085.0,0.0,0.0,1,27,27,25,25,0,0,2,2,18,18,10,10,2,2,6,6
11500105,11500,11,서울특별시,500,강서구,105,마곡동,2,0.0,0.0,0.0,0.0,0.0,0.0,0.0,0.0,0.0,0.0,0.0,0.0,0.0,0.0,0.0,0.0,2,0.0,0.0,0.0,0.0,0.0,0.0,0.0,0.0,0.0,0.0,0.0,0.0,0.0,0.0,0.0,0.0,0,0.0,0.0,0.0,0.0,0.0,0.0,0.0,0.0,0.0,0.0,0.0,0.0,0.0,0.0,0.0,0.0,0.0,0.0,2,51,26,46,26,1,1,4,4,14,8,11,6,2,2,1,1
11500106,11500,11,서울특별시,500,강서구,106,내발산동,1,0.0,0.0,0.0,0.0,0.0,0.0,0.0,0.0,0.0,0.0,0.0,0.0,0.0,0.0,0.0,0.0,1,0.0,0.0,0.0,0.0,0.0,0.0,0.0,0.0,0.0,0.0,0.0,0.0,0.0,0.0,0.0,0.0,0,0.0,0.0,0.0,0.0,0.0,0.0,0.0,0.0,0.0,0.0,0.0,0.0,0.0,0.0,0.0,0.0,0.0,0.0,1,29,29,29,29,0,0,0,0,11,11,8,8,3,3,0,0
11500113,11500,11,서울특별시,500,강서구,113,오쇠동,1,0.0,0.0,0.0,0.0,0.0,0.0,0.0,0.0,0.0,0.0,0.0,0.0,0.0,0.0,0.0,0.0,1,0.0,0.0,0.0,0.0,0.0,0.0,0.0,0.0,0.0,0.0,0.0,0.0,0.0,0.0,0.0,0.0,0,0.0,0.0,0.0,0.0,0.0,0.0,0.0,0.0,0.0,0.0,0.0,0.0,0.0,0.0,0.0,0.0,0.0,0.0,0,0,0,0,0,0,0,0,0,0,0,0,0,0,0,0,0
11530101,11530,11,서울특별시,530,구로구,101,신도림동,0,0.0,0.0,0.0,0.0,0.0,0.0,0.0,0.0,0.0,0.0,0.0,0.0,0.0,0.0,0.0,0.0,0,0.0,0.0,0.0,0.0,0.0,0.0,0.0,0.0,0.0,0.0,0.0,0.0,0.0,0.0,0.0,0.0,2,2435.0,2200.0,2435.0,2200.0,2435.0,2200.0,2440.0,2200.0,2820.0,2200.0,2885.0,2200.0,2890.0,2200.0,2435.0,2200.0,0.0,0.0,2,38,28,38,28,0,0,0,0,27,19,17,12,0,0,10,7
11530102,11530,11,서울특별시,530,구로구,102,구로동,1,0.0,0.0,0.0,0.0,0.0,0.0,0.0,0.0,0.0,0.0,0.0,0.0,0.0,0.0,0.0,0.0,1,0.0,0.0,0.0,0.0,0.0,0.0,0.0,0.0,0.0,0.0,0.0,0.0,0.0,0.0,0.0,0.0,0,0.0,0.0,0.0,0.0,0.0,0.0,0.0,0.0,0.0,0.0,0.0,0.0,0.0,0.0,0.0,0.0,0.0,0.0,0,0,0,0,0,0,0,0,0,0,0,0,0,0,0,0,0
11530103,11530,11,서울특별시,530,구로구,103,가리봉동,0,0.0,0.0,0.0,0.0,0.0,0.0,0.0,0.0,0.0,0.0,0.0,0.0,0.0,0.0,0.0,0.0,0,0.0,0.0,0.0,0.0,0.0,0.0,0.0,0.0,0.0,0.0,0.0,0.0,0.0,0.0,0.0,0.0,1,0.0,0.0,0.0,0.0,0.0,0.0,0.0,0.0,625.0,625.0,715.0,715.0,715.0,715.0,0.0,0.0,0.0,0.0,0,0,0,0,0,0,0,0,0,0,0,0,0,0,0,0,0
11530107,11530,11,서울특별시,530,구로구,107,개봉동,0,0.0,0.0,0.0,0.0,0.0,0.0,0.0,0.0,0.0,0.0,0.0,0.0,0.0,0.0,0.0,0.0,0,0.0,0.0,0.0,0.0,0.0,0.0,0.0,0.0,0.0,0.0,0.0,0.0,0.0,0.0,0.0,0.0,1,210.0,210.0,210.0,210.0,210.0,210.0,210.0,210.0,350.0,350.0,580.0,580.0,580.0,580.0,210.0,210.0,0.0,0.0,1,31,31,15,15,3,3,13,13,8,8,3,3,0,0,5,5
11530109,11530,11,서울특별시,530,구로구,109,,0,0.0,0.0,0.0,0.0,0.0,0.0,0.0,0.0,0.0,0.0,0.0,0.0,0.0,0.0,0.0,0.0,0,0.0,0.0,0.0,0.0,0.0,0.0,0.0,0.0,0.0,0.0,0.0,0.0,0.0,0.0,0.0,0.0,0,0.0,0.0,0.0,0.0,0.0,0.0,0.0,0.0,0.0,0.0,0.0,0.0,0.0,0.0,0.0,0.0,0.0,0.0,1,0,0,0,0,0,0,0,0,18,18,9,9,2,2,7,7
11530110,11530,11,서울특별시,530,구로구,110,온수동,0,0.0,0.0,0.0,0.0,0.0,0.0,0.0,0.0,0.0,0.0,0.0,0.0,0.0,0.0,0.0,0.0,0,0.0,0.0,0.0,0.0,0.0,0.0,0.0,0.0,0.0,0.0,0.0,0.0,0.0,0.0,0.0,0.0,1,435.0,435.0,435.0,435.0,545.0,545.0,545.0,545.0,545.0,545.0,545.0,545.0,765.0,765.0,435.0,435.0,0.0,0.0,1,22,22,16,16,4,4,2,2,8,8,4,4,3,3,1,1
11530111,11530,11,서울특별시,530,구로구,111,천왕동,1,0.0,0.0,0.0,0.0,0.0,0.0,0.0,0.0,0.0,0.0,0.0,0.0,0.0,0.0,0.0,0.0,1,0.0,0.0,0.0,0.0,0.0,0.0,0.0,0.0,0.0,0.0,0.0,0.0,0.0,0.0,0.0,0.0,1,930.0,930.0,930.0,930.0,930.0,930.0,930.0,930.0,1155.0,1155.0,1155.0,1155.0,1300.0,1300.0,930.0,930.0,0.0,0.0,1,29,29,14,14,4,4,11,11,9,9,9,9,0,0,0,0
11530113,11530,11,서울특별시,530,구로구,113,오류동,1,0.0,0.0,0.0,0.0,0.0,0.0,0.0,0.0,0.0,0.0,0.0,0.0,0.0,0.0,0.0,0.0,1,0.0,0.0,0.0,0.0,0.0,0.0,0.0,0.0,0.0,0.0,0.0,0.0,0.0,0.0,0.0,0.0,0,0.0,0.0,0.0,0.0,0.0,0.0,0.0,0.0,0.0,0.0,0.0,0.0,0.0,0.0,0.0,0.0,0.0,0.0,0,0,0,0,0,0,0,0,0,0,0,0,0,0,0,0,0
11530121,11530,11,서울특별시,530,구로구,121,항동,1,0.0,0.0,0.0,0.0,0.0,0.0,0.0,0.0,0.0,0.0,0.0,0.0,0.0,0.0,0.0,0.0,1,0.0,0.0,0.0,0.0,0.0,0.0,0.0,0.0,0.0,0.0,0.0,0.0,0.0,0.0,0.0,0.0,0,0.0,0.0,0.0,0.0,0.0,0.0,0.0,0.0,0.0,0.0,0.0,0.0,0.0,0.0,0.0,0.0,0.0,0.0,0,0,0,0,0,0,0,0,0,0,0,0,0,0,0,0,0
11545101,11545,11,서울특별시,545,금천구,101,가산동,2,0.0,0.0,0.0,0.0,0.0,0.0,0.0,0.0,0.0,0.0,0.0,0.0,0.0,0.0,0.0,0.0,2,0.0,0.0,0.0,0.0,0.0,0.0,0.0,0.0,0.0,0.0,0.0,0.0,0.0,0.0,0.0,0.0,2,0.0,0.0,0.0,0.0,0.0,0.0,0.0,0.0,0.0,0.0,0.0,0.0,0.0,0.0,0.0,0.0,0.0,0.0,3,53,25,49,25,4,4,0,0,30,19,23,12,0,0,7,7
11545102,11545,11,서울특별시,545,금천구,102,독산동,2,0.0,0.0,0.0,0.0,0.0,0.0,0.0,0.0,0.0,0.0,40.0,40.0,40.0,40.0,0.0,0.0,2,0.0,0.0,0.0,0.0,0.0,0.0,0.0,0.0,0.0,0.0,40.0,40.0,40.0,40.0,0.0,0.0,2,625.0,625.0,625.0,625.0,625.0,625.0,625.0,625.0,625.0,625.0,625.0,625.0,625.0,625.0,625.0,625.0,0.0,0.0,2,54,28,37,21,4,4,13,8,14,8,10,6,0,0,4,4
11545115,11545,11,서울특별시,545,금천구,115,시흥동,1,0.0,0.0,0.0,0.0,0.0,0.0,0.0,0.0,0.0,0.0,6.7,6.7,6.7,6.7,0.0,0.0,1,0.0,0.0,0.0,0.0,0.0,0.0,0.0,0.0,0.0,0.0,0.0,0.0,0.0,0.0,0.0,0.0,1,0.0,0.0,0.0,0.0,0.0,0.0,0.0,0.0,0.0,0.0,0.0,0.0,0.0,0.0,0.0,0.0,0.0,0.0,1,27,27,23,23,1,1,3,3,5,5,5,5,0,0,0,0
11560101,11560,11,서울특별시,560,영등포구,101,,0,0.0,0.0,0.0,0.0,0.0,0.0,0.0,0.0,0.0,0.0,0.0,0.0,0.0,0.0,0.0,0.0,0,0.0,0.0,0.0,0.0,0.0,0.0,0.0,0.0,0.0,0.0,0.0,0.0,0.0,0.0,0.0,0.0,0,0.0,0.0,0.0,0.0,0.0,0.0,0.0,0.0,0.0,0.0,0.0,0.0,0.0,0.0,0.0,0.0,0.0,0.0,1,0,0,0,0,0,0,0,0,18,18,9,9,2,2,7,7
11560103,11560,11,서울특별시,560,영등포구,103,신길동,2,0.0,0.0,0.0,0.0,0.0,0.0,0.0,0.0,0.0,0.0,42.4,42.4,42.4,42.4,0.0,0.0,2,0.0,0.0,0.0,0.0,0.0,0.0,0.0,0.0,0.0,0.0,75.0,75.0,75.0,75.0,0.0,0.0,2,325.0,325.0,325.0,325.0,480.0,480.0,480.0,480.0,480.0,480.0,480.0,480.0,480.0,480.0,325.0,325.0,0.0,0.0,2,38,21,30,17,6,6,2,2,10,6,6,4,2,2,2,2
11560110,11560,11,서울특별시,560,영등포구,110,여의도동,1,0.0,0.0,0.0,0.0,0.0,0.0,0.0,0.0,0.0,0.0,0.0,0.0,0.0,0.0,0.0,0.0,1,0.0,0.0,0.0,0.0,0.0,0.0,0.0,0.0,0.0,0.0,285.0,285.0,285.0,285.0,0.0,0.0,1,425.0,425.0,425.0,425.0,425.0,425.0,425.0,425.0,435.0,435.0,460.0,460.0,460.0,460.0,425.0,425.0,0.0,0.0,1,36,36,35,35,0,0,1,1,6,6,4,4,0,0,2,2
11560113,11560,11,서울특별시,560,영등포구,113,,0,0.0,0.0,0.0,0.0,0.0,0.0,0.0,0.0,0.0,0.0,0.0,0.0,0.0,0.0,0.0,0.0,0,0.0,0.0,0.0,0.0,0.0,0.0,0.0,0.0,0.0,0.0,0.0,0.0,0.0,0.0,0.0,0.0,0,0.0,0.0,0.0,0.0,0.0,0.0,0.0,0.0,0.0,0.0,0.0,0.0,0.0,0.0,0.0,0.0,0.0,0.0,1,30,30,30,30,0,0,0,0,9,9,9,9,0,0,0,0
11560114,11560,11,서울특별시,560,영등포구,114,당산동4가,0,0.0,0.0,0.0,0.0,0.0,0.0,0.0,0.0,0.0,0.0,0.0,0.0,0.0,0.0,0.0,0.0,0,0.0,0.0,0.0,0.0,0.0,0.0,0.0,0.0,0.0,0.0,0.0,0.0,0.0,0.0,0.0,0.0,1,770.0,770.0,770.0,770.0,770.0,770.0,770.0,770.0,1410.0,1410.0,1410.0,1410.0,1420.0,1420.0,770.0,770.0,0.0,0.0,1,28,28,21,21,1,1,6,6,8,8,4,4,3,3,1,1
11560117,11560,11,서울특별시,560,영등포구,117,당산동,1,0.0,0.0,0.0,0.0,0.0,0.0,0.0,0.0,0.0,0.0,0.0,0.0,0.0,0.0,0.0,0.0,1,0.0,0.0,0.0,0.0,0.0,0.0,0.0,0.0,0.0,0.0,235.0,235.0,0.0,0.0,0.0,0.0,1,590.0,590.0,590.0,590.0,590.0,590.0,590.0,590.0,590.0,590.0,625.0,625.0,625.0,625.0,590.0,590.0,0.0,0.0,1,19,19,19,19,0,0,0,0,8,8,4,4,0,0,4,4
11560118,11560,11,서울특별시,560,영등포구,118,도림동,1,0.0,0.0,0.0,0.0,0.0,0.0,0.0,0.0,0.0,0.0,0.0,0.0,0.0,0.0,0.0,0.0,1,0.0,0.0,0.0,0.0,0.0,0.0,0.0,0.0,0.0,0.0,0.0,0.0,0.0,0.0,0.0,0.0,0,0.0,0.0,0.0,0.0,0.0,0.0,0.0,0.0,0.0,0.0,0.0,0.0,0.0,0.0,0.0,0.0,0.0,0.0,0,0,0,0,0,0,0,0,0,0,0,0,0,0,0,0,0
11560121,11560,11,서울특별시,560,영등포구,121,문래동3가,1,0.0,0.0,0.0,0.0,0.0,0.0,0.0,0.0,0.0,0.0,0.0,0.0,0.0,0.0,0.0,0.0,1,0.0,0.0,0.0,0.0,0.0,0.0,0.0,0.0,0.0,0.0,0.0,0.0,0.0,0.0,0.0,0.0,0,0.0,0.0,0.0,0.0,0.0,0.0,0.0,0.0,0.0,0.0,0.0,0.0,0.0,0.0,0.0,0.0,0.0,0.0,0,0,0,0,0,0,0,0,0,0,0,0,0,0,0,0,0
11560122,11560,11,서울특별시,560,영등포구,122,도림동,0,0.0,0.0,0.0,0.0,0.0,0.0,0.0,0.0,0.0,0.0,0.0,0.0,0.0,0.0,0.0,0.0,0,0.0,0.0,0.0,0.0,0.0,0.0,0.0,0.0,0.0,0.0,0.0,0.0,0.0,0.0,0.0,0.0,1,455.0,455.0,455.0,455.0,455.0,455.0,455.0,455.0,455.0,455.0,455.0,455.0,455.0,455.0,455.0,455.0,0.0,0.0,1,27,27,24,24,3,3,0,0,0,0,0,0,0,0,0,0
11560127,11560,11,서울특별시,560,영등포구,127,양평동3가,1,0.0,0.0,0.0,0.0,0.0,0.0,0.0,0.0,0.0,0.0,0.0,0.0,0.0,0.0,0.0,0.0,1,0.0,0.0,0.0,0.0,0.0,0.0,0.0,0.0,0.0,0.0,0.0,0.0,0.0,0.0,0.0,0.0,0,0.0,0.0,0.0,0.0,0.0,0.0,0.0,0.0,0.0,0.0,0.0,0.0,0.0,0.0,0.0,0.0,0.0,0.0,0,0,0,0,0,0,0,0,0,0,0,0,0,0,0,0,0
11560128,11560,11,서울특별시,560,영등포구,128,대림동,1,0.0,0.0,0.0,0.0,0.0,0.0,0.0,0.0,0.0,0.0,26.2,26.2,26.2,26.2,0.0,0.0,1,0.0,0.0,0.0,0.0,0.0,0.0,0.0,0.0,0.0,0.0,40.0,40.0,40.0,40.0,0.0,0.0,1,0.0,0.0,0.0,0.0,0.0,0.0,0.0,0.0,0.0,0.0,980.0,980.0,980.0,980.0,0.0,0.0,0.0,0.0,1,29,29,17,17,3,3,9,9,4,4,3,3,0,0,1,1
11560131,11560,11,서울특별시,560,영등포구,131,양화동,1,0.0,0.0,0.0,0.0,0.0,0.0,0.0,0.0,0.0,0.0,0.0,0.0,0.0,0.0,0.0,0.0,1,0.0,0.0,0.0,0.0,0.0,0.0,0.0,0.0,0.0,0.0,0.0,0.0,0.0,0.0,0.0,0.0,0,0.0,0.0,0.0,0.0,0.0,0.0,0.0,0.0,0.0,0.0,0.0,0.0,0.0,0.0,0.0,0.0,0.0,0.0,1,28,28,25,25,0,0,3,3,6,6,4,4,0,0,2,2
11560134,11560,11,서울특별시,560,영등포구,134,,0,0.0,0.0,0.0,0.0,0.0,0.0,0.0,0.0,0.0,0.0,0.0,0.0,0.0,0.0,0.0,0.0,0,0.0,0.0,0.0,0.0,0.0,0.0,0.0,0.0,0.0,0.0,0.0,0.0,0.0,0.0,0.0,0.0,0,0.0,0.0,0.0,0.0,0.0,0.0,0.0,0.0,0.0,0.0,0.0,0.0,0.0,0.0,0.0,0.0,0.0,0.0,1,10,10,10,10,0,0,0,0,19,19,12,12,0,0,7,7
11590101,11590,11,서울특별시,590,동작구,101,노량진동,0,0.0,0.0,0.0,0.0,0.0,0.0,0.0,0.0,0.0,0.0,0.0,0.0,0.0,0.0,0.0,0.0,0,0.0,0.0,0.0,0.0,0.0,0.0,0.0,0.0,0.0,0.0,0.0,0.0,0.0,0.0,0.0,0.0,1,310.0,310.0,310.0,310.0,310.0,310.0,310.0,310.0,310.0,310.0,310.0,310.0,315.0,315.0,310.0,310.0,0.0,0.0,2,22,22,22,22,0,0,0,0,22,18,12,9,2,2,8,7
11590106,11590,11,서울특별시,590,동작구,106,,0,0.0,0.0,0.0,0.0,0.0,0.0,0.0,0.0,0.0,0.0,0.0,0.0,0.0,0.0,0.0,0.0,0,0.0,0.0,0.0,0.0,0.0,0.0,0.0,0.0,0.0,0.0,0.0,0.0,0.0,0.0,0.0,0.0,0,0.0,0.0,0.0,0.0,0.0,0.0,0.0,0.0,0.0,0.0,0.0,0.0,0.0,0.0,0.0,0.0,0.0,0.0,1,30,30,25,25,0,0,5,5,7,7,7,7,0,0,0,0
11590109,11590,11,서울특별시,590,동작구,109,신대방동,2,0.0,0.0,0.0,0.0,0.0,0.0,0.0,0.0,0.0,0.0,0.0,0.0,0.0,0.0,0.0,0.0,2,0.0,0.0,0.0,0.0,0.0,0.0,0.0,0.0,0.0,0.0,30.0,30.0,30.0,30.0,0.0,0.0,0,0.0,0.0,0.0,0.0,0.0,0.0,0.0,0.0,0.0,0.0,0.0,0.0,0.0,0.0,0.0,0.0,0.0,0.0,1,10,10,10,10,0,0,0,0,19,19,12,12,0,0,7,7
11590117,11590,11,서울특별시,590,동작구,117,,0,0.0,0.0,0.0,0.0,0.0,0.0,0.0,0.0,0.0,0.0,0.0,0.0,0.0,0.0,0.0,0.0,0,0.0,0.0,0.0,0.0,0.0,0.0,0.0,0.0,0.0,0.0,0.0,0.0,0.0,0.0,0.0,0.0,0,0.0,0.0,0.0,0.0,0.0,0.0,0.0,0.0,0.0,0.0,0.0,0.0,0.0,0.0,0.0,0.0,0.0,0.0,1,34,34,25,25,0,0,9,9,6,6,4,4,0,0,2,2
11590124,11590,11,서울특별시,590,동작구,124,흑석동,1,0.0,0.0,0.0,0.0,0.0,0.0,0.0,0.0,0.0,0.0,0.0,0.0,0.0,0.0,0.0,0.0,1,0.0,0.0,0.0,0.0,0.0,0.0,0.0,0.0,0.0,0.0,140.0,140.0,140.0,140.0,0.0,0.0,0,0.0,0.0,0.0,0.0,0.0,0.0,0.0,0.0,0.0,0.0,0.0,0.0,0.0,0.0,0.0,0.0,0.0,0.0,0,0,0,0,0,0,0,0,0,0,0,0,0,0,0,0,0
11620101,11620,11,서울특별시,620,관악구,101,봉천동,2,0.0,0.0,0.0,0.0,0.0,0.0,0.0,0.0,0.0,0.0,0.0,0.0,58.1,58.1,0.0,0.0,2,0.0,0.0,0.0,0.0,0.0,0.0,0.0,0.0,0.0,0.0,0.0,0.0,90.0,90.0,0.0,0.0,1,0.0,0.0,0.0,0.0,0.0,0.0,0.0,0.0,0.0,0.0,0.0,0.0,0.0,0.0,0.0,0.0,0.0,0.0,2,20,20,13,13,0,0,7,7,24,18,14,9,3,2,7,7
11620102,11620,11,서울특별시,620,관악구,102,신림동,0,0.0,0.0,0.0,0.0,0.0,0.0,0.0,0.0,0.0,0.0,0.0,0.0,0.0,0.0,0.0,0.0,0,0.0,0.0,0.0,0.0,0.0,0.0,0.0,0.0,0.0,0.0,0.0,0.0,0.0,0.0,0.0,0.0,2,610.0,350.0,610.0,350.0,610.0,350.0,610.0,350.0,610.0,350.0,610.0,350.0,705.0,355.0,610.0,350.0,0.0,0.0,2,66,34,40,25,3,3,23,14,14,8,6,4,1,1,7,5
11620103,11620,11,서울특별시,620,관악구,103,남현동,0,0.0,0.0,0.0,0.0,0.0,0.0,0.0,0.0,0.0,0.0,0.0,0.0,0.0,0.0,0.0,0.0,0,0.0,0.0,0.0,0.0,0.0,0.0,0.0,0.0,0.0,0.0,0.0,0.0,0.0,0.0,0.0,0.0,1,0.0,0.0,0.0,0.0,0.0,0.0,0.0,0.0,0.0,0.0,0.0,0.0,0.0,0.0,0.0,0.0,0.0,0.0,1,30,30,25,25,0,0,5,5,7,7,7,7,0,0,0,0
11650101,11650,11,서울특별시,650,서초구,101,방배동,1,0.0,0.0,0.0,0.0,0.0,0.0,0.0,0.0,0.0,0.0,0.0,0.0,0.0,0.0,0.0,0.0,1,0.0,0.0,0.0,0.0,0.0,0.0,0.0,0.0,0.0,0.0,0.0,0.0,0.0,0.0,0.0,0.0,0,0.0,0.0,0.0,0.0,0.0,0.0,0.0,0.0,0.0,0.0,0.0,0.0,0.0,0.0,0.0,0.0,0.0,0.0,1,30,30,25,25,0,0,5,5,7,7,7,7,0,0,0,0
11650102,11650,11,서울특별시,650,서초구,102,양재동,1,0.0,0.0,0.0,0.0,0.0,0.0,0.0,0.0,0.0,0.0,0.0,0.0,14.8,14.8,0.0,0.0,1,0.0,0.0,0.0,0.0,0.0,0.0,0.0,0.0,0.0,0.0,0.0,0.0,350.0,350.0,0.0,0.0,1,600.0,600.0,615.0,615.0,620.0,620.0,630.0,630.0,705.0,705.0,705.0,705.0,790.0,790.0,600.0,600.0,0.0,0.0,2,62,32,56,30,0,0,6,4,14,8,9,7,4,4,1,1
11650103,11650,11,서울특별시,650,서초구,103,,0,0.0,0.0,0.0,0.0,0.0,0.0,0.0,0.0,0.0,0.0,0.0,0.0,0.0,0.0,0.0,0.0,0,0.0,0.0,0.0,0.0,0.0,0.0,0.0,0.0,0.0,0.0,0.0,0.0,0.0,0.0,0.0,0.0,0,0.0,0.0,0.0,0.0,0.0,0.0,0.0,0.0,0.0,0.0,0.0,0.0,0.0,0.0,0.0,0.0,0.0,0.0,1,32,32,15,15,3,3,14,14,8,8,2,2,1,1,5,5
11650104,11650,11,서울특별시,650,서초구,104,원지동,1,0.0,0.0,0.0,0.0,0.0,0.0,0.0,0.0,0.0,0.0,0.0,0.0,0.0,0.0,0.0,0.0,1,0.0,0.0,0.0,0.0,0.0,0.0,0.0,0.0,0.0,0.0,0.0,0.0,0.0,0.0,0.0,0.0,0,0.0,0.0,0.0,0.0,0.0,0.0,0.0,0.0,0.0,0.0,0.0,0.0,0.0,0.0,0.0,0.0,0.0,0.0,0,0,0,0,0,0,0,0,0,0,0,0,0,0,0,0,0
11650106,11650,11,서울특별시,650,서초구,106,잠원동,1,0.0,0.0,0.0,0.0,0.0,0.0,0.0,0.0,0.0,0.0,0.0,0.0,0.0,0.0,0.0,0.0,1,0.0,0.0,0.0,0.0,0.0,0.0,0.0,0.0,0.0,0.0,0.0,0.0,0.0,0.0,0.0,0.0,1,285.0,285.0,285.0,285.0,290.0,290.0,290.0,290.0,325.0,325.0,325.0,325.0,325.0,325.0,285.0,285.0,0.0,0.0,1,21,21,21,21,0,0,0,0,5,5,4,4,0,0,1,1
11650107,11650,11,서울특별시,650,서초구,107,반포동,2,0.0,0.0,0.0,0.0,0.0,0.0,0.0,0.0,0.0,0.0,0.0,0.0,13.1,13.1,0.0,0.0,2,0.0,0.0,0.0,0.0,0.0,0.0,0.0,0.0,0.0,0.0,0.0,0.0,120.0,120.0,0.0,0.0,2,1355.0,775.0,1355.0,775.0,1355.0,775.0,1355.0,775.0,1375.0,795.0,1375.0,795.0,1375.0,795.0,1355.0,775.0,0.0,0.0,2,43,22,31,16,5,3,7,4,13,8,9,6,0,0,4,2
11650108,11650,11,서울특별시,650,서초구,108,서초동,2,0.0,0.0,0.0,0.0,0.0,0.0,0.0,0.0,0.0,0.0,0.0,0.0,68.5,53.6,0.0,0.0,2,0.0,0.0,0.0,0.0,0.0,0.0,0.0,0.0,0.0,0.0,0.0,0.0,275.0,170.0,0.0,0.0,3,2470.0,1260.0,2470.0,1260.0,2470.0,1260.0,2470.0,1260.0,2470.0,1260.0,2470.0,1260.0,2480.0,1260.0,2470.0,1260.0,0.0,0.0,3,52,27,37,20,2,2,13,10,33,18,23,15,0,0,10,4
11650116,11650,11,서울특별시,650,서초구,116,내곡동,0,0.0,0.0,0.0,0.0,0.0,0.0,0.0,0.0,0.0,0.0,0.0,0.0,0.0,0.0,0.0,0.0,0,0.0,0.0,0.0,0.0,0.0,0.0,0.0,0.0,0.0,0.0,0.0,0.0,0.0,0.0,0.0,0.0,1,0.0,0.0,0.0,0.0,0.0,0.0,0.0,0.0,0.0,0.0,0.0,0.0,0.0,0.0,0.0,0.0,0.0,0.0,2,53,27,49,25,4,2,0,0,15,8,14,8,1,1,0,0
11680101,11680,11,서울특별시,680,강남구,101,역삼동,1,0.0,0.0,0.0,0.0,0.0,0.0,0.0,0.0,0.0,0.0,0.0,0.0,0.0,0.0,0.0,0.0,1,0.0,0.0,0.0,0.0,0.0,0.0,0.0,0.0,0.0,0.0,0.0,0.0,0.0,0.0,0.0,0.0,1,700.0,700.0,700.0,700.0,700.0,700.0,700.0,700.0,710.0,710.0,710.0,710.0,715.0,715.0,700.0,700.0,0.0,0.0,1,26,26,25,25,0,0,1,1,6,6,5,5,0,0,1,1
11680103,11680,11,서울특별시,680,강남구,103,개포동,1,5.0,5.0,5.0,5.0,5.0,5.0,5.0,5.0,5.0,5.0,5.0,5.0,5.0,5.0,5.0,5.0,1,0.0,0.0,0.0,0.0,0.0,0.0,0.0,0.0,0.0,0.0,0.0,0.0,0.0,0.0,0.0,0.0,0,0.0,0.0,0.0,0.0,0.0,0.0,0.0,0.0,0.0,0.0,0.0,0.0,0.0,0.0,0.0,0.0,0.0,0.0,0,0,0,0,0,0,0,0,0,0,0,0,0,0,0,0,0
11680104,11680,11,서울특별시,680,강남구,104,청담동,1,0.0,0.0,5.0,5.0,5.0,5.0,5.0,5.0,5.0,5.0,5.0,5.0,5.0,5.0,0.0,0.0,1,0.0,0.0,5.0,5.0,5.0,5.0,5.0,5.0,5.0,5.0,5.0,5.0,5.0,5.0,0.0,0.0,1,530.0,530.0,680.0,680.0,680.0,680.0,680.0,680.0,680.0,680.0,680.0,680.0,680.0,680.0,530.0,530.0,0.0,0.0,1,34,34,25,25,0,0,9,9,11,11,6,6,0,0,5,5
11680106,11680,11,서울특별시,680,강남구,106,대치동,1,0.0,0.0,0.0,0.0,0.0,0.0,0.0,0.0,0.0,0.0,0.0,0.0,0.0,0.0,0.0,0.0,1,0.0,0.0,0.0,0.0,0.0,0.0,0.0,0.0,0.0,0.0,0.0,0.0,0.0,0.0,0.0,0.0,1,0.0,0.0,0.0,0.0,0.0,0.0,0.0,0.0,0.0,0.0,0.0,0.0,0.0,0.0,0.0,0.0,0.0,0.0,1,26,26,25,25,0,0,1,1,4,4,4,4,0,0,0,0
11680107,11680,11,서울특별시,680,강남구,107,신사동,1,0.0,0.0,0.0,0.0,0.0,0.0,0.0,0.0,0.0,0.0,0.0,0.0,0.0,0.0,0.0,0.0,1,0.0,0.0,0.0,0.0,0.0,0.0,0.0,0.0,0.0,0.0,0.0,0.0,0.0,0.0,0.0,0.0,1,910.0,910.0,910.0,910.0,910.0,910.0,910.0,910.0,910.0,910.0,910.0,910.0,915.0,915.0,910.0,910.0,0.0,0.0,1,32,32,26,26,0,0,6,6,8,8,7,7,0,0,1,1
11680108,11680,11,서울특별시,680,강남구,108,논현동,1,0.0,0.0,3.3,3.3,3.3,3.3,3.3,3.3,3.3,3.3,3.3,3.3,3.3,3.3,0.0,0.0,1,0.0,0.0,0.0,0.0,0.0,0.0,0.0,0.0,0.0,0.0,0.0,0.0,0.0,0.0,0.0,0.0,1,0.0,0.0,0.0,0.0,0.0,0.0,0.0,0.0,0.0,0.0,0.0,0.0,0.0,0.0,0.0,0.0,0.0,0.0,1,22,22,13,13,0,0,9,9,6,6,6,6,0,0,0,0
11680111,11680,11,서울특별시,680,강남구,111,세곡동,0,0.0,0.0,0.0,0.0,0.0,0.0,0.0,0.0,0.0,0.0,0.0,0.0,0.0,0.0,0.0,0.0,0,0.0,0.0,0.0,0.0,0.0,0.0,0.0,0.0,0.0,0.0,0.0,0.0,0.0,0.0,0.0,0.0,1,0.0,0.0,0.0,0.0,0.0,0.0,0.0,0.0,0.0,0.0,0.0,0.0,0.0,0.0,0.0,0.0,0.0,0.0,2,46,27,32,25,2,2,12,12,21,13,17,9,0,0,4,4
11680118,11680,11,서울특별시,680,강남구,118,도곡동,2,0.0,0.0,5.0,5.0,5.0,5.0,5.0,5.0,5.0,5.0,5.0,5.0,97.0,92.0,0.0,0.0,2,0.0,0.0,5.0,5.0,5.0,5.0,5.0,5.0,5.0,5.0,5.0,5.0,355.0,350.0,0.0,0.0,2,1125.0,730.0,1505.0,1110.0,1505.0,1110.0,1505.0,1110.0,1505.0,1110.0,1505.0,1110.0,2140.0,1120.0,1125.0,730.0,0.0,0.0,2,64,35,29,17,1,1,34,18,18,10,8,6,4,2,6,4
11710101,11710,11,서울특별시,710,송파구,101,잠실동,1,0.0,0.0,0.0,0.0,0.0,0.0,0.0,0.0,0.0,0.0,0.0,0.0,0.0,0.0,0.0,0.0,1,0.0,0.0,0.0,0.0,0.0,0.0,0.0,0.0,0.0,0.0,0.0,0.0,0.0,0.0,0.0,0.0,0,0.0,0.0,0.0,0.0,0.0,0.0,0.0,0.0,0.0,0.0,0.0,0.0,0.0,0.0,0.0,0.0,0.0,0.0,1,19,19,7,7,0,0,12,12,13,13,9,9,0,0,4,4
11710102,11710,11,서울특별시,710,송파구,102,신천동,2,0.0,0.0,0.0,0.0,0.0,0.0,0.0,0.0,0.0,0.0,0.0,0.0,0.0,0.0,0.0,0.0,2,0.0,0.0,0.0,0.0,0.0,0.0,0.0,0.0,0.0,0.0,0.0,0.0,0.0,0.0,0.0,0.0,0,0.0,0.0,0.0,0.0,0.0,0.0,0.0,0.0,0.0,0.0,0.0,0.0,0.0,0.0,0.0,0.0,0.0,0.0,1,35,35,34,34,0,0,1,1,9,9,8,8,0,0,1,1
11710103,11710,11,서울특별시,710,송파구,103,풍납동,1,0.0,0.0,0.0,0.0,0.0,0.0,0.0,0.0,0.0,0.0,0.0,0.0,0.0,0.0,0.0,0.0,1,0.0,0.0,0.0,0.0,0.0,0.0,0.0,0.0,0.0,0.0,0.0,0.0,0.0,0.0,0.0,0.0,1,615.0,615.0,615.0,615.0,620.0,620.0,635.0,635.0,685.0,685.0,685.0,685.0,690.0,690.0,615.0,615.0,0.0,0.0,1,34,34,31,31,0,0,3,3,6,6,4,4,0,0,2,2
11710104,11710,11,서울특별시,710,송파구,104,송파동,1,0.0,0.0,0.0,0.0,0.0,0.0,0.0,0.0,0.0,0.0,0.0,0.0,0.0,0.0,0.0,0.0,1,0.0,0.0,0.0,0.0,0.0,0.0,0.0,0.0,0.0,0.0,0.0,0.0,0.0,0.0,0.0,0.0,0,0.0,0.0,0.0,0.0,0.0,0.0,0.0,0.0,0.0,0.0,0.0,0.0,0.0,0.0,0.0,0.0,0.0,0.0,0,0,0,0,0,0,0,0,0,0,0,0,0,0,0,0,0
11710105,11710,11,서울특별시,710,송파구,105,석촌동,0,0.0,0.0,0.0,0.0,0.0,0.0,0.0,0.0,0.0,0.0,0.0,0.0,0.0,0.0,0.0,0.0,0,0.0,0.0,0.0,0.0,0.0,0.0,0.0,0.0,0.0,0.0,0.0,0.0,0.0,0.0,0.0,0.0,1,725.0,725.0,725.0,725.0,755.0,755.0,765.0,765.0,810.0,810.0,810.0,810.0,830.0,830.0,725.0,725.0,0.0,0.0,1,36,36,22,22,0,0,14,14,9,9,4,4,0,0,5,5
11710106,11710,11,서울특별시,710,송파구,106,삼전동,0,0.0,0.0,0.0,0.0,0.0,0.0,0.0,0.0,0.0,0.0,0.0,0.0,0.0,0.0,0.0,0.0,0,0.0,0.0,0.0,0.0,0.0,0.0,0.0,0.0,0.0,0.0,0.0,0.0,0.0,0.0,0.0,0.0,1,0.0,0.0,0.0,0.0,0.0,0.0,0.0,0.0,0.0,0.0,0.0,0.0,0.0,0.0,0.0,0.0,0.0,0.0,2,59,32,57,32,2,2,0,0,16,8,16,8,0,0,0,0
11710107,11710,11,서울특별시,710,송파구,107,가락동,0,0.0,0.0,0.0,0.0,0.0,0.0,0.0,0.0,0.0,0.0,0.0,0.0,0.0,0.0,0.0,0.0,0,0.0,0.0,0.0,0.0,0.0,0.0,0.0,0.0,0.0,0.0,0.0,0.0,0.0,0.0,0.0,0.0,1,525.0,525.0,525.0,525.0,640.0,640.0,640.0,640.0,640.0,640.0,645.0,645.0,645.0,645.0,525.0,525.0,0.0,0.0,1,28,28,24,24,0,0,4,4,7,7,7,7,0,0,0,0
11710110,11710,11,서울특별시,710,송파구,110,오금동,1,0.6,0.6,0.6,0.6,0.6,0.6,0.6,0.6,0.6,0.6,0.6,0.6,0.6,0.6,0.6,0.6,1,0.0,0.0,0.0,0.0,0.0,0.0,0.0,0.0,0.0,0.0,0.0,0.0,0.0,0.0,0.0,0.0,0,0.0,0.0,0.0,0.0,0.0,0.0,0.0,0.0,0.0,0.0,0.0,0.0,0.0,0.0,0.0,0.0,0.0,0.0,0,0,0,0,0,0,0,0,0,0,0,0,0,0,0,0,0
11710111,11710,11,서울특별시,710,송파구,111,장지동,1,0.0,0.0,0.0,0.0,0.0,0.0,0.0,0.0,0.0,0.0,0.0,0.0,0.0,0.0,0.0,0.0,1,35.0,35.0,35.0,35.0,35.0,35.0,35.0,35.0,35.0,35.0,35.0,35.0,35.0,35.0,35.0,35.0,1,300.0,300.0,300.0,300.0,300.0,300.0,300.0,300.0,300.0,300.0,305.0,305.0,305.0,305.0,300.0,300.0,0.0,0.0,1,30,30,16,16,6,6,8,8,9,9,4,4,1,1,4,4
11710113,11710,11,서울특별시,710,송파구,113,거여동,0,0.0,0.0,0.0,0.0,0.0,0.0,0.0,0.0,0.0,0.0,0.0,0.0,0.0,0.0,0.0,0.0,0,0.0,0.0,0.0,0.0,0.0,0.0,0.0,0.0,0.0,0.0,0.0,0.0,0.0,0.0,0.0,0.0,1,0.0,0.0,0.0,0.0,0.0,0.0,0.0,0.0,0.0,0.0,0.0,0.0,0.0,0.0,0.0,0.0,0.0,0.0,1,27,27,27,27,0,0,0,0,8,8,8,8,0,0,0,0
11740101,11740,11,서울특별시,740,강동구,101,,0,0.0,0.0,0.0,0.0,0.0,0.0,0.0,0.0,0.0,0.0,0.0,0.0,0.0,0.0,0.0,0.0,0,0.0,0.0,0.0,0.0,0.0,0.0,0.0,0.0,0.0,0.0,0.0,0.0,0.0,0.0,0.0,0.0,0,0.0,0.0,0.0,0.0,0.0,0.0,0.0,0.0,0.0,0.0,0.0,0.0,0.0,0.0,0.0,0.0,0.0,0.0,1,19,19,7,7,0,0,12,12,13,13,9,9,0,0,4,4
11740107,11740,11,서울특별시,740,강동구,107,암사동,1,0.0,0.0,0.0,0.0,0.0,0.0,0.0,0.0,0.0,0.0,0.0,0.0,0.0,0.0,0.0,0.0,1,0.0,0.0,0.0,0.0,0.0,0.0,0.0,0.0,0.0,0.0,0.0,0.0,0.0,0.0,0.0,0.0,0,0.0,0.0,0.0,0.0,0.0,0.0,0.0,0.0,0.0,0.0,0.0,0.0,0.0,0.0,0.0,0.0,0.0,0.0,0,0,0,0,0,0,0,0,0,0,0,0,0,0,0,0,0
11740109,11740,11,서울특별시,740,강동구,109,천호동,0,0.0,0.0,0.0,0.0,0.0,0.0,0.0,0.0,0.0,0.0,0.0,0.0,0.0,0.0,0.0,0.0,0,0.0,0.0,0.0,0.0,0.0,0.0,0.0,0.0,0.0,0.0,0.0,0.0,0.0,0.0,0.0,0.0,1,295.0,295.0,385.0,385.0,385.0,385.0,385.0,385.0,385.0,385.0,385.0,385.0,390.0,390.0,295.0,295.0,0.0,0.0,1,29,29,22,22,0,0,7,7,8,8,4,4,0,0,4,4
11740110,11740,11,서울특별시,740,강동구,110,강일동,1,0.0,0.0,0.0,0.0,0.0,0.0,0.0,0.0,0.0,0.0,0.0,0.0,0.0,0.0,0.0,0.0,1,0.0,0.0,0.0,0.0,0.0,0.0,0.0,0.0,0.0,0.0,0.0,0.0,0.0,0.0,0.0,0.0,1,295.0,295.0,1070.0,1070.0,1070.0,1070.0,1070.0,1070.0,1070.0,1070.0,1070.0,1070.0,1070.0,1070.0,295.0,295.0,0.0,0.0,1,35,35,34,34,0,0,1,1,9,9,8,8,0,0,1,1
12110101,12110,12,전남광주통합특별시,110,목포시,101,,0,0.0,0.0,0.0,0.0,0.0,0.0,0.0,0.0,0.0,0.0,0.0,0.0,0.0,0.0,0.0,0.0,0,0.0,0.0,0.0,0.0,0.0,0.0,0.0,0.0,0.0,0.0,0.0,0.0,0.0,0.0,0.0,0.0,0,0.0,0.0,0.0,0.0,0.0,0.0,0.0,0.0,0.0,0.0,0.0,0.0,0.0,0.0,0.0,0.0,0.0,0.0,1,0,0,0,0,0,0,0,0,20,20,10,10,10,10,0,0
12110105,12110,12,전남광주통합특별시,110,목포시,105,달동,0,0.0,0.0,0.0,0.0,0.0,0.0,0.0,0.0,0.0,0.0,0.0,0.0,0.0,0.0,0.0,0.0,0,0.0,0.0,0.0,0.0,0.0,0.0,0.0,0.0,0.0,0.0,0.0,0.0,0.0,0.0,0.0,0.0,1,0.0,0.0,0.0,0.0,0.0,0.0,0.0,0.0,0.0,0.0,0.0,0.0,0.0,0.0,0.0,0.0,59.4574,59.4574,1,21,21,19,19,2,2,0,0,9,9,5,5,4,4,0,0
12110155,12110,12,전남광주통합특별시,110,목포시,155,금화동,0,0.0,0.0,0.0,0.0,0.0,0.0,0.0,0.0,0.0,0.0,0.0,0.0,0.0,0.0,0.0,0.0,0,0.0,0.0,0.0,0.0,0.0,0.0,0.0,0.0,0.0,0.0,0.0,0.0,0.0,0.0,0.0,0.0,1,0.0,0.0,0.0,0.0,0.0,0.0,0.0,0.0,0.0,0.0,0.0,0.0,0.0,0.0,0.0,0.0,29.7,29.7,1,26,26,20,20,1,1,5,5,8,8,4,4,1,1,3,3
12110156,12110,12,전남광주통합특별시,110,목포시,156,,0,0.0,0.0,0.0,0.0,0.0,0.0,0.0,0.0,0.0,0.0,0.0,0.0,0.0,0.0,0.0,0.0,0,0.0,0.0,0.0,0.0,0.0,0.0,0.0,0.0,0.0,0.0,0.0,0.0,0.0,0.0,0.0,0.0,0,0.0,0.0,0.0,0.0,0.0,0.0,0.0,0.0,0.0,0.0,0.0,0.0,0.0,0.0,0.0,0.0,0.0,0.0,1,0,0,0,0,0,0,0,0,18,18,7,7,7,7,4,4
12130103,12130,12,전남광주통합특별시,130,여수시,103,중앙동,1,0.0,0.0,0.0,0.0,0.0,0.0,0.0,0.0,0.0,0.0,0.0,0.0,0.0,0.0,0.0,0.0,1,0.0,0.0,0.0,0.0,0.0,0.0,0.0,0.0,0.0,0.0,0.0,0.0,0.0,0.0,0.0,0.0,0,0.0,0.0,0.0,0.0,0.0,0.0,0.0,0.0,0.0,0.0,0.0,0.0,0.0,0.0,0.0,0.0,0.0,0.0,0,0,0,0,0,0,0,0,0,0,0,0,0,0,0,0,0
12130115,12130,12,전남광주통합특별시,130,여수시,115,봉산동,0,0.0,0.0,0.0,0.0,0.0,0.0,0.0,0.0,0.0,0.0,0.0,0.0,0.0,0.0,0.0,0.0,0,0.0,0.0,0.0,0.0,0.0,0.0,0.0,0.0,0.0,0.0,0.0,0.0,0.0,0.0,0.0,0.0,1,0.0,0.0,0.0,0.0,0.0,0.0,0.0,0.0,0.0,0.0,0.0,0.0,0.0,0.0,0.0,0.0,1477.5,1477.5,0,0,0,0,0,0,0,0,0,0,0,0,0,0,0,0,0
12130127,12130,12,전남광주통합특별시,130,여수시,127,경호동,0,0.0,0.0,0.0,0.0,0.0,0.0,0.0,0.0,0.0,0.0,0.0,0.0,0.0,0.0,0.0,0.0,0,0.0,0.0,0.0,0.0,0.0,0.0,0.0,0.0,0.0,0.0,0.0,0.0,0.0,0.0,0.0,0.0,1,0.0,0.0,0.0,0.0,0.0,0.0,0.0,0.0,0.0,0.0,0.0,0.0,0.0,0.0,0.0,0.0,345.0,345.0,1,29,29,29,29,0,0,0,0,8,8,4,4,1,1,3,3
12130139,12130,12,전남광주통합특별시,130,여수시,139,봉계동,0,0.0,0.0,0.0,0.0,0.0,0.0,0.0,0.0,0.0,0.0,0.0,0.0,0.0,0.0,0.0,0.0,0,0.0,0.0,0.0,0.0,0.0,0.0,0.0,0.0,0.0,0.0,0.0,0.0,0.0,0.0,0.0,0.0,1,0.0,0.0,0.0,0.0,0.0,0.0,0.0,0.0,0.0,0.0,0.0,0.0,0.0,0.0,0.0,0.0,0.0,0.0,1,17,17,15,15,2,2,0,0,20,20,20,20,0,0,0,0
12130141,12130,12,전남광주통합특별시,130,여수시,141,화치동,1,0.0,0.0,0.0,0.0,0.0,0.0,0.0,0.0,0.0,0.0,0.0,0.0,0.0,0.0,0.0,0.0,1,0.0,0.0,0.0,0.0,0.0,0.0,0.0,0.0,0.0,0.0,0.0,0.0,0.0,0.0,0.0,0.0,0,0.0,0.0,0.0,0.0,0.0,0.0,0.0,0.0,0.0,0.0,0.0,0.0,0.0,0.0,0.0,0.0,0.0,0.0,0,0,0,0,0,0,0,0,0,0,0,0,0,0,0,0,0
12130143,12130,12,전남광주통합특별시,130,여수시,143,평여동,1,0.0,0.0,0.0,0.0,0.0,0.0,0.0,0.0,0.0,0.0,0.0,0.0,0.0,0.0,0.0,0.0,1,0.0,0.0,0.0,0.0,0.0,0.0,0.0,0.0,0.0,0.0,0.0,0.0,0.0,0.0,0.0,0.0,1,0.0,0.0,0.0,0.0,0.0,0.0,0.0,0.0,0.0,0.0,0.0,0.0,0.0,0.0,0.0,0.0,490.0,490.0,0,0,0,0,0,0,0,0,0,0,0,0,0,0,0,0,0
12130146,12130,12,전남광주통합특별시,130,여수시,146,월내동,0,0.0,0.0,0.0,0.0,0.0,0.0,0.0,0.0,0.0,0.0,0.0,0.0,0.0,0.0,0.0,0.0,0,0.0,0.0,0.0,0.0,0.0,0.0,0.0,0.0,0.0,0.0,0.0,0.0,0.0,0.0,0.0,0.0,1,0.0,0.0,0.0,0.0,0.0,0.0,0.0,0.0,0.0,0.0,0.0,0.0,0.0,0.0,0.0,0.0,105.0,105.0,0,0,0,0,0,0,0,0,0,0,0,0,0,0,0,0,0
12130148,12130,12,전남광주통합특별시,130,여수시,148,낙포동,0,0.0,0.0,0.0,0.0,0.0,0.0,0.0,0.0,0.0,0.0,0.0,0.0,0.0,0.0,0.0,0.0,0,0.0,0.0,0.0,0.0,0.0,0.0,0.0,0.0,0.0,0.0,0.0,0.0,0.0,0.0,0.0,0.0,1,0.0,0.0,0.0,0.0,0.0,0.0,0.0,0.0,0.0,0.0,0.0,0.0,0.0,0.0,0.0,0.0,589.0,589.0,1,26,26,25,25,0,0,1,1,16,16,14,14,2,2,0,0
12130151,12130,12,전남광주통합특별시,130,여수시,151,호명동,1,0.0,0.0,0.0,0.0,0.0,0.0,0.0,0.0,0.0,0.0,0.0,0.0,0.0,0.0,0.0,0.0,1,0.0,0.0,0.0,0.0,0.0,0.0,0.0,0.0,0.0,0.0,0.0,0.0,0.0,0.0,0.0,0.0,0,0.0,0.0,0.0,0.0,0.0,0.0,0.0,0.0,0.0,0.0,0.0,0.0,0.0,0.0,0.0,0.0,0.0,0.0,0,0,0,0,0,0,0,0,0,0,0,0,0,0,0,0,0
12130250,12130,12,전남광주통합특별시,130,여수시,250,돌산읍,0,0.0,0.0,0.0,0.0,0.0,0.0,0.0,0.0,0.0,0.0,0.0,0.0,0.0,0.0,0.0,0.0,0,0.0,0.0,0.0,0.0,0.0,0.0,0.0,0.0,0.0,0.0,0.0,0.0,0.0,0.0,0.0,0.0,1,0.0,0.0,0.0,0.0,0.0,0.0,0.0,0.0,0.0,0.0,0.0,0.0,0.0,0.0,0.0,0.0,250.1839,250.1839,0,0,0,0,0,0,0,0,0,0,0,0,0,0,0,0,0
12130310,12130,12,전남광주통합특별시,130,여수시,310,소라면,1,0.0,0.0,0.0,0.0,0.0,0.0,0.0,0.0,0.0,0.0,0.0,0.0,0.0,0.0,0.0,0.0,1,0.0,0.0,0.0,0.0,0.0,0.0,0.0,0.0,0.0,0.0,0.0,0.0,0.0,0.0,0.0,0.0,1,0.0,0.0,0.0,0.0,0.0,0.0,0.0,0.0,0.0,0.0,0.0,0.0,0.0,0.0,0.0,0.0,490.0,490.0,1,19,19,10,10,6,6,3,3,15,15,14,14,1,1,0,0
12130320,12130,12,전남광주통합특별시,130,여수시,320,,0,0.0,0.0,0.0,0.0,0.0,0.0,0.0,0.0,0.0,0.0,0.0,0.0,0.0,0.0,0.0,0.0,0,0.0,0.0,0.0,0.0,0.0,0.0,0.0,0.0,0.0,0.0,0.0,0.0,0.0,0.0,0.0,0.0,0,0.0,0.0,0.0,0.0,0.0,0.0,0.0,0.0,0.0,0.0,0.0,0.0,0.0,0.0,0.0,0.0,0.0,0.0,1,14,14,14,14,0,0,0,0,16,16,15,15,1,1,0,0
12130340,12130,12,전남광주통합특별시,130,여수시,340,남면,0,0.0,0.0,0.0,0.0,0.0,0.0,0.0,0.0,0.0,0.0,0.0,0.0,0.0,0.0,0.0,0.0,0,0.0,0.0,0.0,0.0,0.0,0.0,0.0,0.0,0.0,0.0,0.0,0.0,0.0,0.0,0.0,0.0,1,0.0,0.0,0.0,0.0,0.0,0.0,0.0,0.0,0.0,0.0,0.0,0.0,0.0,0.0,0.0,0.0,0.0,0.0,1,21,21,17,17,3,3,1,1,8,8,5,5,0,0,3,3
12150101,12150,12,전남광주통합특별시,150,순천시,101,삼거동,0,0.0,0.0,0.0,0.0,0.0,0.0,0.0,0.0,0.0,0.0,0.0,0.0,0.0,0.0,0.0,0.0,0,0.0,0.0,0.0,0.0,0.0,0.0,0.0,0.0,0.0,0.0,0.0,0.0,0.0,0.0,0.0,0.0,1,0.0,0.0,0.0,0.0,0.0,0.0,0.0,0.0,0.0,0.0,0.0,0.0,0.0,0.0,0.0,0.0,2565.5,2565.5,1,13,13,10,10,3,3,0,0,18,18,8,8,6,6,4,4
12150108,12150,12,전남광주통합특별시,150,순천시,108,가곡동,0,0.0,0.0,0.0,0.0,0.0,0.0,0.0,0.0,0.0,0.0,0.0,0.0,0.0,0.0,0.0,0.0,0,0.0,0.0,0.0,0.0,0.0,0.0,0.0,0.0,0.0,0.0,0.0,0.0,0.0,0.0,0.0,0.0,2,0.0,0.0,0.0,0.0,0.0,0.0,0.0,0.0,0.0,0.0,0.0,0.0,0.0,0.0,0.0,0.0,111.4,111.4,2,48,26,39,20,4,4,5,6,16,8,14,8,2,2,0,0
12150125,12150,12,전남광주통합특별시,150,순천시,125,홍내동,1,0.0,0.0,0.0,0.0,0.0,0.0,0.0,0.0,0.0,0.0,0.0,0.0,0.0,0.0,0.0,0.0,1,0.0,0.0,0.0,0.0,0.0,0.0,0.0,0.0,0.0,0.0,0.0,0.0,0.0,0.0,0.0,0.0,0,0.0,0.0,0.0,0.0,0.0,0.0,0.0,0.0,0.0,0.0,0.0,0.0,0.0,0.0,0.0,0.0,0.0,0.0,0,0,0,0,0,0,0,0,0,0,0,0,0,0,0,0,0
12150250,12150,12,전남광주통합특별시,150,순천시,250,광양읍,1,0.0,0.0,0.0,0.0,0.0,0.0,0.0,0.0,0.0,0.0,0.0,0.0,0.0,0.0,0.0,0.0,1,0.0,0.0,0.0,0.0,0.0,0.0,0.0,0.0,0.0,0.0,0.0,0.0,0.0,0.0,0.0,0.0,0,0.0,0.0,0.0,0.0,0.0,0.0,0.0,0.0,0.0,0.0,0.0,0.0,0.0,0.0,0.0,0.0,0.0,0.0,1,13,13,10,10,0,0,3,3,8,8,4,4,0,0,4,4
12150310,12150,12,전남광주통합특별시,150,순천시,310,해룡면,2,0.0,0.0,0.0,0.0,0.0,0.0,0.0,0.0,0.0,0.0,0.0,0.0,0.0,0.0,0.0,0.0,2,0.0,0.0,0.0,0.0,0.0,0.0,0.0,0.0,0.0,0.0,0.0,0.0,0.0,0.0,0.0,0.0,1,0.0,0.0,0.0,0.0,0.0,0.0,0.0,0.0,0.0,0.0,0.0,0.0,0.0,0.0,0.0,0.0,30.0,30.0,3,30,16,28,14,0,0,2,5,34,16,27,15,7,5,0,0
12150330,12150,12,전남광주통합특별시,150,순천시,330,황전면,2,116.5,116.5,115.7,115.7,115.0,115.0,114.3,114.3,113.6,113.6,112.9,112.9,112.2,112.2,116.5,116.5,2,60.0,60.0,410.0,410.0,415.0,415.0,385.0,385.0,415.0,415.0,405.0,405.0,405.0,405.0,60.0,60.0,0,0.0,0.0,0.0,0.0,0.0,0.0,0.0,0.0,0.0,0.0,0.0,0.0,0.0,0.0,0.0,0.0,0.0,0.0,1,13,13,10,10,0,0,3,3,8,8,2,2,1,1,5,5
12150350,12150,12,전남광주통합특별시,150,순천시,350,주암면,1,0.0,0.0,0.0,0.0,0.0,0.0,0.0,0.0,117.9,117.9,117.4,117.4,117.0,117.0,0.0,0.0,1,0.0,0.0,0.0,0.0,0.0,0.0,0.0,0.0,0.0,0.0,0.0,0.0,0.0,0.0,0.0,0.0,0,0.0,0.0,0.0,0.0,0.0,0.0,0.0,0.0,0.0,0.0,0.0,0.0,0.0,0.0,0.0,0.0,0.0,0.0,0,0,0,0,0,0,0,0,0,0,0,0,0,0,0,0,0
12170101,12170,12,전남광주통합특별시,170,나주시,101,,0,0.0,0.0,0.0,0.0,0.0,0.0,0.0,0.0,0.0,0.0,0.0,0.0,0.0,0.0,0.0,0.0,0,0.0,0.0,0.0,0.0,0.0,0.0,0.0,0.0,0.0,0.0,0.0,0.0,0.0,0.0,0.0,0.0,0,0.0,0.0,0.0,0.0,0.0,0.0,0.0,0.0,0.0,0.0,0.0,0.0,0.0,0.0,0.0,0.0,0.0,0.0,1,0,0,0,0,0,0,0,0,20,20,10,10,10,10,0,0
12170108,12170,12,전남광주통합특별시,170,나주시,108,경현동,0,0.0,0.0,0.0,0.0,0.0,0.0,0.0,0.0,0.0,0.0,0.0,0.0,0.0,0.0,0.0,0.0,0,0.0,0.0,0.0,0.0,0.0,0.0,0.0,0.0,0.0,0.0,0.0,0.0,0.0,0.0,0.0,0.0,1,0.0,0.0,0.0,0.0,0.0,0.0,0.0,0.0,0.0,0.0,0.0,0.0,0.0,0.0,0.0,0.0,0.0,0.0,1,31,31,28,28,2,2,1,1,12,12,11,11,1,1,0,0
12170124,12170,12,전남광주통합특별시,170,나주시,124,용산동,1,165.6,165.6,165.6,165.6,165.6,165.6,165.6,165.6,165.6,165.6,165.6,165.6,165.6,165.6,165.6,165.6,1,0.0,0.0,0.0,0.0,0.0,0.0,0.0,0.0,0.0,0.0,0.0,0.0,0.0,0.0,0.0,0.0,0,0.0,0.0,0.0,0.0,0.0,0.0,0.0,0.0,0.0,0.0,0.0,0.0,0.0,0.0,0.0,0.0,0.0,0.0,0,0,0,0,0,0,0,0,0,0,0,0,0,0,0,0,0
12170320,12170,12,전남광주통합특별시,170,나주시,320,왕곡면,1,0.0,0.0,100.3,100.3,99.6,99.6,0.0,0.0,98.4,98.4,97.7,97.7,97.1,97.1,0.0,0.0,1,0.0,0.0,0.0,0.0,0.0,0.0,0.0,0.0,0.0,0.0,0.0,0.0,0.0,0.0,0.0,0.0,0,0.0,0.0,0.0,0.0,0.0,0.0,0.0,0.0,0.0,0.0,0.0,0.0,0.0,0.0,0.0,0.0,0.0,0.0,0,0,0,0,0,0,0,0,0,0,0,0,0,0,0,0,0
12170340,12170,12,전남광주통합특별시,170,나주시,340,공산면,0,0.0,0.0,0.0,0.0,0.0,0.0,0.0,0.0,0.0,0.0,0.0,0.0,0.0,0.0,0.0,0.0,0,0.0,0.0,0.0,0.0,0.0,0.0,0.0,0.0,0.0,0.0,0.0,0.0,0.0,0.0,0.0,0.0,1,0.0,0.0,0.0,0.0,0.0,0.0,0.0,0.0,0.0,0.0,0.0,0.0,0.0,0.0,0.0,0.0,62.2084,62.2084,1,26,26,13,13,0,0,13,13,8,8,5,5,2,2,1,1
12170400,12170,12,전남광주통합특별시,170,나주시,400,동강면,0,0.0,0.0,0.0,0.0,0.0,0.0,0.0,0.0,0.0,0.0,0.0,0.0,0.0,0.0,0.0,0.0,0,0.0,0.0,0.0,0.0,0.0,0.0,0.0,0.0,0.0,0.0,0.0,0.0,0.0,0.0,0.0,0.0,1,0.0,0.0,0.0,0.0,0.0,0.0,0.0,0.0,0.0,0.0,0.0,0.0,0.0,0.0,0.0,0.0,248.1893,248.1893,1,26,26,24,24,0,0,2,2,8,8,6,6,2,2,0,0
12170420,12170,12,전남광주통합특별시,170,나주시,420,다도면,1,0.0,0.0,73.9,73.9,72.6,72.6,71.3,71.3,60.0,60.0,35.0,35.0,67.4,67.4,0.0,0.0,1,0.0,0.0,0.0,0.0,0.0,0.0,0.0,0.0,0.0,0.0,0.0,0.0,0.0,0.0,0.0,0.0,0,0.0,0.0,0.0,0.0,0.0,0.0,0.0,0.0,0.0,0.0,0.0,0.0,0.0,0.0,0.0,0.0,0.0,0.0,0,0,0,0,0,0,0,0,0,0,0,0,0,0,0,0,0
12170430,12170,12,전남광주통합특별시,170,나주시,430,봉황면,0,0.0,0.0,0.0,0.0,0.0,0.0,0.0,0.0,0.0,0.0,0.0,0.0,0.0,0.0,0.0,0.0,0,0.0,0.0,0.0,0.0,0.0,0.0,0.0,0.0,0.0,0.0,0.0,0.0,0.0,0.0,0.0,0.0,1,0.0,0.0,0.0,0.0,0.0,0.0,0.0,0.0,0.0,0.0,0.0,0.0,0.0,0.0,0.0,0.0,97.8,97.8,1,20,20,15,15,5,5,0,0,8,8,4,4,4,4,0,0
12190101,12190,12,전남광주통합특별시,190,광양시,101,,0,0.0,0.0,0.0,0.0,0.0,0.0,0.0,0.0,0.0,0.0,0.0,0.0,0.0,0.0,0.0,0.0,0,0.0,0.0,0.0,0.0,0.0,0.0,0.0,0.0,0.0,0.0,0.0,0.0,0.0,0.0,0.0,0.0,0,0.0,0.0,0.0,0.0,0.0,0.0,0.0,0.0,0.0,0.0,0.0,0.0,0.0,0.0,0.0,0.0,0.0,0.0,1,13,13,10,10,3,3,0,0,18,18,8,8,6,6,4,4
12190102,12190,12,전남광주통합특별시,190,광양시,102,황길동,1,0.0,0.0,0.0,0.0,0.0,0.0,0.0,0.0,0.0,0.0,0.0,0.0,0.0,0.0,0.0,0.0,1,0.0,0.0,0.0,0.0,0.0,0.0,0.0,0.0,0.0,0.0,0.0,0.0,0.0,0.0,0.0,0.0,1,0.0,0.0,0.0,0.0,0.0,0.0,0.0,0.0,0.0,0.0,0.0,0.0,0.0,0.0,0.0,0.0,32.8471,32.8471,0,0,0,0,0,0,0,0,0,0,0,0,0,0,0,0,0
12190104,12190,12,전남광주통합특별시,190,광양시,104,금호동,0,0.0,0.0,0.0,0.0,0.0,0.0,0.0,0.0,0.0,0.0,0.0,0.0,0.0,0.0,0.0,0.0,0,0.0,0.0,0.0,0.0,0.0,0.0,0.0,0.0,0.0,0.0,0.0,0.0,0.0,0.0,0.0,0.0,1,0.0,0.0,0.0,0.0,0.0,0.0,0.0,0.0,0.0,0.0,0.0,0.0,0.0,0.0,0.0,0.0,0.0,0.0,1,18,18,17,17,1,1,0,0,8,8,8,8,0,0,0,0
12190108,12190,12,전남광주통합특별시,190,광양시,108,광영동,0,0.0,0.0,0.0,0.0,0.0,0.0,0.0,0.0,0.0,0.0,0.0,0.0,0.0,0.0,0.0,0.0,0,0.0,0.0,0.0,0.0,0.0,0.0,0.0,0.0,0.0,0.0,0.0,0.0,0.0,0.0,0.0,0.0,1,0.0,0.0,0.0,0.0,0.0,0.0,0.0,0.0,0.0,0.0,0.0,0.0,0.0,0.0,0.0,0.0,0.0,0.0,1,13,13,10,10,0,0,3,3,8,8,4,4,0,0,4,4
12190109,12190,12,전남광주통합특별시,190,광양시,109,태인동,1,0.0,0.0,0.0,0.0,0.0,0.0,0.0,0.0,0.0,0.0,0.0,0.0,0.0,0.0,0.0,0.0,1,0.0,0.0,0.0,0.0,0.0,0.0,0.0,0.0,0.0,0.0,0.0,0.0,0.0,0.0,0.0,0.0,0,0.0,0.0,0.0,0.0,0.0,0.0,0.0,0.0,0.0,0.0,0.0,0.0,0.0,0.0,0.0,0.0,0.0,0.0,0,0,0,0,0,0,0,0,0,0,0,0,0,0,0,0,0
12190250,12190,12,전남광주통합특별시,190,광양시,250,광양읍,1,0.0,0.0,0.0,0.0,0.0,0.0,0.0,0.0,0.0,0.0,0.0,0.0,0.0,0.0,0.0,0.0,1,0.0,0.0,0.0,0.0,0.0,0.0,0.0,0.0,0.0,0.0,0.0,0.0,0.0,0.0,0.0,0.0,1,0.0,0.0,0.0,0.0,0.0,0.0,0.0,0.0,0.0,0.0,0.0,0.0,0.0,0.0,0.0,0.0,0.0,0.0,1,0,0,3,3,0,0,-3,-3,9,9,4,4,5,5,0,0
12190340,12190,12,전남광주통합특별시,190,광양시,340,진상면,0,0.0,0.0,0.0,0.0,0.0,0.0,0.0,0.0,0.0,0.0,0.0,0.0,0.0,0.0,0.0,0.0,0,0.0,0.0,0.0,0.0,0.0,0.0,0.0,0.0,0.0,0.0,0.0,0.0,0.0,0.0,0.0,0.0,1,0.0,0.0,0.0,0.0,0.0,0.0,0.0,0.0,0.0,0.0,0.0,0.0,460.0,460.0,0.0,0.0,0.0,0.0,1,27,27,18,18,0,0,9,9,8,8,8,8,0,0,0,0
12190360,12190,12,전남광주통합특별시,190,광양시,360,다압면,1,84.3,84.3,82.7,82.7,81.1,81.1,79.5,79.5,77.9,77.9,76.3,76.3,74.0,74.0,84.3,84.3,1,0.0,0.0,0.0,0.0,0.0,0.0,0.0,0.0,0.0,0.0,0.0,0.0,0.0,0.0,0.0,0.0,0,0.0,0.0,0.0,0.0,0.0,0.0,0.0,0.0,0.0,0.0,0.0,0.0,0.0,0.0,0.0,0.0,0.0,0.0,0,0,0,0,0,0,0,0,0,0,0,0,0,0,0,0,0
12210101,12210,12,전남광주통합특별시,210,동구,101,대인동,0,0.0,0.0,0.0,0.0,0.0,0.0,0.0,0.0,0.0,0.0,0.0,0.0,0.0,0.0,0.0,0.0,0,0.0,0.0,0.0,0.0,0.0,0.0,0.0,0.0,0.0,0.0,0.0,0.0,0.0,0.0,0.0,0.0,1,0.0,0.0,0.0,0.0,0.0,0.0,0.0,0.0,0.0,0.0,0.0,0.0,0.0,0.0,0.0,0.0,510.0,510.0,1,0,0,0,0,0,0,0,0,18,18,11,11,1,1,6,6
12210109,12210,12,전남광주통합특별시,210,동구,109,계림동,0,0.0,0.0,0.0,0.0,0.0,0.0,0.0,0.0,0.0,0.0,0.0,0.0,0.0,0.0,0.0,0.0,0,0.0,0.0,0.0,0.0,0.0,0.0,0.0,0.0,0.0,0.0,0.0,0.0,0.0,0.0,0.0,0.0,1,0.0,0.0,0.0,0.0,0.0,0.0,0.0,0.0,0.0,0.0,0.0,0.0,0.0,0.0,0.0,0.0,93.15,93.15,1,26,26,22,22,0,0,4,4,15,15,11,11,4,4,0,0
12210110,12210,12,전남광주통합특별시,210,동구,110,,0,0.0,0.0,0.0,0.0,0.0,0.0,0.0,0.0,0.0,0.0,0.0,0.0,0.0,0.0,0.0,0.0,0,0.0,0.0,0.0,0.0,0.0,0.0,0.0,0.0,0.0,0.0,0.0,0.0,0.0,0.0,0.0,0.0,0,0.0,0.0,0.0,0.0,0.0,0.0,0.0,0.0,0.0,0.0,0.0,0.0,0.0,0.0,0.0,0.0,0.0,0.0,1,26,26,26,26,0,0,0,0,8,8,6,6,0,0,2,2
12210119,12210,12,전남광주통합특별시,210,동구,119,,0,0.0,0.0,0.0,0.0,0.0,0.0,0.0,0.0,0.0,0.0,0.0,0.0,0.0,0.0,0.0,0.0,0,0.0,0.0,0.0,0.0,0.0,0.0,0.0,0.0,0.0,0.0,0.0,0.0,0.0,0.0,0.0,0.0,0,0.0,0.0,0.0,0.0,0.0,0.0,0.0,0.0,0.0,0.0,0.0,0.0,0.0,0.0,0.0,0.0,0.0,0.0,1,0,0,0,0,0,0,0,0,20,20,10,10,10,10,0,0
12210123,12210,12,전남광주통합특별시,210,동구,123,월남동,1,0.0,0.0,0.0,0.0,0.0,0.0,0.0,0.0,25.0,25.0,15.0,15.0,100.3,100.3,0.0,0.0,1,0.0,0.0,0.0,0.0,0.0,0.0,0.0,0.0,0.0,0.0,0.0,0.0,0.0,0.0,0.0,0.0,0,0.0,0.0,0.0,0.0,0.0,0.0,0.0,0.0,0.0,0.0,0.0,0.0,0.0,0.0,0.0,0.0,0.0,0.0,0,0,0,0,0,0,0,0,0,0,0,0,0,0,0,0,0
12210125,12210,12,전남광주통합특별시,210,동구,125,,0,0.0,0.0,0.0,0.0,0.0,0.0,0.0,0.0,0.0,0.0,0.0,0.0,0.0,0.0,0.0,0.0,0,0.0,0.0,0.0,0.0,0.0,0.0,0.0,0.0,0.0,0.0,0.0,0.0,0.0,0.0,0.0,0.0,0,0.0,0.0,0.0,0.0,0.0,0.0,0.0,0.0,0.0,0.0,0.0,0.0,0.0,0.0,0.0,0.0,0.0,0.0,1,14,14,9,9,0,0,5,5,8,8,2,2,6,6,0,0
12240104,12240,12,전남광주통합특별시,240,서구,104,,0,0.0,0.0,0.0,0.0,0.0,0.0,0.0,0.0,0.0,0.0,0.0,0.0,0.0,0.0,0.0,0.0,0,0.0,0.0,0.0,0.0,0.0,0.0,0.0,0.0,0.0,0.0,0.0,0.0,0.0,0.0,0.0,0.0,0,0.0,0.0,0.0,0.0,0.0,0.0,0.0,0.0,0.0,0.0,0.0,0.0,0.0,0.0,0.0,0.0,0.0,0.0,2,26,26,14,14,0,0,12,12,26,18,15,11,1,1,10,6
12240106,12240,12,전남광주통합특별시,240,서구,106,농성동,1,0.0,0.0,16.9,16.9,15.6,15.6,10.6,10.6,0.0,0.0,0.0,0.0,0.0,0.0,0.0,0.0,1,0.0,0.0,165.0,165.0,160.0,160.0,155.0,155.0,0.0,0.0,0.0,0.0,175.0,175.0,0.0,0.0,0,0.0,0.0,0.0,0.0,0.0,0.0,0.0,0.0,0.0,0.0,0.0,0.0,0.0,0.0,0.0,0.0,0.0,0.0,0,0,0,0,0,0,0,0,0,0,0,0,0,0,0,0,0
12240115,12240,12,전남광주통합특별시,240,서구,115,광천동,0,0.0,0.0,0.0,0.0,0.0,0.0,0.0,0.0,0.0,0.0,0.0,0.0,0.0,0.0,0.0,0.0,0,0.0,0.0,0.0,0.0,0.0,0.0,0.0,0.0,0.0,0.0,0.0,0.0,0.0,0.0,0.0,0.0,1,0.0,0.0,0.0,0.0,0.0,0.0,0.0,0.0,0.0,0.0,0.0,0.0,0.0,0.0,0.0,0.0,0.0,0.0,1,19,19,11,11,0,0,8,8,8,8,4,4,1,1,3,3
12240116,12240,12,전남광주통합특별시,240,서구,116,유촌동,1,0.0,0.0,0.0,0.0,0.0,0.0,0.0,0.0,5.5,5.5,0.0,0.0,0.0,0.0,0.0,0.0,1,0.0,0.0,0.0,0.0,0.0,0.0,0.0,0.0,55.0,55.0,40.0,40.0,45.0,45.0,0.0,0.0,0,0.0,0.0,0.0,0.0,0.0,0.0,0.0,0.0,0.0,0.0,0.0,0.0,0.0,0.0,0.0,0.0,0.0,0.0,1,26,26,16,16,0,0,10,10,8,8,4,4,0,0,4,4
12240121,12240,12,전남광주통합특별시,240,서구,121,,0,0.0,0.0,0.0,0.0,0.0,0.0,0.0,0.0,0.0,0.0,0.0,0.0,0.0,0.0,0.0,0.0,0,0.0,0.0,0.0,0.0,0.0,0.0,0.0,0.0,0.0,0.0,0.0,0.0,0.0,0.0,0.0,0.0,0,0.0,0.0,0.0,0.0,0.0,0.0,0.0,0.0,0.0,0.0,0.0,0.0,0.0,0.0,0.0,0.0,0.0,0.0,1,26,26,24,24,0,0,2,2,8,8,6,6,2,2,0,0
12240125,12240,12,전남광주통합특별시,240,서구,125,,0,0.0,0.0,0.0,0.0,0.0,0.0,0.0,0.0,0.0,0.0,0.0,0.0,0.0,0.0,0.0,0.0,0,0.0,0.0,0.0,0.0,0.0,0.0,0.0,0.0,0.0,0.0,0.0,0.0,0.0,0.0,0.0,0.0,0,0.0,0.0,0.0,0.0,0.0,0.0,0.0,0.0,0.0,0.0,0.0,0.0,0.0,0.0,0.0,0.0,0.0,0.0,1,0,0,0,0,0,0,0,0,20,20,10,10,10,10,0,0
12240128,12240,12,전남광주통합특별시,240,서구,128,풍암동,1,0.0,0.0,0.0,0.0,0.0,0.0,0.0,0.0,0.0,0.0,0.0,0.0,0.0,0.0,0.0,0.0,1,0.0,0.0,175.0,175.0,175.0,175.0,150.0,150.0,0.0,0.0,0.0,0.0,170.0,170.0,0.0,0.0,0,0.0,0.0,0.0,0.0,0.0,0.0,0.0,0.0,0.0,0.0,0.0,0.0,0.0,0.0,0.0,0.0,0.0,0.0,0,0,0,0,0,0,0,0,0,0,0,0,0,0,0,0,0
12240161,12240,12,전남광주통합특별시,240,서구,161,양동,0,0.0,0.0,0.0,0.0,0.0,0.0,0.0,0.0,0.0,0.0,0.0,0.0,0.0,0.0,0.0,0.0,0,0.0,0.0,0.0,0.0,0.0,0.0,0.0,0.0,0.0,0.0,0.0,0.0,0.0,0.0,0.0,0.0,1,0.0,0.0,0.0,0.0,0.0,0.0,0.0,0.0,0.0,0.0,0.0,0.0,0.0,0.0,0.0,0.0,0.0,0.0,1,26,26,26,26,0,0,0,0,8,8,6,6,0,0,2,2
12270105,12270,12,전남광주통합특별시,270,남구,105,,0,0.0,0.0,0.0,0.0,0.0,0.0,0.0,0.0,0.0,0.0,0.0,0.0,0.0,0.0,0.0,0.0,0,0.0,0.0,0.0,0.0,0.0,0.0,0.0,0.0,0.0,0.0,0.0,0.0,0.0,0.0,0.0,0.0,0,0.0,0.0,0.0,0.0,0.0,0.0,0.0,0.0,0.0,0.0,0.0,0.0,0.0,0.0,0.0,0.0,0.0,0.0,1,26,26,26,26,0,0,0,0,8,8,6,6,0,0,2,2
12270107,12270,12,전남광주통합특별시,270,남구,107,노대동,0,0.0,0.0,0.0,0.0,0.0,0.0,0.0,0.0,0.0,0.0,0.0,0.0,0.0,0.0,0.0,0.0,0,0.0,0.0,0.0,0.0,0.0,0.0,0.0,0.0,0.0,0.0,0.0,0.0,0.0,0.0,0.0,0.0,1,0.0,0.0,0.0,0.0,0.0,0.0,0.0,0.0,0.0,0.0,0.0,0.0,0.0,0.0,0.0,0.0,0.0,0.0,1,26,26,21,21,0,0,5,5,8,8,6,6,2,2,0,0
12270114,12270,12,전남광주통합특별시,270,남구,114,방림동,0,0.0,0.0,0.0,0.0,0.0,0.0,0.0,0.0,0.0,0.0,0.0,0.0,0.0,0.0,0.0,0.0,0,0.0,0.0,0.0,0.0,0.0,0.0,0.0,0.0,0.0,0.0,0.0,0.0,0.0,0.0,0.0,0.0,1,0.0,0.0,0.0,0.0,0.0,0.0,0.0,0.0,0.0,0.0,0.0,0.0,0.0,0.0,0.0,0.0,0.0,0.0,1,14,14,9,9,0,0,5,5,8,8,2,2,6,6,0,0
12270116,12270,12,전남광주통합특별시,270,남구,116,,0,0.0,0.0,0.0,0.0,0.0,0.0,0.0,0.0,0.0,0.0,0.0,0.0,0.0,0.0,0.0,0.0,0,0.0,0.0,0.0,0.0,0.0,0.0,0.0,0.0,0.0,0.0,0.0,0.0,0.0,0.0,0.0,0.0,0,0.0,0.0,0.0,0.0,0.0,0.0,0.0,0.0,0.0,0.0,0.0,0.0,0.0,0.0,0.0,0.0,0.0,0.0,1,20,20,15,15,5,5,0,0,8,8,4,4,4,4,0,0
12270120,12270,12,전남광주통합특별시,270,남구,120,,0,0.0,0.0,0.0,0.0,0.0,0.0,0.0,0.0,0.0,0.0,0.0,0.0,0.0,0.0,0.0,0.0,0,0.0,0.0,0.0,0.0,0.0,0.0,0.0,0.0,0.0,0.0,0.0,0.0,0.0,0.0,0.0,0.0,0,0.0,0.0,0.0,0.0,0.0,0.0,0.0,0.0,0.0,0.0,0.0,0.0,0.0,0.0,0.0,0.0,0.0,0.0,1,0,0,0,0,0,0,0,0,20,20,10,10,10,10,0,0
12270128,12270,12,전남광주통합특별시,270,남구,128,대지동,0,0.0,0.0,0.0,0.0,0.0,0.0,0.0,0.0,0.0,0.0,0.0,0.0,0.0,0.0,0.0,0.0,0,0.0,0.0,0.0,0.0,0.0,0.0,0.0,0.0,0.0,0.0,0.0,0.0,0.0,0.0,0.0,0.0,1,0.0,0.0,0.0,0.0,0.0,0.0,0.0,0.0,0.0,0.0,0.0,0.0,0.0,0.0,0.0,0.0,35.7053,35.7053,1,26,26,14,14,0,0,12,12,8,8,4,4,0,0,4,4
12270146,12270,12,전남광주통합특별시,270,남구,146,행암동,1,0.0,0.0,0.0,0.0,0.0,0.0,0.0,0.0,0.0,0.0,0.0,0.0,0.0,0.0,0.0,0.0,1,0.0,0.0,0.0,0.0,0.0,0.0,0.0,0.0,0.0,0.0,0.0,0.0,0.0,0.0,0.0,0.0,0,0.0,0.0,0.0,0.0,0.0,0.0,0.0,0.0,0.0,0.0,0.0,0.0,0.0,0.0,0.0,0.0,0.0,0.0,0,0,0,0,0,0,0,0,0,0,0,0,0,0,0,0,0
12300101,12300,12,전남광주통합특별시,300,북구,101,중흥동,1,0.0,0.0,0.0,0.0,0.0,0.0,0.0,0.0,0.0,0.0,0.0,0.0,0.0,0.0,0.0,0.0,1,0.0,0.0,0.0,0.0,0.0,0.0,0.0,0.0,0.0,0.0,0.0,0.0,0.0,0.0,0.0,0.0,0,0.0,0.0,0.0,0.0,0.0,0.0,0.0,0.0,0.0,0.0,0.0,0.0,0.0,0.0,0.0,0.0,0.0,0.0,0,0,0,0,0,0,0,0,0,0,0,0,0,0,0,0,0
12300104,12300,12,전남광주통합특별시,300,북구,104,,0,0.0,0.0,0.0,0.0,0.0,0.0,0.0,0.0,0.0,0.0,0.0,0.0,0.0,0.0,0.0,0.0,0,0.0,0.0,0.0,0.0,0.0,0.0,0.0,0.0,0.0,0.0,0.0,0.0,0.0,0.0,0.0,0.0,0,0.0,0.0,0.0,0.0,0.0,0.0,0.0,0.0,0.0,0.0,0.0,0.0,0.0,0.0,0.0,0.0,0.0,0.0,1,0,0,0,0,0,0,0,0,20,20,10,10,10,10,0,0
12300105,12300,12,전남광주통합특별시,300,북구,105,,0,0.0,0.0,0.0,0.0,0.0,0.0,0.0,0.0,0.0,0.0,0.0,0.0,0.0,0.0,0.0,0.0,0,0.0,0.0,0.0,0.0,0.0,0.0,0.0,0.0,0.0,0.0,0.0,0.0,0.0,0.0,0.0,0.0,0,0.0,0.0,0.0,0.0,0.0,0.0,0.0,0.0,0.0,0.0,0.0,0.0,0.0,0.0,0.0,0.0,0.0,0.0,1,26,26,26,26,0,0,0,0,8,8,6,6,0,0,2,2
12300106,12300,12,전남광주통합특별시,300,북구,106,,0,0.0,0.0,0.0,0.0,0.0,0.0,0.0,0.0,0.0,0.0,0.0,0.0,0.0,0.0,0.0,0.0,0,0.0,0.0,0.0,0.0,0.0,0.0,0.0,0.0,0.0,0.0,0.0,0.0,0.0,0.0,0.0,0.0,0,0.0,0.0,0.0,0.0,0.0,0.0,0.0,0.0,0.0,0.0,0.0,0.0,0.0,0.0,0.0,0.0,0.0,0.0,1,26,26,16,16,0,0,10,10,8,8,4,4,0,0,4,4
12300113,12300,12,전남광주통합특별시,300,북구,113,각화동,1,0.0,0.0,0.0,0.0,0.0,0.0,0.0,0.0,3.8,3.8,1.5,1.5,0.0,0.0,0.0,0.0,1,0.0,0.0,0.0,0.0,0.0,0.0,0.0,0.0,0.0,0.0,0.0,0.0,0.0,0.0,0.0,0.0,0,0.0,0.0,0.0,0.0,0.0,0.0,0.0,0.0,0.0,0.0,0.0,0.0,0.0,0.0,0.0,0.0,0.0,0.0,1,26,26,22,22,0,0,4,4,15,15,11,11,4,4,0,0
12300121,12300,12,전남광주통합특별시,300,북구,121,매곡동,0,0.0,0.0,0.0,0.0,0.0,0.0,0.0,0.0,0.0,0.0,0.0,0.0,0.0,0.0,0.0,0.0,0,0.0,0.0,0.0,0.0,0.0,0.0,0.0,0.0,0.0,0.0,0.0,0.0,0.0,0.0,0.0,0.0,1,0.0,0.0,0.0,0.0,0.0,0.0,0.0,0.0,0.0,0.0,0.0,0.0,0.0,0.0,0.0,0.0,0.0,0.0,1,28,28,19,19,0,0,9,9,10,10,8,8,2,2,0,0
12300124,12300,12,전남광주통합특별시,300,북구,124,,0,0.0,0.0,0.0,0.0,0.0,0.0,0.0,0.0,0.0,0.0,0.0,0.0,0.0,0.0,0.0,0.0,0,0.0,0.0,0.0,0.0,0.0,0.0,0.0,0.0,0.0,0.0,0.0,0.0,0.0,0.0,0.0,0.0,0,0.0,0.0,0.0,0.0,0.0,0.0,0.0,0.0,0.0,0.0,0.0,0.0,0.0,0.0,0.0,0.0,0.0,0.0,1,0,0,0,0,0,0,0,0,18,18,11,11,1,1,6,6
12300127,12300,12,전남광주통합특별시,300,북구,127,일곡동,1,0.0,0.0,0.0,0.0,0.0,0.0,13.9,13.9,11.8,11.8,9.8,9.8,7.7,7.7,0.0,0.0,1,0.0,0.0,0.0,0.0,0.0,0.0,0.0,0.0,0.0,0.0,0.0,0.0,0.0,0.0,0.0,0.0,0,0.0,0.0,0.0,0.0,0.0,0.0,0.0,0.0,0.0,0.0,0.0,0.0,0.0,0.0,0.0,0.0,0.0,0.0,0,0,0,0,0,0,0,0,0,0,0,0,0,0,0,0,0
12300130,12300,12,전남광주통합특별시,300,북구,130,,0,0.0,0.0,0.0,0.0,0.0,0.0,0.0,0.0,0.0,0.0,0.0,0.0,0.0,0.0,0.0,0.0,0,0.0,0.0,0.0,0.0,0.0,0.0,0.0,0.0,0.0,0.0,0.0,0.0,0.0,0.0,0.0,0.0,0,0.0,0.0,0.0,0.0,0.0,0.0,0.0,0.0,0.0,0.0,0.0,0.0,0.0,0.0,0.0,0.0,0.0,0.0,1,27,27,26,26,1,1,0,0,8,8,7,7,0,0,1,1
12300310,12300,12,전남광주통합특별시,300,북구,310,진원면,0,0.0,0.0,0.0,0.0,0.0,0.0,0.0,0.0,0.0,0.0,0.0,0.0,0.0,0.0,0.0,0.0,0,0.0,0.0,0.0,0.0,0.0,0.0,0.0,0.0,0.0,0.0,0.0,0.0,0.0,0.0,0.0,0.0,1,0.0,0.0,0.0,0.0,0.0,0.0,0.0,0.0,0.0,0.0,0.0,0.0,0.0,0.0,0.0,0.0,0.0,0.0,1,19,19,14,14,0,0,5,5,8,8,6,6,2,2,0,0
12300410,12300,12,전남광주통합특별시,300,북구,410,대전면,0,0.0,0.0,0.0,0.0,0.0,0.0,0.0,0.0,0.0,0.0,0.0,0.0,0.0,0.0,0.0,0.0,0,0.0,0.0,0.0,0.0,0.0,0.0,0.0,0.0,0.0,0.0,0.0,0.0,0.0,0.0,0.0,0.0,1,0.0,0.0,0.0,0.0,0.0,0.0,0.0,0.0,0.0,0.0,0.0,0.0,0.0,0.0,0.0,0.0,0.0,0.0,1,18,18,15,15,0,0,3,3,12,12,5,5,1,1,6,6
12330101,12330,12,전남광주통합특별시,330,광산구,101,,0,0.0,0.0,0.0,0.0,0.0,0.0,0.0,0.0,0.0,0.0,0.0,0.0,0.0,0.0,0.0,0.0,0,0.0,0.0,0.0,0.0,0.0,0.0,0.0,0.0,0.0,0.0,0.0,0.0,0.0,0.0,0.0,0.0,0,0.0,0.0,0.0,0.0,0.0,0.0,0.0,0.0,0.0,0.0,0.0,0.0,0.0,0.0,0.0,0.0,0.0,0.0,1,0,0,0,0,0,0,0,0,18,18,11,11,1,1,6,6
12330102,12330,12,전남광주통합특별시,330,광산구,102,도천동,0,0.0,0.0,0.0,0.0,0.0,0.0,0.0,0.0,0.0,0.0,0.0,0.0,0.0,0.0,0.0,0.0,0,0.0,0.0,0.0,0.0,0.0,0.0,0.0,0.0,0.0,0.0,0.0,0.0,0.0,0.0,0.0,0.0,1,0.0,0.0,0.0,0.0,0.0,0.0,0.0,0.0,0.0,0.0,0.0,0.0,0.0,0.0,0.0,0.0,0.0,0.0,1,26,26,26,26,0,0,0,0,8,8,6,6,0,0,2,2
12330106,12330,12,전남광주통합특별시,330,광산구,106,운수동,1,88.2,88.2,85.1,85.1,84.0,84.0,20.0,20.0,81.8,81.8,80.7,80.7,0.0,0.0,88.2,88.2,1,135.0,135.0,250.0,250.0,250.0,250.0,20.0,20.0,425.0,425.0,360.0,360.0,0.0,0.0,135.0,135.0,1,0.0,0.0,0.0,0.0,0.0,0.0,0.0,0.0,0.0,0.0,0.0,0.0,0.0,0.0,0.0,0.0,0.0,0.0,2,51,26,28,16,0,0,23,13,16,8,8,4,4,4,4,4
12330114,12330,12,전남광주통합특별시,330,광산구,114,수완동,0,0.0,0.0,0.0,0.0,0.0,0.0,0.0,0.0,0.0,0.0,0.0,0.0,0.0,0.0,0.0,0.0,0,0.0,0.0,0.0,0.0,0.0,0.0,0.0,0.0,0.0,0.0,0.0,0.0,0.0,0.0,0.0,0.0,1,0.0,0.0,0.0,0.0,0.0,0.0,0.0,0.0,0.0,0.0,0.0,0.0,0.0,0.0,0.0,0.0,0.0,0.0,1,29,29,28,28,3,3,-2,-2,8,8,5,5,2,2,1,1
12330115,12330,12,전남광주통합특별시,330,광산구,115,월계동,1,0.0,0.0,0.0,0.0,0.0,0.0,0.0,0.0,0.0,0.0,0.0,0.0,0.0,0.0,0.0,0.0,1,130.0,130.0,280.0,280.0,275.0,275.0,435.0,435.0,450.0,450.0,445.0,445.0,0.0,0.0,130.0,130.0,0,0.0,0.0,0.0,0.0,0.0,0.0,0.0,0.0,0.0,0.0,0.0,0.0,0.0,0.0,0.0,0.0,0.0,0.0,0,0,0,0,0,0,0,0,0,0,0,0,0,0,0,0,0
12330117,12330,12,전남광주통합특별시,330,광산구,117,,0,0.0,0.0,0.0,0.0,0.0,0.0,0.0,0.0,0.0,0.0,0.0,0.0,0.0,0.0,0.0,0.0,0,0.0,0.0,0.0,0.0,0.0,0.0,0.0,0.0,0.0,0.0,0.0,0.0,0.0,0.0,0.0,0.0,0,0.0,0.0,0.0,0.0,0.0,0.0,0.0,0.0,0.0,0.0,0.0,0.0,0.0,0.0,0.0,0.0,0.0,0.0,1,27,27,26,26,1,1,0,0,8,8,7,7,0,0,1,1
12330124,12330,12,전남광주통합특별시,330,광산구,124,흑석동,1,0.0,0.0,0.0,0.0,0.0,0.0,0.0,0.0,0.0,0.0,0.0,0.0,0.0,0.0,0.0,0.0,1,130.0,130.0,210.0,210.0,210.0,210.0,405.0,405.0,370.0,370.0,310.0,310.0,0.0,0.0,130.0,130.0,0,0.0,0.0,0.0,0.0,0.0,0.0,0.0,0.0,0.0,0.0,0.0,0.0,0.0,0.0,0.0,0.0,0.0,0.0,0,0,0,0,0,0,0,0,0,0,0,0,0,0,0,0,0
12330127,12330,12,전남광주통합특별시,330,광산구,127,산정동,0,0.0,0.0,0.0,0.0,0.0,0.0,0.0,0.0,0.0,0.0,0.0,0.0,0.0,0.0,0.0,0.0,0,0.0,0.0,0.0,0.0,0.0,0.0,0.0,0.0,0.0,0.0,0.0,0.0,0.0,0.0,0.0,0.0,1,0.0,0.0,0.0,0.0,0.0,0.0,0.0,0.0,0.0,0.0,0.0,0.0,0.0,0.0,0.0,0.0,0.0,0.0,0,0,0,0,0,0,0,0,0,0,0,0,0,0,0,0,0
12330131,12330,12,전남광주통합특별시,330,광산구,131,고룡동,0,0.0,0.0,0.0,0.0,0.0,0.0,0.0,0.0,0.0,0.0,0.0,0.0,0.0,0.0,0.0,0.0,0,0.0,0.0,0.0,0.0,0.0,0.0,0.0,0.0,0.0,0.0,0.0,0.0,0.0,0.0,0.0,0.0,1,0.0,0.0,0.0,0.0,0.0,0.0,0.0,0.0,0.0,0.0,0.0,0.0,0.0,0.0,0.0,0.0,0.0,0.0,1,29,29,29,29,0,0,0,0,14,14,11,11,3,3,0,0
12330156,12330,12,전남광주통합특별시,330,광산구,156,도덕동,0,0.0,0.0,0.0,0.0,0.0,0.0,0.0,0.0,0.0,0.0,0.0,0.0,0.0,0.0,0.0,0.0,0,0.0,0.0,0.0,0.0,0.0,0.0,0.0,0.0,0.0,0.0,0.0,0.0,0.0,0.0,0.0,0.0,2,0.0,0.0,0.0,0.0,0.0,0.0,0.0,0.0,0.0,0.0,0.0,0.0,0.0,0.0,0.0,0.0,510.0,510.0,3,46,26,33,23,2,2,11,10,40,20,24,10,13,10,3,2
12330160,12330,12,전남광주통합특별시,330,광산구,160,삼거동,1,0.0,0.0,98.6,98.6,98.6,98.6,91.1,91.1,76.1,76.1,61.1,61.1,46.1,46.1,0.0,0.0,1,0.0,0.0,380.0,380.0,375.0,375.0,225.0,225.0,415.0,415.0,130.0,130.0,110.0,110.0,0.0,0.0,0,0.0,0.0,0.0,0.0,0.0,0.0,0.0,0.0,0.0,0.0,0.0,0.0,0.0,0.0,0.0,0.0,0.0,0.0,0,0,0,0,0,0,0,0,0,0,0,0,0,0,0,0,0
12330202,12330,12,전남광주통합특별시,330,광산구,202,오선동,1,69.8,69.8,56.8,56.8,54.6,54.6,52.3,52.3,50.2,50.2,48.1,48.1,0.0,0.0,69.8,69.8,1,0.0,0.0,0.0,0.0,0.0,0.0,0.0,0.0,0.0,0.0,0.0,0.0,0.0,0.0,0.0,0.0,0,0.0,0.0,0.0,0.0,0.0,0.0,0.0,0.0,0.0,0.0,0.0,0.0,0.0,0.0,0.0,0.0,0.0,0.0,0,0,0,0,0,0,0,0,0,0,0,0,0,0,0,0,0
12710250,12710,12,전남광주통합특별시,710,담양군,250,,0,0.0,0.0,0.0,0.0,0.0,0.0,0.0,0.0,0.0,0.0,0.0,0.0,0.0,0.0,0.0,0.0,0,0.0,0.0,0.0,0.0,0.0,0.0,0.0,0.0,0.0,0.0,0.0,0.0,0.0,0.0,0.0,0.0,0,0.0,0.0,0.0,0.0,0.0,0.0,0.0,0.0,0.0,0.0,0.0,0.0,0.0,0.0,0.0,0.0,0.0,0.0,1,0,0,0,0,0,0,0,0,18,18,11,11,1,1,6,6
12710320,12710,12,전남광주통합특별시,710,담양군,320,,0,0.0,0.0,0.0,0.0,0.0,0.0,0.0,0.0,0.0,0.0,0.0,0.0,0.0,0.0,0.0,0.0,0,0.0,0.0,0.0,0.0,0.0,0.0,0.0,0.0,0.0,0.0,0.0,0.0,0.0,0.0,0.0,0.0,0,0.0,0.0,0.0,0.0,0.0,0.0,0.0,0.0,0.0,0.0,0.0,0.0,0.0,0.0,0.0,0.0,0.0,0.0,1,26,26,22,22,0,0,4,4,15,15,11,11,4,4,0,0
12710335,12710,12,전남광주통합특별시,710,담양군,335,,0,0.0,0.0,0.0,0.0,0.0,0.0,0.0,0.0,0.0,0.0,0.0,0.0,0.0,0.0,0.0,0.0,0,0.0,0.0,0.0,0.0,0.0,0.0,0.0,0.0,0.0,0.0,0.0,0.0,0.0,0.0,0.0,0.0,0,0.0,0.0,0.0,0.0,0.0,0.0,0.0,0.0,0.0,0.0,0.0,0.0,0.0,0.0,0.0,0.0,0.0,0.0,1,18,18,15,15,0,0,3,3,12,12,5,5,1,1,6,6
12710340,12710,12,전남광주통합특별시,710,담양군,340,창평면,1,75.1,75.1,73.5,73.5,72.0,72.0,70.4,70.4,68.9,68.9,67.4,67.4,65.9,65.9,75.1,75.1,1,120.0,120.0,100.0,100.0,105.0,105.0,100.0,100.0,105.0,105.0,105.0,105.0,175.0,175.0,120.0,120.0,0,0.0,0.0,0.0,0.0,0.0,0.0,0.0,0.0,0.0,0.0,0.0,0.0,0.0,0.0,0.0,0.0,0.0,0.0,0,0,0,0,0,0,0,0,0,0,0,0,0,0,0,0,0
12720250,12720,12,전남광주통합특별시,720,곡성군,250,,0,0.0,0.0,0.0,0.0,0.0,0.0,0.0,0.0,0.0,0.0,0.0,0.0,0.0,0.0,0.0,0.0,0,0.0,0.0,0.0,0.0,0.0,0.0,0.0,0.0,0.0,0.0,0.0,0.0,0.0,0.0,0.0,0.0,0,0.0,0.0,0.0,0.0,0.0,0.0,0.0,0.0,0.0,0.0,0.0,0.0,0.0,0.0,0.0,0.0,0.0,0.0,1,0,0,0,0,0,0,0,0,18,18,11,11,1,1,6,6
12720320,12720,12,전남광주통합특별시,720,곡성군,320,,0,0.0,0.0,0.0,0.0,0.0,0.0,0.0,0.0,0.0,0.0,0.0,0.0,0.0,0.0,0.0,0.0,0,0.0,0.0,0.0,0.0,0.0,0.0,0.0,0.0,0.0,0.0,0.0,0.0,0.0,0.0,0.0,0.0,0,0.0,0.0,0.0,0.0,0.0,0.0,0.0,0.0,0.0,0.0,0.0,0.0,0.0,0.0,0.0,0.0,0.0,0.0,1,0,0,0,0,0,0,0,0,20,20,10,10,10,10,0,0
12720340,12720,12,전남광주통합특별시,720,곡성군,340,목사동면,0,0.0,0.0,0.0,0.0,0.0,0.0,0.0,0.0,0.0,0.0,0.0,0.0,0.0,0.0,0.0,0.0,0,0.0,0.0,0.0,0.0,0.0,0.0,0.0,0.0,0.0,0.0,0.0,0.0,0.0,0.0,0.0,0.0,1,0.0,0.0,0.0,0.0,0.0,0.0,0.0,0.0,0.0,0.0,0.0,0.0,0.0,0.0,0.0,0.0,258.55,258.55,1,16,16,11,11,0,0,5,5,9,9,8,8,1,1,0,0
12720350,12720,12,전남광주통합특별시,720,곡성군,350,죽곡면,1,0.0,0.0,102.8,102.8,102.1,102.1,101.4,101.4,100.6,100.6,99.9,99.9,99.2,99.2,0.0,0.0,1,0.0,0.0,440.0,440.0,440.0,440.0,405.0,405.0,960.0,960.0,530.0,530.0,465.0,465.0,0.0,0.0,0,0.0,0.0,0.0,0.0,0.0,0.0,0.0,0.0,0.0,0.0,0.0,0.0,0.0,0.0,0.0,0.0,0.0,0.0,0,0,0,0,0,0,0,0,0,0,0,0,0,0,0,0,0
12720370,12720,12,전남광주통합특별시,720,곡성군,370,옥과면,1,123.8,123.8,123.1,123.1,122.2,122.2,121.2,121.2,120.3,120.3,119.5,119.5,118.6,118.6,123.8,123.8,1,610.0,610.0,690.0,690.0,715.0,715.0,550.0,550.0,565.0,565.0,460.0,460.0,450.0,450.0,610.0,610.0,1,0.0,0.0,0.0,0.0,0.0,0.0,0.0,0.0,0.0,0.0,0.0,0.0,510.0,510.0,0.0,0.0,0.0,0.0,1,14,14,8,8,0,0,6,6,8,8,4,4,0,0,4,4
12720390,12720,12,전남광주통합특별시,720,곡성군,390,겸면,0,0.0,0.0,0.0,0.0,0.0,0.0,0.0,0.0,0.0,0.0,0.0,0.0,0.0,0.0,0.0,0.0,0,0.0,0.0,0.0,0.0,0.0,0.0,0.0,0.0,0.0,0.0,0.0,0.0,0.0,0.0,0.0,0.0,1,0.0,0.0,0.0,0.0,0.0,0.0,0.0,0.0,0.0,0.0,0.0,0.0,0.0,0.0,0.0,0.0,0.0,0.0,1,25,25,14,14,1,1,10,10,12,12,8,8,4,4,0,0
12730250,12730,12,전남광주통합특별시,730,구례군,250,,0,0.0,0.0,0.0,0.0,0.0,0.0,0.0,0.0,0.0,0.0,0.0,0.0,0.0,0.0,0.0,0.0,0,0.0,0.0,0.0,0.0,0.0,0.0,0.0,0.0,0.0,0.0,0.0,0.0,0.0,0.0,0.0,0.0,0,0.0,0.0,0.0,0.0,0.0,0.0,0.0,0.0,0.0,0.0,0.0,0.0,0.0,0.0,0.0,0.0,0.0,0.0,1,0,0,0,0,0,0,0,0,18,18,11,11,1,1,6,6
12730320,12730,12,전남광주통합특별시,730,구례군,320,간전면,0,0.0,0.0,0.0,0.0,0.0,0.0,0.0,0.0,0.0,0.0,0.0,0.0,0.0,0.0,0.0,0.0,0,0.0,0.0,0.0,0.0,0.0,0.0,0.0,0.0,0.0,0.0,0.0,0.0,0.0,0.0,0.0,0.0,1,0.0,0.0,0.0,0.0,0.0,0.0,0.0,0.0,0.0,0.0,0.0,0.0,0.0,0.0,0.0,0.0,0.0,0.0,1,13,13,10,10,0,0,3,3,8,8,2,2,1,1,5,5
12740250,12740,12,전남광주통합특별시,740,고흥군,250,,0,0.0,0.0,0.0,0.0,0.0,0.0,0.0,0.0,0.0,0.0,0.0,0.0,0.0,0.0,0.0,0.0,0,0.0,0.0,0.0,0.0,0.0,0.0,0.0,0.0,0.0,0.0,0.0,0.0,0.0,0.0,0.0,0.0,0,0.0,0.0,0.0,0.0,0.0,0.0,0.0,0.0,0.0,0.0,0.0,0.0,0.0,0.0,0.0,0.0,0.0,0.0,1,13,13,10,10,3,3,0,0,18,18,8,8,6,6,4,4
12740350,12740,12,전남광주통합특별시,740,고흥군,350,포두면,1,165.6,165.6,165.6,165.6,165.6,165.6,165.6,165.6,165.6,165.6,165.6,165.6,165.6,165.6,165.6,165.6,1,0.0,0.0,0.0,0.0,0.0,0.0,0.0,0.0,0.0,0.0,0.0,0.0,0.0,0.0,0.0,0.0,2,0.0,0.0,0.0,0.0,0.0,0.0,0.0,0.0,0.0,0.0,0.0,0.0,0.0,0.0,0.0,0.0,397.4559,396.33,1,26,26,21,21,0,0,5,5,8,8,6,6,2,2,0,0
12740370,12740,12,전남광주통합특별시,740,고흥군,370,점암면,1,0.0,0.0,0.0,0.0,0.0,0.0,0.0,0.0,0.0,0.0,0.0,0.0,0.0,0.0,0.0,0.0,1,0.0,0.0,0.0,0.0,0.0,0.0,0.0,0.0,0.0,0.0,0.0,0.0,0.0,0.0,0.0,0.0,0,0.0,0.0,0.0,0.0,0.0,0.0,0.0,0.0,0.0,0.0,0.0,0.0,0.0,0.0,0.0,0.0,0.0,0.0,1,16,16,7,7,0,0,9,9,6,6,4,4,2,2,0,0
12740380,12740,12,전남광주통합특별시,740,고흥군,380,과역면,0,0.0,0.0,0.0,0.0,0.0,0.0,0.0,0.0,0.0,0.0,0.0,0.0,0.0,0.0,0.0,0.0,0,0.0,0.0,0.0,0.0,0.0,0.0,0.0,0.0,0.0,0.0,0.0,0.0,0.0,0.0,0.0,0.0,2,0.0,0.0,0.0,0.0,0.0,0.0,0.0,0.0,0.0,0.0,0.0,0.0,0.0,0.0,0.0,0.0,328.52729999999997,168.5273,1,21,21,14,14,1,1,6,6,8,8,6,6,2,2,0,0
12750250,12750,12,전남광주통합특별시,750,보성군,250,,0,0.0,0.0,0.0,0.0,0.0,0.0,0.0,0.0,0.0,0.0,0.0,0.0,0.0,0.0,0.0,0.0,0,0.0,0.0,0.0,0.0,0.0,0.0,0.0,0.0,0.0,0.0,0.0,0.0,0.0,0.0,0.0,0.0,0,0.0,0.0,0.0,0.0,0.0,0.0,0.0,0.0,0.0,0.0,0.0,0.0,0.0,0.0,0.0,0.0,0.0,0.0,1,13,13,10,10,3,3,0,0,18,18,8,8,6,6,4,4
12750253,12750,12,전남광주통합특별시,750,보성군,253,,0,0.0,0.0,0.0,0.0,0.0,0.0,0.0,0.0,0.0,0.0,0.0,0.0,0.0,0.0,0.0,0.0,0,0.0,0.0,0.0,0.0,0.0,0.0,0.0,0.0,0.0,0.0,0.0,0.0,0.0,0.0,0.0,0.0,0,0.0,0.0,0.0,0.0,0.0,0.0,0.0,0.0,0.0,0.0,0.0,0.0,0.0,0.0,0.0,0.0,0.0,0.0,1,21,21,14,14,1,1,6,6,8,8,6,6,2,2,0,0
12750310,12750,12,전남광주통합특별시,750,보성군,310,노동면,0,0.0,0.0,0.0,0.0,0.0,0.0,0.0,0.0,0.0,0.0,0.0,0.0,0.0,0.0,0.0,0.0,0,0.0,0.0,0.0,0.0,0.0,0.0,0.0,0.0,0.0,0.0,0.0,0.0,0.0,0.0,0.0,0.0,1,0.0,0.0,0.0,0.0,0.0,0.0,0.0,0.0,0.0,0.0,0.0,0.0,0.0,0.0,0.0,0.0,85.1019,85.1019,1,26,26,13,13,3,3,10,10,8,8,3,3,5,5,0,0
12750370,12750,12,전남광주통합특별시,750,보성군,370,조성면,2,122.2,122.2,121.2,121.2,120.3,120.3,119.3,119.3,118.5,118.5,117.6,117.6,116.7,116.7,122.2,122.2,2,0.0,0.0,0.0,0.0,0.0,0.0,0.0,0.0,0.0,0.0,0.0,0.0,0.0,0.0,0.0,0.0,0,0.0,0.0,0.0,0.0,0.0,0.0,0.0,0.0,0.0,0.0,0.0,0.0,0.0,0.0,0.0,0.0,0.0,0.0,0,0,0,0,0,0,0,0,0,0,0,0,0,0,0,0,0
12750380,12750,12,전남광주통합특별시,750,보성군,380,득량면,1,165.6,165.6,165.6,165.6,165.6,165.6,165.6,165.6,165.6,165.6,165.6,165.6,165.6,165.6,165.6,165.6,1,0.0,0.0,0.0,0.0,0.0,0.0,0.0,0.0,0.0,0.0,0.0,0.0,0.0,0.0,0.0,0.0,0,0.0,0.0,0.0,0.0,0.0,0.0,0.0,0.0,0.0,0.0,0.0,0.0,0.0,0.0,0.0,0.0,0.0,0.0,0,0,0,0,0,0,0,0,0,0,0,0,0,0,0,0,0
12760250,12760,12,전남광주통합특별시,760,화순군,250,,0,0.0,0.0,0.0,0.0,0.0,0.0,0.0,0.0,0.0,0.0,0.0,0.0,0.0,0.0,0.0,0.0,0,0.0,0.0,0.0,0.0,0.0,0.0,0.0,0.0,0.0,0.0,0.0,0.0,0.0,0.0,0.0,0.0,0,0.0,0.0,0.0,0.0,0.0,0.0,0.0,0.0,0.0,0.0,0.0,0.0,0.0,0.0,0.0,0.0,0.0,0.0,1,0,0,0,0,0,0,0,0,20,20,10,10,10,10,0,0
12760340,12760,12,전남광주통합특별시,760,화순군,340,남면,0,0.0,0.0,0.0,0.0,0.0,0.0,0.0,0.0,0.0,0.0,0.0,0.0,0.0,0.0,0.0,0.0,0,0.0,0.0,0.0,0.0,0.0,0.0,0.0,0.0,0.0,0.0,0.0,0.0,0.0,0.0,0.0,0.0,1,0.0,0.0,0.0,0.0,0.0,0.0,0.0,0.0,0.0,0.0,0.0,0.0,0.0,0.0,0.0,0.0,2.997,2.997,1,26,26,20,20,0,0,6,6,12,12,6,6,5,5,1,1
12760420,12760,12,전남광주통합특별시,760,화순군,420,동면,1,0.0,0.0,82.2,82.2,80.8,80.8,79.4,79.4,0.0,0.0,0.0,0.0,75.3,75.3,0.0,0.0,1,0.0,0.0,650.0,650.0,650.0,650.0,585.0,585.0,0.0,0.0,0.0,0.0,315.0,315.0,0.0,0.0,0,0.0,0.0,0.0,0.0,0.0,0.0,0.0,0.0,0.0,0.0,0.0,0.0,0.0,0.0,0.0,0.0,0.0,0.0,0,0,0,0,0,0,0,0,0,0,0,0,0,0,0,0,0
12770250,12770,12,전남광주통합특별시,770,장흥군,250,,0,0.0,0.0,0.0,0.0,0.0,0.0,0.0,0.0,0.0,0.0,0.0,0.0,0.0,0.0,0.0,0.0,0,0.0,0.0,0.0,0.0,0.0,0.0,0.0,0.0,0.0,0.0,0.0,0.0,0.0,0.0,0.0,0.0,0,0.0,0.0,0.0,0.0,0.0,0.0,0.0,0.0,0.0,0.0,0.0,0.0,0.0,0.0,0.0,0.0,0.0,0.0,1,0,0,0,0,0,0,0,0,18,18,7,7,7,7,4,4
12770253,12770,12,전남광주통합특별시,770,장흥군,253,,0,0.0,0.0,0.0,0.0,0.0,0.0,0.0,0.0,0.0,0.0,0.0,0.0,0.0,0.0,0.0,0.0,0,0.0,0.0,0.0,0.0,0.0,0.0,0.0,0.0,0.0,0.0,0.0,0.0,0.0,0.0,0.0,0.0,0,0.0,0.0,0.0,0.0,0.0,0.0,0.0,0.0,0.0,0.0,0.0,0.0,0.0,0.0,0.0,0.0,0.0,0.0,1,26,26,17,17,0,0,9,9,12,12,6,6,4,4,2,2
12770310,12770,12,전남광주통합특별시,770,장흥군,310,,0,0.0,0.0,0.0,0.0,0.0,0.0,0.0,0.0,0.0,0.0,0.0,0.0,0.0,0.0,0.0,0.0,0,0.0,0.0,0.0,0.0,0.0,0.0,0.0,0.0,0.0,0.0,0.0,0.0,0.0,0.0,0.0,0.0,0,0.0,0.0,0.0,0.0,0.0,0.0,0.0,0.0,0.0,0.0,0.0,0.0,0.0,0.0,0.0,0.0,0.0,0.0,1,26,26,13,13,3,3,10,10,8,8,3,3,5,5,0,0
12780250,12780,12,전남광주통합특별시,780,강진군,250,,0,0.0,0.0,0.0,0.0,0.0,0.0,0.0,0.0,0.0,0.0,0.0,0.0,0.0,0.0,0.0,0.0,0,0.0,0.0,0.0,0.0,0.0,0.0,0.0,0.0,0.0,0.0,0.0,0.0,0.0,0.0,0.0,0.0,0,0.0,0.0,0.0,0.0,0.0,0.0,0.0,0.0,0.0,0.0,0.0,0.0,0.0,0.0,0.0,0.0,0.0,0.0,2,27,27,20,20,0,0,7,7,30,18,16,9,10,7,4,4
12790310,12790,12,전남광주통합특별시,790,해남군,310,삼산면,0,0.0,0.0,0.0,0.0,0.0,0.0,0.0,0.0,0.0,0.0,0.0,0.0,0.0,0.0,0.0,0.0,0,0.0,0.0,0.0,0.0,0.0,0.0,0.0,0.0,0.0,0.0,0.0,0.0,0.0,0.0,0.0,0.0,1,0.0,0.0,0.0,0.0,0.0,0.0,0.0,0.0,0.0,0.0,0.0,0.0,0.0,0.0,0.0,0.0,2942.0,2942.0,1,0,0,0,0,0,0,0,0,18,18,7,7,7,7,4,4
12790330,12790,12,전남광주통합특별시,790,해남군,330,화산면,2,155.7,92.1,152.1,90.7,148.60000000000002,89.4,145.1,88.1,141.8,86.9,138.6,85.7,135.3,84.5,155.7,92.1,2,0.0,0.0,0.0,0.0,0.0,0.0,0.0,0.0,0.0,0.0,0.0,0.0,0.0,0.0,0.0,0.0,0,0.0,0.0,0.0,0.0,0.0,0.0,0.0,0.0,0.0,0.0,0.0,0.0,0.0,0.0,0.0,0.0,0.0,0.0,0,0,0,0,0,0,0,0,0,0,0,0,0,0,0,0,0
12790340,12790,12,전남광주통합특별시,790,해남군,340,마산면,0,0.0,0.0,0.0,0.0,0.0,0.0,0.0,0.0,0.0,0.0,0.0,0.0,0.0,0.0,0.0,0.0,0,0.0,0.0,0.0,0.0,0.0,0.0,0.0,0.0,0.0,0.0,0.0,0.0,0.0,0.0,0.0,0.0,1,0.0,0.0,0.0,0.0,0.0,0.0,0.0,0.0,0.0,0.0,0.0,0.0,0.0,0.0,0.0,0.0,242.0238,242.0238,1,26,26,19,19,1,1,6,6,13,13,7,7,6,6,0,0
12790380,12790,12,전남광주통합특별시,790,해남군,380,북일면,0,0.0,0.0,0.0,0.0,0.0,0.0,0.0,0.0,0.0,0.0,0.0,0.0,0.0,0.0,0.0,0.0,0,0.0,0.0,0.0,0.0,0.0,0.0,0.0,0.0,0.0,0.0,0.0,0.0,0.0,0.0,0.0,0.0,1,0.0,0.0,0.0,0.0,0.0,0.0,0.0,0.0,0.0,0.0,0.0,0.0,0.0,0.0,0.0,0.0,252.7461,252.7461,1,19,19,17,17,0,0,2,2,13,13,6,6,7,7,0,0
12790400,12790,12,전남광주통합특별시,790,해남군,400,황산면,1,85.1,85.1,69.0,69.0,54.5,54.5,38.3,38.3,22.2,22.2,6.0,6.0,4.1,4.1,85.1,85.1,1,0.0,0.0,0.0,0.0,0.0,0.0,0.0,0.0,0.0,0.0,0.0,0.0,0.0,0.0,0.0,0.0,0,0.0,0.0,0.0,0.0,0.0,0.0,0.0,0.0,0.0,0.0,0.0,0.0,0.0,0.0,0.0,0.0,0.0,0.0,0,0,0,0,0,0,0,0,0,0,0,0,0,0,0,0,0
12790420,12790,12,전남광주통합특별시,790,해남군,420,문내면,0,0.0,0.0,0.0,0.0,0.0,0.0,0.0,0.0,0.0,0.0,0.0,0.0,0.0,0.0,0.0,0.0,0,0.0,0.0,0.0,0.0,0.0,0.0,0.0,0.0,0.0,0.0,0.0,0.0,0.0,0.0,0.0,0.0,1,0.0,0.0,0.0,0.0,0.0,0.0,0.0,0.0,0.0,0.0,0.0,0.0,0.0,0.0,0.0,0.0,83.9542,83.9542,1,19,19,13,13,0,0,6,6,11,11,10,10,1,1,0,0
12800250,12800,12,전남광주통합특별시,800,영암군,250,영암읍,0,0.0,0.0,0.0,0.0,0.0,0.0,0.0,0.0,0.0,0.0,0.0,0.0,0.0,0.0,0.0,0.0,0,0.0,0.0,0.0,0.0,0.0,0.0,0.0,0.0,0.0,0.0,0.0,0.0,0.0,0.0,0.0,0.0,1,0.0,0.0,0.0,0.0,0.0,0.0,0.0,0.0,0.0,0.0,0.0,0.0,0.0,0.0,0.0,0.0,0.0,0.0,1,0,0,0,0,0,0,0,0,18,18,7,7,7,7,4,4
12800253,12800,12,전남광주통합특별시,800,영암군,253,일로읍,3,87.5,87.5,86.0,86.0,84.6,84.6,83.3,83.3,82.0,82.0,80.7,80.7,79.5,79.5,87.5,87.5,3,810.0,810.0,820.0,820.0,820.0,820.0,820.0,820.0,820.0,820.0,820.0,820.0,820.0,820.0,810.0,810.0,2,0.0,0.0,0.0,0.0,0.0,0.0,0.0,0.0,0.0,0.0,0.0,0.0,0.0,0.0,0.0,0.0,27.790499999999998,21.3496,3,54,28,42,28,8,8,4,2,28,12,20,10,8,4,0,0
12800340,12800,12,전남광주통합특별시,800,영암군,340,시종면,1,0.0,0.0,0.0,0.0,165.6,165.6,165.6,165.6,165.6,165.6,165.6,165.6,165.6,165.6,0.0,0.0,1,0.0,0.0,0.0,0.0,0.0,0.0,0.0,0.0,0.0,0.0,0.0,0.0,0.0,0.0,0.0,0.0,1,0.0,0.0,0.0,0.0,0.0,0.0,0.0,0.0,0.0,0.0,0.0,0.0,0.0,0.0,0.0,0.0,0.0,0.0,1,26,26,18,18,0,0,8,8,12,12,6,6,2,2,4,4
12800380,12800,12,전남광주통합특별시,800,영암군,380,학산면,1,0.0,0.0,105.0,105.0,103.9,103.9,102.9,102.9,101.8,101.8,100.7,100.7,99.6,99.6,0.0,0.0,1,0.0,0.0,0.0,0.0,0.0,0.0,0.0,0.0,0.0,0.0,0.0,0.0,0.0,0.0,0.0,0.0,0,0.0,0.0,0.0,0.0,0.0,0.0,0.0,0.0,0.0,0.0,0.0,0.0,0.0,0.0,0.0,0.0,0.0,0.0,0,0,0,0,0,0,0,0,0,0,0,0,0,0,0,0,0
12810250,12810,12,전남광주통합특별시,810,무안군,250,,0,0.0,0.0,0.0,0.0,0.0,0.0,0.0,0.0,0.0,0.0,0.0,0.0,0.0,0.0,0.0,0.0,0,0.0,0.0,0.0,0.0,0.0,0.0,0.0,0.0,0.0,0.0,0.0,0.0,0.0,0.0,0.0,0.0,0,0.0,0.0,0.0,0.0,0.0,0.0,0.0,0.0,0.0,0.0,0.0,0.0,0.0,0.0,0.0,0.0,0.0,0.0,1,0,0,0,0,0,0,0,0,20,20,10,10,10,10,0,0
12810253,12810,12,전남광주통합특별시,810,무안군,253,일로읍,1,32.3,32.3,29.9,29.9,27.5,27.5,25.2,25.2,23.0,23.0,20.8,20.8,18.7,18.7,32.3,32.3,1,560.0,560.0,570.0,570.0,570.0,570.0,580.0,580.0,505.0,505.0,500.0,500.0,495.0,495.0,560.0,560.0,0,0.0,0.0,0.0,0.0,0.0,0.0,0.0,0.0,0.0,0.0,0.0,0.0,0.0,0.0,0.0,0.0,0.0,0.0,0,0,0,0,0,0,0,0,0,0,0,0,0,0,0,0,0
12810256,12810,12,전남광주통합특별시,810,무안군,256,삼향읍,0,0.0,0.0,0.0,0.0,0.0,0.0,0.0,0.0,0.0,0.0,0.0,0.0,0.0,0.0,0.0,0.0,0,0.0,0.0,0.0,0.0,0.0,0.0,0.0,0.0,0.0,0.0,0.0,0.0,0.0,0.0,0.0,0.0,1,0.0,0.0,0.0,0.0,0.0,0.0,0.0,0.0,0.0,0.0,0.0,0.0,0.0,0.0,0.0,0.0,94.6535,94.6535,1,13,13,11,11,0,0,2,2,8,8,4,4,4,4,0,0
12810320,12810,12,전남광주통합특별시,810,무안군,320,,0,0.0,0.0,0.0,0.0,0.0,0.0,0.0,0.0,0.0,0.0,0.0,0.0,0.0,0.0,0.0,0.0,0,0.0,0.0,0.0,0.0,0.0,0.0,0.0,0.0,0.0,0.0,0.0,0.0,0.0,0.0,0.0,0.0,0,0.0,0.0,0.0,0.0,0.0,0.0,0.0,0.0,0.0,0.0,0.0,0.0,0.0,0.0,0.0,0.0,0.0,0.0,2,52,26,44,24,1,1,7,5,16,8,10,6,3,2,3,3
12810350,12810,12,전남광주통합특별시,810,무안군,350,망운면,0,0.0,0.0,0.0,0.0,0.0,0.0,0.0,0.0,0.0,0.0,0.0,0.0,0.0,0.0,0.0,0.0,0,0.0,0.0,0.0,0.0,0.0,0.0,0.0,0.0,0.0,0.0,0.0,0.0,0.0,0.0,0.0,0.0,1,0.0,0.0,0.0,0.0,0.0,0.0,0.0,0.0,0.0,0.0,0.0,0.0,0.0,0.0,0.0,0.0,431.3135,431.3135,1,19,19,16,16,0,0,3,3,10,10,6,6,4,4,0,0
12810370,12810,12,전남광주통합특별시,810,무안군,370,운남면,2,105.8,105.8,269.5,165.6,268.4,165.6,266.6,165.6,264.8,165.6,262.1,165.6,259.6,165.6,105.8,105.8,2,0.0,0.0,0.0,0.0,0.0,0.0,0.0,0.0,0.0,0.0,0.0,0.0,0.0,0.0,0.0,0.0,0,0.0,0.0,0.0,0.0,0.0,0.0,0.0,0.0,0.0,0.0,0.0,0.0,0.0,0.0,0.0,0.0,0.0,0.0,0,0,0,0,0,0,0,0,0,0,0,0,0,0,0,0,0
12820250,12820,12,전남광주통합특별시,820,함평군,250,함평읍,1,0.0,0.0,57.6,57.6,54.3,54.3,49.8,49.8,45.4,45.4,41.0,41.0,34.4,34.4,0.0,0.0,1,0.0,0.0,0.0,0.0,0.0,0.0,0.0,0.0,0.0,0.0,0.0,0.0,0.0,0.0,0.0,0.0,0,0.0,0.0,0.0,0.0,0.0,0.0,0.0,0.0,0.0,0.0,0.0,0.0,0.0,0.0,0.0,0.0,0.0,0.0,1,0,0,0,0,0,0,0,0,20,20,10,10,10,10,0,0
12820310,12820,12,전남광주통합특별시,820,함평군,310,,0,0.0,0.0,0.0,0.0,0.0,0.0,0.0,0.0,0.0,0.0,0.0,0.0,0.0,0.0,0.0,0.0,0,0.0,0.0,0.0,0.0,0.0,0.0,0.0,0.0,0.0,0.0,0.0,0.0,0.0,0.0,0.0,0.0,0,0.0,0.0,0.0,0.0,0.0,0.0,0.0,0.0,0.0,0.0,0.0,0.0,0.0,0.0,0.0,0.0,0.0,0.0,1,26,26,24,24,0,0,2,2,8,8,6,6,2,2,0,0
12820360,12820,12,전남광주통합특별시,820,함평군,360,나산면,0,0.0,0.0,0.0,0.0,0.0,0.0,0.0,0.0,0.0,0.0,0.0,0.0,0.0,0.0,0.0,0.0,0,0.0,0.0,0.0,0.0,0.0,0.0,0.0,0.0,0.0,0.0,0.0,0.0,0.0,0.0,0.0,0.0,1,0.0,0.0,0.0,0.0,0.0,0.0,0.0,0.0,0.0,0.0,0.0,0.0,0.0,0.0,0.0,0.0,150.1378,150.1378,1,25,25,12,12,0,0,13,13,8,8,4,4,4,4,0,0
12820370,12820,12,전남광주통합특별시,820,함평군,370,해보면,1,71.3,71.3,59.0,59.0,49.1,49.1,20.0,20.0,0.7,0.7,4.7,4.7,0.0,0.0,71.3,71.3,1,0.0,0.0,0.0,0.0,0.0,0.0,0.0,0.0,0.0,0.0,0.0,0.0,0.0,0.0,0.0,0.0,0,0.0,0.0,0.0,0.0,0.0,0.0,0.0,0.0,0.0,0.0,0.0,0.0,0.0,0.0,0.0,0.0,0.0,0.0,0,0,0,0,0,0,0,0,0,0,0,0,0,0,0,0,0
12830250,12830,12,전남광주통합특별시,830,영광군,250,영광읍,0,0.0,0.0,0.0,0.0,0.0,0.0,0.0,0.0,0.0,0.0,0.0,0.0,0.0,0.0,0.0,0.0,0,0.0,0.0,0.0,0.0,0.0,0.0,0.0,0.0,0.0,0.0,0.0,0.0,0.0,0.0,0.0,0.0,1,0.0,0.0,0.0,0.0,0.0,0.0,0.0,0.0,0.0,0.0,0.0,0.0,775.0,775.0,0.0,0.0,5.999,5.999,1,0,0,0,0,0,0,0,0,18,18,11,11,1,1,6,6
12830256,12830,12,전남광주통합특별시,830,영광군,256,홍농읍,1,0.0,0.0,0.0,0.0,0.0,0.0,0.0,0.0,0.0,0.0,0.0,0.0,0.0,0.0,0.0,0.0,1,0.0,0.0,0.0,0.0,0.0,0.0,0.0,0.0,0.0,0.0,0.0,0.0,0.0,0.0,0.0,0.0,0,0.0,0.0,0.0,0.0,0.0,0.0,0.0,0.0,0.0,0.0,0.0,0.0,0.0,0.0,0.0,0.0,0.0,0.0,0,0,0,0,0,0,0,0,0,0,0,0,0,0,0,0,0
12830310,12830,12,전남광주통합특별시,830,영광군,310,군남면,0,0.0,0.0,0.0,0.0,0.0,0.0,0.0,0.0,0.0,0.0,0.0,0.0,0.0,0.0,0.0,0.0,0,0.0,0.0,0.0,0.0,0.0,0.0,0.0,0.0,0.0,0.0,0.0,0.0,0.0,0.0,0.0,0.0,1,0.0,0.0,0.0,0.0,0.0,0.0,0.0,0.0,0.0,0.0,0.0,0.0,0.0,0.0,0.0,0.0,218.501,218.501,1,26,26,21,21,1,1,4,4,10,10,8,8,2,2,0,0
12830340,12830,12,전남광주통합특별시,830,영광군,340,군서면,0,0.0,0.0,0.0,0.0,0.0,0.0,0.0,0.0,0.0,0.0,0.0,0.0,0.0,0.0,0.0,0.0,0,0.0,0.0,0.0,0.0,0.0,0.0,0.0,0.0,0.0,0.0,0.0,0.0,0.0,0.0,0.0,0.0,1,0.0,0.0,0.0,0.0,0.0,0.0,0.0,0.0,0.0,0.0,0.0,0.0,0.0,0.0,0.0,0.0,240.0265,240.0265,0,0,0,0,0,0,0,0,0,0,0,0,0,0,0,0,0
12830360,12830,12,전남광주통합특별시,830,영광군,360,염산면,2,0.0,0.0,241.3,165.6,238.8,165.6,235.1,165.6,232.6,165.6,229.6,165.6,225.3,165.6,0.0,0.0,2,0.0,0.0,570.0,570.0,870.0,870.0,910.0,910.0,1155.0,1155.0,1475.0,1475.0,1445.0,1445.0,0.0,0.0,0,0.0,0.0,0.0,0.0,0.0,0.0,0.0,0.0,0.0,0.0,0.0,0.0,0.0,0.0,0.0,0.0,0.0,0.0,0,0,0,0,0,0,0,0,0,0,0,0,0,0,0,0,0
12830370,12830,12,전남광주통합특별시,830,영광군,370,법성면,0,0.0,0.0,0.0,0.0,0.0,0.0,0.0,0.0,0.0,0.0,0.0,0.0,0.0,0.0,0.0,0.0,0,0.0,0.0,0.0,0.0,0.0,0.0,0.0,0.0,0.0,0.0,0.0,0.0,0.0,0.0,0.0,0.0,1,0.0,0.0,0.0,0.0,0.0,0.0,0.0,0.0,0.0,0.0,0.0,0.0,0.0,0.0,0.0,0.0,12.9,12.9,1,8,8,7,7,1,1,0,0,4,4,4,4,0,0,0,0
12830380,12830,12,전남광주통합특별시,830,영광군,380,낙월면,1,0.0,0.0,0.0,0.0,220.8,220.8,220.8,220.8,220.8,220.8,220.8,220.8,220.8,220.8,0.0,0.0,1,0.0,0.0,0.0,0.0,575.0,575.0,685.0,685.0,720.0,720.0,800.0,800.0,800.0,800.0,0.0,0.0,0,0.0,0.0,0.0,0.0,0.0,0.0,0.0,0.0,0.0,0.0,0.0,0.0,0.0,0.0,0.0,0.0,0.0,0.0,0,0,0,0,0,0,0,0,0,0,0,0,0,0,0,0,0
12840135,12840,12,전남광주통합특별시,840,장성군,135,,0,0.0,0.0,0.0,0.0,0.0,0.0,0.0,0.0,0.0,0.0,0.0,0.0,0.0,0.0,0.0,0.0,0,0.0,0.0,0.0,0.0,0.0,0.0,0.0,0.0,0.0,0.0,0.0,0.0,0.0,0.0,0.0,0.0,0,0.0,0.0,0.0,0.0,0.0,0.0,0.0,0.0,0.0,0.0,0.0,0.0,0.0,0.0,0.0,0.0,0.0,0.0,1,19,19,14,14,0,0,5,5,8,8,6,6,2,2,0,0
12840250,12840,12,전남광주통합특별시,840,장성군,250,,0,0.0,0.0,0.0,0.0,0.0,0.0,0.0,0.0,0.0,0.0,0.0,0.0,0.0,0.0,0.0,0.0,0,0.0,0.0,0.0,0.0,0.0,0.0,0.0,0.0,0.0,0.0,0.0,0.0,0.0,0.0,0.0,0.0,0,0.0,0.0,0.0,0.0,0.0,0.0,0.0,0.0,0.0,0.0,0.0,0.0,0.0,0.0,0.0,0.0,0.0,0.0,1,0,0,0,0,0,0,0,0,18,18,11,11,1,1,6,6
12840330,12840,12,전남광주통합특별시,840,장성군,330,동화면,0,0.0,0.0,0.0,0.0,0.0,0.0,0.0,0.0,0.0,0.0,0.0,0.0,0.0,0.0,0.0,0.0,0,0.0,0.0,0.0,0.0,0.0,0.0,0.0,0.0,0.0,0.0,0.0,0.0,0.0,0.0,0.0,0.0,1,0.0,0.0,0.0,0.0,0.0,0.0,0.0,0.0,0.0,0.0,0.0,0.0,0.0,0.0,0.0,0.0,2478.0,2478.0,0,0,0,0,0,0,0,0,0,0,0,0,0,0,0,0,0
12840340,12840,12,전남광주통합특별시,840,장성군,340,,0,0.0,0.0,0.0,0.0,0.0,0.0,0.0,0.0,0.0,0.0,0.0,0.0,0.0,0.0,0.0,0.0,0,0.0,0.0,0.0,0.0,0.0,0.0,0.0,0.0,0.0,0.0,0.0,0.0,0.0,0.0,0.0,0.0,0,0.0,0.0,0.0,0.0,0.0,0.0,0.0,0.0,0.0,0.0,0.0,0.0,0.0,0.0,0.0,0.0,0.0,0.0,1,25,25,12,12,0,0,13,13,8,8,4,4,4,4,0,0
12840360,12840,12,전남광주통합특별시,840,장성군,360,황룡면,1,0.0,0.0,0.0,0.0,0.0,0.0,0.0,0.0,56.3,56.3,54.7,54.7,53.0,53.0,0.0,0.0,1,0.0,0.0,0.0,0.0,0.0,0.0,0.0,0.0,0.0,0.0,0.0,0.0,0.0,0.0,0.0,0.0,0,0.0,0.0,0.0,0.0,0.0,0.0,0.0,0.0,0.0,0.0,0.0,0.0,0.0,0.0,0.0,0.0,0.0,0.0,0,0,0,0,0,0,0,0,0,0,0,0,0,0,0,0,0
12850250,12850,12,전남광주통합특별시,850,완도군,250,,0,0.0,0.0,0.0,0.0,0.0,0.0,0.0,0.0,0.0,0.0,0.0,0.0,0.0,0.0,0.0,0.0,0,0.0,0.0,0.0,0.0,0.0,0.0,0.0,0.0,0.0,0.0,0.0,0.0,0.0,0.0,0.0,0.0,0,0.0,0.0,0.0,0.0,0.0,0.0,0.0,0.0,0.0,0.0,0.0,0.0,0.0,0.0,0.0,0.0,0.0,0.0,1,0,0,0,0,0,0,0,0,18,18,7,7,7,7,4,4
12850320,12850,12,전남광주통합특별시,850,완도군,320,청산면,1,0.0,0.0,0.0,0.0,0.0,0.0,0.0,0.0,0.0,0.0,0.0,0.0,0.0,0.0,0.0,0.0,1,0.0,0.0,0.0,0.0,0.0,0.0,0.0,0.0,0.0,0.0,0.0,0.0,0.0,0.0,0.0,0.0,0,0.0,0.0,0.0,0.0,0.0,0.0,0.0,0.0,0.0,0.0,0.0,0.0,0.0,0.0,0.0,0.0,0.0,0.0,0,0,0,0,0,0,0,0,0,0,0,0,0,0,0,0,0
12850330,12850,12,전남광주통합특별시,850,완도군,330,고금면,0,0.0,0.0,0.0,0.0,0.0,0.0,0.0,0.0,0.0,0.0,0.0,0.0,0.0,0.0,0.0,0.0,0,0.0,0.0,0.0,0.0,0.0,0.0,0.0,0.0,0.0,0.0,0.0,0.0,0.0,0.0,0.0,0.0,1,0.0,0.0,0.0,0.0,0.0,0.0,0.0,0.0,0.0,0.0,0.0,0.0,0.0,0.0,0.0,0.0,748.5,748.5,1,19,19,19,19,0,0,0,0,8,8,2,2,6,6,0,0
12850370,12850,12,전남광주통합특별시,850,완도군,370,,0,0.0,0.0,0.0,0.0,0.0,0.0,0.0,0.0,0.0,0.0,0.0,0.0,0.0,0.0,0.0,0.0,0,0.0,0.0,0.0,0.0,0.0,0.0,0.0,0.0,0.0,0.0,0.0,0.0,0.0,0.0,0.0,0.0,0,0.0,0.0,0.0,0.0,0.0,0.0,0.0,0.0,0.0,0.0,0.0,0.0,0.0,0.0,0.0,0.0,0.0,0.0,1,26,26,21,21,0,0,5,5,8,8,6,6,2,2,0,0
12860250,12860,12,전남광주통합특별시,860,진도군,250,진도읍,1,31.2,31.2,28.3,28.3,25.3,25.3,20.7,20.7,16.2,16.2,15.0,15.0,13.8,13.8,31.2,31.2,1,0.0,0.0,0.0,0.0,0.0,0.0,0.0,0.0,0.0,0.0,0.0,0.0,0.0,0.0,0.0,0.0,0,0.0,0.0,0.0,0.0,0.0,0.0,0.0,0.0,0.0,0.0,0.0,0.0,0.0,0.0,0.0,0.0,0.0,0.0,0,0,0,0,0,0,0,0,0,0,0,0,0,0,0,0,0
12860320,12860,12,전남광주통합특별시,860,진도군,320,고군면,0,0.0,0.0,0.0,0.0,0.0,0.0,0.0,0.0,0.0,0.0,0.0,0.0,0.0,0.0,0.0,0.0,0,0.0,0.0,0.0,0.0,0.0,0.0,0.0,0.0,0.0,0.0,0.0,0.0,0.0,0.0,0.0,0.0,1,0.0,0.0,0.0,0.0,0.0,0.0,0.0,0.0,0.0,0.0,0.0,0.0,0.0,0.0,0.0,0.0,284.8819,284.8819,1,21,21,13,13,3,3,5,5,9,9,6,6,3,3,0,0
12860350,12860,12,전남광주통합특별시,860,진도군,350,,0,0.0,0.0,0.0,0.0,0.0,0.0,0.0,0.0,0.0,0.0,0.0,0.0,0.0,0.0,0.0,0.0,0,0.0,0.0,0.0,0.0,0.0,0.0,0.0,0.0,0.0,0.0,0.0,0.0,0.0,0.0,0.0,0.0,0,0.0,0.0,0.0,0.0,0.0,0.0,0.0,0.0,0.0,0.0,0.0,0.0,0.0,0.0,0.0,0.0,0.0,0.0,1,0,0,0,0,0,0,0,0,18,18,7,7,7,7,4,4
12870250,12870,12,전남광주통합특별시,870,신안군,250,지도읍,1,0.0,0.0,165.6,165.6,165.6,165.6,165.6,165.6,165.6,165.6,165.6,165.6,165.6,165.6,0.0,0.0,1,1095.0,1095.0,935.0,935.0,935.0,935.0,950.0,950.0,840.0,840.0,1340.0,1340.0,1335.0,1335.0,1095.0,1095.0,0,0.0,0.0,0.0,0.0,0.0,0.0,0.0,0.0,0.0,0.0,0.0,0.0,0.0,0.0,0.0,0.0,0.0,0.0,1,0,0,0,0,0,0,0,0,20,20,10,10,10,10,0,0
12870253,12870,12,전남광주통합특별시,870,신안군,253,압해읍,1,49.9,49.9,43.9,43.9,38.0,38.0,28.8,28.8,19.5,19.5,17.3,17.3,15.1,15.1,49.9,49.9,1,0.0,0.0,0.0,0.0,0.0,0.0,0.0,0.0,0.0,0.0,0.0,0.0,0.0,0.0,0.0,0.0,0,0.0,0.0,0.0,0.0,0.0,0.0,0.0,0.0,0.0,0.0,0.0,0.0,0.0,0.0,0.0,0.0,0.0,0.0,2,21,21,19,19,2,2,0,0,27,18,12,7,11,7,4,4
12870310,12870,12,전남광주통합특별시,870,신안군,310,증도면,0,0.0,0.0,0.0,0.0,0.0,0.0,0.0,0.0,0.0,0.0,0.0,0.0,0.0,0.0,0.0,0.0,0,0.0,0.0,0.0,0.0,0.0,0.0,0.0,0.0,0.0,0.0,0.0,0.0,0.0,0.0,0.0,0.0,1,0.0,0.0,0.0,0.0,0.0,0.0,0.0,0.0,0.0,0.0,0.0,0.0,0.0,0.0,0.0,0.0,271.9666,271.9666,0,0,0,0,0,0,0,0,0,0,0,0,0,0,0,0,0
12870320,12870,12,전남광주통합특별시,870,신안군,320,,0,0.0,0.0,0.0,0.0,0.0,0.0,0.0,0.0,0.0,0.0,0.0,0.0,0.0,0.0,0.0,0.0,0,0.0,0.0,0.0,0.0,0.0,0.0,0.0,0.0,0.0,0.0,0.0,0.0,0.0,0.0,0.0,0.0,0,0.0,0.0,0.0,0.0,0.0,0.0,0.0,0.0,0.0,0.0,0.0,0.0,0.0,0.0,0.0,0.0,0.0,0.0,1,19,19,16,16,0,0,3,3,10,10,6,6,4,4,0,0
12870340,12870,12,전남광주통합특별시,870,신안군,340,비금면,0,0.0,0.0,0.0,0.0,0.0,0.0,0.0,0.0,0.0,0.0,0.0,0.0,0.0,0.0,0.0,0.0,0,0.0,0.0,0.0,0.0,0.0,0.0,0.0,0.0,0.0,0.0,0.0,0.0,0.0,0.0,0.0,0.0,1,0.0,0.0,0.0,0.0,0.0,0.0,0.0,0.0,0.0,0.0,0.0,0.0,0.0,0.0,0.0,0.0,3.1102,3.1102,1,20,20,14,14,0,0,6,6,10,10,8,8,2,2,0,0
12870400,12870,12,전남광주통합특별시,870,신안군,400,안좌면,1,138.9,138.9,138.4,138.4,137.8,137.8,137.2,137.2,136.7,136.7,136.1,136.1,135.6,135.6,138.9,138.9,1,0.0,0.0,0.0,0.0,0.0,0.0,0.0,0.0,0.0,0.0,0.0,0.0,0.0,0.0,0.0,0.0,1,0.0,0.0,0.0,0.0,0.0,0.0,0.0,0.0,0.0,0.0,0.0,0.0,0.0,0.0,0.0,0.0,379.0007,379.0007,0,0,0,0,0,0,0,0,0,0,0,0,0,0,0,0,0
26110112,26110,26,부산광역시,110,중구,112,동광동2가,0,0.0,0.0,0.0,0.0,0.0,0.0,0.0,0.0,0.0,0.0,0.0,0.0,0.0,0.0,0.0,0.0,1,0.0,0.0,0.0,0.0,0.0,0.0,0.0,0.0,0.0,0.0,0.0,0.0,0.0,0.0,0.0,0.0,1,0.0,0.0,0.0,0.0,0.0,0.0,0.0,0.0,0.0,0.0,550.0,550.0,570.0,570.0,0.0,0.0,0.0,0.0,1,20,20,17,17,1,1,2,2,22,22,15,15,5,5,2,2
26140101,26140,26,부산광역시,140,서구,101,,0,0.0,0.0,0.0,0.0,0.0,0.0,0.0,0.0,0.0,0.0,0.0,0.0,0.0,0.0,0.0,0.0,0,0.0,0.0,0.0,0.0,0.0,0.0,0.0,0.0,0.0,0.0,0.0,0.0,0.0,0.0,0.0,0.0,0,0.0,0.0,0.0,0.0,0.0,0.0,0.0,0.0,0.0,0.0,0.0,0.0,0.0,0.0,0.0,0.0,0.0,0.0,1,20,20,17,17,1,1,2,2,22,22,15,15,5,5,2,2
26140106,26140,26,부산광역시,140,서구,106,,0,0.0,0.0,0.0,0.0,0.0,0.0,0.0,0.0,0.0,0.0,0.0,0.0,0.0,0.0,0.0,0.0,0,0.0,0.0,0.0,0.0,0.0,0.0,0.0,0.0,0.0,0.0,0.0,0.0,0.0,0.0,0.0,0.0,0,0.0,0.0,0.0,0.0,0.0,0.0,0.0,0.0,0.0,0.0,0.0,0.0,0.0,0.0,0.0,0.0,0.0,0.0,1,17,17,13,13,0,0,4,4,5,5,4,4,1,1,0,0
26140123,26140,26,부산광역시,140,서구,123,,0,0.0,0.0,0.0,0.0,0.0,0.0,0.0,0.0,0.0,0.0,0.0,0.0,0.0,0.0,0.0,0.0,0,0.0,0.0,0.0,0.0,0.0,0.0,0.0,0.0,0.0,0.0,0.0,0.0,0.0,0.0,0.0,0.0,0,0.0,0.0,0.0,0.0,0.0,0.0,0.0,0.0,0.0,0.0,0.0,0.0,0.0,0.0,0.0,0.0,0.0,0.0,1,21,21,19,19,2,2,0,0,8,8,7,7,1,1,0,0
26140124,26140,26,부산광역시,140,서구,124,암남동,1,0.0,0.0,0.0,0.0,0.0,0.0,0.0,0.0,0.0,0.0,0.0,0.0,0.0,0.0,0.0,0.0,0,0.0,0.0,0.0,0.0,0.0,0.0,0.0,0.0,0.0,0.0,0.0,0.0,0.0,0.0,0.0,0.0,0,0.0,0.0,0.0,0.0,0.0,0.0,0.0,0.0,0.0,0.0,0.0,0.0,0.0,0.0,0.0,0.0,0.0,0.0,0,0,0,0,0,0,0,0,0,0,0,0,0,0,0,0,0
26170101,26170,26,부산광역시,170,동구,101,초량동,2,0.0,0.0,0.0,0.0,0.0,0.0,110.0,110.0,105.0,105.0,95.0,95.0,75.0,75.0,0.0,0.0,1,0.0,0.0,0.0,0.0,0.0,0.0,110.0,110.0,105.0,105.0,95.0,95.0,75.0,75.0,0.0,0.0,1,0.0,0.0,0.0,0.0,0.0,0.0,375.0,375.0,395.0,395.0,400.0,400.0,405.0,405.0,0.0,0.0,0.0,0.0,1,20,20,17,17,1,1,2,2,22,22,15,15,5,5,2,2
26170103,26170,26,부산광역시,170,동구,103,동대신동3가,0,0.0,0.0,0.0,0.0,0.0,0.0,0.0,0.0,0.0,0.0,0.0,0.0,0.0,0.0,0.0,0.0,1,0.0,0.0,0.0,0.0,0.0,0.0,0.0,0.0,0.0,0.0,0.0,0.0,0.0,0.0,0.0,0.0,1,0.0,0.0,0.0,0.0,0.0,0.0,0.0,0.0,0.0,0.0,625.0,625.0,635.0,635.0,0.0,0.0,0.0,0.0,1,17,17,13,13,0,0,4,4,5,5,4,4,1,1,0,0
26170104,26170,26,부산광역시,170,동구,104,,0,0.0,0.0,0.0,0.0,0.0,0.0,0.0,0.0,0.0,0.0,0.0,0.0,0.0,0.0,0.0,0.0,0,0.0,0.0,0.0,0.0,0.0,0.0,0.0,0.0,0.0,0.0,0.0,0.0,0.0,0.0,0.0,0.0,0,0.0,0.0,0.0,0.0,0.0,0.0,0.0,0.0,0.0,0.0,0.0,0.0,0.0,0.0,0.0,0.0,0.0,0.0,1,21,21,10,10,3,3,8,8,8,8,4,4,1,1,3,3
26170107,26170,26,부산광역시,170,동구,107,중앙동4가,0,0.0,0.0,0.0,0.0,0.0,0.0,0.0,0.0,0.0,0.0,0.0,0.0,0.0,0.0,0.0,0.0,1,0.0,0.0,0.0,0.0,0.0,0.0,0.0,0.0,0.0,0.0,0.0,0.0,0.0,0.0,0.0,0.0,1,0.0,0.0,0.0,0.0,0.0,0.0,0.0,0.0,0.0,0.0,0.0,0.0,0.0,0.0,0.0,0.0,0.0,0.0,1,21,21,19,19,2,2,0,0,8,8,7,7,1,1,0,0
26170116,26170,26,부산광역시,170,동구,116,수정동,0,0.0,0.0,0.0,0.0,0.0,0.0,0.0,0.0,0.0,0.0,0.0,0.0,0.0,0.0,0.0,0.0,1,0.0,0.0,0.0,0.0,0.0,0.0,0.0,0.0,0.0,0.0,0.0,0.0,0.0,0.0,0.0,0.0,1,0.0,0.0,0.0,0.0,0.0,0.0,0.0,0.0,0.0,0.0,0.0,0.0,0.0,0.0,0.0,0.0,0.0,0.0,1,18,18,16,16,2,2,0,0,6,6,6,6,0,0,0,0
26200101,26200,26,부산광역시,200,영도구,101,,0,0.0,0.0,0.0,0.0,0.0,0.0,0.0,0.0,0.0,0.0,0.0,0.0,0.0,0.0,0.0,0.0,0,0.0,0.0,0.0,0.0,0.0,0.0,0.0,0.0,0.0,0.0,0.0,0.0,0.0,0.0,0.0,0.0,0,0.0,0.0,0.0,0.0,0.0,0.0,0.0,0.0,0.0,0.0,0.0,0.0,0.0,0.0,0.0,0.0,0.0,0.0,1,20,20,17,17,1,1,2,2,22,22,15,15,5,5,2,2
26200111,26200,26,부산광역시,200,영도구,111,영선동4가,1,65.6,65.6,0.0,0.0,0.0,0.0,0.0,0.0,0.0,0.0,0.0,0.0,0.0,0.0,65.6,65.6,0,0.0,0.0,0.0,0.0,0.0,0.0,0.0,0.0,0.0,0.0,0.0,0.0,0.0,0.0,0.0,0.0,0,0.0,0.0,0.0,0.0,0.0,0.0,0.0,0.0,0.0,0.0,0.0,0.0,0.0,0.0,0.0,0.0,0.0,0.0,0,0,0,0,0,0,0,0,0,0,0,0,0,0,0,0,0
26200121,26200,26,부산광역시,200,영도구,121,동삼동,0,0.0,0.0,0.0,0.0,0.0,0.0,0.0,0.0,0.0,0.0,0.0,0.0,0.0,0.0,0.0,0.0,1,140.0,140.0,0.0,0.0,0.0,0.0,0.0,0.0,0.0,0.0,0.0,0.0,0.0,0.0,140.0,140.0,1,0.0,0.0,0.0,0.0,0.0,0.0,0.0,0.0,0.0,0.0,790.0,790.0,790.0,790.0,0.0,0.0,0.0,0.0,1,18,18,16,16,0,0,2,2,6,6,3,3,2,2,1,1
26230101,26230,26,부산광역시,230,부산진구,101,,0,0.0,0.0,0.0,0.0,0.0,0.0,0.0,0.0,0.0,0.0,0.0,0.0,0.0,0.0,0.0,0.0,0,0.0,0.0,0.0,0.0,0.0,0.0,0.0,0.0,0.0,0.0,0.0,0.0,0.0,0.0,0.0,0.0,0,0.0,0.0,0.0,0.0,0.0,0.0,0.0,0.0,0.0,0.0,0.0,0.0,0.0,0.0,0.0,0.0,0.0,0.0,1,0,0,0,0,0,0,0,0,12,12,7,7,0,0,5,5
26230102,26230,26,부산광역시,230,부산진구,102,전포동,2,0.0,0.0,0.0,0.0,0.0,0.0,25.0,25.0,15.0,15.0,0.0,0.0,0.0,0.0,0.0,0.0,0,0.0,0.0,0.0,0.0,0.0,0.0,0.0,0.0,0.0,0.0,0.0,0.0,0.0,0.0,0.0,0.0,0,0.0,0.0,0.0,0.0,0.0,0.0,0.0,0.0,0.0,0.0,0.0,0.0,0.0,0.0,0.0,0.0,0.0,0.0,1,21,21,10,10,3,3,8,8,8,8,4,4,1,1,3,3
26230105,26230,26,부산광역시,230,부산진구,105,범전동,0,0.0,0.0,0.0,0.0,0.0,0.0,0.0,0.0,0.0,0.0,0.0,0.0,0.0,0.0,0.0,0.0,1,0.0,0.0,0.0,0.0,0.0,0.0,0.0,0.0,0.0,0.0,0.0,0.0,0.0,0.0,0.0,0.0,1,635.0,635.0,660.0,660.0,660.0,660.0,665.0,665.0,685.0,685.0,685.0,685.0,690.0,690.0,635.0,635.0,0.0,0.0,1,26,26,23,23,2,2,1,1,7,7,7,7,0,0,0,0
26230107,26230,26,부산광역시,230,부산진구,107,,0,0.0,0.0,0.0,0.0,0.0,0.0,0.0,0.0,0.0,0.0,0.0,0.0,0.0,0.0,0.0,0.0,0,0.0,0.0,0.0,0.0,0.0,0.0,0.0,0.0,0.0,0.0,0.0,0.0,0.0,0.0,0.0,0.0,0,0.0,0.0,0.0,0.0,0.0,0.0,0.0,0.0,0.0,0.0,0.0,0.0,0.0,0.0,0.0,0.0,0.0,0.0,1,19,19,18,18,0,0,1,1,8,8,8,8,0,0,0,0
26230108,26230,26,부산광역시,230,부산진구,108,부암동,1,84.9,84.9,0.0,0.0,0.0,0.0,0.0,0.0,0.0,0.0,0.0,0.0,0.0,0.0,84.9,84.9,0,0.0,0.0,0.0,0.0,0.0,0.0,0.0,0.0,0.0,0.0,0.0,0.0,0.0,0.0,0.0,0.0,0,0.0,0.0,0.0,0.0,0.0,0.0,0.0,0.0,0.0,0.0,0.0,0.0,0.0,0.0,0.0,0.0,0.0,0.0,0,0,0,0,0,0,0,0,0,0,0,0,0,0,0,0,0
26230109,26230,26,부산광역시,230,부산진구,109,당감동,0,0.0,0.0,0.0,0.0,0.0,0.0,0.0,0.0,0.0,0.0,0.0,0.0,0.0,0.0,0.0,0.0,1,190.0,190.0,0.0,0.0,0.0,0.0,0.0,0.0,0.0,0.0,0.0,0.0,0.0,0.0,190.0,190.0,1,0.0,0.0,0.0,0.0,0.0,0.0,0.0,0.0,0.0,0.0,475.0,475.0,475.0,475.0,0.0,0.0,0.0,0.0,0,0,0,0,0,0,0,0,0,0,0,0,0,0,0,0,0
26230110,26230,26,부산광역시,230,부산진구,110,가야동,0,0.0,0.0,0.0,0.0,0.0,0.0,0.0,0.0,0.0,0.0,0.0,0.0,0.0,0.0,0.0,0.0,1,185.0,185.0,0.0,0.0,0.0,0.0,0.0,0.0,0.0,0.0,0.0,0.0,0.0,0.0,185.0,185.0,1,0.0,0.0,0.0,0.0,0.0,0.0,0.0,0.0,0.0,0.0,475.0,475.0,475.0,475.0,0.0,0.0,0.0,0.0,1,19,19,15,15,0,0,4,4,8,8,6,6,1,1,1,1
26230113,26230,26,부산광역시,230,부산진구,113,양정동,1,1.7,1.7,0.3,0.3,0.0,0.0,0.0,0.0,0.0,0.0,0.0,0.0,0.0,0.0,1.7,1.7,1,0.0,0.0,0.0,0.0,0.0,0.0,0.0,0.0,0.0,0.0,0.0,0.0,0.0,0.0,0.0,0.0,1,710.0,710.0,740.0,740.0,745.0,745.0,755.0,755.0,775.0,775.0,775.0,775.0,775.0,775.0,710.0,710.0,0.0,0.0,1,21,21,21,21,0,0,0,0,8,8,6,6,1,1,1,1
26260101,26260,26,부산광역시,260,동래구,101,,0,0.0,0.0,0.0,0.0,0.0,0.0,0.0,0.0,0.0,0.0,0.0,0.0,0.0,0.0,0.0,0.0,0,0.0,0.0,0.0,0.0,0.0,0.0,0.0,0.0,0.0,0.0,0.0,0.0,0.0,0.0,0.0,0.0,0,0.0,0.0,0.0,0.0,0.0,0.0,0.0,0.0,0.0,0.0,0.0,0.0,0.0,0.0,0.0,0.0,0.0,0.0,2,40,26,30,22,5,4,5,3,20,12,16,10,0,0,4,2
26260102,26260,26,부산광역시,260,동래구,102,안락동,0,0.0,0.0,0.0,0.0,0.0,0.0,0.0,0.0,0.0,0.0,0.0,0.0,0.0,0.0,0.0,0.0,1,0.0,0.0,0.0,0.0,0.0,0.0,0.0,0.0,0.0,0.0,0.0,0.0,0.0,0.0,0.0,0.0,1,960.0,960.0,960.0,960.0,960.0,960.0,960.0,960.0,965.0,965.0,965.0,965.0,965.0,965.0,960.0,960.0,0.0,0.0,1,19,19,13,13,2,2,4,4,12,12,4,4,0,0,8,8
26260106,26260,26,부산광역시,260,동래구,106,명륜동,0,0.0,0.0,0.0,0.0,0.0,0.0,0.0,0.0,0.0,0.0,0.0,0.0,0.0,0.0,0.0,0.0,1,0.0,0.0,0.0,0.0,0.0,0.0,0.0,0.0,0.0,0.0,0.0,0.0,0.0,0.0,0.0,0.0,1,915.0,915.0,915.0,915.0,915.0,915.0,920.0,920.0,925.0,925.0,925.0,925.0,925.0,925.0,915.0,915.0,0.0,0.0,1,20,20,20,20,0,0,0,0,6,6,4,4,1,1,1,1
26260108,26260,26,부산광역시,260,동래구,108,온천동,1,0.0,0.0,0.0,0.0,0.0,0.0,0.0,0.0,0.0,0.0,0.0,0.0,0.0,0.0,0.0,0.0,0,0.0,0.0,0.0,0.0,0.0,0.0,0.0,0.0,0.0,0.0,0.0,0.0,0.0,0.0,0.0,0.0,0,0.0,0.0,0.0,0.0,0.0,0.0,0.0,0.0,0.0,0.0,0.0,0.0,0.0,0.0,0.0,0.0,0.0,0.0,0,0,0,0,0,0,0,0,0,0,0,0,0,0,0,0,0
26260109,26260,26,부산광역시,260,동래구,109,사직동,1,0.0,0.0,0.0,0.0,0.0,0.0,0.0,0.0,0.0,0.0,0.0,0.0,0.0,0.0,0.0,0.0,0,0.0,0.0,0.0,0.0,0.0,0.0,0.0,0.0,0.0,0.0,0.0,0.0,0.0,0.0,0.0,0.0,0,0.0,0.0,0.0,0.0,0.0,0.0,0.0,0.0,0.0,0.0,0.0,0.0,0.0,0.0,0.0,0.0,0.0,0.0,0,0,0,0,0,0,0,0,0,0,0,0,0,0,0,0,0
26260121,26260,26,부산광역시,260,동래구,121,사직동,0,0.0,0.0,0.0,0.0,0.0,0.0,0.0,0.0,0.0,0.0,0.0,0.0,0.0,0.0,0.0,0.0,1,0.0,0.0,0.0,0.0,0.0,0.0,0.0,0.0,0.0,0.0,0.0,0.0,0.0,0.0,0.0,0.0,1,810.0,810.0,810.0,810.0,810.0,810.0,820.0,820.0,825.0,825.0,825.0,825.0,830.0,830.0,810.0,810.0,0.0,0.0,1,19,19,18,18,0,0,1,1,8,8,8,8,0,0,0,0
26290106,26290,26,부산광역시,290,남구,106,,0,0.0,0.0,0.0,0.0,0.0,0.0,0.0,0.0,0.0,0.0,0.0,0.0,0.0,0.0,0.0,0.0,0,0.0,0.0,0.0,0.0,0.0,0.0,0.0,0.0,0.0,0.0,0.0,0.0,0.0,0.0,0.0,0.0,0,0.0,0.0,0.0,0.0,0.0,0.0,0.0,0.0,0.0,0.0,0.0,0.0,0.0,0.0,0.0,0.0,0.0,0.0,2,24,24,18,18,0,0,6,6,20,12,15,8,0,0,5,5
26290109,26290,26,부산광역시,290,남구,109,문현동,0,0.0,0.0,0.0,0.0,0.0,0.0,0.0,0.0,0.0,0.0,0.0,0.0,0.0,0.0,0.0,0.0,1,0.0,0.0,0.0,0.0,0.0,0.0,25.0,25.0,15.0,15.0,0.0,0.0,0.0,0.0,0.0,0.0,1,355.0,355.0,365.0,365.0,365.0,365.0,375.0,375.0,395.0,395.0,400.0,400.0,405.0,405.0,355.0,355.0,0.0,0.0,1,21,21,10,10,3,3,8,8,8,8,4,4,1,1,3,3
26290111,26290,26,부산광역시,290,남구,111,감만동,0,0.0,0.0,0.0,0.0,0.0,0.0,0.0,0.0,0.0,0.0,0.0,0.0,0.0,0.0,0.0,0.0,1,0.0,0.0,0.0,0.0,0.0,0.0,0.0,0.0,0.0,0.0,0.0,0.0,0.0,0.0,0.0,0.0,1,405.0,405.0,405.0,405.0,405.0,405.0,405.0,405.0,405.0,405.0,405.0,405.0,405.0,405.0,405.0,405.0,0.0,0.0,1,20,20,19,19,1,1,0,0,8,8,5,5,1,1,2,2
26290135,26290,26,부산광역시,290,남구,135,용호동,1,0.0,0.0,0.0,0.0,0.0,0.0,0.0,0.0,0.0,0.0,0.0,0.0,0.0,0.0,0.0,0.0,0,0.0,0.0,0.0,0.0,0.0,0.0,0.0,0.0,0.0,0.0,0.0,0.0,0.0,0.0,0.0,0.0,0,0.0,0.0,0.0,0.0,0.0,0.0,0.0,0.0,0.0,0.0,0.0,0.0,0.0,0.0,0.0,0.0,0.0,0.0,0,0,0,0,0,0,0,0,0,0,0,0,0,0,0,0,0
26320101,26320,26,부산광역시,320,북구,101,,0,0.0,0.0,0.0,0.0,0.0,0.0,0.0,0.0,0.0,0.0,0.0,0.0,0.0,0.0,0.0,0.0,0,0.0,0.0,0.0,0.0,0.0,0.0,0.0,0.0,0.0,0.0,0.0,0.0,0.0,0.0,0.0,0.0,0,0.0,0.0,0.0,0.0,0.0,0.0,0.0,0.0,0.0,0.0,0.0,0.0,0.0,0.0,0.0,0.0,0.0,0.0,1,17,17,11,11,0,0,6,6,17,17,9,9,2,2,6,6
26320102,26320,26,부산광역시,320,북구,102,화명동,1,0.0,0.0,0.0,0.0,0.0,0.0,0.0,0.0,0.0,0.0,0.0,0.0,0.0,0.0,0.0,0.0,0,0.0,0.0,0.0,0.0,0.0,0.0,0.0,0.0,0.0,0.0,0.0,0.0,0.0,0.0,0.0,0.0,0,0.0,0.0,0.0,0.0,0.0,0.0,0.0,0.0,0.0,0.0,0.0,0.0,0.0,0.0,0.0,0.0,0.0,0.0,0,0,0,0,0,0,0,0,0,0,0,0,0,0,0,0,0
26320103,26320,26,부산광역시,320,북구,103,금곡동,1,0.0,0.0,0.0,0.0,0.0,0.0,0.0,0.0,0.0,0.0,35.0,35.0,0.0,0.0,0.0,0.0,1,0.0,0.0,0.0,0.0,0.0,0.0,0.0,0.0,0.0,0.0,35.0,35.0,0.0,0.0,0.0,0.0,1,755.0,755.0,755.0,755.0,755.0,755.0,1035.0,1035.0,1035.0,1035.0,1035.0,1035.0,1035.0,1035.0,755.0,755.0,0.0,0.0,1,19,19,15,15,1,1,3,3,8,8,5,5,1,1,2,2
26320104,26320,26,부산광역시,320,북구,104,덕천동,1,0.0,0.0,0.0,0.0,0.0,0.0,0.0,0.0,0.0,0.0,0.0,0.0,0.0,0.0,0.0,0.0,0,0.0,0.0,0.0,0.0,0.0,0.0,0.0,0.0,0.0,0.0,0.0,0.0,0.0,0.0,0.0,0.0,0,0.0,0.0,0.0,0.0,0.0,0.0,0.0,0.0,0.0,0.0,0.0,0.0,0.0,0.0,0.0,0.0,0.0,0.0,0,0,0,0,0,0,0,0,0,0,0,0,0,0,0,0,0
26320105,26320,26,부산광역시,320,북구,105,구포동,0,0.0,0.0,0.0,0.0,0.0,0.0,0.0,0.0,0.0,0.0,0.0,0.0,0.0,0.0,0.0,0.0,1,0.0,0.0,0.0,0.0,0.0,0.0,0.0,0.0,0.0,0.0,0.0,0.0,0.0,0.0,0.0,0.0,1,1155.0,1155.0,1155.0,1155.0,1155.0,1155.0,1485.0,1485.0,1485.0,1485.0,1485.0,1485.0,1485.0,1485.0,1155.0,1155.0,0.0,0.0,1,18,18,17,17,0,0,1,1,8,8,7,7,1,1,0,0
26320107,26320,26,부산광역시,320,북구,107,,0,0.0,0.0,0.0,0.0,0.0,0.0,0.0,0.0,0.0,0.0,0.0,0.0,0.0,0.0,0.0,0.0,0,0.0,0.0,0.0,0.0,0.0,0.0,0.0,0.0,0.0,0.0,0.0,0.0,0.0,0.0,0.0,0.0,0,0.0,0.0,0.0,0.0,0.0,0.0,0.0,0.0,0.0,0.0,0.0,0.0,0.0,0.0,0.0,0.0,0.0,0.0,1,19,19,18,18,0,0,1,1,8,8,8,8,0,0,0,0
26350101,26350,26,부산광역시,350,해운대구,101,,0,0.0,0.0,0.0,0.0,0.0,0.0,0.0,0.0,0.0,0.0,0.0,0.0,0.0,0.0,0.0,0.0,0,0.0,0.0,0.0,0.0,0.0,0.0,0.0,0.0,0.0,0.0,0.0,0.0,0.0,0.0,0.0,0.0,0,0.0,0.0,0.0,0.0,0.0,0.0,0.0,0.0,0.0,0.0,0.0,0.0,0.0,0.0,0.0,0.0,0.0,0.0,1,14,14,8,8,4,4,2,2,12,12,10,10,0,0,2,2
26350102,26350,26,부산광역시,350,해운대구,102,안락동,1,0.0,0.0,0.0,0.0,0.0,0.0,0.0,0.0,0.0,0.0,0.0,0.0,0.0,0.0,0.0,0.0,0,0.0,0.0,0.0,0.0,0.0,0.0,0.0,0.0,0.0,0.0,0.0,0.0,0.0,0.0,0.0,0.0,0,0.0,0.0,0.0,0.0,0.0,0.0,0.0,0.0,0.0,0.0,0.0,0.0,0.0,0.0,0.0,0.0,0.0,0.0,1,19,19,13,13,2,2,4,4,12,12,4,4,0,0,8,8
26350103,26350,26,부산광역시,350,해운대구,103,반여동,2,0.0,0.0,0.0,0.0,0.0,0.0,96.6,96.6,82.8,82.8,69.0,69.0,55.2,55.2,0.0,0.0,1,0.0,0.0,0.0,0.0,0.0,0.0,505.0,505.0,475.0,475.0,440.0,440.0,390.0,390.0,0.0,0.0,1,0.0,0.0,0.0,0.0,0.0,0.0,1190.0,1190.0,1195.0,1195.0,1200.0,1200.0,1210.0,1210.0,0.0,0.0,0.0,0.0,0,0,0,0,0,0,0,0,0,0,0,0,0,0,0,0,0
26350104,26350,26,부산광역시,350,해운대구,104,재송동,1,0.0,0.0,0.0,0.0,0.0,0.0,0.0,0.0,0.0,0.0,0.0,0.0,0.0,0.0,0.0,0.0,0,0.0,0.0,0.0,0.0,0.0,0.0,0.0,0.0,0.0,0.0,0.0,0.0,0.0,0.0,0.0,0.0,0,0.0,0.0,0.0,0.0,0.0,0.0,0.0,0.0,0.0,0.0,0.0,0.0,0.0,0.0,0.0,0.0,0.0,0.0,0,0,0,0,0,0,0,0,0,0,0,0,0,0,0,0,0
26350105,26350,26,부산광역시,350,해운대구,105,우동,2,0.0,0.0,0.0,0.0,0.0,0.0,0.0,0.0,0.0,0.0,0.0,0.0,0.0,0.0,0.0,0.0,2,0.0,0.0,0.0,0.0,0.0,0.0,0.0,0.0,0.0,0.0,0.0,0.0,0.0,0.0,0.0,0.0,2,390.0,315.0,550.0,360.0,650.0,395.0,1680.0,850.0,1680.0,850.0,1685.0,850.0,1695.0,855.0,390.0,315.0,0.0,0.0,3,64,26,58,22,2,1,4,4,27,12,13,5,2,1,12,9
26350107,26350,26,부산광역시,350,해운대구,107,좌동,0,0.0,0.0,0.0,0.0,0.0,0.0,0.0,0.0,0.0,0.0,0.0,0.0,0.0,0.0,0.0,0.0,1,0.0,0.0,0.0,0.0,0.0,0.0,0.0,0.0,0.0,0.0,0.0,0.0,0.0,0.0,0.0,0.0,1,420.0,420.0,440.0,440.0,440.0,440.0,440.0,440.0,440.0,440.0,440.0,440.0,440.0,440.0,420.0,420.0,0.0,0.0,1,26,26,21,21,3,3,2,2,8,8,4,4,4,4,0,0
26350108,26350,26,부산광역시,350,해운대구,108,중동,1,0.0,0.0,0.0,0.0,0.0,0.0,0.0,0.0,0.0,0.0,0.0,0.0,0.0,0.0,0.0,0.0,0,0.0,0.0,0.0,0.0,0.0,0.0,0.0,0.0,0.0,0.0,0.0,0.0,0.0,0.0,0.0,0.0,0,0.0,0.0,0.0,0.0,0.0,0.0,0.0,0.0,0.0,0.0,0.0,0.0,0.0,0.0,0.0,0.0,0.0,0.0,0,0,0,0,0,0,0,0,0,0,0,0,0,0,0,0,0
26350114,26350,26,부산광역시,350,해운대구,114,송정동,1,0.0,0.0,0.0,0.0,0.0,0.0,0.0,0.0,0.0,0.0,0.0,0.0,0.0,0.0,0.0,0.0,0,0.0,0.0,0.0,0.0,0.0,0.0,0.0,0.0,0.0,0.0,0.0,0.0,0.0,0.0,0.0,0.0,0,0.0,0.0,0.0,0.0,0.0,0.0,0.0,0.0,0.0,0.0,0.0,0.0,0.0,0.0,0.0,0.0,0.0,0.0,1,14,14,4,4,0,0,10,10,5,5,4,4,0,0,1,1
26350127,26350,26,부산광역시,350,해운대구,127,반송동,0,0.0,0.0,0.0,0.0,0.0,0.0,0.0,0.0,0.0,0.0,0.0,0.0,0.0,0.0,0.0,0.0,1,0.0,0.0,0.0,0.0,0.0,0.0,0.0,0.0,0.0,0.0,0.0,0.0,0.0,0.0,0.0,0.0,1,1615.0,1615.0,1615.0,1615.0,1615.0,1615.0,1625.0,1625.0,1625.0,1625.0,1625.0,1625.0,1625.0,1625.0,1615.0,1615.0,19.8,19.8,1,26,26,22,22,1,1,3,3,8,8,6,6,0,0,2,2
26380101,26380,26,부산광역시,380,사하구,101,,0,0.0,0.0,0.0,0.0,0.0,0.0,0.0,0.0,0.0,0.0,0.0,0.0,0.0,0.0,0.0,0.0,0,0.0,0.0,0.0,0.0,0.0,0.0,0.0,0.0,0.0,0.0,0.0,0.0,0.0,0.0,0.0,0.0,0,0.0,0.0,0.0,0.0,0.0,0.0,0.0,0.0,0.0,0.0,0.0,0.0,0.0,0.0,0.0,0.0,0.0,0.0,1,20,20,17,17,1,1,2,2,22,22,15,15,5,5,2,2
26380106,26380,26,부산광역시,380,사하구,106,다대동,1,0.0,0.0,0.0,0.0,0.0,0.0,0.0,0.0,0.0,0.0,0.0,0.0,0.0,0.0,0.0,0.0,0,0.0,0.0,0.0,0.0,0.0,0.0,0.0,0.0,0.0,0.0,0.0,0.0,0.0,0.0,0.0,0.0,0,0.0,0.0,0.0,0.0,0.0,0.0,0.0,0.0,0.0,0.0,0.0,0.0,0.0,0.0,0.0,0.0,0.0,0.0,0,0,0,0,0,0,0,0,0,0,0,0,0,0,0,0,0
26380108,26380,26,부산광역시,380,사하구,108,감천동,3,0.0,0.0,0.0,0.0,0.0,0.0,0.0,0.0,0.0,0.0,0.0,0.0,0.0,0.0,0.0,0.0,1,140.0,140.0,0.0,0.0,0.0,0.0,0.0,0.0,0.0,0.0,0.0,0.0,0.0,0.0,140.0,140.0,1,0.0,0.0,0.0,0.0,0.0,0.0,0.0,0.0,0.0,0.0,730.0,730.0,730.0,730.0,0.0,0.0,0.0,0.0,2,41,24,37,24,0,0,4,4,17,12,10,6,4,3,3,3
26380120,26380,26,부산광역시,380,사하구,120,구평동,1,50.0,50.0,0.0,0.0,0.0,0.0,0.0,0.0,0.0,0.0,0.0,0.0,0.0,0.0,50.0,50.0,2,95.0,50.0,0.0,0.0,0.0,0.0,0.0,0.0,0.0,0.0,0.0,0.0,0.0,0.0,95.0,50.0,2,0.0,0.0,0.0,0.0,0.0,0.0,0.0,0.0,0.0,0.0,1415.0,730.0,1415.0,730.0,0.0,0.0,306.0,306.0,2,40,20,30,17,6,3,4,4,16,8,9,5,5,3,2,1
26410107,26410,26,부산광역시,410,금정구,107,구서동,0,0.0,0.0,0.0,0.0,0.0,0.0,0.0,0.0,0.0,0.0,0.0,0.0,0.0,0.0,0.0,0.0,2,0.0,0.0,0.0,0.0,0.0,0.0,0.0,0.0,0.0,0.0,0.0,0.0,0.0,0.0,0.0,0.0,2,1240.0,690.0,1295.0,740.0,1325.0,770.0,1365.0,805.0,1365.0,805.0,1365.0,805.0,1365.0,805.0,1240.0,690.0,0.0,0.0,2,40,26,28,21,3,2,9,5,18,12,13,7,2,2,3,3
26410111,26410,26,부산광역시,410,금정구,111,,0,0.0,0.0,0.0,0.0,0.0,0.0,0.0,0.0,0.0,0.0,0.0,0.0,0.0,0.0,0.0,0.0,0,0.0,0.0,0.0,0.0,0.0,0.0,0.0,0.0,0.0,0.0,0.0,0.0,0.0,0.0,0.0,0.0,0,0.0,0.0,0.0,0.0,0.0,0.0,0.0,0.0,0.0,0.0,0.0,0.0,0.0,0.0,0.0,0.0,0.0,0.0,2,40,26,30,22,5,4,5,3,20,12,16,10,0,0,4,2
26410112,26410,26,부산광역시,410,금정구,112,회동동,1,0.0,0.0,0.0,0.0,0.0,0.0,0.0,0.0,0.0,0.0,0.0,0.0,0.0,0.0,0.0,0.0,1,0.0,0.0,240.0,240.0,0.0,0.0,0.0,0.0,0.0,0.0,0.0,0.0,0.0,0.0,0.0,0.0,1,645.0,645.0,660.0,660.0,660.0,660.0,660.0,660.0,660.0,660.0,660.0,660.0,660.0,660.0,645.0,645.0,0.0,0.0,1,19,19,14,14,3,3,2,2,7,7,5,5,0,0,2,2
26410126,26410,26,부산광역시,410,금정구,126,청룡동,1,0.0,0.0,0.0,0.0,0.0,0.0,0.0,0.0,0.0,0.0,0.0,0.0,0.0,0.0,0.0,0.0,0,0.0,0.0,0.0,0.0,0.0,0.0,0.0,0.0,0.0,0.0,0.0,0.0,0.0,0.0,0.0,0.0,0,0.0,0.0,0.0,0.0,0.0,0.0,0.0,0.0,0.0,0.0,0.0,0.0,0.0,0.0,0.0,0.0,0.0,0.0,0,0,0,0,0,0,0,0,0,0,0,0,0,0,0,0,0
26440102,26440,26,부산광역시,440,강서구,102,,0,0.0,0.0,0.0,0.0,0.0,0.0,0.0,0.0,0.0,0.0,0.0,0.0,0.0,0.0,0.0,0.0,0,0.0,0.0,0.0,0.0,0.0,0.0,0.0,0.0,0.0,0.0,0.0,0.0,0.0,0.0,0.0,0.0,0,0.0,0.0,0.0,0.0,0.0,0.0,0.0,0.0,0.0,0.0,0.0,0.0,0.0,0.0,0.0,0.0,0.0,0.0,1,14,14,5,5,1,1,8,8,8,8,4,4,2,2,2,2
26440103,26440,26,부산광역시,440,강서구,103,강동동,2,0.0,0.0,121.6,121.6,0.0,0.0,0.0,0.0,0.0,0.0,0.0,0.0,0.0,0.0,0.0,0.0,1,0.0,0.0,0.0,0.0,0.0,0.0,0.0,0.0,0.0,0.0,0.0,0.0,0.0,0.0,0.0,0.0,1,0.0,0.0,0.0,0.0,0.0,0.0,0.0,0.0,1690.0,1690.0,1805.0,1805.0,1875.0,1875.0,0.0,0.0,0.0,0.0,0,0,0,0,0,0,0,0,0,0,0,0,0,0,0,0,0
26440104,26440,26,부산광역시,440,강서구,104,명지동,1,0.0,0.0,88.6,88.6,0.0,0.0,0.0,0.0,0.0,0.0,0.0,0.0,0.0,0.0,0.0,0.0,1,0.0,0.0,240.0,240.0,0.0,0.0,0.0,0.0,0.0,0.0,0.0,0.0,0.0,0.0,0.0,0.0,2,635.0,635.0,1815.0,1185.0,1825.0,1195.0,1840.0,1200.0,2865.0,1645.0,2865.0,1645.0,2875.0,1645.0,635.0,635.0,59.4,59.4,2,33,19,17,14,9,6,7,5,15,8,9,5,2,2,4,2
26440106,26440,26,부산광역시,440,강서구,106,식만동,0,0.0,0.0,0.0,0.0,0.0,0.0,0.0,0.0,0.0,0.0,0.0,0.0,0.0,0.0,0.0,0.0,1,0.0,0.0,0.0,0.0,0.0,0.0,0.0,0.0,0.0,0.0,0.0,0.0,0.0,0.0,0.0,0.0,1,550.0,550.0,550.0,550.0,550.0,550.0,550.0,550.0,550.0,550.0,550.0,550.0,550.0,550.0,550.0,550.0,0.0,0.0,0,0,0,0,0,0,0,0,0,0,0,0,0,0,0,0,0
26440107,26440,26,부산광역시,440,강서구,107,죽동동,1,4.2,4.2,0.9,0.9,0.0,0.0,0.0,0.0,0.0,0.0,0.0,0.0,0.0,0.0,4.2,4.2,0,0.0,0.0,0.0,0.0,0.0,0.0,0.0,0.0,0.0,0.0,0.0,0.0,0.0,0.0,0.0,0.0,0,0.0,0.0,0.0,0.0,0.0,0.0,0.0,0.0,0.0,0.0,0.0,0.0,0.0,0.0,0.0,0.0,0.0,0.0,0,0,0,0,0,0,0,0,0,0,0,0,0,0,0,0,0
26440109,26440,26,부산광역시,440,강서구,109,화전동,2,0.0,0.0,0.0,0.0,0.0,0.0,0.0,0.0,0.0,0.0,0.0,0.0,0.0,0.0,0.0,0.0,0,0.0,0.0,0.0,0.0,0.0,0.0,0.0,0.0,0.0,0.0,0.0,0.0,0.0,0.0,0.0,0.0,1,370.0,370.0,370.0,370.0,370.0,370.0,370.0,370.0,370.0,370.0,480.0,480.0,555.0,555.0,370.0,370.0,0.0,0.0,1,0,0,0,0,0,0,0,0,10,10,10,10,0,0,0,0
26440111,26440,26,부산광역시,440,강서구,111,녹산동,0,0.0,0.0,0.0,0.0,0.0,0.0,0.0,0.0,0.0,0.0,0.0,0.0,0.0,0.0,0.0,0.0,1,0.0,0.0,0.0,0.0,0.0,0.0,0.0,0.0,0.0,0.0,0.0,0.0,0.0,0.0,0.0,0.0,1,800.0,800.0,1405.0,1405.0,1435.0,1435.0,1435.0,1435.0,1435.0,1435.0,1435.0,1435.0,1440.0,1440.0,800.0,800.0,42.1,42.1,1,31,31,26,26,3,3,2,2,9,9,8,8,2,2,-1,-1
26440112,26440,26,부산광역시,440,강서구,112,생곡동,1,0.0,0.0,0.0,0.0,0.0,0.0,0.0,0.0,0.0,0.0,0.0,0.0,0.0,0.0,0.0,0.0,1,0.0,0.0,0.0,0.0,0.0,0.0,0.0,0.0,0.0,0.0,0.0,0.0,0.0,0.0,0.0,0.0,1,1185.0,1185.0,1290.0,1290.0,1330.0,1330.0,1330.0,1330.0,1330.0,1330.0,1340.0,1340.0,1355.0,1355.0,1185.0,1185.0,0.0,0.0,1,13,13,3,3,3,3,7,7,8,8,4,4,4,4,0,0
26440113,26440,26,부산광역시,440,강서구,113,구랑동,0,0.0,0.0,0.0,0.0,0.0,0.0,0.0,0.0,0.0,0.0,0.0,0.0,0.0,0.0,0.0,0.0,1,0.0,0.0,0.0,0.0,0.0,0.0,0.0,0.0,0.0,0.0,0.0,0.0,0.0,0.0,0.0,0.0,1,1250.0,1250.0,1265.0,1265.0,1265.0,1265.0,1265.0,1265.0,1265.0,1265.0,1265.0,1265.0,1265.0,1265.0,1250.0,1250.0,0.0,0.0,1,28,28,20,20,2,2,6,6,8,8,8,8,0,0,0,0
26440114,26440,26,부산광역시,440,강서구,114,지사동,1,0.0,0.0,75.9,75.9,0.0,0.0,0.0,0.0,0.0,0.0,0.0,0.0,0.0,0.0,0.0,0.0,2,0.0,0.0,190.0,190.0,0.0,0.0,0.0,0.0,0.0,0.0,0.0,0.0,0.0,0.0,0.0,0.0,2,1175.0,1175.0,1130.0,1130.0,1135.0,1135.0,1135.0,1135.0,1140.0,1140.0,1145.0,1145.0,1155.0,1155.0,1175.0,1175.0,0.0,0.0,2,53,29,44,25,6,4,3,3,21,12,10,6,8,5,3,3
26440116,26440,26,부산광역시,440,강서구,116,봉림동,1,0.0,0.0,0.0,0.0,0.0,0.0,0.0,0.0,0.0,0.0,0.0,0.0,0.0,0.0,0.0,0.0,0,0.0,0.0,0.0,0.0,0.0,0.0,0.0,0.0,0.0,0.0,0.0,0.0,0.0,0.0,0.0,0.0,0,0.0,0.0,0.0,0.0,0.0,0.0,0.0,0.0,0.0,0.0,0.0,0.0,0.0,0.0,0.0,0.0,0.0,0.0,0,0,0,0,0,0,0,0,0,0,0,0,0,0,0,0,0
26440117,26440,26,부산광역시,440,강서구,117,신호동,1,0.0,0.0,0.0,0.0,0.0,0.0,0.0,0.0,0.0,0.0,0.0,0.0,0.0,0.0,0.0,0.0,1,0.0,0.0,0.0,0.0,0.0,0.0,0.0,0.0,0.0,0.0,0.0,0.0,0.0,0.0,0.0,0.0,1,620.0,620.0,620.0,620.0,620.0,620.0,620.0,620.0,640.0,640.0,640.0,640.0,670.0,670.0,620.0,620.0,0.0,0.0,0,0,0,0,0,0,0,0,0,0,0,0,0,0,0,0,0
26440120,26440,26,부산광역시,440,강서구,120,눌차동,0,0.0,0.0,0.0,0.0,0.0,0.0,0.0,0.0,0.0,0.0,0.0,0.0,0.0,0.0,0.0,0.0,1,0.0,0.0,30.0,30.0,0.0,0.0,0.0,0.0,0.0,0.0,0.0,0.0,0.0,0.0,0.0,0.0,1,480.0,480.0,590.0,590.0,665.0,665.0,665.0,665.0,665.0,665.0,725.0,725.0,730.0,730.0,480.0,480.0,19.2,19.2,1,20,20,9,9,6,6,5,5,12,12,5,5,4,4,3,3
26440121,26440,26,부산광역시,440,강서구,121,천성동,1,0.0,0.0,30.0,30.0,0.0,0.0,0.0,0.0,0.0,0.0,0.0,0.0,0.0,0.0,0.0,0.0,0,0.0,0.0,0.0,0.0,0.0,0.0,0.0,0.0,0.0,0.0,0.0,0.0,0.0,0.0,0.0,0.0,0,0.0,0.0,0.0,0.0,0.0,0.0,0.0,0.0,0.0,0.0,0.0,0.0,0.0,0.0,0.0,0.0,0.0,0.0,0,0,0,0,0,0,0,0,0,0,0,0,0,0,0,0,0
26470101,26470,26,부산광역시,470,연제구,101,거제동,0,0.0,0.0,0.0,0.0,0.0,0.0,0.0,0.0,0.0,0.0,0.0,0.0,0.0,0.0,0.0,0.0,0,0.0,0.0,0.0,0.0,0.0,0.0,0.0,0.0,0.0,0.0,0.0,0.0,0.0,0.0,0.0,0.0,1,615.0,615.0,645.0,645.0,645.0,645.0,655.0,655.0,675.0,675.0,675.0,675.0,675.0,675.0,615.0,615.0,0.0,0.0,2,19,19,18,18,0,0,1,1,20,12,15,8,0,0,5,5
26470155,26470,26,부산광역시,470,연제구,155,,0,0.0,0.0,0.0,0.0,0.0,0.0,0.0,0.0,0.0,0.0,0.0,0.0,0.0,0.0,0.0,0.0,0,0.0,0.0,0.0,0.0,0.0,0.0,0.0,0.0,0.0,0.0,0.0,0.0,0.0,0.0,0.0,0.0,0,0.0,0.0,0.0,0.0,0.0,0.0,0.0,0.0,0.0,0.0,0.0,0.0,0.0,0.0,0.0,0.0,0.0,0.0,1,19,19,13,13,2,2,4,4,12,12,4,4,0,0,8,8
26500101,26500,26,부산광역시,500,수영구,101,망미동,0,0.0,0.0,0.0,0.0,0.0,0.0,0.0,0.0,0.0,0.0,0.0,0.0,0.0,0.0,0.0,0.0,1,45.0,45.0,0.0,0.0,0.0,0.0,0.0,0.0,0.0,0.0,0.0,0.0,0.0,0.0,45.0,45.0,1,1040.0,1040.0,1110.0,1110.0,1130.0,1130.0,1790.0,1790.0,1790.0,1790.0,1790.0,1790.0,1790.0,1790.0,1040.0,1040.0,0.0,0.0,1,14,14,8,8,4,4,2,2,12,12,10,10,0,0,2,2
26500104,26500,26,부산광역시,500,수영구,104,광안동,0,0.0,0.0,0.0,0.0,0.0,0.0,0.0,0.0,0.0,0.0,0.0,0.0,0.0,0.0,0.0,0.0,1,0.0,0.0,0.0,0.0,0.0,0.0,0.0,0.0,0.0,0.0,0.0,0.0,0.0,0.0,0.0,0.0,1,770.0,770.0,770.0,770.0,770.0,770.0,770.0,770.0,770.0,770.0,775.0,775.0,775.0,775.0,770.0,770.0,0.0,0.0,1,24,24,18,18,0,0,6,6,8,8,8,8,0,0,0,0
26500105,26500,26,부산광역시,500,수영구,105,우동,0,0.0,0.0,0.0,0.0,0.0,0.0,0.0,0.0,0.0,0.0,0.0,0.0,0.0,0.0,0.0,0.0,1,0.0,0.0,0.0,0.0,0.0,0.0,0.0,0.0,0.0,0.0,0.0,0.0,0.0,0.0,0.0,0.0,1,145.0,145.0,335.0,335.0,400.0,400.0,400.0,400.0,400.0,400.0,400.0,400.0,400.0,400.0,145.0,145.0,0.0,0.0,1,20,20,19,19,1,1,0,0,7,7,5,5,1,1,1,1
26500106,26500,26,부산광역시,500,수영구,106,민락동,1,0.0,0.0,0.0,0.0,0.0,0.0,0.0,0.0,0.0,0.0,0.0,0.0,0.0,0.0,0.0,0.0,0,0.0,0.0,0.0,0.0,0.0,0.0,0.0,0.0,0.0,0.0,0.0,0.0,0.0,0.0,0.0,0.0,0,0.0,0.0,0.0,0.0,0.0,0.0,0.0,0.0,0.0,0.0,0.0,0.0,0.0,0.0,0.0,0.0,0.0,0.0,0,0,0,0,0,0,0,0,0,0,0,0,0,0,0,0,0
26530101,26530,26,부산광역시,530,사상구,101,삼락동,0,0.0,0.0,0.0,0.0,0.0,0.0,0.0,0.0,0.0,0.0,0.0,0.0,0.0,0.0,0.0,0.0,1,0.0,0.0,0.0,0.0,0.0,0.0,0.0,0.0,0.0,0.0,0.0,0.0,0.0,0.0,0.0,0.0,1,860.0,860.0,860.0,860.0,895.0,895.0,945.0,945.0,965.0,965.0,970.0,970.0,975.0,975.0,860.0,860.0,0.0,0.0,1,17,17,11,11,0,0,6,6,17,17,9,9,2,2,6,6
26530102,26530,26,부산광역시,530,사상구,102,모라동,0,0.0,0.0,0.0,0.0,0.0,0.0,0.0,0.0,0.0,0.0,0.0,0.0,0.0,0.0,0.0,0.0,1,265.0,265.0,0.0,0.0,0.0,0.0,0.0,0.0,0.0,0.0,0.0,0.0,0.0,0.0,265.0,265.0,1,0.0,0.0,0.0,0.0,605.0,605.0,0.0,0.0,0.0,0.0,600.0,600.0,600.0,600.0,0.0,0.0,0.0,0.0,1,21,21,21,21,0,0,0,0,8,8,4,4,0,0,4,4
26530105,26530,26,부산광역시,530,사상구,105,감전동,0,0.0,0.0,0.0,0.0,0.0,0.0,0.0,0.0,0.0,0.0,0.0,0.0,0.0,0.0,0.0,0.0,2,405.0,230.0,0.0,0.0,0.0,0.0,0.0,0.0,0.0,0.0,0.0,0.0,0.0,0.0,405.0,230.0,2,490.0,490.0,490.0,490.0,490.0,490.0,540.0,540.0,540.0,540.0,1190.0,650.0,1190.0,650.0,490.0,490.0,0.0,0.0,2,38,26,30,21,9,5,-1,0,16,8,9,5,2,2,5,4
26530106,26530,26,부산광역시,530,사상구,106,주례동,1,60.5,60.5,0.0,0.0,0.0,0.0,0.0,0.0,0.0,0.0,0.0,0.0,0.0,0.0,60.5,60.5,0,0.0,0.0,0.0,0.0,0.0,0.0,0.0,0.0,0.0,0.0,0.0,0.0,0.0,0.0,0.0,0.0,0,0.0,0.0,0.0,0.0,0.0,0.0,0.0,0.0,0.0,0.0,0.0,0.0,0.0,0.0,0.0,0.0,0.0,0.0,1,19,19,15,15,0,0,4,4,8,8,6,6,1,1,1,1
26530107,26530,26,부산광역시,530,사상구,107,학장동,2,0.0,0.0,0.0,0.0,0.0,0.0,0.0,0.0,0.0,0.0,0.0,0.0,0.0,0.0,0.0,0.0,0,0.0,0.0,0.0,0.0,0.0,0.0,0.0,0.0,0.0,0.0,0.0,0.0,0.0,0.0,0.0,0.0,0,0.0,0.0,0.0,0.0,0.0,0.0,0.0,0.0,0.0,0.0,0.0,0.0,0.0,0.0,0.0,0.0,0.0,0.0,0,0,0,0,0,0,0,0,0,0,0,0,0,0,0,0,0
26530108,26530,26,부산광역시,530,사상구,108,엄궁동,0,0.0,0.0,0.0,0.0,0.0,0.0,0.0,0.0,0.0,0.0,0.0,0.0,0.0,0.0,0.0,0.0,1,170.0,170.0,0.0,0.0,0.0,0.0,0.0,0.0,0.0,0.0,0.0,0.0,0.0,0.0,170.0,170.0,1,0.0,0.0,0.0,0.0,0.0,0.0,0.0,0.0,0.0,0.0,730.0,730.0,750.0,750.0,0.0,0.0,0.0,0.0,1,20,20,20,20,4,4,-4,-4,8,8,6,6,1,1,1,1
26530110,26530,26,부산광역시,530,사상구,110,삼락동,2,101.0,101.0,0.0,0.0,0.0,0.0,0.0,0.0,0.0,0.0,0.0,0.0,0.0,0.0,101.0,101.0,0,0.0,0.0,0.0,0.0,0.0,0.0,0.0,0.0,0.0,0.0,0.0,0.0,0.0,0.0,0.0,0.0,0,0.0,0.0,0.0,0.0,0.0,0.0,0.0,0.0,0.0,0.0,0.0,0.0,0.0,0.0,0.0,0.0,0.0,0.0,0,0,0,0,0,0,0,0,0,0,0,0,0,0,0,0,0
26710250,26710,26,부산광역시,710,기장군,250,기장읍,0,0.0,0.0,0.0,0.0,0.0,0.0,0.0,0.0,0.0,0.0,0.0,0.0,0.0,0.0,0.0,0.0,2,0.0,0.0,0.0,0.0,0.0,0.0,0.0,0.0,0.0,0.0,0.0,0.0,0.0,0.0,0.0,0.0,2,1645.0,1030.0,1645.0,1030.0,1645.0,1030.0,1645.0,1030.0,1650.0,1030.0,1655.0,1030.0,1655.0,1030.0,1645.0,1030.0,0.0,0.0,2,28,14,12,8,4,4,12,10,17,12,14,10,0,0,3,2
26710253,26710,26,부산광역시,710,기장군,253,장안읍,1,0.0,0.0,0.0,0.0,0.0,0.0,0.0,0.0,6.2,6.2,26.2,26.2,8.6,8.6,0.0,0.0,1,0.0,0.0,0.0,0.0,0.0,0.0,0.0,0.0,55.0,55.0,95.0,95.0,165.0,165.0,0.0,0.0,1,0.0,0.0,0.0,0.0,0.0,0.0,0.0,0.0,0.0,0.0,930.0,930.0,930.0,930.0,0.0,0.0,19.8,19.8,1,14,14,9,9,2,2,3,3,8,8,7,7,0,0,1,1
26710256,26710,26,부산광역시,710,기장군,256,정관읍,1,0.0,0.0,0.0,0.0,0.0,0.0,0.0,0.0,0.0,0.0,0.0,0.0,0.0,0.0,0.0,0.0,1,0.0,0.0,0.0,0.0,0.0,0.0,0.0,0.0,0.0,0.0,0.0,0.0,0.0,0.0,0.0,0.0,1,575.0,575.0,575.0,575.0,575.0,575.0,575.0,575.0,575.0,575.0,580.0,580.0,585.0,585.0,575.0,575.0,0.0,0.0,1,20,20,12,12,0,0,8,8,12,12,6,6,0,0,6,6
26710259,26710,26,부산광역시,710,기장군,259,일광읍,1,0.0,0.0,0.0,0.0,0.0,0.0,0.0,0.0,0.0,0.0,0.0,0.0,0.0,0.0,0.0,0.0,1,0.0,0.0,0.0,0.0,0.0,0.0,0.0,0.0,0.0,0.0,0.0,0.0,0.0,0.0,0.0,0.0,1,605.0,605.0,610.0,610.0,610.0,610.0,615.0,615.0,620.0,620.0,625.0,625.0,625.0,625.0,605.0,605.0,208.0,208.0,1,14,14,7,7,0,0,7,7,8,8,5,5,3,3,0,0
26710330,26710,26,부산광역시,710,기장군,330,철마면,2,1.1,1.1,0.6,0.6,0.2,0.2,8.0,8.0,7.6,7.6,7.1,7.1,6.7,6.7,1.1,1.1,0,0.0,0.0,0.0,0.0,0.0,0.0,0.0,0.0,0.0,0.0,0.0,0.0,0.0,0.0,0.0,0.0,0,0.0,0.0,0.0,0.0,0.0,0.0,0.0,0.0,0.0,0.0,0.0,0.0,0.0,0.0,0.0,0.0,0.0,0.0,0,0,0,0,0,0,0,0,0,0,0,0,0,0,0,0,0
27110105,27110,27,대구광역시,110,중구,105,삼덕동1가,2,71.6,71.6,71.1,71.1,70.7,70.7,70.2,70.2,69.8,69.8,69.4,69.4,68.9,68.9,71.6,71.6,2,0.0,0.0,0.0,0.0,0.0,0.0,0.0,0.0,0.0,0.0,0.0,0.0,0.0,0.0,0.0,0.0,0,0.0,0.0,0.0,0.0,0.0,0.0,0.0,0.0,0.0,0.0,0.0,0.0,0.0,0.0,0.0,0.0,0.0,0.0,1,19,19,14,14,0,0,5,5,4,4,2,2,2,2,0,0
27110106,27110,27,대구광역시,110,중구,106,남산동,1,36.3,36.3,34.5,34.5,33.1,33.1,31.7,31.7,30.4,30.4,29.0,29.0,27.6,27.6,36.3,36.3,1,0.0,0.0,0.0,0.0,245.0,245.0,240.0,240.0,230.0,230.0,225.0,225.0,110.0,110.0,0.0,0.0,0,0.0,0.0,0.0,0.0,0.0,0.0,0.0,0.0,0.0,0.0,0.0,0.0,0.0,0.0,0.0,0.0,0.0,0.0,1,21,21,19,19,0,0,2,2,8,8,6,6,0,0,2,2
27110131,27110,27,대구광역시,110,중구,131,,0,0.0,0.0,0.0,0.0,0.0,0.0,0.0,0.0,0.0,0.0,0.0,0.0,0.0,0.0,0.0,0.0,0,0.0,0.0,0.0,0.0,0.0,0.0,0.0,0.0,0.0,0.0,0.0,0.0,0.0,0.0,0.0,0.0,0,0.0,0.0,0.0,0.0,0.0,0.0,0.0,0.0,0.0,0.0,0.0,0.0,0.0,0.0,0.0,0.0,0.0,0.0,1,0,0,0,0,0,0,0,0,18,18,8,8,0,0,10,10
27110157,27110,27,대구광역시,110,중구,157,대봉동,0,0.0,0.0,0.0,0.0,0.0,0.0,0.0,0.0,0.0,0.0,0.0,0.0,0.0,0.0,0.0,0.0,0,0.0,0.0,0.0,0.0,0.0,0.0,0.0,0.0,0.0,0.0,0.0,0.0,0.0,0.0,0.0,0.0,1,0.0,0.0,0.0,0.0,0.0,0.0,0.0,0.0,0.0,0.0,0.0,0.0,0.0,0.0,0.0,0.0,0.0,0.0,1,22,22,20,20,0,0,2,2,6,6,6,6,0,0,0,0
27140101,27140,27,대구광역시,140,동구,101,신암동,0,0.0,0.0,0.0,0.0,0.0,0.0,0.0,0.0,0.0,0.0,0.0,0.0,0.0,0.0,0.0,0.0,0,0.0,0.0,0.0,0.0,0.0,0.0,0.0,0.0,0.0,0.0,0.0,0.0,0.0,0.0,0.0,0.0,1,310.0,310.0,310.0,310.0,310.0,310.0,310.0,310.0,310.0,310.0,310.0,310.0,310.0,310.0,310.0,310.0,0.0,0.0,1,19,19,10,10,0,0,9,9,10,10,4,4,0,0,6,6
27140102,27140,27,대구광역시,140,동구,102,신천동,1,0.0,0.0,0.0,0.0,105.4,105.4,104.7,104.7,104.1,104.1,103.5,103.5,60.0,60.0,0.0,0.0,1,0.0,0.0,0.0,0.0,185.0,185.0,185.0,185.0,155.0,155.0,110.0,110.0,60.0,60.0,0.0,0.0,0,0.0,0.0,0.0,0.0,0.0,0.0,0.0,0.0,0.0,0.0,0.0,0.0,0.0,0.0,0.0,0.0,0.0,0.0,1,0,0,0,0,0,0,0,0,18,18,8,8,0,0,10,10
27140109,27140,27,대구광역시,140,동구,109,입석동,0,0.0,0.0,0.0,0.0,0.0,0.0,0.0,0.0,0.0,0.0,0.0,0.0,0.0,0.0,0.0,0.0,0,0.0,0.0,0.0,0.0,0.0,0.0,0.0,0.0,0.0,0.0,0.0,0.0,0.0,0.0,0.0,0.0,1,455.0,455.0,455.0,455.0,575.0,575.0,575.0,575.0,580.0,580.0,580.0,580.0,585.0,585.0,455.0,455.0,0.0,0.0,1,21,21,19,19,1,1,1,1,6,6,4,4,0,0,2,2
27140110,27140,27,대구광역시,140,동구,110,검사동,0,0.0,0.0,0.0,0.0,0.0,0.0,0.0,0.0,0.0,0.0,0.0,0.0,0.0,0.0,0.0,0.0,0,0.0,0.0,0.0,0.0,0.0,0.0,0.0,0.0,0.0,0.0,0.0,0.0,0.0,0.0,0.0,0.0,1,495.0,495.0,765.0,765.0,765.0,765.0,765.0,765.0,765.0,765.0,765.0,765.0,765.0,765.0,495.0,495.0,0.0,0.0,0,0,0,0,0,0,0,0,0,0,0,0,0,0,0,0,0
27140112,27140,27,대구광역시,140,동구,112,둔산동,0,0.0,0.0,0.0,0.0,0.0,0.0,0.0,0.0,0.0,0.0,0.0,0.0,0.0,0.0,0.0,0.0,0,0.0,0.0,0.0,0.0,0.0,0.0,0.0,0.0,0.0,0.0,0.0,0.0,0.0,0.0,0.0,0.0,1,510.0,510.0,510.0,510.0,585.0,585.0,585.0,585.0,585.0,585.0,585.0,585.0,585.0,585.0,510.0,510.0,0.0,0.0,1,17,17,15,15,0,0,2,2,8,8,6,6,0,0,2,2
27140116,27140,27,대구광역시,140,동구,116,덕곡동,0,0.0,0.0,0.0,0.0,0.0,0.0,0.0,0.0,0.0,0.0,0.0,0.0,0.0,0.0,0.0,0.0,0,0.0,0.0,0.0,0.0,0.0,0.0,0.0,0.0,0.0,0.0,0.0,0.0,0.0,0.0,0.0,0.0,1,0.0,0.0,0.0,0.0,0.0,0.0,0.0,0.0,0.0,0.0,0.0,0.0,0.0,0.0,0.0,0.0,0.0,0.0,1,21,21,17,17,0,0,4,4,8,8,8,8,0,0,0,0
27140120,27140,27,대구광역시,140,동구,120,율암동,1,133.8,133.8,117.6,117.6,114.8,114.8,106.8,106.8,101.0,101.0,100.8,100.8,100.6,100.6,133.8,133.8,1,370.0,370.0,610.0,610.0,630.0,630.0,595.0,595.0,585.0,585.0,540.0,540.0,605.0,605.0,370.0,370.0,1,910.0,910.0,910.0,910.0,910.0,910.0,910.0,910.0,910.0,910.0,910.0,910.0,910.0,910.0,910.0,910.0,0.0,0.0,0,0,0,0,0,0,0,0,0,0,0,0,0,0,0,0,0
27140122,27140,27,대구광역시,140,동구,122,내동,0,0.0,0.0,0.0,0.0,0.0,0.0,0.0,0.0,0.0,0.0,0.0,0.0,0.0,0.0,0.0,0.0,0,0.0,0.0,0.0,0.0,0.0,0.0,0.0,0.0,0.0,0.0,0.0,0.0,0.0,0.0,0.0,0.0,1,1130.0,1130.0,1130.0,1130.0,1130.0,1130.0,1130.0,1130.0,1130.0,1130.0,1130.0,1130.0,1130.0,1130.0,1130.0,1130.0,0.0,0.0,1,24,24,10,10,0,0,14,14,12,12,4,4,0,0,8,8
27140123,27140,27,대구광역시,140,동구,123,각산동,0,0.0,0.0,0.0,0.0,0.0,0.0,0.0,0.0,0.0,0.0,0.0,0.0,0.0,0.0,0.0,0.0,0,0.0,0.0,0.0,0.0,0.0,0.0,0.0,0.0,0.0,0.0,0.0,0.0,0.0,0.0,0.0,0.0,1,575.0,575.0,575.0,575.0,655.0,655.0,655.0,655.0,655.0,655.0,655.0,655.0,655.0,655.0,575.0,575.0,0.0,0.0,1,25,25,25,25,0,0,0,0,11,11,4,4,4,4,3,3
27140126,27140,27,대구광역시,140,동구,126,괴전동,1,0.0,0.0,0.0,0.0,0.0,0.0,0.0,0.0,0.0,0.0,0.0,0.0,0.0,0.0,0.0,0.0,1,370.0,370.0,240.0,240.0,300.0,300.0,300.0,300.0,285.0,285.0,275.0,275.0,220.0,220.0,370.0,370.0,0,0.0,0.0,0.0,0.0,0.0,0.0,0.0,0.0,0.0,0.0,0.0,0.0,0.0,0.0,0.0,0.0,0.0,0.0,0,0,0,0,0,0,0,0,0,0,0,0,0,0,0,0,0
27140133,27140,27,대구광역시,140,동구,133,진인동,1,0.0,0.0,0.0,0.0,113.6,113.6,113.1,113.1,112.5,112.5,112.0,112.0,111.5,111.5,0.0,0.0,1,0.0,0.0,425.0,425.0,500.0,500.0,475.0,475.0,485.0,485.0,435.0,435.0,415.0,415.0,0.0,0.0,0,0.0,0.0,0.0,0.0,0.0,0.0,0.0,0.0,0.0,0.0,0.0,0.0,0.0,0.0,0.0,0.0,0.0,0.0,0,0,0,0,0,0,0,0,0,0,0,0,0,0,0,0,0
27140142,27140,27,대구광역시,140,동구,142,중대동,0,0.0,0.0,0.0,0.0,0.0,0.0,0.0,0.0,0.0,0.0,0.0,0.0,0.0,0.0,0.0,0.0,0,0.0,0.0,0.0,0.0,0.0,0.0,0.0,0.0,0.0,0.0,0.0,0.0,0.0,0.0,0.0,0.0,1,0.0,0.0,0.0,0.0,0.0,0.0,0.0,0.0,0.0,0.0,0.0,0.0,0.0,0.0,0.0,0.0,0.0,0.0,1,33,33,28,28,0,0,5,5,11,11,11,11,0,0,0,0
27140310,27140,27,대구광역시,140,동구,310,와촌면,1,107.9,107.9,98.8,98.8,89.4,89.4,73.3,73.3,54.7,54.7,36.5,36.5,19.5,19.5,107.9,107.9,1,655.0,655.0,670.0,670.0,680.0,680.0,680.0,680.0,660.0,660.0,655.0,655.0,640.0,640.0,655.0,655.0,1,1125.0,1125.0,1130.0,1130.0,1135.0,1135.0,1140.0,1140.0,1145.0,1145.0,1155.0,1155.0,1160.0,1160.0,1125.0,1125.0,0.0,0.0,1,12,12,8,8,2,2,2,2,8,8,4,4,0,0,4,4
27170101,27170,27,대구광역시,170,서구,101,내당동,0,0.0,0.0,0.0,0.0,0.0,0.0,0.0,0.0,0.0,0.0,0.0,0.0,0.0,0.0,0.0,0.0,0,0.0,0.0,0.0,0.0,0.0,0.0,0.0,0.0,0.0,0.0,0.0,0.0,0.0,0.0,0.0,0.0,2,1960.0,1490.0,2675.0,2205.0,2790.0,2320.0,2790.0,2320.0,2805.0,2335.0,2855.0,2370.0,2890.0,2400.0,1960.0,1490.0,0.0,0.0,2,21,21,19,19,0,0,2,2,26,18,14,8,0,0,12,10
27170127,27170,27,대구광역시,170,서구,127,이현동,1,0.0,0.0,0.0,0.0,0.0,0.0,0.0,0.0,0.0,0.0,0.0,0.0,0.0,0.0,0.0,0.0,1,0.0,0.0,65.0,65.0,275.0,275.0,245.0,245.0,270.0,270.0,250.0,250.0,210.0,210.0,0.0,0.0,0,0.0,0.0,0.0,0.0,0.0,0.0,0.0,0.0,0.0,0.0,0.0,0.0,0.0,0.0,0.0,0.0,0.0,0.0,0,0,0,0,0,0,0,0,0,0,0,0,0,0,0,0,0
27170133,27170,27,대구광역시,170,서구,133,중리동,1,53.0,53.0,51.7,51.7,50.4,50.4,49.0,49.0,47.8,47.8,46.5,46.5,45.2,45.2,53.0,53.0,1,0.0,0.0,0.0,0.0,0.0,0.0,0.0,0.0,0.0,0.0,0.0,0.0,0.0,0.0,0.0,0.0,1,0.0,0.0,0.0,0.0,0.0,0.0,0.0,0.0,0.0,0.0,0.0,0.0,0.0,0.0,0.0,0.0,0.0,0.0,1,22,22,18,18,0,0,4,4,4,4,4,4,0,0,0,0
27200101,27200,27,대구광역시,200,남구,101,,0,0.0,0.0,0.0,0.0,0.0,0.0,0.0,0.0,0.0,0.0,0.0,0.0,0.0,0.0,0.0,0.0,0,0.0,0.0,0.0,0.0,0.0,0.0,0.0,0.0,0.0,0.0,0.0,0.0,0.0,0.0,0.0,0.0,0,0.0,0.0,0.0,0.0,0.0,0.0,0.0,0.0,0.0,0.0,0.0,0.0,0.0,0.0,0.0,0.0,0.0,0.0,1,0,0,0,0,0,0,0,0,18,18,8,8,0,0,10,10
27200103,27200,27,대구광역시,200,남구,103,대명동,0,0.0,0.0,0.0,0.0,0.0,0.0,0.0,0.0,0.0,0.0,0.0,0.0,0.0,0.0,0.0,0.0,0,0.0,0.0,0.0,0.0,0.0,0.0,0.0,0.0,0.0,0.0,0.0,0.0,0.0,0.0,0.0,0.0,1,0.0,0.0,0.0,0.0,0.0,0.0,0.0,0.0,0.0,0.0,0.0,0.0,0.0,0.0,0.0,0.0,0.0,0.0,1,24,24,17,17,0,0,7,7,7,7,6,6,1,1,0,0
27230101,27230,27,대구광역시,230,북구,101,,0,0.0,0.0,0.0,0.0,0.0,0.0,0.0,0.0,0.0,0.0,0.0,0.0,0.0,0.0,0.0,0.0,0,0.0,0.0,0.0,0.0,0.0,0.0,0.0,0.0,0.0,0.0,0.0,0.0,0.0,0.0,0.0,0.0,0,0.0,0.0,0.0,0.0,0.0,0.0,0.0,0.0,0.0,0.0,0.0,0.0,0.0,0.0,0.0,0.0,0.0,0.0,2,21,21,17,17,0,0,4,4,26,18,16,8,0,0,10,10
27230104,27230,27,대구광역시,230,북구,104,금호동,0,0.0,0.0,0.0,0.0,0.0,0.0,0.0,0.0,0.0,0.0,0.0,0.0,0.0,0.0,0.0,0.0,0,0.0,0.0,0.0,0.0,0.0,0.0,0.0,0.0,0.0,0.0,0.0,0.0,0.0,0.0,0.0,0.0,1,610.0,610.0,610.0,610.0,610.0,610.0,610.0,610.0,610.0,610.0,615.0,615.0,615.0,615.0,610.0,610.0,0.0,0.0,0,0,0,0,0,0,0,0,0,0,0,0,0,0,0,0,0
27230109,27230,27,대구광역시,230,북구,109,노원동3가,0,0.0,0.0,0.0,0.0,0.0,0.0,0.0,0.0,0.0,0.0,0.0,0.0,0.0,0.0,0.0,0.0,0,0.0,0.0,0.0,0.0,0.0,0.0,0.0,0.0,0.0,0.0,0.0,0.0,0.0,0.0,0.0,0.0,1,0.0,0.0,0.0,0.0,0.0,0.0,0.0,0.0,0.0,0.0,0.0,0.0,0.0,0.0,0.0,0.0,0.0,0.0,1,19,19,14,14,0,0,5,5,4,4,2,2,2,2,0,0
27230110,27230,27,대구광역시,230,북구,110,태전동,1,9.4,9.4,8.2,8.2,7.0,7.0,5.9,5.9,4.7,4.7,3.6,3.6,2.5,2.5,9.4,9.4,1,0.0,0.0,0.0,0.0,100.0,100.0,95.0,95.0,65.0,65.0,45.0,45.0,25.0,25.0,0.0,0.0,1,430.0,430.0,430.0,430.0,570.0,570.0,575.0,575.0,575.0,575.0,575.0,575.0,580.0,580.0,430.0,430.0,0.0,0.0,0,0,0,0,0,0,0,0,0,0,0,0,0,0,0,0,0
27230111,27230,27,대구광역시,230,북구,111,,0,0.0,0.0,0.0,0.0,0.0,0.0,0.0,0.0,0.0,0.0,0.0,0.0,0.0,0.0,0.0,0.0,0,0.0,0.0,0.0,0.0,0.0,0.0,0.0,0.0,0.0,0.0,0.0,0.0,0.0,0.0,0.0,0.0,0,0.0,0.0,0.0,0.0,0.0,0.0,0.0,0.0,0.0,0.0,0.0,0.0,0.0,0.0,0.0,0.0,0.0,0.0,1,21,21,19,19,1,1,1,1,6,6,4,4,0,0,2,2
27230113,27230,27,대구광역시,230,북구,113,검단동,0,0.0,0.0,0.0,0.0,0.0,0.0,0.0,0.0,0.0,0.0,0.0,0.0,0.0,0.0,0.0,0.0,0,0.0,0.0,0.0,0.0,0.0,0.0,0.0,0.0,0.0,0.0,0.0,0.0,0.0,0.0,0.0,0.0,1,370.0,370.0,370.0,370.0,555.0,555.0,575.0,575.0,575.0,575.0,575.0,575.0,575.0,575.0,370.0,370.0,0.0,0.0,1,20,20,15,15,0,0,5,5,8,8,4,4,0,0,4,4
27230115,27230,27,대구광역시,230,북구,115,서변동,1,0.0,0.0,70.0,70.0,100.0,100.0,95.0,95.0,65.0,65.0,45.0,45.0,25.0,25.0,0.0,0.0,1,0.0,0.0,70.0,70.0,100.0,100.0,95.0,95.0,65.0,65.0,45.0,45.0,25.0,25.0,0.0,0.0,0,0.0,0.0,0.0,0.0,0.0,0.0,0.0,0.0,0.0,0.0,0.0,0.0,0.0,0.0,0.0,0.0,0.0,0.0,0,0,0,0,0,0,0,0,0,0,0,0,0,0,0,0,0
27230118,27230,27,대구광역시,230,북구,118,읍내동,1,0.0,0.0,48.2,48.2,46.0,46.0,43.9,43.9,41.7,41.7,39.6,39.6,37.5,37.5,0.0,0.0,1,0.0,0.0,60.0,60.0,285.0,285.0,255.0,255.0,280.0,280.0,260.0,260.0,215.0,215.0,0.0,0.0,0,0.0,0.0,0.0,0.0,0.0,0.0,0.0,0.0,0.0,0.0,0.0,0.0,0.0,0.0,0.0,0.0,0.0,0.0,0,0,0,0,0,0,0,0,0,0,0,0,0,0,0,0,0
27230120,27230,27,대구광역시,230,북구,120,학정동,1,64.7,64.7,63.6,63.6,62.6,62.6,61.5,61.5,60.4,60.4,59.4,59.4,58.3,58.3,64.7,64.7,1,0.0,0.0,65.0,65.0,100.0,100.0,95.0,95.0,65.0,65.0,45.0,45.0,25.0,25.0,0.0,0.0,0,0.0,0.0,0.0,0.0,0.0,0.0,0.0,0.0,0.0,0.0,0.0,0.0,0.0,0.0,0.0,0.0,0.0,0.0,0,0,0,0,0,0,0,0,0,0,0,0,0,0,0,0,0
27230125,27230,27,대구광역시,230,북구,125,관음동,0,0.0,0.0,0.0,0.0,0.0,0.0,0.0,0.0,0.0,0.0,0.0,0.0,0.0,0.0,0.0,0.0,0,0.0,0.0,0.0,0.0,0.0,0.0,0.0,0.0,0.0,0.0,0.0,0.0,0.0,0.0,0.0,0.0,1,1150.0,1150.0,1150.0,1150.0,1150.0,1150.0,1150.0,1150.0,1150.0,1150.0,1150.0,1150.0,1155.0,1155.0,1150.0,1150.0,0.0,0.0,1,21,21,19,19,0,0,2,2,8,8,5,5,0,0,3,3
27230131,27230,27,대구광역시,230,북구,131,연경동,1,37.6,37.6,31.1,31.1,29.8,29.8,24.4,24.4,23.1,23.1,21.8,21.8,20.5,20.5,37.6,37.6,1,0.0,0.0,0.0,0.0,0.0,0.0,0.0,0.0,0.0,0.0,0.0,0.0,0.0,0.0,0.0,0.0,0,0.0,0.0,0.0,0.0,0.0,0.0,0.0,0.0,0.0,0.0,0.0,0.0,0.0,0.0,0.0,0.0,0.0,0.0,1,33,33,28,28,0,0,5,5,11,11,11,11,0,0,0,0
27260101,27260,27,대구광역시,260,수성구,101,,0,0.0,0.0,0.0,0.0,0.0,0.0,0.0,0.0,0.0,0.0,0.0,0.0,0.0,0.0,0.0,0.0,0,0.0,0.0,0.0,0.0,0.0,0.0,0.0,0.0,0.0,0.0,0.0,0.0,0.0,0.0,0.0,0.0,0,0.0,0.0,0.0,0.0,0.0,0.0,0.0,0.0,0.0,0.0,0.0,0.0,0.0,0.0,0.0,0.0,0.0,0.0,1,0,0,0,0,0,0,0,0,18,18,8,8,0,0,10,10
27260106,27260,27,대구광역시,260,수성구,106,수성동4가,1,0.0,0.0,19.3,19.3,18.6,18.6,18.0,18.0,17.3,17.3,16.6,16.6,15.9,15.9,0.0,0.0,1,0.0,0.0,0.0,0.0,265.0,265.0,255.0,255.0,245.0,245.0,235.0,235.0,110.0,110.0,0.0,0.0,0,0.0,0.0,0.0,0.0,0.0,0.0,0.0,0.0,0.0,0.0,0.0,0.0,0.0,0.0,0.0,0.0,0.0,0.0,0,0,0,0,0,0,0,0,0,0,0,0,0,0,0,0,0
27260108,27260,27,대구광역시,260,수성구,108,중동,1,0.0,0.0,0.0,0.0,0.0,0.0,0.0,0.0,0.0,0.0,0.0,0.0,0.0,0.0,0.0,0.0,1,135.0,135.0,160.0,160.0,210.0,210.0,210.0,210.0,195.0,195.0,190.0,190.0,155.0,155.0,135.0,135.0,0,0.0,0.0,0.0,0.0,0.0,0.0,0.0,0.0,0.0,0.0,0.0,0.0,0.0,0.0,0.0,0.0,0.0,0.0,0,0,0,0,0,0,0,0,0,0,0,0,0,0,0,0,0
27260109,27260,27,대구광역시,260,수성구,109,상동,1,56.2,56.2,55.0,55.0,53.8,53.8,52.6,52.6,51.5,51.5,50.3,50.3,49.2,49.2,56.2,56.2,1,0.0,0.0,0.0,0.0,0.0,0.0,0.0,0.0,0.0,0.0,0.0,0.0,0.0,0.0,0.0,0.0,0,0.0,0.0,0.0,0.0,0.0,0.0,0.0,0.0,0.0,0.0,0.0,0.0,0.0,0.0,0.0,0.0,0.0,0.0,1,24,24,17,17,0,0,7,7,7,7,6,6,1,1,0,0
27260115,27260,27,대구광역시,260,수성구,115,매호동,0,0.0,0.0,0.0,0.0,0.0,0.0,0.0,0.0,0.0,0.0,0.0,0.0,0.0,0.0,0.0,0.0,0,0.0,0.0,0.0,0.0,0.0,0.0,0.0,0.0,0.0,0.0,0.0,0.0,0.0,0.0,0.0,0.0,1,550.0,550.0,905.0,905.0,905.0,905.0,905.0,905.0,905.0,905.0,905.0,905.0,905.0,905.0,550.0,550.0,0.0,0.0,1,24,24,24,24,0,0,0,0,8,8,6,6,0,0,2,2
27260116,27260,27,대구광역시,260,수성구,116,,0,0.0,0.0,0.0,0.0,0.0,0.0,0.0,0.0,0.0,0.0,0.0,0.0,0.0,0.0,0.0,0.0,0,0.0,0.0,0.0,0.0,0.0,0.0,0.0,0.0,0.0,0.0,0.0,0.0,0.0,0.0,0.0,0.0,0,0.0,0.0,0.0,0.0,0.0,0.0,0.0,0.0,0.0,0.0,0.0,0.0,0.0,0.0,0.0,0.0,0.0,0.0,1,25,25,25,25,0,0,0,0,11,11,4,4,4,4,3,3
27260120,27260,27,대구광역시,260,수성구,120,노변동,1,145.5,145.5,115.2,115.2,109.5,109.5,102.0,102.0,94.6,94.6,88.0,88.0,87.1,87.1,145.5,145.5,1,375.0,375.0,180.0,180.0,410.0,410.0,390.0,390.0,370.0,370.0,355.0,355.0,315.0,315.0,375.0,375.0,1,210.0,210.0,210.0,210.0,380.0,380.0,380.0,380.0,380.0,380.0,380.0,380.0,380.0,380.0,210.0,210.0,0.0,0.0,1,14,14,3,3,2,2,9,9,8,8,4,4,0,0,4,4
27260124,27260,27,대구광역시,260,수성구,124,이천동,1,31.3,31.3,29.7,29.7,28.2,28.2,26.6,26.6,25.1,25.1,23.6,23.6,21.6,21.6,31.3,31.3,1,0.0,0.0,0.0,0.0,0.0,0.0,0.0,0.0,0.0,0.0,0.0,0.0,0.0,0.0,0.0,0.0,0,0.0,0.0,0.0,0.0,0.0,0.0,0.0,0.0,0.0,0.0,0.0,0.0,0.0,0.0,0.0,0.0,0.0,0.0,0,0,0,0,0,0,0,0,0,0,0,0,0,0,0,0,0
27260125,27260,27,대구광역시,260,수성구,125,고모동,1,65.4,65.4,59.6,59.6,58.6,58.6,53.7,53.7,52.7,52.7,51.7,51.7,50.7,50.7,65.4,65.4,1,400.0,400.0,375.0,375.0,425.0,425.0,405.0,405.0,395.0,395.0,385.0,385.0,375.0,375.0,400.0,400.0,0,0.0,0.0,0.0,0.0,0.0,0.0,0.0,0.0,0.0,0.0,0.0,0.0,0.0,0.0,0.0,0.0,0.0,0.0,2,50,33,43,28,0,0,7,5,19,11,17,11,0,0,2,2
27260126,27260,27,대구광역시,260,수성구,126,가천동,0,0.0,0.0,0.0,0.0,0.0,0.0,0.0,0.0,0.0,0.0,0.0,0.0,0.0,0.0,0.0,0.0,0,0.0,0.0,0.0,0.0,0.0,0.0,0.0,0.0,0.0,0.0,0.0,0.0,0.0,0.0,0.0,0.0,1,520.0,520.0,835.0,835.0,1190.0,1190.0,1190.0,1190.0,1190.0,1190.0,1250.0,1250.0,1255.0,1255.0,520.0,520.0,0.0,0.0,1,27,27,25,25,0,0,2,2,8,8,4,4,2,2,2,2
27260127,27260,27,대구광역시,260,수성구,127,,0,0.0,0.0,0.0,0.0,0.0,0.0,0.0,0.0,0.0,0.0,0.0,0.0,0.0,0.0,0.0,0.0,0,0.0,0.0,0.0,0.0,0.0,0.0,0.0,0.0,0.0,0.0,0.0,0.0,0.0,0.0,0.0,0.0,0,0.0,0.0,0.0,0.0,0.0,0.0,0.0,0.0,0.0,0.0,0.0,0.0,0.0,0.0,0.0,0.0,0.0,0.0,1,26,26,21,21,2,2,3,3,8,8,6,6,2,2,0,0
27260134,27260,27,대구광역시,260,수성구,134,이천동,1,37.2,37.2,35.8,35.8,34.4,34.4,33.0,33.0,31.7,31.7,30.3,30.3,29.0,29.0,37.2,37.2,1,450.0,450.0,320.0,320.0,420.0,420.0,405.0,405.0,390.0,390.0,385.0,385.0,160.0,160.0,450.0,450.0,0,0.0,0.0,0.0,0.0,0.0,0.0,0.0,0.0,0.0,0.0,0.0,0.0,0.0,0.0,0.0,0.0,0.0,0.0,0,0,0,0,0,0,0,0,0,0,0,0,0,0,0,0,0
27290101,27290,27,대구광역시,290,달서구,101,성당동,1,0.0,0.0,0.0,0.0,101.5,101.5,100.8,100.8,100.2,100.2,99.5,99.5,98.9,98.9,0.0,0.0,1,0.0,0.0,0.0,0.0,245.0,245.0,240.0,240.0,230.0,230.0,225.0,225.0,135.0,135.0,0.0,0.0,0,0.0,0.0,0.0,0.0,0.0,0.0,0.0,0.0,0.0,0.0,0.0,0.0,0.0,0.0,0.0,0.0,0.0,0.0,1,0,0,0,0,0,0,0,0,18,18,8,8,0,0,10,10
27290102,27290,27,대구광역시,290,달서구,102,두류동,0,0.0,0.0,0.0,0.0,0.0,0.0,0.0,0.0,0.0,0.0,0.0,0.0,0.0,0.0,0.0,0.0,0,0.0,0.0,0.0,0.0,0.0,0.0,0.0,0.0,0.0,0.0,0.0,0.0,0.0,0.0,0.0,0.0,1,285.0,285.0,285.0,285.0,285.0,285.0,290.0,290.0,290.0,290.0,310.0,310.0,310.0,310.0,285.0,285.0,0.0,0.0,1,9,9,8,8,0,0,1,1,8,8,4,4,1,1,3,3
27290104,27290,27,대구광역시,290,달서구,104,파호동,1,0.0,0.0,0.0,0.0,0.0,0.0,0.0,0.0,0.0,0.0,0.0,0.0,0.0,0.0,0.0,0.0,1,0.0,0.0,0.0,0.0,0.0,0.0,0.0,0.0,0.0,0.0,0.0,0.0,0.0,0.0,0.0,0.0,1,970.0,970.0,990.0,990.0,1300.0,1300.0,1300.0,1300.0,1300.0,1300.0,1300.0,1300.0,1325.0,1325.0,970.0,970.0,0.0,0.0,1,10,10,9,9,0,0,1,1,18,18,13,13,4,4,1,1
27290107,27290,27,대구광역시,290,달서구,107,신당동,1,25.2,25.2,23.5,23.5,21.9,21.9,20.2,20.2,18.6,18.6,17.0,17.0,15.3,15.3,25.2,25.2,1,105.0,105.0,70.0,70.0,95.0,95.0,105.0,105.0,115.0,115.0,110.0,110.0,85.0,85.0,105.0,105.0,0,0.0,0.0,0.0,0.0,0.0,0.0,0.0,0.0,0.0,0.0,0.0,0.0,0.0,0.0,0.0,0.0,0.0,0.0,0,0,0,0,0,0,0,0,0,0,0,0,0,0,0,0,0
27290108,27290,27,대구광역시,290,달서구,108,갈산동,0,0.0,0.0,0.0,0.0,0.0,0.0,0.0,0.0,0.0,0.0,0.0,0.0,0.0,0.0,0.0,0.0,0,0.0,0.0,0.0,0.0,0.0,0.0,0.0,0.0,0.0,0.0,0.0,0.0,0.0,0.0,0.0,0.0,1,610.0,610.0,610.0,610.0,610.0,610.0,615.0,615.0,615.0,615.0,615.0,615.0,615.0,615.0,610.0,610.0,0.0,0.0,0,0,0,0,0,0,0,0,0,0,0,0,0,0,0,0,0
27290110,27290,27,대구광역시,290,달서구,110,월암동,1,38.5,38.5,37.1,37.1,35.7,35.7,34.4,34.4,33.0,33.0,31.7,31.7,30.4,30.4,38.5,38.5,1,120.0,120.0,80.0,80.0,320.0,320.0,315.0,315.0,330.0,330.0,320.0,320.0,305.0,305.0,120.0,120.0,0,0.0,0.0,0.0,0.0,0.0,0.0,0.0,0.0,0.0,0.0,0.0,0.0,0.0,0.0,0.0,0.0,0.0,0.0,0,0,0,0,0,0,0,0,0,0,0,0,0,0,0,0,0
27290116,27290,27,대구광역시,290,달서구,116,도원동,1,47.4,47.4,42.0,42.0,40.8,40.8,39.5,39.5,38.3,38.3,37.0,37.0,35.8,35.8,47.4,47.4,1,0.0,0.0,0.0,0.0,0.0,0.0,0.0,0.0,0.0,0.0,0.0,0.0,0.0,0.0,0.0,0.0,1,805.0,805.0,805.0,805.0,865.0,865.0,865.0,865.0,865.0,865.0,865.0,865.0,865.0,865.0,805.0,805.0,0.0,0.0,1,28,28,19,19,1,1,8,8,8,8,4,4,2,2,2,2
27290117,27290,27,대구광역시,290,달서구,117,진천동,1,0.0,0.0,0.0,0.0,0.0,0.0,0.0,0.0,0.0,0.0,0.0,0.0,0.0,0.0,0.0,0.0,1,195.0,195.0,195.0,195.0,150.0,150.0,105.0,105.0,105.0,105.0,70.0,70.0,95.0,95.0,195.0,195.0,0,0.0,0.0,0.0,0.0,0.0,0.0,0.0,0.0,0.0,0.0,0.0,0.0,0.0,0.0,0.0,0.0,0.0,0.0,0,0,0,0,0,0,0,0,0,0,0,0,0,0,0,0,0
27290124,27290,27,대구광역시,290,달서구,124,본동,0,0.0,0.0,0.0,0.0,0.0,0.0,0.0,0.0,0.0,0.0,0.0,0.0,0.0,0.0,0.0,0.0,0,0.0,0.0,0.0,0.0,0.0,0.0,0.0,0.0,0.0,0.0,0.0,0.0,0.0,0.0,0.0,0.0,1,375.0,375.0,480.0,480.0,480.0,480.0,480.0,480.0,480.0,480.0,480.0,480.0,490.0,490.0,375.0,375.0,19.8,19.8,1,19,19,16,16,1,1,2,2,8,8,4,4,0,0,4,4
27290125,27290,27,대구광역시,290,달서구,125,호산동,0,0.0,0.0,0.0,0.0,0.0,0.0,0.0,0.0,0.0,0.0,0.0,0.0,0.0,0.0,0.0,0.0,0,0.0,0.0,0.0,0.0,0.0,0.0,0.0,0.0,0.0,0.0,0.0,0.0,0.0,0.0,0.0,0.0,1,0.0,0.0,0.0,0.0,0.0,0.0,0.0,0.0,0.0,0.0,0.0,0.0,0.0,0.0,0.0,0.0,0.0,0.0,1,31,31,31,31,0,0,0,0,8,8,8,8,0,0,0,0
27290126,27290,27,대구광역시,290,달서구,126,용산동,0,0.0,0.0,0.0,0.0,0.0,0.0,0.0,0.0,0.0,0.0,0.0,0.0,0.0,0.0,0.0,0.0,0,0.0,0.0,0.0,0.0,0.0,0.0,0.0,0.0,0.0,0.0,0.0,0.0,0.0,0.0,0.0,0.0,1,625.0,625.0,625.0,625.0,625.0,625.0,625.0,625.0,625.0,625.0,625.0,625.0,625.0,625.0,625.0,625.0,0.0,0.0,1,24,24,24,24,0,0,0,0,8,8,7,7,0,0,1,1
27290250,27290,27,대구광역시,290,달서구,250,화원읍,0,0.0,0.0,0.0,0.0,0.0,0.0,0.0,0.0,0.0,0.0,0.0,0.0,0.0,0.0,0.0,0.0,0,0.0,0.0,0.0,0.0,0.0,0.0,0.0,0.0,0.0,0.0,0.0,0.0,0.0,0.0,0.0,0.0,1,0.0,0.0,0.0,0.0,0.0,0.0,0.0,0.0,0.0,0.0,0.0,0.0,0.0,0.0,0.0,0.0,0.0,0.0,1,33,33,28,28,0,0,5,5,8,8,8,8,0,0,0,0
27290256,27290,27,대구광역시,290,달서구,256,다사읍,0,0.0,0.0,0.0,0.0,0.0,0.0,0.0,0.0,0.0,0.0,0.0,0.0,0.0,0.0,0.0,0.0,0,0.0,0.0,0.0,0.0,0.0,0.0,0.0,0.0,0.0,0.0,0.0,0.0,0.0,0.0,0.0,0.0,1,615.0,615.0,615.0,615.0,1150.0,1150.0,1150.0,1150.0,1150.0,1150.0,1150.0,1150.0,1150.0,1150.0,615.0,615.0,0.0,0.0,1,22,22,16,16,0,0,6,6,12,12,5,5,0,0,7,7
27710250,27710,27,대구광역시,710,달성군,250,화원읍,2,55.2,55.2,86.5,55.2,84.9,55.2,83.5,55.2,81.9,55.2,80.4,55.2,78.9,55.2,55.2,55.2,2,535.0,535.0,525.0,525.0,125.0,125.0,85.0,85.0,85.0,85.0,60.0,60.0,80.0,80.0,535.0,535.0,1,1095.0,1095.0,1095.0,1095.0,1095.0,1095.0,1120.0,1120.0,1120.0,1120.0,1125.0,1125.0,1125.0,1125.0,1095.0,1095.0,0.0,0.0,1,10,10,9,9,0,0,1,1,18,18,13,13,4,4,1,1
27710253,27710,27,대구광역시,710,달성군,253,논공읍,1,0.0,0.0,0.0,0.0,0.0,0.0,0.0,0.0,0.0,0.0,0.0,0.0,0.0,0.0,0.0,0.0,1,0.0,0.0,0.0,0.0,0.0,0.0,0.0,0.0,0.0,0.0,0.0,0.0,0.0,0.0,0.0,0.0,1,0.0,0.0,0.0,0.0,0.0,0.0,0.0,0.0,0.0,0.0,0.0,0.0,0.0,0.0,0.0,0.0,39.6,39.6,1,31,31,31,31,0,0,0,0,12,12,7,7,5,5,0,0
27710256,27710,27,대구광역시,710,달성군,256,,0,0.0,0.0,0.0,0.0,0.0,0.0,0.0,0.0,0.0,0.0,0.0,0.0,0.0,0.0,0.0,0.0,0,0.0,0.0,0.0,0.0,0.0,0.0,0.0,0.0,0.0,0.0,0.0,0.0,0.0,0.0,0.0,0.0,0,0.0,0.0,0.0,0.0,0.0,0.0,0.0,0.0,0.0,0.0,0.0,0.0,0.0,0.0,0.0,0.0,0.0,0.0,1,22,22,16,16,0,0,6,6,12,12,5,5,0,0,7,7
27710259,27710,27,대구광역시,710,달성군,259,유가읍,2,76.7,76.7,60.3,60.3,0.0,0.0,0.0,0.0,0.0,0.0,0.0,0.0,0.0,0.0,76.7,76.7,2,1220.0,615.0,1100.0,570.0,880.0,880.0,605.0,605.0,615.0,615.0,415.0,415.0,585.0,585.0,1220.0,615.0,3,1180.0,1180.0,1180.0,1180.0,5000.0,1760.0,5305.0,1825.0,5370.0,1840.0,5485.0,1865.0,5525.0,1885.0,1180.0,1180.0,0.0,0.0,1,27,27,27,27,0,0,0,0,8,8,5,5,0,0,3,3
27710262,27710,27,대구광역시,710,달성군,262,,0,0.0,0.0,0.0,0.0,0.0,0.0,0.0,0.0,0.0,0.0,0.0,0.0,0.0,0.0,0.0,0.0,0,0.0,0.0,0.0,0.0,0.0,0.0,0.0,0.0,0.0,0.0,0.0,0.0,0.0,0.0,0.0,0.0,0,0.0,0.0,0.0,0.0,0.0,0.0,0.0,0.0,0.0,0.0,0.0,0.0,0.0,0.0,0.0,0.0,0.0,0.0,1,33,33,28,28,0,0,5,5,8,8,8,8,0,0,0,0
27710265,27710,27,대구광역시,710,달성군,265,현풍읍,0,0.0,0.0,0.0,0.0,0.0,0.0,0.0,0.0,0.0,0.0,0.0,0.0,0.0,0.0,0.0,0.0,0,0.0,0.0,0.0,0.0,0.0,0.0,0.0,0.0,0.0,0.0,0.0,0.0,0.0,0.0,0.0,0.0,1,1165.0,1165.0,1170.0,1170.0,1680.0,1680.0,1800.0,1800.0,1820.0,1820.0,1850.0,1850.0,1880.0,1880.0,1165.0,1165.0,0.0,0.0,1,14,14,8,8,0,0,6,6,8,8,4,4,0,0,4,4
27710310,27710,27,대구광역시,710,달성군,310,가창면,0,0.0,0.0,0.0,0.0,0.0,0.0,0.0,0.0,0.0,0.0,0.0,0.0,0.0,0.0,0.0,0.0,0,0.0,0.0,0.0,0.0,0.0,0.0,0.0,0.0,0.0,0.0,0.0,0.0,0.0,0.0,0.0,0.0,1,0.0,0.0,675.0,675.0,675.0,675.0,685.0,685.0,700.0,700.0,715.0,715.0,720.0,720.0,0.0,0.0,0.0,0.0,2,26,26,21,21,2,2,3,3,26,18,14,8,2,2,10,10
27710330,27710,27,대구광역시,710,달성군,330,하빈면,1,66.3,66.3,65.1,65.1,64.0,64.0,62.9,62.9,61.7,61.7,60.6,60.6,59.5,59.5,66.3,66.3,1,90.0,90.0,60.0,60.0,270.0,270.0,240.0,240.0,260.0,260.0,240.0,240.0,205.0,205.0,90.0,90.0,0,0.0,0.0,0.0,0.0,0.0,0.0,0.0,0.0,0.0,0.0,0.0,0.0,0.0,0.0,0.0,0.0,0.0,0.0,0,0,0,0,0,0,0,0,0,0,0,0,0,0,0,0,0
27710380,27710,27,대구광역시,710,달성군,380,구지면,3,13.9,13.9,177.9,165.6,176.29999999999998,165.6,174.79999999999998,165.6,173.2,165.6,171.7,165.6,170.1,165.6,13.9,13.9,3,0.0,0.0,465.0,465.0,350.0,350.0,315.0,315.0,285.0,285.0,255.0,255.0,215.0,215.0,0.0,0.0,1,0.0,0.0,0.0,0.0,0.0,0.0,0.0,0.0,0.0,0.0,0.0,0.0,0.0,0.0,0.0,0.0,0.0,0.0,2,43,29,30,20,0,0,13,9,16,8,13,7,2,1,1,1
27720250,27720,27,대구광역시,720,군위군,250,군위읍,0,0.0,0.0,0.0,0.0,0.0,0.0,0.0,0.0,0.0,0.0,0.0,0.0,0.0,0.0,0.0,0.0,0,0.0,0.0,0.0,0.0,0.0,0.0,0.0,0.0,0.0,0.0,0.0,0.0,0.0,0.0,0.0,0.0,1,0.0,0.0,0.0,0.0,0.0,0.0,0.0,0.0,0.0,0.0,625.0,625.0,670.0,670.0,0.0,0.0,0.0,0.0,1,0,0,0,0,0,0,0,0,24,24,16,16,4,4,4,4
27720310,27720,27,대구광역시,720,군위군,310,소보면,1,0.0,0.0,0.0,0.0,0.0,0.0,0.0,0.0,0.0,0.0,44.4,44.4,42.7,42.7,0.0,0.0,1,0.0,0.0,0.0,0.0,0.0,0.0,0.0,0.0,0.0,0.0,245.0,245.0,245.0,245.0,0.0,0.0,1,0.0,0.0,0.0,0.0,0.0,0.0,0.0,0.0,0.0,0.0,100.0,100.0,110.0,110.0,0.0,0.0,0.0,0.0,1,23,23,13,13,0,0,10,10,11,11,5,5,4,4,2,2
27720320,27720,27,대구광역시,720,군위군,320,효령면,1,110.9,110.9,110.3,110.3,109.6,109.6,109.0,109.0,108.3,108.3,107.7,107.7,107.1,107.1,110.9,110.9,1,0.0,0.0,0.0,0.0,0.0,0.0,0.0,0.0,0.0,0.0,0.0,0.0,0.0,0.0,0.0,0.0,0,0.0,0.0,0.0,0.0,0.0,0.0,0.0,0.0,0.0,0.0,0.0,0.0,0.0,0.0,0.0,0.0,0.0,0.0,0,0,0,0,0,0,0,0,0,0,0,0,0,0,0,0,0
27720370,27720,27,대구광역시,720,군위군,370,삼국유사면,0,0.0,0.0,0.0,0.0,0.0,0.0,0.0,0.0,0.0,0.0,0.0,0.0,0.0,0.0,0.0,0.0,0,0.0,0.0,0.0,0.0,0.0,0.0,0.0,0.0,0.0,0.0,0.0,0.0,0.0,0.0,0.0,0.0,1,0.0,0.0,0.0,0.0,0.0,0.0,0.0,0.0,0.0,0.0,0.0,0.0,0.0,0.0,0.0,0.0,0.0,0.0,1,31,31,18,18,1,1,12,12,8,8,4,4,4,4,0,0
28110118,28110,28,인천광역시,110,중구,118,항동7가,1,0.0,0.0,0.0,0.0,0.0,0.0,0.0,0.0,0.0,0.0,0.0,0.0,0.0,0.0,0.0,0.0,1,0.0,0.0,0.0,0.0,0.0,0.0,0.0,0.0,0.0,0.0,25.0,25.0,25.0,25.0,0.0,0.0,0,0.0,0.0,0.0,0.0,0.0,0.0,0.0,0.0,0.0,0.0,0.0,0.0,0.0,0.0,0.0,0.0,0.0,0.0,0,0,0,0,0,0,0,0,0,0,0,0,0,0,0,0,0
28110126,28110,28,인천광역시,110,중구,126,신흥동1가,0,0.0,0.0,0.0,0.0,0.0,0.0,0.0,0.0,0.0,0.0,0.0,0.0,0.0,0.0,0.0,0.0,0,0.0,0.0,0.0,0.0,0.0,0.0,0.0,0.0,0.0,0.0,0.0,0.0,0.0,0.0,0.0,0.0,1,765.0,765.0,765.0,765.0,765.0,765.0,765.0,765.0,765.0,765.0,765.0,765.0,775.0,775.0,765.0,765.0,0.0,0.0,0,0,0,0,0,0,0,0,0,0,0,0,0,0,0,0,0
28110138,28110,28,인천광역시,110,중구,138,북성동1가,1,0.0,0.0,0.0,0.0,0.0,0.0,0.0,0.0,0.0,0.0,25.0,25.0,25.0,25.0,0.0,0.0,1,0.0,0.0,0.0,0.0,0.0,0.0,0.0,0.0,0.0,0.0,35.0,35.0,35.0,35.0,0.0,0.0,1,0.0,0.0,495.0,495.0,495.0,495.0,495.0,495.0,495.0,495.0,495.0,495.0,495.0,495.0,0.0,0.0,0.0,0.0,0,0,0,0,0,0,0,0,0,0,0,0,0,0,0,0,0
28140101,28140,28,인천광역시,140,동구,101,숭의동,1,0.0,0.0,0.0,0.0,0.0,0.0,0.0,0.0,0.0,0.0,20.0,20.0,20.0,20.0,0.0,0.0,1,0.0,0.0,0.0,0.0,0.0,0.0,0.0,0.0,0.0,0.0,0.0,0.0,0.0,0.0,0.0,0.0,1,0.0,0.0,665.0,665.0,665.0,665.0,665.0,665.0,1005.0,1005.0,1030.0,1030.0,1030.0,1030.0,0.0,0.0,0.0,0.0,0,0,0,0,0,0,0,0,0,0,0,0,0,0,0,0,0
28155102,28155,28,인천광역시,155,영종구,102,운남동,1,0.0,0.0,0.0,0.0,0.0,0.0,0.0,0.0,0.0,0.0,0.0,0.0,0.0,0.0,0.0,0.0,1,0.0,0.0,0.0,0.0,0.0,0.0,0.0,0.0,0.0,0.0,0.0,0.0,0.0,0.0,0.0,0.0,1,0.0,0.0,230.0,230.0,230.0,230.0,230.0,230.0,230.0,230.0,315.0,315.0,335.0,335.0,0.0,0.0,0.0,0.0,1,14,14,14,14,0,0,0,0,8,8,2,2,3,3,3,3
28155103,28155,28,인천광역시,155,영종구,103,운서동,1,0.0,0.0,0.0,0.0,0.0,0.0,0.0,0.0,0.0,0.0,0.0,0.0,0.0,0.0,0.0,0.0,1,0.0,0.0,0.0,0.0,0.0,0.0,0.0,0.0,0.0,0.0,0.0,0.0,0.0,0.0,0.0,0.0,0,0.0,0.0,0.0,0.0,0.0,0.0,0.0,0.0,0.0,0.0,0.0,0.0,0.0,0.0,0.0,0.0,0.0,0.0,0,0,0,0,0,0,0,0,0,0,0,0,0,0,0,0,0
28155105,28155,28,인천광역시,155,영종구,105,을왕동,1,0.0,0.0,0.0,0.0,0.0,0.0,0.0,0.0,0.0,0.0,0.0,0.0,0.0,0.0,0.0,0.0,1,0.0,0.0,0.0,0.0,0.0,0.0,0.0,0.0,0.0,0.0,0.0,0.0,0.0,0.0,0.0,0.0,0,0.0,0.0,0.0,0.0,0.0,0.0,0.0,0.0,0.0,0.0,0.0,0.0,0.0,0.0,0.0,0.0,0.0,0.0,0,0,0,0,0,0,0,0,0,0,0,0,0,0,0,0,0
28155106,28155,28,인천광역시,155,영종구,106,남북동,0,0.0,0.0,0.0,0.0,0.0,0.0,0.0,0.0,0.0,0.0,0.0,0.0,0.0,0.0,0.0,0.0,0,0.0,0.0,0.0,0.0,0.0,0.0,0.0,0.0,0.0,0.0,0.0,0.0,0.0,0.0,0.0,0.0,1,0.0,0.0,355.0,355.0,500.0,500.0,510.0,510.0,515.0,515.0,540.0,540.0,600.0,600.0,0.0,0.0,0.0,0.0,1,19,19,19,19,0,0,0,0,9,9,8,8,1,1,0,0
28155107,28155,28,인천광역시,155,영종구,107,덕교동,0,0.0,0.0,0.0,0.0,0.0,0.0,0.0,0.0,0.0,0.0,0.0,0.0,0.0,0.0,0.0,0.0,0,0.0,0.0,0.0,0.0,0.0,0.0,0.0,0.0,0.0,0.0,0.0,0.0,0.0,0.0,0.0,0.0,1,0.0,0.0,370.0,370.0,370.0,370.0,450.0,450.0,450.0,450.0,480.0,480.0,550.0,550.0,0.0,0.0,0.0,0.0,1,13,13,7,7,2,2,4,4,8,8,3,3,3,3,2,2
28177101,28177,28,인천광역시,177,미추홀구,101,숭의동,0,0.0,0.0,0.0,0.0,0.0,0.0,0.0,0.0,0.0,0.0,0.0,0.0,0.0,0.0,0.0,0.0,0,0.0,0.0,0.0,0.0,0.0,0.0,0.0,0.0,0.0,0.0,0.0,0.0,0.0,0.0,0.0,0.0,1,0.0,0.0,0.0,0.0,0.0,0.0,0.0,0.0,0.0,0.0,0.0,0.0,0.0,0.0,0.0,0.0,0.0,0.0,2,35,20,33,18,2,2,0,0,21,14,17,12,4,2,0,0
28177103,28177,28,인천광역시,177,미추홀구,103,학익동,1,0.0,0.0,0.0,0.0,0.0,0.0,0.0,0.0,0.0,0.0,0.0,0.0,0.0,0.0,0.0,0.0,1,0.0,0.0,0.0,0.0,0.0,0.0,0.0,0.0,0.0,0.0,25.0,25.0,25.0,25.0,0.0,0.0,0,0.0,0.0,0.0,0.0,0.0,0.0,0.0,0.0,0.0,0.0,0.0,0.0,0.0,0.0,0.0,0.0,0.0,0.0,0,0,0,0,0,0,0,0,0,0,0,0,0,0,0,0,0
28177104,28177,28,인천광역시,177,미추홀구,104,,0,0.0,0.0,0.0,0.0,0.0,0.0,0.0,0.0,0.0,0.0,0.0,0.0,0.0,0.0,0.0,0.0,0,0.0,0.0,0.0,0.0,0.0,0.0,0.0,0.0,0.0,0.0,0.0,0.0,0.0,0.0,0.0,0.0,0,0.0,0.0,0.0,0.0,0.0,0.0,0.0,0.0,0.0,0.0,0.0,0.0,0.0,0.0,0.0,0.0,0.0,0.0,1,27,27,27,27,0,0,0,0,8,8,7,7,1,1,0,0
28177105,28177,28,인천광역시,177,미추홀구,105,주안동,1,0.0,0.0,0.0,0.0,0.0,0.0,0.0,0.0,0.0,0.0,0.0,0.0,0.0,0.0,0.0,0.0,1,0.0,0.0,0.0,0.0,0.0,0.0,0.0,0.0,0.0,0.0,0.0,0.0,0.0,0.0,0.0,0.0,1,420.0,420.0,420.0,420.0,420.0,420.0,420.0,420.0,430.0,430.0,435.0,435.0,440.0,440.0,420.0,420.0,0.0,0.0,2,39,22,39,22,2,2,-2,0,16,8,9,5,0,0,7,4
28177106,28177,28,인천광역시,177,미추홀구,106,,0,0.0,0.0,0.0,0.0,0.0,0.0,0.0,0.0,0.0,0.0,0.0,0.0,0.0,0.0,0.0,0.0,0,0.0,0.0,0.0,0.0,0.0,0.0,0.0,0.0,0.0,0.0,0.0,0.0,0.0,0.0,0.0,0.0,0,0.0,0.0,0.0,0.0,0.0,0.0,0.0,0.0,0.0,0.0,0.0,0.0,0.0,0.0,0.0,0.0,0.0,0.0,1,27,27,27,27,0,0,0,0,8,8,5,5,2,2,1,1
28185101,28185,28,인천광역시,185,연수구,101,옥련동,0,0.0,0.0,0.0,0.0,0.0,0.0,0.0,0.0,0.0,0.0,0.0,0.0,0.0,0.0,0.0,0.0,0,0.0,0.0,0.0,0.0,0.0,0.0,0.0,0.0,0.0,0.0,0.0,0.0,0.0,0.0,0.0,0.0,1,0.0,0.0,975.0,975.0,1120.0,1120.0,1120.0,1120.0,1180.0,1180.0,1845.0,1845.0,1880.0,1880.0,0.0,0.0,0.0,0.0,1,15,15,15,15,0,0,0,0,14,14,12,12,2,2,0,0
28185102,28185,28,인천광역시,185,연수구,102,선학동,1,0.0,0.0,0.0,0.0,0.0,0.0,0.0,0.0,0.0,0.0,0.0,0.0,0.0,0.0,0.0,0.0,1,0.0,0.0,0.0,0.0,0.0,0.0,0.0,0.0,0.0,0.0,0.0,0.0,0.0,0.0,0.0,0.0,0,0.0,0.0,0.0,0.0,0.0,0.0,0.0,0.0,0.0,0.0,0.0,0.0,0.0,0.0,0.0,0.0,0.0,0.0,2,22,22,22,22,0,0,0,0,13,9,13,9,0,0,0,0
28185104,28185,28,인천광역시,185,연수구,104,송도동,3,0.0,0.0,0.0,0.0,0.0,0.0,0.0,0.0,0.0,0.0,0.0,0.0,0.0,0.0,0.0,0.0,3,0.0,0.0,0.0,0.0,0.0,0.0,0.0,0.0,0.0,0.0,0.0,0.0,0.0,0.0,0.0,0.0,3,2380.0,950.0,2635.0,950.0,2640.0,950.0,2640.0,950.0,2690.0,965.0,2765.0,1040.0,2820.0,1040.0,2380.0,950.0,500.0,500.0,3,84,30,89,45,10,10,-15,0,27,10,18,8,7,4,2,2
28185105,28185,28,인천광역시,185,연수구,105,동춘동,1,0.0,0.0,0.0,0.0,0.0,0.0,0.0,0.0,0.0,0.0,0.0,0.0,0.0,0.0,0.0,0.0,1,0.0,0.0,0.0,0.0,0.0,0.0,0.0,0.0,0.0,0.0,0.0,0.0,0.0,0.0,0.0,0.0,2,0.0,0.0,0.0,0.0,0.0,0.0,0.0,0.0,0.0,0.0,965.0,965.0,1000.0,1000.0,0.0,0.0,0.0,0.0,1,26,26,23,23,3,3,0,0,8,8,6,6,2,2,0,0
28185106,28185,28,인천광역시,185,연수구,106,송도동,4,0.0,0.0,0.0,0.0,0.0,0.0,0.0,0.0,0.0,0.0,0.0,0.0,0.0,0.0,0.0,0.0,4,0.0,0.0,0.0,0.0,0.0,0.0,0.0,0.0,0.0,0.0,0.0,0.0,0.0,0.0,0.0,0.0,3,1635.0,1345.0,1720.0,1360.0,1790.0,1430.0,2445.0,1430.0,2445.0,1430.0,2445.0,1430.0,2470.0,1440.0,1635.0,1345.0,100.32,100.32,0,0,0,0,0,0,0,0,0,0,0,0,0,0,0,0,0
28200101,28200,28,인천광역시,200,남동구,101,고잔동,2,0.0,0.0,0.0,0.0,0.0,0.0,0.0,0.0,0.0,0.0,35.0,35.0,35.0,35.0,0.0,0.0,2,0.0,0.0,0.0,0.0,0.0,0.0,0.0,0.0,0.0,0.0,35.0,35.0,35.0,35.0,0.0,0.0,4,1500.0,555.0,1505.0,555.0,1670.0,615.0,1670.0,615.0,1670.0,615.0,1665.0,615.0,1670.0,615.0,1500.0,555.0,0.0,0.0,4,87,27,80,27,0,0,7,7,38,14,28,12,4,2,6,4
28200102,28200,28,인천광역시,200,남동구,102,간석동,0,0.0,0.0,0.0,0.0,0.0,0.0,0.0,0.0,0.0,0.0,0.0,0.0,0.0,0.0,0.0,0.0,0,0.0,0.0,0.0,0.0,0.0,0.0,0.0,0.0,0.0,0.0,0.0,0.0,0.0,0.0,0.0,0.0,1,695.0,695.0,925.0,925.0,925.0,925.0,925.0,925.0,950.0,950.0,925.0,925.0,925.0,925.0,695.0,695.0,0.0,0.0,1,22,22,22,22,0,0,0,0,8,8,5,5,0,0,3,3
28200105,28200,28,인천광역시,200,남동구,105,서창동,0,0.0,0.0,0.0,0.0,0.0,0.0,0.0,0.0,0.0,0.0,0.0,0.0,0.0,0.0,0.0,0.0,0,0.0,0.0,0.0,0.0,0.0,0.0,0.0,0.0,0.0,0.0,0.0,0.0,0.0,0.0,0.0,0.0,1,1415.0,1415.0,1415.0,1415.0,1415.0,1415.0,1415.0,1415.0,1415.0,1415.0,1415.0,1415.0,1420.0,1420.0,1415.0,1415.0,0.0,0.0,1,0,0,0,0,0,0,0,0,4,4,4,4,0,0,0,0
28200106,28200,28,인천광역시,200,남동구,106,운연동,1,0.0,0.0,0.0,0.0,0.0,0.0,0.0,0.0,0.0,0.0,35.0,35.0,35.0,35.0,0.0,0.0,1,0.0,0.0,0.0,0.0,0.0,0.0,0.0,0.0,0.0,0.0,35.0,35.0,35.0,35.0,0.0,0.0,0,0.0,0.0,0.0,0.0,0.0,0.0,0.0,0.0,0.0,0.0,0.0,0.0,0.0,0.0,0.0,0.0,0.0,0.0,0,0,0,0,0,0,0,0,0,0,0,0,0,0,0,0,0
28200107,28200,28,인천광역시,200,남동구,107,남촌동,1,0.0,0.0,0.0,0.0,0.0,0.0,0.0,0.0,0.0,0.0,35.0,35.0,35.0,35.0,0.0,0.0,1,0.0,0.0,0.0,0.0,0.0,0.0,0.0,0.0,0.0,0.0,35.0,35.0,35.0,35.0,0.0,0.0,2,0.0,0.0,0.0,0.0,0.0,0.0,0.0,0.0,0.0,0.0,730.0,730.0,730.0,730.0,0.0,0.0,0.0,0.0,1,22,22,22,22,0,0,0,0,9,9,9,9,0,0,0,0
28200108,28200,28,인천광역시,200,남동구,108,논현동,1,0.0,0.0,0.0,0.0,0.0,0.0,0.0,0.0,0.0,0.0,0.0,0.0,0.0,0.0,0.0,0.0,1,0.0,0.0,0.0,0.0,0.0,0.0,0.0,0.0,0.0,0.0,35.0,35.0,35.0,35.0,0.0,0.0,2,1665.0,970.0,1700.0,970.0,1855.0,1010.0,1855.0,1010.0,1855.0,1010.0,2120.0,1110.0,2125.0,1110.0,1665.0,970.0,0.0,0.0,2,54,28,48,28,4,4,2,2,24,12,14,8,0,0,10,6
28200111,28200,28,인천광역시,200,남동구,111,고잔동,1,0.0,0.0,0.0,0.0,0.0,0.0,0.0,0.0,0.0,0.0,0.0,0.0,0.0,0.0,0.0,0.0,1,0.0,0.0,0.0,0.0,0.0,0.0,0.0,0.0,0.0,0.0,0.0,0.0,0.0,0.0,0.0,0.0,1,530.0,530.0,530.0,530.0,880.0,880.0,880.0,880.0,880.0,880.0,880.0,880.0,880.0,880.0,530.0,530.0,0.0,0.0,1,26,26,26,26,0,0,0,0,8,8,6,6,2,2,0,0
28200126,28200,28,인천광역시,200,남동구,126,장수동,2,0.0,0.0,0.0,0.0,0.0,0.0,0.0,0.0,0.0,0.0,0.0,0.0,0.0,0.0,0.0,0.0,2,0.0,0.0,5.0,5.0,0.0,0.0,0.0,0.0,0.0,0.0,0.0,0.0,0.0,0.0,0.0,0.0,1,405.0,405.0,405.0,405.0,615.0,615.0,615.0,615.0,615.0,615.0,615.0,615.0,1640.0,1640.0,405.0,405.0,0.0,0.0,1,21,21,21,21,0,0,0,0,8,8,4,4,0,0,4,4
28237101,28237,28,인천광역시,237,부평구,101,부평동,2,0.0,0.0,0.0,0.0,0.0,0.0,0.0,0.0,0.0,0.0,0.0,0.0,0.0,0.0,0.0,0.0,2,0.0,0.0,0.0,0.0,0.0,0.0,0.0,0.0,0.0,0.0,0.0,0.0,0.0,0.0,0.0,0.0,2,1050.0,1050.0,1245.0,1245.0,1255.0,1255.0,1255.0,1255.0,1255.0,1255.0,1255.0,1255.0,1255.0,1255.0,1050.0,1050.0,0.0,0.0,2,28,20,28,20,0,0,0,0,19,11,13,7,4,4,2,2
28237102,28237,28,인천광역시,237,부평구,102,,0,0.0,0.0,0.0,0.0,0.0,0.0,0.0,0.0,0.0,0.0,0.0,0.0,0.0,0.0,0.0,0.0,0,0.0,0.0,0.0,0.0,0.0,0.0,0.0,0.0,0.0,0.0,0.0,0.0,0.0,0.0,0.0,0.0,0,0.0,0.0,0.0,0.0,0.0,0.0,0.0,0.0,0.0,0.0,0.0,0.0,0.0,0.0,0.0,0.0,0.0,0.0,2,37,22,37,22,0,0,0,0,22,14,17,12,2,2,3,3
28237104,28237,28,인천광역시,237,부평구,104,청천동,1,0.0,0.0,0.0,0.0,0.0,0.0,0.0,0.0,0.0,0.0,0.0,0.0,0.0,0.0,0.0,0.0,1,0.0,0.0,0.0,0.0,0.0,0.0,0.0,0.0,0.0,0.0,0.0,0.0,0.0,0.0,0.0,0.0,1,2085.0,2085.0,2085.0,2085.0,2085.0,2085.0,2085.0,2085.0,2085.0,2085.0,2085.0,2085.0,2085.0,2085.0,2085.0,2085.0,0.0,0.0,2,37,27,35,25,0,0,2,2,23,18,14,10,3,2,6,6
28237106,28237,28,인천광역시,237,부평구,106,갈산동,2,0.0,0.0,0.0,0.0,0.0,0.0,0.0,0.0,0.0,0.0,0.0,0.0,0.0,0.0,0.0,0.0,2,0.0,0.0,0.0,0.0,0.0,0.0,0.0,0.0,0.0,0.0,0.0,0.0,0.0,0.0,0.0,0.0,0,0.0,0.0,0.0,0.0,0.0,0.0,0.0,0.0,0.0,0.0,0.0,0.0,0.0,0.0,0.0,0.0,0.0,0.0,0,0,0,0,0,0,0,0,0,0,0,0,0,0,0,0,0
28237107,28237,28,인천광역시,237,부평구,107,구산동,0,0.0,0.0,0.0,0.0,0.0,0.0,0.0,0.0,0.0,0.0,0.0,0.0,0.0,0.0,0.0,0.0,0,0.0,0.0,0.0,0.0,0.0,0.0,0.0,0.0,0.0,0.0,0.0,0.0,0.0,0.0,0.0,0.0,1,650.0,650.0,895.0,895.0,895.0,895.0,895.0,895.0,895.0,895.0,895.0,895.0,895.0,895.0,650.0,650.0,0.0,0.0,1,23,23,23,23,0,0,0,0,8,8,6,6,0,0,2,2
28245101,28245,28,인천광역시,245,계양구,101,삼산동,1,0.0,0.0,0.0,0.0,0.0,0.0,0.0,0.0,0.0,0.0,0.0,0.0,0.0,0.0,0.0,0.0,1,0.0,0.0,0.0,0.0,0.0,0.0,0.0,0.0,0.0,0.0,0.0,0.0,0.0,0.0,0.0,0.0,1,660.0,660.0,660.0,660.0,660.0,660.0,660.0,660.0,660.0,660.0,660.0,660.0,665.0,665.0,660.0,660.0,0.0,0.0,2,37,27,35,25,0,0,2,2,23,18,14,10,3,2,6,6
28245103,28245,28,인천광역시,245,계양구,103,작전동,1,0.0,0.0,0.0,0.0,0.0,0.0,0.0,0.0,0.0,0.0,0.0,0.0,0.0,0.0,0.0,0.0,1,0.0,0.0,0.0,0.0,0.0,0.0,0.0,0.0,0.0,0.0,0.0,0.0,0.0,0.0,0.0,0.0,0,0.0,0.0,0.0,0.0,0.0,0.0,0.0,0.0,0.0,0.0,0.0,0.0,0.0,0.0,0.0,0.0,0.0,0.0,0,0,0,0,0,0,0,0,0,0,0,0,0,0,0,0,0
28245104,28245,28,인천광역시,245,계양구,104,서운동,0,0.0,0.0,0.0,0.0,0.0,0.0,0.0,0.0,0.0,0.0,0.0,0.0,0.0,0.0,0.0,0.0,0,0.0,0.0,0.0,0.0,0.0,0.0,0.0,0.0,0.0,0.0,0.0,0.0,0.0,0.0,0.0,0.0,1,0.0,0.0,0.0,0.0,0.0,0.0,0.0,0.0,0.0,0.0,0.0,0.0,0.0,0.0,0.0,0.0,0.0,0.0,1,32,32,32,32,0,0,0,0,14,14,14,14,0,0,0,0
28245120,28245,28,인천광역시,245,계양구,120,둑실동,0,0.0,0.0,0.0,0.0,0.0,0.0,0.0,0.0,0.0,0.0,0.0,0.0,0.0,0.0,0.0,0.0,0,0.0,0.0,0.0,0.0,0.0,0.0,0.0,0.0,0.0,0.0,0.0,0.0,0.0,0.0,0.0,0.0,1,160.0,160.0,340.0,340.0,340.0,340.0,340.0,340.0,340.0,340.0,340.0,340.0,340.0,340.0,160.0,160.0,0.0,0.0,1,28,28,26,26,1,1,1,1,8,8,6,6,0,0,2,2
28245130,28245,28,인천광역시,245,계양구,130,계산동,0,0.0,0.0,0.0,0.0,0.0,0.0,0.0,0.0,0.0,0.0,0.0,0.0,0.0,0.0,0.0,0.0,0,0.0,0.0,0.0,0.0,0.0,0.0,0.0,0.0,0.0,0.0,0.0,0.0,0.0,0.0,0.0,0.0,1,0.0,0.0,0.0,0.0,0.0,0.0,0.0,0.0,0.0,0.0,0.0,0.0,0.0,0.0,0.0,0.0,0.0,0.0,0,0,0,0,0,0,0,0,0,0,0,0,0,0,0,0,0
28245165,28245,28,인천광역시,245,계양구,165,이화동,1,0.0,0.0,0.0,0.0,0.0,0.0,0.0,0.0,0.0,0.0,0.0,0.0,0.0,0.0,0.0,0.0,1,0.0,0.0,0.0,0.0,0.0,0.0,0.0,0.0,0.0,0.0,0.0,0.0,75.0,75.0,0.0,0.0,0,0.0,0.0,0.0,0.0,0.0,0.0,0.0,0.0,0.0,0.0,0.0,0.0,0.0,0.0,0.0,0.0,0.0,0.0,0,0,0,0,0,0,0,0,0,0,0,0,0,0,0,0,0
28260101,28260,28,인천광역시,260,서구,101,효성동,1,0.0,0.0,0.0,0.0,0.0,0.0,0.0,0.0,0.0,0.0,0.0,0.0,0.0,0.0,0.0,0.0,1,0.0,0.0,0.0,0.0,0.0,0.0,0.0,0.0,0.0,0.0,0.0,0.0,0.0,0.0,0.0,0.0,0,0.0,0.0,0.0,0.0,0.0,0.0,0.0,0.0,0.0,0.0,0.0,0.0,0.0,0.0,0.0,0.0,0.0,0.0,0,0,0,0,0,0,0,0,0,0,0,0,0,0,0,0,0
28260103,28260,28,인천광역시,260,서구,103,금곡동,1,0.0,0.0,0.0,0.0,0.0,0.0,0.0,0.0,0.0,0.0,0.0,0.0,0.0,0.0,0.0,0.0,1,0.0,0.0,0.0,0.0,0.0,0.0,0.0,0.0,0.0,0.0,0.0,0.0,0.0,0.0,0.0,0.0,3,0.0,0.0,190.0,190.0,990.0,800.0,990.0,800.0,990.0,800.0,990.0,800.0,990.0,800.0,0.0,0.0,0.0,0.0,0,0,0,0,0,0,0,0,0,0,0,0,0,0,0,0,0
28260104,28260,28,인천광역시,260,서구,104,마전동,1,0.0,0.0,0.0,0.0,0.0,0.0,0.0,0.0,0.0,0.0,0.0,0.0,32.0,32.0,0.0,0.0,1,0.0,0.0,0.0,0.0,0.0,0.0,0.0,0.0,0.0,0.0,0.0,0.0,100.0,100.0,0.0,0.0,0,0.0,0.0,0.0,0.0,0.0,0.0,0.0,0.0,0.0,0.0,0.0,0.0,0.0,0.0,0.0,0.0,0.0,0.0,0,0,0,0,0,0,0,0,0,0,0,0,0,0,0,0,0
28260106,28260,28,인천광역시,260,서구,106,가좌동,0,0.0,0.0,0.0,0.0,0.0,0.0,0.0,0.0,0.0,0.0,0.0,0.0,0.0,0.0,0.0,0.0,0,0.0,0.0,0.0,0.0,0.0,0.0,0.0,0.0,0.0,0.0,0.0,0.0,0.0,0.0,0.0,0.0,1,0.0,0.0,0.0,0.0,0.0,0.0,0.0,0.0,0.0,0.0,0.0,0.0,0.0,0.0,0.0,0.0,0.0,0.0,0,0,0,0,0,0,0,0,0,0,0,0,0,0,0,0,0
28260108,28260,28,인천광역시,260,서구,108,가정동,0,0.0,0.0,0.0,0.0,0.0,0.0,0.0,0.0,0.0,0.0,0.0,0.0,0.0,0.0,0.0,0.0,0,0.0,0.0,0.0,0.0,0.0,0.0,0.0,0.0,0.0,0.0,0.0,0.0,0.0,0.0,0.0,0.0,1,0.0,0.0,0.0,0.0,0.0,0.0,735.0,735.0,740.0,740.0,750.0,750.0,760.0,760.0,0.0,0.0,0.0,0.0,0,0,0,0,0,0,0,0,0,0,0,0,0,0,0,0,0
28260110,28260,28,인천광역시,260,서구,110,석남동,0,0.0,0.0,0.0,0.0,0.0,0.0,0.0,0.0,0.0,0.0,0.0,0.0,0.0,0.0,0.0,0.0,0,0.0,0.0,0.0,0.0,0.0,0.0,0.0,0.0,0.0,0.0,0.0,0.0,0.0,0.0,0.0,0.0,1,260.0,260.0,260.0,260.0,260.0,260.0,260.0,260.0,260.0,260.0,260.0,260.0,260.0,260.0,260.0,260.0,0.0,0.0,0,0,0,0,0,0,0,0,0,0,0,0,0,0,0,0,0
28260111,28260,28,인천광역시,260,서구,111,원창동,1,0.0,0.0,0.0,0.0,0.0,0.0,0.0,0.0,0.0,0.0,0.0,0.0,0.0,0.0,0.0,0.0,1,0.0,0.0,0.0,0.0,0.0,0.0,0.0,0.0,0.0,0.0,0.0,0.0,0.0,0.0,0.0,0.0,0,0.0,0.0,0.0,0.0,0.0,0.0,0.0,0.0,0.0,0.0,0.0,0.0,0.0,0.0,0.0,0.0,0.0,0.0,0,0,0,0,0,0,0,0,0,0,0,0,0,0,0,0,0
28260113,28260,28,인천광역시,260,서구,113,오류동,0,0.0,0.0,0.0,0.0,0.0,0.0,0.0,0.0,0.0,0.0,0.0,0.0,0.0,0.0,0.0,0.0,0,0.0,0.0,0.0,0.0,0.0,0.0,0.0,0.0,0.0,0.0,0.0,0.0,0.0,0.0,0.0,0.0,1,0.0,0.0,575.0,575.0,580.0,580.0,580.0,580.0,580.0,580.0,580.0,580.0,580.0,580.0,0.0,0.0,0.0,0.0,0,0,0,0,0,0,0,0,0,0,0,0,0,0,0,0,0
28260114,28260,28,인천광역시,260,서구,114,당하동,0,0.0,0.0,0.0,0.0,0.0,0.0,0.0,0.0,0.0,0.0,0.0,0.0,0.0,0.0,0.0,0.0,0,0.0,0.0,0.0,0.0,0.0,0.0,0.0,0.0,0.0,0.0,0.0,0.0,0.0,0.0,0.0,0.0,1,160.0,160.0,680.0,680.0,680.0,680.0,825.0,825.0,825.0,825.0,825.0,825.0,825.0,825.0,160.0,160.0,0.0,0.0,0,0,0,0,0,0,0,0,0,0,0,0,0,0,0,0,0
28260115,28260,28,인천광역시,260,서구,115,신현동,1,0.0,0.0,0.0,0.0,0.0,0.0,0.0,0.0,0.0,0.0,0.0,0.0,0.0,0.0,0.0,0.0,1,0.0,0.0,0.0,0.0,0.0,0.0,0.0,0.0,0.0,0.0,0.0,0.0,0.0,0.0,0.0,0.0,0,0.0,0.0,0.0,0.0,0.0,0.0,0.0,0.0,0.0,0.0,0.0,0.0,0.0,0.0,0.0,0.0,0.0,0.0,0,0,0,0,0,0,0,0,0,0,0,0,0,0,0,0,0
28260116,28260,28,인천광역시,260,서구,116,불로동,0,0.0,0.0,0.0,0.0,0.0,0.0,0.0,0.0,0.0,0.0,0.0,0.0,0.0,0.0,0.0,0.0,0,0.0,0.0,0.0,0.0,0.0,0.0,0.0,0.0,0.0,0.0,0.0,0.0,0.0,0.0,0.0,0.0,1,505.0,505.0,820.0,820.0,820.0,820.0,820.0,820.0,830.0,830.0,860.0,860.0,860.0,860.0,505.0,505.0,0.0,0.0,0,0,0,0,0,0,0,0,0,0,0,0,0,0,0,0,0
28260117,28260,28,인천광역시,260,서구,117,연희동,1,0.0,0.0,0.0,0.0,0.0,0.0,0.0,0.0,0.0,0.0,0.0,0.0,0.0,0.0,0.0,0.0,1,0.0,0.0,0.0,0.0,0.0,0.0,0.0,0.0,0.0,0.0,0.0,0.0,0.0,0.0,0.0,0.0,0,0.0,0.0,0.0,0.0,0.0,0.0,0.0,0.0,0.0,0.0,0.0,0.0,0.0,0.0,0.0,0.0,0.0,0.0,0,0,0,0,0,0,0,0,0,0,0,0,0,0,0,0,0
28260118,28260,28,인천광역시,260,서구,118,원당동,1,0.0,0.0,0.0,0.0,0.0,0.0,0.0,0.0,0.0,0.0,0.0,0.0,0.0,0.0,0.0,0.0,1,0.0,0.0,0.0,0.0,0.0,0.0,0.0,0.0,0.0,0.0,0.0,0.0,430.0,430.0,0.0,0.0,0,0.0,0.0,0.0,0.0,0.0,0.0,0.0,0.0,0.0,0.0,0.0,0.0,0.0,0.0,0.0,0.0,0.0,0.0,0,0,0,0,0,0,0,0,0,0,0,0,0,0,0,0,0
28260120,28260,28,인천광역시,260,서구,120,왕길동,1,0.0,0.0,0.0,0.0,0.0,0.0,0.0,0.0,0.0,0.0,0.0,0.0,0.0,0.0,0.0,0.0,1,0.0,0.0,0.0,0.0,0.0,0.0,0.0,0.0,0.0,0.0,0.0,0.0,0.0,0.0,0.0,0.0,0,0.0,0.0,0.0,0.0,0.0,0.0,0.0,0.0,0.0,0.0,0.0,0.0,0.0,0.0,0.0,0.0,0.0,0.0,0,0,0,0,0,0,0,0,0,0,0,0,0,0,0,0,0
28260122,28260,28,인천광역시,260,서구,122,청라동,1,0.0,0.0,0.0,0.0,0.0,0.0,0.0,0.0,0.0,0.0,0.0,0.0,0.0,0.0,0.0,0.0,1,0.0,0.0,0.0,0.0,0.0,0.0,0.0,0.0,0.0,0.0,0.0,0.0,0.0,0.0,0.0,0.0,1,0.0,0.0,1285.0,1285.0,1295.0,1295.0,1320.0,1320.0,1340.0,1340.0,1350.0,1350.0,1365.0,1365.0,0.0,0.0,0.0,0.0,0,0,0,0,0,0,0,0,0,0,0,0,0,0,0,0,0
28260123,28260,28,인천광역시,260,서구,123,대곡동,1,0.0,0.0,0.0,0.0,0.0,0.0,0.0,0.0,0.0,0.0,0.0,0.0,0.0,0.0,0.0,0.0,1,0.0,0.0,0.0,0.0,0.0,0.0,0.0,0.0,0.0,0.0,0.0,0.0,0.0,0.0,0.0,0.0,1,0.0,0.0,0.0,0.0,0.0,0.0,0.0,0.0,0.0,0.0,0.0,0.0,0.0,0.0,0.0,0.0,0.0,0.0,0,0,0,0,0,0,0,0,0,0,0,0,0,0,0,0,0
28260126,28260,28,인천광역시,260,서구,126,가정동,0,0.0,0.0,0.0,0.0,0.0,0.0,0.0,0.0,0.0,0.0,0.0,0.0,0.0,0.0,0.0,0.0,0,0.0,0.0,0.0,0.0,0.0,0.0,0.0,0.0,0.0,0.0,0.0,0.0,0.0,0.0,0.0,0.0,1,330.0,330.0,330.0,330.0,330.0,330.0,330.0,330.0,330.0,330.0,330.0,330.0,330.0,330.0,330.0,330.0,0.0,0.0,0,0,0,0,0,0,0,0,0,0,0,0,0,0,0,0,0
28260136,28260,28,인천광역시,260,서구,136,송현동,1,0.0,0.0,0.0,0.0,0.0,0.0,0.0,0.0,0.0,0.0,35.0,35.0,35.0,35.0,0.0,0.0,1,0.0,0.0,0.0,0.0,0.0,0.0,0.0,0.0,0.0,0.0,35.0,35.0,35.0,35.0,0.0,0.0,0,0.0,0.0,0.0,0.0,0.0,0.0,0.0,0.0,0.0,0.0,0.0,0.0,0.0,0.0,0.0,0.0,0.0,0.0,0,0,0,0,0,0,0,0,0,0,0,0,0,0,0,0,0
28275101,28275,28,인천광역시,275,서해구,101,검암동,1,0.0,0.0,0.0,0.0,0.0,0.0,0.0,0.0,0.0,0.0,0.0,0.0,0.0,0.0,0.0,0.0,1,0.0,0.0,0.0,0.0,0.0,0.0,0.0,0.0,0.0,0.0,0.0,0.0,0.0,0.0,0.0,0.0,1,0.0,0.0,0.0,0.0,0.0,0.0,960.0,960.0,960.0,960.0,960.0,960.0,960.0,960.0,0.0,0.0,0.0,0.0,0,0,0,0,0,0,0,0,0,0,0,0,0,0,0,0,0
28275110,28275,28,인천광역시,275,서해구,110,가좌동,1,0.0,0.0,0.0,0.0,0.0,0.0,0.0,0.0,0.0,0.0,0.0,0.0,0.0,0.0,0.0,0.0,1,0.0,0.0,0.0,0.0,0.0,0.0,0.0,0.0,0.0,0.0,0.0,0.0,0.0,0.0,0.0,0.0,0,0.0,0.0,0.0,0.0,0.0,0.0,0.0,0.0,0.0,0.0,0.0,0.0,0.0,0.0,0.0,0.0,0.0,0.0,1,15,15,15,15,0,0,0,0,14,14,12,12,2,2,0,0
28275111,28275,28,인천광역시,275,서해구,111,청라동,1,0.0,0.0,0.0,0.0,0.0,0.0,0.0,0.0,0.0,0.0,0.0,0.0,0.0,0.0,0.0,0.0,1,0.0,0.0,0.0,0.0,0.0,0.0,0.0,0.0,0.0,0.0,0.0,0.0,0.0,0.0,0.0,0.0,0,0.0,0.0,0.0,0.0,0.0,0.0,0.0,0.0,0.0,0.0,0.0,0.0,0.0,0.0,0.0,0.0,0.0,0.0,1,0,0,0,0,0,0,0,0,13,13,12,12,1,1,0,0
28290104,28290,28,인천광역시,290,검단구,104,당하동,1,0.0,0.0,0.0,0.0,0.0,0.0,0.0,0.0,0.0,0.0,0.0,0.0,21.5,21.5,0.0,0.0,1,0.0,0.0,0.0,0.0,0.0,0.0,0.0,0.0,0.0,0.0,0.0,0.0,75.0,75.0,0.0,0.0,0,0.0,0.0,0.0,0.0,0.0,0.0,0.0,0.0,0.0,0.0,0.0,0.0,0.0,0.0,0.0,0.0,0.0,0.0,0,0,0,0,0,0,0,0,0,0,0,0,0,0,0,0,0
28710250,28710,28,인천광역시,710,강화군,250,강화읍,0,0.0,0.0,0.0,0.0,0.0,0.0,0.0,0.0,0.0,0.0,0.0,0.0,0.0,0.0,0.0,0.0,0,0.0,0.0,0.0,0.0,0.0,0.0,0.0,0.0,0.0,0.0,0.0,0.0,0.0,0.0,0.0,0.0,1,375.0,375.0,375.0,375.0,670.0,670.0,670.0,670.0,675.0,675.0,675.0,675.0,675.0,675.0,375.0,375.0,0.0,0.0,2,20,20,18,18,0,0,2,2,19,13,16,12,3,2,0,0
28710310,28710,28,인천광역시,710,강화군,310,선원면,1,0.0,0.0,0.0,0.0,0.0,0.0,0.0,0.0,0.0,0.0,0.0,0.0,0.0,0.0,0.0,0.0,1,0.0,0.0,0.0,0.0,0.0,0.0,0.0,0.0,0.0,0.0,0.0,0.0,0.0,0.0,0.0,0.0,0,0.0,0.0,0.0,0.0,0.0,0.0,0.0,0.0,0.0,0.0,0.0,0.0,0.0,0.0,0.0,0.0,0.0,0.0,0,0,0,0,0,0,0,0,0,0,0,0,0,0,0,0,0
28710340,28710,28,인천광역시,710,강화군,340,화도면,1,0.0,0.0,0.0,0.0,0.0,0.0,0.0,0.0,0.0,0.0,0.0,0.0,0.0,0.0,0.0,0.0,1,0.0,0.0,0.0,0.0,0.0,0.0,0.0,0.0,0.0,0.0,0.0,0.0,0.0,0.0,0.0,0.0,0,0.0,0.0,0.0,0.0,0.0,0.0,0.0,0.0,0.0,0.0,0.0,0.0,0.0,0.0,0.0,0.0,0.0,0.0,0,0,0,0,0,0,0,0,0,0,0,0,0,0,0,0,0
28710400,28710,28,인천광역시,710,강화군,400,교동면,0,0.0,0.0,0.0,0.0,0.0,0.0,0.0,0.0,0.0,0.0,0.0,0.0,0.0,0.0,0.0,0.0,0,0.0,0.0,0.0,0.0,0.0,0.0,0.0,0.0,0.0,0.0,0.0,0.0,0.0,0.0,0.0,0.0,1,270.0,270.0,290.0,290.0,290.0,290.0,290.0,290.0,290.0,290.0,290.0,290.0,290.0,290.0,270.0,270.0,0.0,0.0,1,12,12,6,6,1,1,5,5,8,8,2,2,2,2,4,4
28720310,28720,28,인천광역시,720,옹진군,310,북도면,0,0.0,0.0,0.0,0.0,0.0,0.0,0.0,0.0,0.0,0.0,0.0,0.0,0.0,0.0,0.0,0.0,0,0.0,0.0,0.0,0.0,0.0,0.0,0.0,0.0,0.0,0.0,0.0,0.0,0.0,0.0,0.0,0.0,1,0.0,0.0,1350.0,1350.0,1390.0,1390.0,1430.0,1430.0,1455.0,1455.0,1495.0,1495.0,1575.0,1575.0,0.0,0.0,0.0,0.0,1,0,0,0,0,0,0,0,0,13,13,12,12,1,1,0,0
30110101,30110,30,대전광역시,110,동구,101,원동,0,0.0,0.0,0.0,0.0,0.0,0.0,0.0,0.0,0.0,0.0,0.0,0.0,0.0,0.0,0.0,0.0,0,0.0,0.0,0.0,0.0,0.0,0.0,0.0,0.0,0.0,0.0,0.0,0.0,0.0,0.0,0.0,0.0,1,0.0,0.0,0.0,0.0,0.0,0.0,0.0,0.0,0.0,0.0,0.0,0.0,0.0,0.0,0.0,0.0,0.0,0.0,1,0,0,0,0,0,0,0,0,16,16,16,16,0,0,0,0
30110105,30110,30,대전광역시,110,동구,105,가오동,1,0.0,0.0,0.0,0.0,0.0,0.0,0.0,0.0,0.0,0.0,0.0,0.0,0.0,0.0,0.0,0.0,1,0.0,0.0,0.0,0.0,0.0,0.0,0.0,0.0,0.0,0.0,0.0,0.0,0.0,0.0,0.0,0.0,1,0.0,0.0,0.0,0.0,0.0,0.0,0.0,0.0,0.0,0.0,0.0,0.0,0.0,0.0,0.0,0.0,0.0,0.0,1,26,26,19,19,0,0,7,7,8,8,7,7,0,0,1,1
30110109,30110,30,대전광역시,110,동구,109,용운동,1,0.0,0.0,0.0,0.0,0.0,0.0,0.0,0.0,0.0,0.0,0.0,0.0,0.0,0.0,0.0,0.0,0,0.0,0.0,0.0,0.0,0.0,0.0,0.0,0.0,0.0,0.0,0.0,0.0,0.0,0.0,0.0,0.0,0,0.0,0.0,0.0,0.0,0.0,0.0,0.0,0.0,0.0,0.0,0.0,0.0,0.0,0.0,0.0,0.0,0.0,0.0,0,0,0,0,0,0,0,0,0,0,0,0,0,0,0,0,0
30110114,30110,30,대전광역시,110,동구,114,가양동,0,0.0,0.0,0.0,0.0,0.0,0.0,0.0,0.0,0.0,0.0,0.0,0.0,0.0,0.0,0.0,0.0,1,0.0,0.0,0.0,0.0,0.0,0.0,0.0,0.0,0.0,0.0,0.0,0.0,0.0,0.0,0.0,0.0,1,0.0,0.0,0.0,0.0,0.0,0.0,0.0,0.0,0.0,0.0,0.0,0.0,0.0,0.0,0.0,0.0,0.0,0.0,1,23,23,4,4,0,0,19,19,8,8,4,4,0,0,4,4
30110115,30110,30,대전광역시,110,동구,115,대동,0,0.0,0.0,0.0,0.0,0.0,0.0,0.0,0.0,0.0,0.0,0.0,0.0,0.0,0.0,0.0,0.0,1,0.0,0.0,0.0,0.0,0.0,0.0,0.0,0.0,0.0,0.0,0.0,0.0,0.0,0.0,0.0,0.0,1,0.0,0.0,0.0,0.0,0.0,0.0,0.0,0.0,0.0,0.0,0.0,0.0,0.0,0.0,0.0,0.0,0.0,0.0,1,26,26,11,11,0,0,15,15,8,8,6,6,0,0,2,2
30110118,30110,30,대전광역시,110,동구,118,삼성동,1,0.0,0.0,0.0,0.0,0.0,0.0,0.0,0.0,0.0,0.0,0.0,0.0,0.0,0.0,0.0,0.0,0,0.0,0.0,0.0,0.0,0.0,0.0,0.0,0.0,0.0,0.0,0.0,0.0,0.0,0.0,0.0,0.0,0,0.0,0.0,0.0,0.0,0.0,0.0,0.0,0.0,0.0,0.0,0.0,0.0,0.0,0.0,0.0,0.0,0.0,0.0,0,0,0,0,0,0,0,0,0,0,0,0,0,0,0,0,0
30110124,30110,30,대전광역시,110,동구,124,용계동,0,0.0,0.0,0.0,0.0,0.0,0.0,0.0,0.0,0.0,0.0,0.0,0.0,0.0,0.0,0.0,0.0,1,0.0,0.0,0.0,0.0,0.0,0.0,0.0,0.0,0.0,0.0,0.0,0.0,0.0,0.0,0.0,0.0,1,0.0,0.0,0.0,0.0,0.0,0.0,0.0,0.0,0.0,0.0,0.0,0.0,0.0,0.0,0.0,0.0,0.0,0.0,1,9,9,0,0,6,6,3,3,16,16,10,10,0,0,6,6
30110126,30110,30,대전광역시,110,동구,126,효평동,1,0.0,0.0,0.0,0.0,0.0,0.0,0.0,0.0,0.0,0.0,0.0,0.0,0.0,0.0,0.0,0.0,0,0.0,0.0,0.0,0.0,0.0,0.0,0.0,0.0,0.0,0.0,0.0,0.0,0.0,0.0,0.0,0.0,0,0.0,0.0,0.0,0.0,0.0,0.0,0.0,0.0,0.0,0.0,0.0,0.0,0.0,0.0,0.0,0.0,0.0,0.0,0,0,0,0,0,0,0,0,0,0,0,0,0,0,0,0,0
30110133,30110,30,대전광역시,110,동구,133,내탑동,0,0.0,0.0,0.0,0.0,0.0,0.0,0.0,0.0,0.0,0.0,0.0,0.0,0.0,0.0,0.0,0.0,1,185.0,185.0,0.0,0.0,0.0,0.0,0.0,0.0,0.0,0.0,0.0,0.0,0.0,0.0,185.0,185.0,1,0.0,0.0,0.0,0.0,0.0,0.0,0.0,0.0,0.0,0.0,0.0,0.0,0.0,0.0,0.0,0.0,0.0,0.0,1,27,27,23,23,0,0,4,4,8,8,7,7,0,0,1,1
30140105,30140,30,대전광역시,140,중구,105,,0,0.0,0.0,0.0,0.0,0.0,0.0,0.0,0.0,0.0,0.0,0.0,0.0,0.0,0.0,0.0,0.0,0,0.0,0.0,0.0,0.0,0.0,0.0,0.0,0.0,0.0,0.0,0.0,0.0,0.0,0.0,0.0,0.0,0,0.0,0.0,0.0,0.0,0.0,0.0,0.0,0.0,0.0,0.0,0.0,0.0,0.0,0.0,0.0,0.0,0.0,0.0,1,21,21,15,15,0,0,6,6,8,8,3,3,0,0,5,5
30140112,30140,30,대전광역시,140,중구,112,,0,0.0,0.0,0.0,0.0,0.0,0.0,0.0,0.0,0.0,0.0,0.0,0.0,0.0,0.0,0.0,0.0,0,0.0,0.0,0.0,0.0,0.0,0.0,0.0,0.0,0.0,0.0,0.0,0.0,0.0,0.0,0.0,0.0,0,0.0,0.0,0.0,0.0,0.0,0.0,0.0,0.0,0.0,0.0,0.0,0.0,0.0,0.0,0.0,0.0,0.0,0.0,1,0,0,0,0,0,0,0,0,16,16,16,16,0,0,0,0
30140114,30140,30,대전광역시,140,중구,114,태평동,1,0.0,0.0,0.0,0.0,0.0,0.0,0.0,0.0,0.0,0.0,0.0,0.0,0.0,0.0,0.0,0.0,1,0.0,0.0,0.0,0.0,0.0,0.0,0.0,0.0,0.0,0.0,0.0,0.0,0.0,0.0,0.0,0.0,1,0.0,0.0,0.0,0.0,0.0,0.0,0.0,0.0,0.0,0.0,0.0,0.0,0.0,0.0,0.0,0.0,0.0,0.0,1,9,9,0,0,6,6,3,3,16,16,10,10,0,0,6,6
30170101,30170,30,대전광역시,170,서구,101,,0,0.0,0.0,0.0,0.0,0.0,0.0,0.0,0.0,0.0,0.0,0.0,0.0,0.0,0.0,0.0,0.0,0,0.0,0.0,0.0,0.0,0.0,0.0,0.0,0.0,0.0,0.0,0.0,0.0,0.0,0.0,0.0,0.0,0,0.0,0.0,0.0,0.0,0.0,0.0,0.0,0.0,0.0,0.0,0.0,0.0,0.0,0.0,0.0,0.0,0.0,0.0,1,0,0,0,0,0,0,0,0,16,16,16,16,0,0,0,0
30170103,30170,30,대전광역시,170,서구,103,평촌동,1,0.0,0.0,0.0,0.0,0.0,0.0,0.0,0.0,0.0,0.0,0.0,0.0,0.0,0.0,0.0,0.0,0,0.0,0.0,0.0,0.0,0.0,0.0,0.0,0.0,0.0,0.0,0.0,0.0,0.0,0.0,0.0,0.0,0,0.0,0.0,0.0,0.0,0.0,0.0,0.0,0.0,0.0,0.0,0.0,0.0,0.0,0.0,0.0,0.0,0.0,0.0,0,0,0,0,0,0,0,0,0,0,0,0,0,0,0,0,0
30170104,30170,30,대전광역시,170,서구,104,정림동,1,0.0,0.0,0.0,0.0,0.0,0.0,0.0,0.0,0.0,0.0,0.0,0.0,0.0,0.0,0.0,0.0,0,0.0,0.0,0.0,0.0,0.0,0.0,0.0,0.0,0.0,0.0,0.0,0.0,0.0,0.0,0.0,0.0,0,0.0,0.0,0.0,0.0,0.0,0.0,0.0,0.0,0.0,0.0,0.0,0.0,0.0,0.0,0.0,0.0,0.0,0.0,0,0,0,0,0,0,0,0,0,0,0,0,0,0,0,0,0
30170106,30170,30,대전광역시,170,서구,106,탄방동,1,53.1,53.1,0.0,0.0,0.0,0.0,0.0,0.0,0.0,0.0,0.0,0.0,0.0,0.0,53.1,53.1,0,0.0,0.0,0.0,0.0,0.0,0.0,0.0,0.0,0.0,0.0,0.0,0.0,0.0,0.0,0.0,0.0,0,0.0,0.0,0.0,0.0,0.0,0.0,0.0,0.0,0.0,0.0,0.0,0.0,0.0,0.0,0.0,0.0,0.0,0.0,0,0,0,0,0,0,0,0,0,0,0,0,0,0,0,0,0
30170111,30170,30,대전광역시,170,서구,111,갈마동,0,0.0,0.0,0.0,0.0,0.0,0.0,0.0,0.0,0.0,0.0,0.0,0.0,0.0,0.0,0.0,0.0,1,190.0,190.0,0.0,0.0,0.0,0.0,0.0,0.0,0.0,0.0,0.0,0.0,0.0,0.0,190.0,190.0,1,0.0,0.0,0.0,0.0,0.0,0.0,0.0,0.0,0.0,0.0,0.0,0.0,0.0,0.0,0.0,0.0,0.0,0.0,1,25,25,18,18,5,5,2,2,8,8,3,3,0,0,5,5
30170112,30170,30,대전광역시,170,서구,112,둔산동,1,0.0,0.0,0.0,0.0,0.0,0.0,0.0,0.0,0.0,0.0,0.0,0.0,0.0,0.0,0.0,0.0,1,30.0,30.0,0.0,0.0,0.0,0.0,0.0,0.0,0.0,0.0,0.0,0.0,0.0,0.0,30.0,30.0,1,0.0,0.0,0.0,0.0,0.0,0.0,0.0,0.0,0.0,0.0,0.0,0.0,0.0,0.0,0.0,0.0,0.0,0.0,1,27,27,27,27,-1,-1,1,1,8,8,5,5,0,0,3,3
30170113,30170,30,대전광역시,170,서구,113,월평동,1,0.0,0.0,0.0,0.0,0.0,0.0,0.0,0.0,0.0,0.0,0.0,0.0,0.0,0.0,0.0,0.0,0,0.0,0.0,0.0,0.0,0.0,0.0,0.0,0.0,0.0,0.0,0.0,0.0,0.0,0.0,0.0,0.0,0,0.0,0.0,0.0,0.0,0.0,0.0,0.0,0.0,0.0,0.0,0.0,0.0,0.0,0.0,0.0,0.0,0.0,0.0,1,11,11,6,6,0,0,5,5,12,12,6,6,0,0,6,6
30170114,30170,30,대전광역시,170,서구,114,가수원동,0,0.0,0.0,0.0,0.0,0.0,0.0,0.0,0.0,0.0,0.0,0.0,0.0,0.0,0.0,0.0,0.0,1,0.0,0.0,0.0,0.0,0.0,0.0,0.0,0.0,0.0,0.0,0.0,0.0,0.0,0.0,0.0,0.0,1,0.0,0.0,0.0,0.0,0.0,0.0,0.0,0.0,0.0,0.0,0.0,0.0,0.0,0.0,0.0,0.0,0.0,0.0,2,36,27,24,24,6,6,6,3,24,16,15,10,0,0,9,6
30170121,30170,30,대전광역시,170,서구,121,평촌동,1,67.4,67.4,55.1,55.1,53.4,53.4,41.1,41.1,0.0,0.0,0.0,0.0,0.0,0.0,67.4,67.4,0,0.0,0.0,0.0,0.0,0.0,0.0,0.0,0.0,0.0,0.0,0.0,0.0,0.0,0.0,0.0,0.0,0,0.0,0.0,0.0,0.0,0.0,0.0,0.0,0.0,0.0,0.0,0.0,0.0,0.0,0.0,0.0,0.0,0.0,0.0,1,26,26,12,12,10,10,4,4,18,18,10,10,0,0,8,8
30170122,30170,30,대전광역시,170,서구,122,내동,0,0.0,0.0,0.0,0.0,0.0,0.0,0.0,0.0,0.0,0.0,0.0,0.0,0.0,0.0,0.0,0.0,1,0.0,0.0,0.0,0.0,0.0,0.0,0.0,0.0,0.0,0.0,0.0,0.0,0.0,0.0,0.0,0.0,1,0.0,0.0,0.0,0.0,0.0,0.0,0.0,0.0,0.0,0.0,0.0,0.0,0.0,0.0,0.0,0.0,0.0,0.0,1,28,28,20,20,1,1,7,7,8,8,5,5,0,0,3,3
30200104,30200,30,대전광역시,200,유성구,104,용계동,1,0.0,0.0,0.0,0.0,0.0,0.0,0.0,0.0,0.0,0.0,0.0,0.0,0.0,0.0,0.0,0.0,0,0.0,0.0,0.0,0.0,0.0,0.0,0.0,0.0,0.0,0.0,0.0,0.0,0.0,0.0,0.0,0.0,0,0.0,0.0,0.0,0.0,0.0,0.0,0.0,0.0,0.0,0.0,0.0,0.0,0.0,0.0,0.0,0.0,0.0,0.0,0,0,0,0,0,0,0,0,0,0,0,0,0,0,0,0,0
30200107,30200,30,대전광역시,200,유성구,107,성북동,1,0.0,0.0,0.0,0.0,0.0,0.0,0.0,0.0,0.0,0.0,0.0,0.0,0.0,0.0,0.0,0.0,0,0.0,0.0,0.0,0.0,0.0,0.0,0.0,0.0,0.0,0.0,0.0,0.0,0.0,0.0,0.0,0.0,0,0.0,0.0,0.0,0.0,0.0,0.0,0.0,0.0,0.0,0.0,0.0,0.0,0.0,0.0,0.0,0.0,0.0,0.0,0,0,0,0,0,0,0,0,0,0,0,0,0,0,0,0,0
30200108,30200,30,대전광역시,200,유성구,108,,0,0.0,0.0,0.0,0.0,0.0,0.0,0.0,0.0,0.0,0.0,0.0,0.0,0.0,0.0,0.0,0.0,0,0.0,0.0,0.0,0.0,0.0,0.0,0.0,0.0,0.0,0.0,0.0,0.0,0.0,0.0,0.0,0.0,0,0.0,0.0,0.0,0.0,0.0,0.0,0.0,0.0,0.0,0.0,0.0,0.0,0.0,0.0,0.0,0.0,0.0,0.0,1,9,9,0,0,6,6,3,3,16,16,10,10,0,0,6,6
30200111,30200,30,대전광역시,200,유성구,111,봉명동,0,0.0,0.0,0.0,0.0,0.0,0.0,0.0,0.0,0.0,0.0,0.0,0.0,0.0,0.0,0.0,0.0,1,0.0,0.0,0.0,0.0,0.0,0.0,0.0,0.0,0.0,0.0,0.0,0.0,0.0,0.0,0.0,0.0,1,0.0,0.0,0.0,0.0,0.0,0.0,0.0,0.0,0.0,0.0,0.0,0.0,0.0,0.0,0.0,0.0,1200.0,1200.0,1,11,11,6,6,0,0,5,5,12,12,6,6,0,0,6,6
30200118,30200,30,대전광역시,200,유성구,118,갑동,0,0.0,0.0,0.0,0.0,0.0,0.0,0.0,0.0,0.0,0.0,0.0,0.0,0.0,0.0,0.0,0.0,1,30.0,30.0,0.0,0.0,0.0,0.0,0.0,0.0,0.0,0.0,0.0,0.0,0.0,0.0,30.0,30.0,1,0.0,0.0,0.0,0.0,0.0,0.0,0.0,0.0,0.0,0.0,0.0,0.0,0.0,0.0,0.0,0.0,0.0,0.0,1,27,27,25,25,1,1,1,1,8,8,5,5,0,0,3,3
30200121,30200,30,대전광역시,200,유성구,121,죽동,0,0.0,0.0,0.0,0.0,0.0,0.0,0.0,0.0,0.0,0.0,0.0,0.0,0.0,0.0,0.0,0.0,1,0.0,0.0,0.0,0.0,0.0,0.0,0.0,0.0,0.0,0.0,0.0,0.0,0.0,0.0,0.0,0.0,1,0.0,0.0,0.0,0.0,0.0,0.0,0.0,0.0,0.0,0.0,0.0,0.0,0.0,0.0,0.0,0.0,0.0,0.0,0,0,0,0,0,0,0,0,0,0,0,0,0,0,0,0,0
30200123,30200,30,대전광역시,200,유성구,123,화암동,1,6.0,6.0,0.0,0.0,0.0,0.0,0.0,0.0,0.0,0.0,0.0,0.0,0.0,0.0,6.0,6.0,0,0.0,0.0,0.0,0.0,0.0,0.0,0.0,0.0,0.0,0.0,0.0,0.0,0.0,0.0,0.0,0.0,0,0.0,0.0,0.0,0.0,0.0,0.0,0.0,0.0,0.0,0.0,0.0,0.0,0.0,0.0,0.0,0.0,0.0,0.0,0,0,0,0,0,0,0,0,0,0,0,0,0,0,0,0,0
30200126,30200,30,대전광역시,200,유성구,126,가정동,0,0.0,0.0,0.0,0.0,0.0,0.0,0.0,0.0,0.0,0.0,0.0,0.0,0.0,0.0,0.0,0.0,1,220.0,220.0,0.0,0.0,0.0,0.0,0.0,0.0,0.0,0.0,0.0,0.0,0.0,0.0,220.0,220.0,1,0.0,0.0,0.0,0.0,0.0,0.0,0.0,0.0,0.0,0.0,0.0,0.0,0.0,0.0,0.0,0.0,0.0,0.0,1,26,26,26,26,0,0,0,0,8,8,6,6,0,0,2,2
30200128,30200,30,대전광역시,200,유성구,128,신동,1,133.9,133.9,109.5,109.5,109.0,109.0,105.0,105.0,0.0,0.0,0.0,0.0,0.0,0.0,133.9,133.9,0,0.0,0.0,0.0,0.0,0.0,0.0,0.0,0.0,0.0,0.0,0.0,0.0,0.0,0.0,0.0,0.0,0,0.0,0.0,0.0,0.0,0.0,0.0,0.0,0.0,0.0,0.0,0.0,0.0,0.0,0.0,0.0,0.0,0.0,0.0,0,0,0,0,0,0,0,0,0,0,0,0,0,0,0,0,0
30200142,30200,30,대전광역시,200,유성구,142,원촌동,1,13.7,13.7,0.0,0.0,0.0,0.0,0.0,0.0,0.0,0.0,0.0,0.0,0.0,0.0,13.7,13.7,0,0.0,0.0,0.0,0.0,0.0,0.0,0.0,0.0,0.0,0.0,0.0,0.0,0.0,0.0,0.0,0.0,0,0.0,0.0,0.0,0.0,0.0,0.0,0.0,0.0,0.0,0.0,0.0,0.0,0.0,0.0,0.0,0.0,0.0,0.0,0,0,0,0,0,0,0,0,0,0,0,0,0,0,0,0,0
30200143,30200,30,대전광역시,200,유성구,143,탑립동,1,70.0,70.0,46.5,46.5,44.3,44.3,42.1,42.1,0.0,0.0,0.0,0.0,0.0,0.0,70.0,70.0,1,265.0,265.0,365.0,365.0,360.0,360.0,310.0,310.0,0.0,0.0,0.0,0.0,0.0,0.0,265.0,265.0,1,0.0,0.0,0.0,0.0,0.0,0.0,0.0,0.0,0.0,0.0,0.0,0.0,0.0,0.0,0.0,0.0,0.0,0.0,1,26,26,12,12,10,10,4,4,18,18,10,10,0,0,8,8
30200146,30200,30,대전광역시,200,유성구,146,관평동,0,0.0,0.0,0.0,0.0,0.0,0.0,0.0,0.0,0.0,0.0,0.0,0.0,0.0,0.0,0.0,0.0,1,30.0,30.0,0.0,0.0,0.0,0.0,0.0,0.0,0.0,0.0,0.0,0.0,0.0,0.0,30.0,30.0,1,0.0,0.0,0.0,0.0,0.0,0.0,0.0,0.0,0.0,0.0,0.0,0.0,0.0,0.0,0.0,0.0,0.0,0.0,1,28,28,24,24,1,1,3,3,12,12,10,10,0,0,2,2
30200149,30200,30,대전광역시,200,유성구,149,,0,0.0,0.0,0.0,0.0,0.0,0.0,0.0,0.0,0.0,0.0,0.0,0.0,0.0,0.0,0.0,0.0,0,0.0,0.0,0.0,0.0,0.0,0.0,0.0,0.0,0.0,0.0,0.0,0.0,0.0,0.0,0.0,0.0,0,0.0,0.0,0.0,0.0,0.0,0.0,0.0,0.0,0.0,0.0,0.0,0.0,0.0,0.0,0.0,0.0,0.0,0.0,1,0,0,0,0,0,0,0,0,16,16,16,16,0,0,0,0
30200150,30200,30,대전광역시,200,유성구,150,금탄동,0,0.0,0.0,0.0,0.0,0.0,0.0,0.0,0.0,0.0,0.0,0.0,0.0,0.0,0.0,0.0,0.0,1,205.0,205.0,115.0,115.0,120.0,120.0,105.0,105.0,0.0,0.0,0.0,0.0,0.0,0.0,205.0,205.0,1,0.0,0.0,0.0,0.0,0.0,0.0,0.0,0.0,0.0,0.0,0.0,0.0,0.0,0.0,0.0,0.0,494.0,494.0,1,27,27,16,16,3,3,8,8,8,8,4,4,3,3,1,1
30200153,30200,30,대전광역시,200,유성구,153,구룡동,0,0.0,0.0,0.0,0.0,0.0,0.0,0.0,0.0,0.0,0.0,0.0,0.0,0.0,0.0,0.0,0.0,1,205.0,205.0,115.0,115.0,115.0,115.0,105.0,105.0,0.0,0.0,0.0,0.0,0.0,0.0,205.0,205.0,1,0.0,0.0,0.0,0.0,0.0,0.0,0.0,0.0,0.0,0.0,0.0,0.0,0.0,0.0,0.0,0.0,0.0,0.0,1,26,26,3,3,8,8,15,15,8,8,5,5,0,0,3,3
30200320,30200,30,대전광역시,200,유성구,320,현도면,1,0.0,0.0,0.0,0.0,0.0,0.0,0.0,0.0,0.0,0.0,0.0,0.0,0.0,0.0,0.0,0.0,0,0.0,0.0,0.0,0.0,0.0,0.0,0.0,0.0,0.0,0.0,0.0,0.0,0.0,0.0,0.0,0.0,0,0.0,0.0,0.0,0.0,0.0,0.0,0.0,0.0,0.0,0.0,0.0,0.0,0.0,0.0,0.0,0.0,0.0,0.0,0,0,0,0,0,0,0,0,0,0,0,0,0,0,0,0,0
30230101,30230,30,대전광역시,230,대덕구,101,,0,0.0,0.0,0.0,0.0,0.0,0.0,0.0,0.0,0.0,0.0,0.0,0.0,0.0,0.0,0.0,0.0,0,0.0,0.0,0.0,0.0,0.0,0.0,0.0,0.0,0.0,0.0,0.0,0.0,0.0,0.0,0.0,0.0,0,0.0,0.0,0.0,0.0,0.0,0.0,0.0,0.0,0.0,0.0,0.0,0.0,0.0,0.0,0.0,0.0,0.0,0.0,1,0,0,0,0,0,0,0,0,16,16,16,16,0,0,0,0
30230102,30230,30,대전광역시,230,대덕구,102,대화동,1,0.0,0.0,0.0,0.0,0.0,0.0,0.0,0.0,0.0,0.0,0.0,0.0,0.0,0.0,0.0,0.0,0,0.0,0.0,0.0,0.0,0.0,0.0,0.0,0.0,0.0,0.0,0.0,0.0,0.0,0.0,0.0,0.0,0,0.0,0.0,0.0,0.0,0.0,0.0,0.0,0.0,0.0,0.0,0.0,0.0,0.0,0.0,0.0,0.0,0.0,0.0,0,0,0,0,0,0,0,0,0,0,0,0,0,0,0,0,0
30230104,30230,30,대전광역시,230,대덕구,104,대화동,0,0.0,0.0,0.0,0.0,0.0,0.0,0.0,0.0,0.0,0.0,0.0,0.0,0.0,0.0,0.0,0.0,1,0.0,0.0,0.0,0.0,0.0,0.0,0.0,0.0,0.0,0.0,0.0,0.0,0.0,0.0,0.0,0.0,1,0.0,0.0,0.0,0.0,0.0,0.0,0.0,0.0,0.0,0.0,0.0,0.0,0.0,0.0,0.0,0.0,0.0,0.0,1,26,26,18,18,1,1,7,7,8,8,8,8,0,0,0,0
30230111,30230,30,대전광역시,230,대덕구,111,,0,0.0,0.0,0.0,0.0,0.0,0.0,0.0,0.0,0.0,0.0,0.0,0.0,0.0,0.0,0.0,0.0,0,0.0,0.0,0.0,0.0,0.0,0.0,0.0,0.0,0.0,0.0,0.0,0.0,0.0,0.0,0.0,0.0,0,0.0,0.0,0.0,0.0,0.0,0.0,0.0,0.0,0.0,0.0,0.0,0.0,0.0,0.0,0.0,0.0,0.0,0.0,1,26,26,12,12,10,10,4,4,18,18,10,10,0,0,8,8
30230114,30230,30,대전광역시,230,대덕구,114,신일동,1,39.7,39.7,36.7,36.7,33.8,33.8,31.0,31.0,0.0,0.0,0.0,0.0,0.0,0.0,39.7,39.7,0,0.0,0.0,0.0,0.0,0.0,0.0,0.0,0.0,0.0,0.0,0.0,0.0,0.0,0.0,0.0,0.0,0,0.0,0.0,0.0,0.0,0.0,0.0,0.0,0.0,0.0,0.0,0.0,0.0,0.0,0.0,0.0,0.0,0.0,0.0,0,0,0,0,0,0,0,0,0,0,0,0,0,0,0,0,0
30230118,30230,30,대전광역시,230,대덕구,118,,0,0.0,0.0,0.0,0.0,0.0,0.0,0.0,0.0,0.0,0.0,0.0,0.0,0.0,0.0,0.0,0.0,0,0.0,0.0,0.0,0.0,0.0,0.0,0.0,0.0,0.0,0.0,0.0,0.0,0.0,0.0,0.0,0.0,0,0.0,0.0,0.0,0.0,0.0,0.0,0.0,0.0,0.0,0.0,0.0,0.0,0.0,0.0,0.0,0.0,0.0,0.0,1,11,11,6,6,0,0,5,5,12,12,6,6,0,0,6,6
30230121,30230,30,대전광역시,230,대덕구,121,갈전동,0,0.0,0.0,0.0,0.0,0.0,0.0,0.0,0.0,0.0,0.0,0.0,0.0,0.0,0.0,0.0,0.0,1,130.0,130.0,60.0,60.0,60.0,60.0,45.0,45.0,0.0,0.0,0.0,0.0,0.0,0.0,130.0,130.0,1,0.0,0.0,0.0,0.0,0.0,0.0,0.0,0.0,0.0,0.0,0.0,0.0,0.0,0.0,0.0,0.0,0.0,0.0,1,24,24,17,17,1,1,6,6,10,10,6,6,2,2,2,2
30230122,30230,30,대전광역시,230,대덕구,122,신대동,0,0.0,0.0,0.0,0.0,0.0,0.0,0.0,0.0,0.0,0.0,0.0,0.0,0.0,0.0,0.0,0.0,1,245.0,245.0,175.0,175.0,180.0,180.0,165.0,165.0,0.0,0.0,0.0,0.0,0.0,0.0,245.0,245.0,1,0.0,0.0,0.0,0.0,0.0,0.0,0.0,0.0,0.0,0.0,0.0,0.0,0.0,0.0,0.0,0.0,0.0,0.0,1,24,24,22,22,0,0,2,2,8,8,8,8,-1,-1,1,1
30230123,30230,30,대전광역시,230,대덕구,123,황호동,1,70.4,70.4,60.0,60.0,60.0,60.0,45.0,45.0,0.0,0.0,0.0,0.0,0.0,0.0,70.4,70.4,0,0.0,0.0,0.0,0.0,0.0,0.0,0.0,0.0,0.0,0.0,0.0,0.0,0.0,0.0,0.0,0.0,0,0.0,0.0,0.0,0.0,0.0,0.0,0.0,0.0,0.0,0.0,0.0,0.0,0.0,0.0,0.0,0.0,0.0,0.0,0,0,0,0,0,0,0,0,0,0,0,0,0,0,0,0,0
31110101,31110,31,울산광역시,110,중구,101,학성동,0,0.0,0.0,0.0,0.0,0.0,0.0,0.0,0.0,0.0,0.0,0.0,0.0,0.0,0.0,0.0,0.0,0,0.0,0.0,0.0,0.0,0.0,0.0,0.0,0.0,0.0,0.0,0.0,0.0,0.0,0.0,0.0,0.0,1,0.0,0.0,0.0,0.0,0.0,0.0,0.0,0.0,0.0,0.0,5.0,5.0,910.0,910.0,0.0,0.0,0.0,0.0,1,0,0,0,0,0,0,0,0,27,27,23,23,0,0,4,4
31110109,31110,31,울산광역시,110,중구,109,학성동,1,0.0,0.0,0.0,0.0,0.0,0.0,0.0,0.0,89.3,89.3,89.0,89.0,88.7,88.7,0.0,0.0,0,0.0,0.0,0.0,0.0,0.0,0.0,0.0,0.0,0.0,0.0,0.0,0.0,0.0,0.0,0.0,0.0,0,0.0,0.0,0.0,0.0,0.0,0.0,0.0,0.0,0.0,0.0,0.0,0.0,0.0,0.0,0.0,0.0,0.0,0.0,0,0,0,0,0,0,0,0,0,0,0,0,0,0,0,0,0
31110112,31110,31,울산광역시,110,중구,112,다운동,0,0.0,0.0,0.0,0.0,0.0,0.0,0.0,0.0,0.0,0.0,0.0,0.0,0.0,0.0,0.0,0.0,1,0.0,0.0,0.0,0.0,0.0,0.0,0.0,0.0,140.0,140.0,150.0,150.0,160.0,160.0,0.0,0.0,1,0.0,0.0,0.0,0.0,0.0,0.0,0.0,0.0,0.0,0.0,1065.0,1065.0,1100.0,1100.0,0.0,0.0,0.0,0.0,1,10,10,7,7,2,2,1,1,8,8,4,4,0,0,4,4
31110115,31110,31,울산광역시,110,중구,115,,0,0.0,0.0,0.0,0.0,0.0,0.0,0.0,0.0,0.0,0.0,0.0,0.0,0.0,0.0,0.0,0.0,0,0.0,0.0,0.0,0.0,0.0,0.0,0.0,0.0,0.0,0.0,0.0,0.0,0.0,0.0,0.0,0.0,0,0.0,0.0,0.0,0.0,0.0,0.0,0.0,0.0,0.0,0.0,0.0,0.0,0.0,0.0,0.0,0.0,0.0,0.0,1,25,25,20,20,0,0,5,5,8,8,4,4,1,1,3,3
31110118,31110,31,울산광역시,110,중구,118,장현동,2,0.0,0.0,0.0,0.0,0.0,0.0,0.0,0.0,35.7,25.6,33.8,24.6,31.8,23.6,0.0,0.0,0,0.0,0.0,0.0,0.0,0.0,0.0,0.0,0.0,0.0,0.0,0.0,0.0,0.0,0.0,0.0,0.0,0,0.0,0.0,0.0,0.0,0.0,0.0,0.0,0.0,0.0,0.0,0.0,0.0,0.0,0.0,0.0,0.0,0.0,0.0,1,25,25,23,23,0,0,2,2,8,8,4,4,3,3,1,1
31140101,31140,31,울산광역시,140,남구,101,,0,0.0,0.0,0.0,0.0,0.0,0.0,0.0,0.0,0.0,0.0,0.0,0.0,0.0,0.0,0.0,0.0,0,0.0,0.0,0.0,0.0,0.0,0.0,0.0,0.0,0.0,0.0,0.0,0.0,0.0,0.0,0.0,0.0,0,0.0,0.0,0.0,0.0,0.0,0.0,0.0,0.0,0.0,0.0,0.0,0.0,0.0,0.0,0.0,0.0,0.0,0.0,1,0,0,0,0,0,0,0,0,27,27,23,23,0,0,4,4
31140103,31140,31,울산광역시,140,남구,103,두왕동,0,0.0,0.0,0.0,0.0,0.0,0.0,0.0,0.0,0.0,0.0,0.0,0.0,0.0,0.0,0.0,0.0,1,0.0,0.0,0.0,0.0,0.0,0.0,0.0,0.0,55.0,55.0,100.0,100.0,175.0,175.0,0.0,0.0,1,0.0,0.0,0.0,0.0,0.0,0.0,0.0,0.0,0.0,0.0,890.0,890.0,890.0,890.0,0.0,0.0,0.0,0.0,1,13,13,13,13,1,1,-1,-1,8,8,4,4,0,0,4,4
31140105,31140,31,울산광역시,140,남구,105,달동,0,0.0,0.0,0.0,0.0,0.0,0.0,0.0,0.0,0.0,0.0,0.0,0.0,0.0,0.0,0.0,0.0,1,0.0,0.0,0.0,0.0,0.0,0.0,0.0,0.0,0.0,0.0,0.0,0.0,0.0,0.0,0.0,0.0,1,0.0,0.0,0.0,0.0,0.0,0.0,0.0,0.0,0.0,0.0,870.0,870.0,870.0,870.0,0.0,0.0,0.0,0.0,1,25,25,20,20,5,5,0,0,8,8,7,7,1,1,0,0
31140112,31140,31,울산광역시,140,남구,112,고사동,0,0.0,0.0,0.0,0.0,0.0,0.0,0.0,0.0,0.0,0.0,0.0,0.0,0.0,0.0,0.0,0.0,1,0.0,0.0,0.0,0.0,0.0,0.0,0.0,0.0,0.0,0.0,0.0,0.0,0.0,0.0,0.0,0.0,1,1455.0,1455.0,1455.0,1455.0,1455.0,1455.0,1455.0,1455.0,1455.0,1455.0,1455.0,1455.0,1465.0,1465.0,1455.0,1455.0,0.0,0.0,1,22,22,21,21,0,0,1,1,11,11,11,11,0,0,0,0
31140113,31140,31,울산광역시,140,남구,113,성암동,0,0.0,0.0,0.0,0.0,0.0,0.0,0.0,0.0,0.0,0.0,0.0,0.0,0.0,0.0,0.0,0.0,0,0.0,0.0,0.0,0.0,0.0,0.0,0.0,0.0,0.0,0.0,0.0,0.0,0.0,0.0,0.0,0.0,1,1380.0,1380.0,1380.0,1380.0,1380.0,1380.0,1380.0,1380.0,1380.0,1380.0,1380.0,1380.0,1380.0,1380.0,1380.0,1380.0,0.0,0.0,1,0,0,0,0,0,0,0,0,12,12,8,8,0,0,4,4
31140114,31140,31,울산광역시,140,남구,114,황성동,0,0.0,0.0,0.0,0.0,0.0,0.0,0.0,0.0,0.0,0.0,0.0,0.0,0.0,0.0,0.0,0.0,0,0.0,0.0,0.0,0.0,0.0,0.0,0.0,0.0,0.0,0.0,0.0,0.0,0.0,0.0,0.0,0.0,1,0.0,0.0,0.0,0.0,0.0,0.0,0.0,0.0,0.0,0.0,480.0,480.0,480.0,480.0,0.0,0.0,0.0,0.0,0,0,0,0,0,0,0,0,0,0,0,0,0,0,0,0,0
31140115,31140,31,울산광역시,140,남구,115,용연동,1,0.0,0.0,0.0,0.0,0.0,0.0,0.0,0.0,0.0,0.0,0.0,0.0,0.0,0.0,0.0,0.0,1,0.0,0.0,0.0,0.0,0.0,0.0,0.0,0.0,0.0,0.0,0.0,0.0,0.0,0.0,0.0,0.0,1,0.0,0.0,0.0,0.0,0.0,0.0,0.0,0.0,0.0,0.0,0.0,0.0,0.0,0.0,0.0,0.0,0.0,0.0,0,0,0,0,0,0,0,0,0,0,0,0,0,0,0,0,0
31140117,31140,31,울산광역시,140,남구,117,신정동,0,0.0,0.0,0.0,0.0,0.0,0.0,0.0,0.0,0.0,0.0,0.0,0.0,0.0,0.0,0.0,0.0,1,0.0,0.0,0.0,0.0,0.0,0.0,0.0,0.0,0.0,0.0,0.0,0.0,0.0,0.0,0.0,0.0,1,1010.0,1010.0,1010.0,1010.0,1010.0,1010.0,1010.0,1010.0,1010.0,1010.0,1010.0,1010.0,1010.0,1010.0,1010.0,1010.0,0.0,0.0,1,24,24,23,23,0,0,1,1,10,10,4,4,2,2,4,4
31140119,31140,31,울산광역시,140,남구,119,매암동,0,0.0,0.0,0.0,0.0,0.0,0.0,0.0,0.0,0.0,0.0,0.0,0.0,0.0,0.0,0.0,0.0,1,0.0,0.0,0.0,0.0,0.0,0.0,0.0,0.0,0.0,0.0,0.0,0.0,0.0,0.0,0.0,0.0,1,0.0,0.0,0.0,0.0,0.0,0.0,0.0,0.0,0.0,0.0,0.0,0.0,0.0,0.0,0.0,0.0,0.0,0.0,1,26,26,26,26,0,0,0,0,15,15,15,15,0,0,0,0
31140121,31140,31,울산광역시,140,남구,121,여천동,2,0.0,0.0,0.0,0.0,0.0,0.0,0.0,0.0,0.0,0.0,0.0,0.0,0.0,0.0,0.0,0.0,0,0.0,0.0,0.0,0.0,0.0,0.0,0.0,0.0,0.0,0.0,0.0,0.0,0.0,0.0,0.0,0.0,0,0.0,0.0,0.0,0.0,0.0,0.0,0.0,0.0,0.0,0.0,0.0,0.0,0.0,0.0,0.0,0.0,0.0,0.0,0,0,0,0,0,0,0,0,0,0,0,0,0,0,0,0,0
31140124,31140,31,울산광역시,140,남구,124,황성동,1,0.0,0.0,0.0,0.0,0.0,0.0,0.0,0.0,0.0,0.0,0.0,0.0,0.0,0.0,0.0,0.0,0,0.0,0.0,0.0,0.0,0.0,0.0,0.0,0.0,0.0,0.0,0.0,0.0,0.0,0.0,0.0,0.0,0,0.0,0.0,0.0,0.0,0.0,0.0,0.0,0.0,0.0,0.0,0.0,0.0,0.0,0.0,0.0,0.0,0.0,0.0,0,0,0,0,0,0,0,0,0,0,0,0,0,0,0,0,0
31140133,31140,31,울산광역시,140,남구,133,옥동,1,0.0,0.0,0.0,0.0,0.0,0.0,0.0,0.0,0.0,0.0,0.0,0.0,0.0,0.0,0.0,0.0,0,0.0,0.0,0.0,0.0,0.0,0.0,0.0,0.0,0.0,0.0,0.0,0.0,0.0,0.0,0.0,0.0,0,0.0,0.0,0.0,0.0,0.0,0.0,0.0,0.0,0.0,0.0,0.0,0.0,0.0,0.0,0.0,0.0,0.0,0.0,0,0,0,0,0,0,0,0,0,0,0,0,0,0,0,0,0
31170101,31170,31,울산광역시,170,동구,101,방어동,0,0.0,0.0,0.0,0.0,0.0,0.0,0.0,0.0,0.0,0.0,0.0,0.0,0.0,0.0,0.0,0.0,1,0.0,0.0,0.0,0.0,0.0,0.0,0.0,0.0,0.0,0.0,0.0,0.0,0.0,0.0,0.0,0.0,2,290.0,290.0,290.0,290.0,645.0,645.0,830.0,830.0,830.0,830.0,830.0,830.0,830.0,830.0,290.0,290.0,0.0,0.0,2,22,22,22,22,0,0,0,0,29,21,14,8,1,1,14,14
31170106,31170,31,울산광역시,170,동구,106,주전동,0,0.0,0.0,0.0,0.0,0.0,0.0,0.0,0.0,0.0,0.0,0.0,0.0,0.0,0.0,0.0,0.0,1,740.0,740.0,135.0,135.0,125.0,125.0,495.0,495.0,475.0,475.0,350.0,350.0,330.0,330.0,740.0,740.0,1,235.0,235.0,235.0,235.0,235.0,235.0,235.0,235.0,235.0,235.0,235.0,235.0,235.0,235.0,235.0,235.0,0.0,0.0,1,14,14,3,3,1,1,10,10,8,8,4,4,0,0,4,4
31200101,31200,31,울산광역시,200,북구,101,,0,0.0,0.0,0.0,0.0,0.0,0.0,0.0,0.0,0.0,0.0,0.0,0.0,0.0,0.0,0.0,0.0,0,0.0,0.0,0.0,0.0,0.0,0.0,0.0,0.0,0.0,0.0,0.0,0.0,0.0,0.0,0.0,0.0,0,0.0,0.0,0.0,0.0,0.0,0.0,0.0,0.0,0.0,0.0,0.0,0.0,0.0,0.0,0.0,0.0,0.0,0.0,1,0,0,0,0,0,0,0,0,21,21,6,6,1,1,14,14
31200103,31200,31,울산광역시,200,북구,103,정자동,1,148.7,148.7,135.0,135.0,125.0,125.0,148.3,148.3,148.1,148.1,148.0,148.0,147.9,147.9,148.7,148.7,0,0.0,0.0,0.0,0.0,0.0,0.0,0.0,0.0,0.0,0.0,0.0,0.0,0.0,0.0,0.0,0.0,0,0.0,0.0,0.0,0.0,0.0,0.0,0.0,0.0,0.0,0.0,0.0,0.0,0.0,0.0,0.0,0.0,0.0,0.0,0,0,0,0,0,0,0,0,0,0,0,0,0,0,0,0,0
31200104,31200,31,울산광역시,200,북구,104,호계동,1,20.0,20.0,10.0,10.0,5.0,5.0,15.0,15.0,95.0,95.0,105.0,105.0,110.8,110.8,20.0,20.0,1,0.0,0.0,0.0,0.0,0.0,0.0,0.0,0.0,95.0,95.0,105.0,105.0,115.0,115.0,0.0,0.0,1,0.0,0.0,0.0,0.0,0.0,0.0,0.0,0.0,0.0,0.0,1140.0,1140.0,1140.0,1140.0,0.0,0.0,0.0,0.0,1,25,25,20,20,0,0,5,5,8,8,4,4,1,1,3,3
31200109,31200,31,울산광역시,200,북구,109,달천동,0,0.0,0.0,0.0,0.0,0.0,0.0,0.0,0.0,0.0,0.0,0.0,0.0,0.0,0.0,0.0,0.0,1,20.0,20.0,10.0,10.0,5.0,5.0,15.0,15.0,95.0,95.0,105.0,105.0,115.0,115.0,20.0,20.0,1,535.0,535.0,535.0,535.0,700.0,700.0,865.0,865.0,865.0,865.0,865.0,865.0,865.0,865.0,535.0,535.0,0.0,0.0,1,19,19,9,9,2,2,8,8,12,12,4,4,0,0,8,8
31200112,31200,31,울산광역시,200,북구,112,,0,0.0,0.0,0.0,0.0,0.0,0.0,0.0,0.0,0.0,0.0,0.0,0.0,0.0,0.0,0.0,0.0,0,0.0,0.0,0.0,0.0,0.0,0.0,0.0,0.0,0.0,0.0,0.0,0.0,0.0,0.0,0.0,0.0,0,0.0,0.0,0.0,0.0,0.0,0.0,0.0,0.0,0.0,0.0,0.0,0.0,0.0,0.0,0.0,0.0,0.0,0.0,1,14,14,3,3,1,1,10,10,8,8,4,4,0,0,4,4
31200120,31200,31,울산광역시,200,북구,120,명촌동,0,0.0,0.0,0.0,0.0,0.0,0.0,0.0,0.0,0.0,0.0,0.0,0.0,0.0,0.0,0.0,0.0,1,0.0,0.0,0.0,0.0,0.0,0.0,0.0,0.0,135.0,135.0,240.0,240.0,415.0,415.0,0.0,0.0,1,0.0,0.0,0.0,0.0,0.0,0.0,0.0,0.0,0.0,0.0,0.0,0.0,0.0,0.0,0.0,0.0,19.8,19.8,1,25,25,23,23,0,0,2,2,8,8,4,4,3,3,1,1
31200127,31200,31,울산광역시,200,북구,127,염포동,1,0.0,0.0,0.0,0.0,0.0,0.0,0.0,0.0,0.0,0.0,0.0,0.0,0.0,0.0,0.0,0.0,0,0.0,0.0,0.0,0.0,0.0,0.0,0.0,0.0,0.0,0.0,0.0,0.0,0.0,0.0,0.0,0.0,0,0.0,0.0,0.0,0.0,0.0,0.0,0.0,0.0,0.0,0.0,0.0,0.0,0.0,0.0,0.0,0.0,0.0,0.0,1,22,22,22,22,0,0,0,0,8,8,8,8,0,0,0,0
31710250,31710,31,울산광역시,710,울주군,250,온산읍,1,0.0,0.0,0.0,0.0,0.0,0.0,0.0,0.0,0.0,0.0,0.0,0.0,0.0,0.0,0.0,0.0,3,0.0,0.0,0.0,0.0,0.0,0.0,0.0,0.0,0.0,0.0,0.0,0.0,0.0,0.0,0.0,0.0,4,0.0,0.0,0.0,0.0,0.0,0.0,0.0,0.0,0.0,0.0,2350.0,1705.0,2355.0,1710.0,0.0,0.0,19.835,19.835,3,39,25,38,25,2,1,-1,0,35,18,30,16,2,2,3,2
31710253,31710,31,울산광역시,710,울주군,253,언양읍,2,0.0,0.0,0.0,0.0,0.0,0.0,73.1,73.1,64.8,64.8,56.5,56.5,56.2,56.2,0.0,0.0,1,0.0,0.0,0.0,0.0,0.0,0.0,0.0,0.0,0.0,0.0,0.0,0.0,0.0,0.0,0.0,0.0,1,0.0,0.0,0.0,0.0,0.0,0.0,0.0,0.0,0.0,0.0,1430.0,1430.0,1430.0,1430.0,0.0,0.0,0.0,0.0,1,11,11,5,5,1,1,5,5,15,15,12,12,0,0,3,3
31710256,31710,31,울산광역시,710,울주군,256,온양읍,2,0.0,0.0,0.0,0.0,0.0,0.0,0.0,0.0,0.0,0.0,0.0,0.0,0.0,0.0,0.0,0.0,0,0.0,0.0,0.0,0.0,0.0,0.0,0.0,0.0,0.0,0.0,0.0,0.0,0.0,0.0,0.0,0.0,0,0.0,0.0,0.0,0.0,0.0,0.0,0.0,0.0,0.0,0.0,0.0,0.0,0.0,0.0,0.0,0.0,0.0,0.0,0,0,0,0,0,0,0,0,0,0,0,0,0,0,0,0,0
31710262,31710,31,울산광역시,710,울주군,262,청량읍,1,0.0,0.0,0.0,0.0,0.0,0.0,0.0,0.0,0.0,0.0,0.0,0.0,0.0,0.0,0.0,0.0,0,0.0,0.0,0.0,0.0,0.0,0.0,0.0,0.0,0.0,0.0,0.0,0.0,0.0,0.0,0.0,0.0,0,0.0,0.0,0.0,0.0,0.0,0.0,0.0,0.0,0.0,0.0,0.0,0.0,0.0,0.0,0.0,0.0,0.0,0.0,2,13,13,13,13,1,1,-1,0,35,27,27,23,0,0,8,4
31710265,31710,31,울산광역시,710,울주군,265,삼남읍,0,0.0,0.0,0.0,0.0,0.0,0.0,0.0,0.0,0.0,0.0,0.0,0.0,0.0,0.0,0.0,0.0,2,0.0,0.0,0.0,0.0,0.0,0.0,130.0,130.0,510.0,310.0,415.0,265.0,400.0,265.0,0.0,0.0,2,0.0,0.0,0.0,0.0,0.0,0.0,0.0,0.0,0.0,0.0,1160.0,1100.0,2040.0,1100.0,0.0,0.0,0.0,0.0,2,30,18,25,18,4,4,1,1,18,10,13,8,0,0,5,3
31710310,31710,31,울산광역시,710,울주군,310,서생면,2,0.0,0.0,0.0,0.0,0.0,0.0,0.0,0.0,6.2,6.2,26.2,26.2,8.6,8.6,0.0,0.0,2,0.0,0.0,0.0,0.0,0.0,0.0,0.0,0.0,55.0,55.0,95.0,95.0,165.0,165.0,0.0,0.0,2,605.0,605.0,610.0,610.0,610.0,610.0,615.0,615.0,620.0,620.0,1555.0,930.0,1555.0,930.0,605.0,605.0,227.8,208.0,2,28,14,16,9,2,2,10,7,16,8,12,7,3,3,1,1
31710330,31710,31,울산광역시,710,울주군,330,삼동면,1,0.0,0.0,0.0,0.0,0.0,0.0,0.0,0.0,0.0,0.0,0.0,0.0,0.0,0.0,0.0,0.0,0,0.0,0.0,0.0,0.0,0.0,0.0,0.0,0.0,0.0,0.0,0.0,0.0,0.0,0.0,0.0,0.0,0,0.0,0.0,0.0,0.0,0.0,0.0,0.0,0.0,0.0,0.0,0.0,0.0,0.0,0.0,0.0,0.0,0.0,0.0,0,0,0,0,0,0,0,0,0,0,0,0,0,0,0,0,0
31710340,31710,31,울산광역시,710,울주군,340,웅촌면,1,0.0,0.0,0.0,0.0,0.0,0.0,0.0,0.0,42.8,42.8,39.3,39.3,35.7,35.7,0.0,0.0,1,0.0,0.0,0.0,0.0,0.0,0.0,0.0,0.0,110.0,110.0,105.0,105.0,105.0,105.0,0.0,0.0,1,0.0,0.0,0.0,0.0,0.0,0.0,0.0,0.0,0.0,0.0,5.0,5.0,495.0,495.0,0.0,0.0,0.0,0.0,1,18,18,14,14,3,3,1,1,11,11,6,6,0,0,5,5
31710360,31710,31,울산광역시,710,울주군,360,두동면,1,0.0,0.0,0.0,0.0,0.0,0.0,0.0,0.0,0.0,0.0,0.0,0.0,0.0,0.0,0.0,0.0,0,0.0,0.0,0.0,0.0,0.0,0.0,0.0,0.0,0.0,0.0,0.0,0.0,0.0,0.0,0.0,0.0,0,0.0,0.0,0.0,0.0,0.0,0.0,0.0,0.0,0.0,0.0,0.0,0.0,0.0,0.0,0.0,0.0,0.0,0.0,0,0,0,0,0,0,0,0,0,0,0,0,0,0,0,0,0
31710370,31710,31,울산광역시,710,울주군,370,두서면,0,0.0,0.0,0.0,0.0,0.0,0.0,0.0,0.0,0.0,0.0,0.0,0.0,0.0,0.0,0.0,0.0,1,0.0,0.0,0.0,0.0,0.0,0.0,0.0,0.0,0.0,0.0,0.0,0.0,0.0,0.0,0.0,0.0,1,0.0,0.0,0.0,0.0,0.0,0.0,0.0,0.0,0.0,0.0,1155.0,1155.0,1155.0,1155.0,0.0,0.0,0.0,0.0,1,19,19,17,17,0,0,2,2,8,8,4,4,0,0,4,4
36110103,36110,36,세종특별자치시,110,세종시,103,보람동,0,0.0,0.0,0.0,0.0,0.0,0.0,0.0,0.0,0.0,0.0,0.0,0.0,0.0,0.0,0.0,0.0,0,0.0,0.0,0.0,0.0,0.0,0.0,0.0,0.0,0.0,0.0,0.0,0.0,0.0,0.0,0.0,0.0,1,0.0,0.0,0.0,0.0,0.0,0.0,0.0,0.0,0.0,0.0,0.0,0.0,0.0,0.0,0.0,0.0,0.0,0.0,1,26,26,12,12,10,10,4,4,18,18,10,10,0,0,8,8
36110105,36110,36,세종특별자치시,110,세종시,105,가람동,0,0.0,0.0,0.0,0.0,0.0,0.0,0.0,0.0,0.0,0.0,0.0,0.0,0.0,0.0,0.0,0.0,0,0.0,0.0,0.0,0.0,0.0,0.0,0.0,0.0,0.0,0.0,0.0,0.0,0.0,0.0,0.0,0.0,1,0.0,0.0,0.0,0.0,0.0,0.0,0.0,0.0,0.0,0.0,0.0,0.0,0.0,0.0,0.0,0.0,0.0,0.0,1,26,26,23,23,3,3,0,0,8,8,6,6,2,2,0,0
36110106,36110,36,세종특별자치시,110,세종시,106,한솔동,1,0.0,0.0,0.0,0.0,0.0,0.0,0.0,0.0,0.0,0.0,0.0,0.0,0.0,0.0,0.0,0.0,1,0.0,0.0,0.0,0.0,0.0,0.0,0.0,0.0,0.0,0.0,0.0,0.0,0.0,0.0,0.0,0.0,0,0.0,0.0,0.0,0.0,0.0,0.0,0.0,0.0,0.0,0.0,0.0,0.0,0.0,0.0,0.0,0.0,0.0,0.0,0,0,0,0,0,0,0,0,0,0,0,0,0,0,0,0,0
36110117,36110,36,세종특별자치시,110,세종시,117,합강동,1,143.6,143.6,136.3,136.3,136.3,136.3,121.7,121.7,0.0,0.0,0.0,0.0,0.0,0.0,143.6,143.6,1,0.0,0.0,255.0,255.0,590.0,590.0,535.0,535.0,0.0,0.0,0.0,0.0,0.0,0.0,0.0,0.0,0,0.0,0.0,0.0,0.0,0.0,0.0,0.0,0.0,0.0,0.0,0.0,0.0,0.0,0.0,0.0,0.0,0.0,0.0,0,0,0,0,0,0,0,0,0,0,0,0,0,0,0,0,0
36110121,36110,36,세종특별자치시,110,세종시,121,한별동,1,0.0,0.0,0.0,0.0,165.6,165.6,159.8,159.8,0.0,0.0,0.0,0.0,0.0,0.0,0.0,0.0,1,0.0,0.0,0.0,0.0,505.0,505.0,460.0,460.0,0.0,0.0,0.0,0.0,0.0,0.0,0.0,0.0,0,0.0,0.0,0.0,0.0,0.0,0.0,0.0,0.0,0.0,0.0,0.0,0.0,0.0,0.0,0.0,0.0,0.0,0.0,0,0,0,0,0,0,0,0,0,0,0,0,0,0,0,0,0
36110123,36110,36,세종특별자치시,110,세종시,123,용호동,0,0.0,0.0,0.0,0.0,0.0,0.0,0.0,0.0,0.0,0.0,0.0,0.0,0.0,0.0,0.0,0.0,0,0.0,0.0,0.0,0.0,0.0,0.0,0.0,0.0,0.0,0.0,0.0,0.0,0.0,0.0,0.0,0.0,1,0.0,0.0,0.0,0.0,0.0,0.0,0.0,0.0,0.0,0.0,0.0,0.0,0.0,0.0,0.0,0.0,0.0,0.0,0,0,0,0,0,0,0,0,0,0,0,0,0,0,0,0,0
36110250,36110,36,세종특별자치시,110,세종시,250,조치원읍,1,48.6,48.6,45.4,45.4,42.3,42.3,39.7,39.7,0.0,0.0,0.0,0.0,0.0,0.0,48.6,48.6,1,240.0,240.0,235.0,235.0,385.0,385.0,290.0,290.0,0.0,0.0,0.0,0.0,0.0,0.0,240.0,240.0,0,0.0,0.0,0.0,0.0,0.0,0.0,0.0,0.0,0.0,0.0,0.0,0.0,0.0,0.0,0.0,0.0,0.0,0.0,0,0,0,0,0,0,0,0,0,0,0,0,0,0,0,0,0
36110310,36110,36,세종특별자치시,110,세종시,310,연기면,1,0.0,0.0,0.0,0.0,0.0,0.0,0.0,0.0,0.0,0.0,0.0,0.0,0.0,0.0,0.0,0.0,1,260.0,260.0,250.0,250.0,355.0,355.0,270.0,270.0,0.0,0.0,0.0,0.0,0.0,0.0,260.0,260.0,1,0.0,0.0,0.0,0.0,0.0,0.0,0.0,0.0,0.0,0.0,0.0,0.0,0.0,0.0,0.0,0.0,0.0,0.0,1,26,26,25,25,1,1,0,0,8,8,6,6,0,0,2,2
36110330,36110,36,세종특별자치시,110,세종시,330,부강면,1,52.1,52.1,47.3,47.3,44.7,44.7,42.0,42.0,0.0,0.0,0.0,0.0,0.0,0.0,52.1,52.1,1,125.0,125.0,60.0,60.0,55.0,55.0,45.0,45.0,0.0,0.0,0.0,0.0,0.0,0.0,125.0,125.0,1,0.0,0.0,0.0,0.0,0.0,0.0,0.0,0.0,0.0,0.0,0.0,0.0,0.0,0.0,0.0,0.0,0.0,0.0,1,20,20,17,17,0,0,3,3,8,8,6,6,0,0,2,2
36110340,36110,36,세종특별자치시,110,세종시,340,금남면,1,67.4,67.4,55.1,55.1,53.4,53.4,41.1,41.1,0.0,0.0,0.0,0.0,0.0,0.0,67.4,67.4,1,265.0,265.0,365.0,365.0,360.0,360.0,310.0,310.0,0.0,0.0,0.0,0.0,0.0,0.0,265.0,265.0,0,0.0,0.0,0.0,0.0,0.0,0.0,0.0,0.0,0.0,0.0,0.0,0.0,0.0,0.0,0.0,0.0,0.0,0.0,0,0,0,0,0,0,0,0,0,0,0,0,0,0,0,0,0
36110360,36110,36,세종특별자치시,110,세종시,360,연서면,0,0.0,0.0,0.0,0.0,0.0,0.0,0.0,0.0,0.0,0.0,0.0,0.0,0.0,0.0,0.0,0.0,0,0.0,0.0,0.0,0.0,0.0,0.0,0.0,0.0,0.0,0.0,0.0,0.0,0.0,0.0,0.0,0.0,1,0.0,0.0,0.0,0.0,0.0,0.0,0.0,0.0,0.0,0.0,0.0,0.0,0.0,0.0,0.0,0.0,0.0,0.0,1,24,24,19,19,3,3,2,2,12,12,7,7,0,0,5,5
36110370,36110,36,세종특별자치시,110,세종시,370,전의면,1,15.4,15.4,8.6,8.6,4.6,4.6,0.7,0.7,7.7,7.7,3.6,3.6,0.0,0.0,15.4,15.4,1,195.0,195.0,185.0,185.0,160.0,160.0,215.0,215.0,190.0,190.0,80.0,80.0,0.0,0.0,195.0,195.0,1,0.0,0.0,0.0,0.0,0.0,0.0,0.0,0.0,0.0,0.0,0.0,0.0,0.0,0.0,0.0,0.0,0.0,0.0,0,0,0,0,0,0,0,0,0,0,0,0,0,0,0,0,0
36110390,36110,36,세종특별자치시,110,세종시,390,소정면,0,0.0,0.0,0.0,0.0,0.0,0.0,0.0,0.0,0.0,0.0,0.0,0.0,0.0,0.0,0.0,0.0,0,0.0,0.0,0.0,0.0,0.0,0.0,0.0,0.0,0.0,0.0,0.0,0.0,0.0,0.0,0.0,0.0,1,0.0,0.0,0.0,0.0,0.0,0.0,0.0,0.0,0.0,0.0,0.0,0.0,0.0,0.0,0.0,0.0,0.0,0.0,1,24,24,22,22,1,1,1,1,8,8,7,7,0,0,1,1
41111104,41111,41,경기도,111,수원시장안구,104,,0,0.0,0.0,0.0,0.0,0.0,0.0,0.0,0.0,0.0,0.0,0.0,0.0,0.0,0.0,0.0,0.0,0,0.0,0.0,0.0,0.0,0.0,0.0,0.0,0.0,0.0,0.0,0.0,0.0,0.0,0.0,0.0,0.0,0,0.0,0.0,0.0,0.0,0.0,0.0,0.0,0.0,0.0,0.0,0.0,0.0,0.0,0.0,0.0,0.0,0.0,0.0,1,27,27,27,27,0,0,0,0,11,11,9,9,0,0,2,2
41111129,41111,41,경기도,111,수원시장안구,129,파장동,0,0.0,0.0,0.0,0.0,0.0,0.0,0.0,0.0,0.0,0.0,0.0,0.0,0.0,0.0,0.0,0.0,0,0.0,0.0,0.0,0.0,0.0,0.0,0.0,0.0,0.0,0.0,0.0,0.0,0.0,0.0,0.0,0.0,1,1820.0,1820.0,1820.0,1820.0,1820.0,1820.0,1820.0,1820.0,1820.0,1820.0,1820.0,1820.0,1820.0,1820.0,1820.0,1820.0,0.0,0.0,1,0,0,0,0,0,0,0,0,10,10,6,6,4,4,0,0
41111131,41111,41,경기도,111,수원시장안구,131,이목동,1,0.0,0.0,0.0,0.0,0.0,0.0,0.0,0.0,0.3,0.3,0.0,0.0,0.0,0.0,0.0,0.0,0,0.0,0.0,0.0,0.0,0.0,0.0,0.0,0.0,0.0,0.0,0.0,0.0,0.0,0.0,0.0,0.0,0,0.0,0.0,0.0,0.0,0.0,0.0,0.0,0.0,0.0,0.0,0.0,0.0,0.0,0.0,0.0,0.0,0.0,0.0,0,0,0,0,0,0,0,0,0,0,0,0,0,0,0,0,0
41111135,41111,41,경기도,111,수원시장안구,135,송죽동,0,0.0,0.0,0.0,0.0,0.0,0.0,0.0,0.0,0.0,0.0,0.0,0.0,0.0,0.0,0.0,0.0,1,0.0,0.0,0.0,0.0,0.0,0.0,0.0,0.0,0.0,0.0,0.0,0.0,0.0,0.0,0.0,0.0,1,630.0,630.0,630.0,630.0,630.0,630.0,630.0,630.0,630.0,630.0,630.0,630.0,1000.0,1000.0,630.0,630.0,0.0,0.0,1,26,26,21,21,1,1,4,4,9,9,9,9,0,0,0,0
41111138,41111,41,경기도,111,수원시장안구,138,상광교동,0,0.0,0.0,0.0,0.0,0.0,0.0,0.0,0.0,0.0,0.0,0.0,0.0,0.0,0.0,0.0,0.0,1,0.0,0.0,0.0,0.0,0.0,0.0,0.0,0.0,0.0,0.0,0.0,0.0,50.0,50.0,0.0,0.0,1,730.0,730.0,860.0,860.0,860.0,860.0,860.0,860.0,860.0,860.0,860.0,860.0,860.0,860.0,730.0,730.0,0.0,0.0,1,26,26,23,23,0,0,3,3,8,8,4,4,0,0,4,4
41113126,41113,41,경기도,113,수원시권선구,126,,0,0.0,0.0,0.0,0.0,0.0,0.0,0.0,0.0,0.0,0.0,0.0,0.0,0.0,0.0,0.0,0.0,0,0.0,0.0,0.0,0.0,0.0,0.0,0.0,0.0,0.0,0.0,0.0,0.0,0.0,0.0,0.0,0.0,0,0.0,0.0,0.0,0.0,0.0,0.0,0.0,0.0,0.0,0.0,0.0,0.0,0.0,0.0,0.0,0.0,0.0,0.0,1,0,0,0,0,0,0,0,0,10,10,6,6,4,4,0,0
41113127,41113,41,경기도,113,수원시권선구,127,평동,0,0.0,0.0,0.0,0.0,0.0,0.0,0.0,0.0,0.0,0.0,0.0,0.0,0.0,0.0,0.0,0.0,1,0.0,0.0,0.0,0.0,0.0,0.0,0.0,0.0,0.0,0.0,0.0,0.0,50.0,50.0,0.0,0.0,1,0.0,0.0,1225.0,1225.0,1225.0,1225.0,1230.0,1230.0,1235.0,1235.0,1245.0,1245.0,1725.0,1725.0,0.0,0.0,0.0,0.0,0,0,0,0,0,0,0,0,0,0,0,0,0,0,0,0,0
41113128,41113,41,경기도,113,수원시권선구,128,고색동,0,0.0,0.0,0.0,0.0,0.0,0.0,0.0,0.0,0.0,0.0,0.0,0.0,0.0,0.0,0.0,0.0,1,0.0,0.0,0.0,0.0,0.0,0.0,0.0,0.0,0.0,0.0,0.0,0.0,0.0,0.0,0.0,0.0,1,595.0,595.0,595.0,595.0,595.0,595.0,595.0,595.0,605.0,605.0,610.0,610.0,1440.0,1440.0,595.0,595.0,0.0,0.0,1,26,26,21,21,2,2,3,3,7,7,2,2,4,4,1,1
41113129,41113,41,경기도,113,수원시권선구,129,오목천동,1,0.0,0.0,0.0,0.0,0.0,0.0,0.0,0.0,0.0,0.0,0.0,0.0,165.6,165.6,0.0,0.0,1,0.0,0.0,0.0,0.0,0.0,0.0,0.0,0.0,0.0,0.0,0.0,0.0,300.0,300.0,0.0,0.0,1,0.0,0.0,0.0,0.0,630.0,630.0,630.0,630.0,635.0,635.0,640.0,640.0,790.0,790.0,0.0,0.0,0.0,0.0,0,0,0,0,0,0,0,0,0,0,0,0,0,0,0,0,0
41113132,41113,41,경기도,113,수원시권선구,132,구운동,0,0.0,0.0,0.0,0.0,0.0,0.0,0.0,0.0,0.0,0.0,0.0,0.0,0.0,0.0,0.0,0.0,1,0.0,0.0,0.0,0.0,0.0,0.0,0.0,0.0,0.0,0.0,0.0,0.0,50.0,50.0,0.0,0.0,1,0.0,0.0,0.0,0.0,0.0,0.0,0.0,0.0,0.0,0.0,0.0,0.0,0.0,0.0,0.0,0.0,0.0,0.0,1,27,27,23,23,4,4,0,0,9,9,8,8,1,1,0,0
41113135,41113,41,경기도,113,수원시권선구,135,호매실동,1,0.0,0.0,0.0,0.0,0.0,0.0,0.0,0.0,0.0,0.0,0.0,0.0,0.0,0.0,0.0,0.0,0,0.0,0.0,0.0,0.0,0.0,0.0,0.0,0.0,0.0,0.0,0.0,0.0,0.0,0.0,0.0,0.0,0,0.0,0.0,0.0,0.0,0.0,0.0,0.0,0.0,0.0,0.0,0.0,0.0,0.0,0.0,0.0,0.0,0.0,0.0,0,0,0,0,0,0,0,0,0,0,0,0,0,0,0,0,0
41113136,41113,41,경기도,113,수원시권선구,136,,0,0.0,0.0,0.0,0.0,0.0,0.0,0.0,0.0,0.0,0.0,0.0,0.0,0.0,0.0,0.0,0.0,0,0.0,0.0,0.0,0.0,0.0,0.0,0.0,0.0,0.0,0.0,0.0,0.0,0.0,0.0,0.0,0.0,0,0.0,0.0,0.0,0.0,0.0,0.0,0.0,0.0,0.0,0.0,0.0,0.0,0.0,0.0,0.0,0.0,0.0,0.0,1,26,26,20,20,0,0,6,6,8,8,8,8,0,0,0,0
41113139,41113,41,경기도,113,수원시권선구,139,대황교동,0,0.0,0.0,0.0,0.0,0.0,0.0,0.0,0.0,0.0,0.0,0.0,0.0,0.0,0.0,0.0,0.0,1,0.0,0.0,0.0,0.0,0.0,0.0,0.0,0.0,0.0,0.0,0.0,0.0,280.0,280.0,0.0,0.0,1,610.0,610.0,610.0,610.0,760.0,760.0,760.0,760.0,760.0,760.0,760.0,760.0,765.0,765.0,610.0,610.0,0.0,0.0,0,0,0,0,0,0,0,0,0,0,0,0,0,0,0,0,0
41113141,41113,41,경기도,113,수원시권선구,141,당수동,2,0.0,0.0,0.0,0.0,0.0,0.0,0.0,0.0,0.0,0.0,0.0,0.0,139.1,139.1,0.0,0.0,0,0.0,0.0,0.0,0.0,0.0,0.0,0.0,0.0,0.0,0.0,0.0,0.0,0.0,0.0,0.0,0.0,0,0.0,0.0,0.0,0.0,0.0,0.0,0.0,0.0,0.0,0.0,0.0,0.0,0.0,0.0,0.0,0.0,0.0,0.0,0,0,0,0,0,0,0,0,0,0,0,0,0,0,0,0,0
41113310,41113,41,경기도,113,수원시권선구,310,매송면,0,0.0,0.0,0.0,0.0,0.0,0.0,0.0,0.0,0.0,0.0,0.0,0.0,0.0,0.0,0.0,0.0,1,65.0,65.0,65.0,65.0,65.0,65.0,40.0,40.0,35.0,35.0,40.0,40.0,270.0,270.0,65.0,65.0,1,570.0,570.0,570.0,570.0,570.0,570.0,570.0,570.0,570.0,570.0,570.0,570.0,570.0,570.0,570.0,570.0,0.0,0.0,1,26,26,9,9,9,9,8,8,8,8,4,4,0,0,4,4
41115112,41115,41,경기도,115,수원시팔달구,112,,0,0.0,0.0,0.0,0.0,0.0,0.0,0.0,0.0,0.0,0.0,0.0,0.0,0.0,0.0,0.0,0.0,0,0.0,0.0,0.0,0.0,0.0,0.0,0.0,0.0,0.0,0.0,0.0,0.0,0.0,0.0,0.0,0.0,0,0.0,0.0,0.0,0.0,0.0,0.0,0.0,0.0,0.0,0.0,0.0,0.0,0.0,0.0,0.0,0.0,0.0,0.0,1,26,26,21,21,1,1,4,4,9,9,9,9,0,0,0,0
41115128,41115,41,경기도,115,수원시팔달구,128,,0,0.0,0.0,0.0,0.0,0.0,0.0,0.0,0.0,0.0,0.0,0.0,0.0,0.0,0.0,0.0,0.0,0,0.0,0.0,0.0,0.0,0.0,0.0,0.0,0.0,0.0,0.0,0.0,0.0,0.0,0.0,0.0,0.0,0,0.0,0.0,0.0,0.0,0.0,0.0,0.0,0.0,0.0,0.0,0.0,0.0,0.0,0.0,0.0,0.0,0.0,0.0,1,26,26,23,23,0,0,3,3,8,8,4,4,0,0,4,4
41115134,41115,41,경기도,115,수원시팔달구,134,,0,0.0,0.0,0.0,0.0,0.0,0.0,0.0,0.0,0.0,0.0,0.0,0.0,0.0,0.0,0.0,0.0,0,0.0,0.0,0.0,0.0,0.0,0.0,0.0,0.0,0.0,0.0,0.0,0.0,0.0,0.0,0.0,0.0,0,0.0,0.0,0.0,0.0,0.0,0.0,0.0,0.0,0.0,0.0,0.0,0.0,0.0,0.0,0.0,0.0,0.0,0.0,1,0,0,0,0,0,0,0,0,10,10,6,6,4,4,0,0
41115139,41115,41,경기도,115,수원시팔달구,139,지동,1,0.0,0.0,3.6,3.6,0.0,0.0,0.0,0.0,0.0,0.0,0.0,0.0,0.0,0.0,0.0,0.0,0,0.0,0.0,0.0,0.0,0.0,0.0,0.0,0.0,0.0,0.0,0.0,0.0,0.0,0.0,0.0,0.0,0,0.0,0.0,0.0,0.0,0.0,0.0,0.0,0.0,0.0,0.0,0.0,0.0,0.0,0.0,0.0,0.0,0.0,0.0,0,0,0,0,0,0,0,0,0,0,0,0,0,0,0,0,0
41115141,41115,41,경기도,115,수원시팔달구,141,,0,0.0,0.0,0.0,0.0,0.0,0.0,0.0,0.0,0.0,0.0,0.0,0.0,0.0,0.0,0.0,0.0,0,0.0,0.0,0.0,0.0,0.0,0.0,0.0,0.0,0.0,0.0,0.0,0.0,0.0,0.0,0.0,0.0,0,0.0,0.0,0.0,0.0,0.0,0.0,0.0,0.0,0.0,0.0,0.0,0.0,0.0,0.0,0.0,0.0,0.0,0.0,1,26,26,20,20,0,0,6,6,8,8,8,8,0,0,0,0
41117101,41117,41,경기도,117,수원시영통구,101,매탄동,1,0.0,0.0,0.0,0.0,0.0,0.0,0.0,0.0,0.0,0.0,0.0,0.0,150.0,150.0,0.0,0.0,1,0.0,0.0,0.0,0.0,0.0,0.0,0.0,0.0,0.0,0.0,0.0,0.0,150.0,150.0,0.0,0.0,1,0.0,0.0,0.0,0.0,0.0,0.0,540.0,540.0,540.0,540.0,540.0,540.0,1710.0,1710.0,0.0,0.0,0.0,0.0,1,26,26,20,20,0,0,6,6,8,8,8,8,0,0,0,0
41117103,41117,41,경기도,117,수원시영통구,103,이의동,1,0.0,0.0,0.0,0.0,0.0,0.0,0.0,0.0,0.0,0.0,0.0,0.0,0.0,0.0,0.0,0.0,1,0.0,0.0,0.0,0.0,0.0,0.0,0.0,0.0,0.0,0.0,0.0,0.0,0.0,0.0,0.0,0.0,1,740.0,740.0,855.0,855.0,855.0,855.0,855.0,855.0,855.0,855.0,855.0,855.0,855.0,855.0,740.0,740.0,0.0,0.0,1,30,30,26,26,4,4,0,0,12,12,9,9,1,1,2,2
41117105,41117,41,경기도,117,수원시영통구,105,영통동,0,0.0,0.0,0.0,0.0,0.0,0.0,0.0,0.0,0.0,0.0,0.0,0.0,0.0,0.0,0.0,0.0,1,0.0,0.0,0.0,0.0,0.0,0.0,0.0,0.0,0.0,0.0,0.0,0.0,50.0,50.0,0.0,0.0,1,0.0,0.0,0.0,0.0,0.0,0.0,0.0,0.0,0.0,0.0,0.0,0.0,0.0,0.0,0.0,0.0,0.0,0.0,0,0,0,0,0,0,0,0,0,0,0,0,0,0,0,0,0
41117107,41117,41,경기도,117,수원시영통구,107,망포동,0,0.0,0.0,0.0,0.0,0.0,0.0,0.0,0.0,0.0,0.0,0.0,0.0,0.0,0.0,0.0,0.0,1,0.0,0.0,0.0,0.0,0.0,0.0,0.0,0.0,0.0,0.0,0.0,0.0,0.0,0.0,0.0,0.0,1,1330.0,1330.0,1495.0,1495.0,1495.0,1495.0,1495.0,1495.0,1495.0,1495.0,1495.0,1495.0,1495.0,1495.0,1330.0,1330.0,0.0,0.0,1,24,24,10,10,3,3,11,11,12,12,8,8,1,1,3,3
41131101,41131,41,경기도,131,성남시수정구,101,신흥동,0,0.0,0.0,0.0,0.0,0.0,0.0,0.0,0.0,0.0,0.0,0.0,0.0,0.0,0.0,0.0,0.0,0,0.0,0.0,0.0,0.0,0.0,0.0,0.0,0.0,0.0,0.0,0.0,0.0,0.0,0.0,0.0,0.0,1,900.0,900.0,900.0,900.0,900.0,900.0,900.0,900.0,900.0,900.0,900.0,900.0,935.0,935.0,900.0,900.0,0.0,0.0,0,0,0,0,0,0,0,0,0,0,0,0,0,0,0,0,0
41131107,41131,41,경기도,131,성남시수정구,107,,0,0.0,0.0,0.0,0.0,0.0,0.0,0.0,0.0,0.0,0.0,0.0,0.0,0.0,0.0,0.0,0.0,0,0.0,0.0,0.0,0.0,0.0,0.0,0.0,0.0,0.0,0.0,0.0,0.0,0.0,0.0,0.0,0.0,0,0.0,0.0,0.0,0.0,0.0,0.0,0.0,0.0,0.0,0.0,0.0,0.0,0.0,0.0,0.0,0.0,0.0,0.0,1,30,30,30,30,0,0,0,0,8,8,6,6,0,0,2,2
41131112,41131,41,경기도,131,성남시수정구,112,고등동,0,0.0,0.0,0.0,0.0,0.0,0.0,0.0,0.0,0.0,0.0,0.0,0.0,0.0,0.0,0.0,0.0,1,0.0,0.0,0.0,0.0,0.0,0.0,0.0,0.0,0.0,0.0,0.0,0.0,0.0,0.0,0.0,0.0,1,705.0,705.0,705.0,705.0,705.0,705.0,705.0,705.0,705.0,705.0,705.0,705.0,705.0,705.0,705.0,705.0,0.0,0.0,1,26,26,19,19,0,0,7,7,8,8,4,4,0,0,4,4
41131115,41131,41,경기도,131,성남시수정구,115,시흥동,1,0.0,0.0,0.0,0.0,0.0,0.0,0.0,0.0,0.0,0.0,0.0,0.0,0.0,0.0,0.0,0.0,0,0.0,0.0,0.0,0.0,0.0,0.0,0.0,0.0,0.0,0.0,0.0,0.0,0.0,0.0,0.0,0.0,0,0.0,0.0,0.0,0.0,0.0,0.0,0.0,0.0,0.0,0.0,0.0,0.0,0.0,0.0,0.0,0.0,0.0,0.0,0,0,0,0,0,0,0,0,0,0,0,0,0,0,0,0,0
41131116,41131,41,경기도,131,성남시수정구,116,,0,0.0,0.0,0.0,0.0,0.0,0.0,0.0,0.0,0.0,0.0,0.0,0.0,0.0,0.0,0.0,0.0,0,0.0,0.0,0.0,0.0,0.0,0.0,0.0,0.0,0.0,0.0,0.0,0.0,0.0,0.0,0.0,0.0,0,0.0,0.0,0.0,0.0,0.0,0.0,0.0,0.0,0.0,0.0,0.0,0.0,0.0,0.0,0.0,0.0,0.0,0.0,1,30,30,21,21,5,5,4,4,12,12,9,9,0,0,3,3
41133103,41133,41,경기도,133,성남시중원구,103,,0,0.0,0.0,0.0,0.0,0.0,0.0,0.0,0.0,0.0,0.0,0.0,0.0,0.0,0.0,0.0,0.0,0,0.0,0.0,0.0,0.0,0.0,0.0,0.0,0.0,0.0,0.0,0.0,0.0,0.0,0.0,0.0,0.0,0,0.0,0.0,0.0,0.0,0.0,0.0,0.0,0.0,0.0,0.0,0.0,0.0,0.0,0.0,0.0,0.0,0.0,0.0,1,32,32,32,32,0,0,0,0,15,15,13,13,0,0,2,2
41133104,41133,41,경기도,133,성남시중원구,104,,0,0.0,0.0,0.0,0.0,0.0,0.0,0.0,0.0,0.0,0.0,0.0,0.0,0.0,0.0,0.0,0.0,0,0.0,0.0,0.0,0.0,0.0,0.0,0.0,0.0,0.0,0.0,0.0,0.0,0.0,0.0,0.0,0.0,0,0.0,0.0,0.0,0.0,0.0,0.0,0.0,0.0,0.0,0.0,0.0,0.0,0.0,0.0,0.0,0.0,0.0,0.0,1,30,30,30,30,0,0,0,0,8,8,6,6,0,0,2,2
41133105,41133,41,경기도,133,성남시중원구,105,상대원동,1,0.0,0.0,0.0,0.0,0.0,0.0,0.0,0.0,0.0,0.0,0.0,0.0,0.0,0.0,0.0,0.0,0,0.0,0.0,0.0,0.0,0.0,0.0,0.0,0.0,0.0,0.0,0.0,0.0,0.0,0.0,0.0,0.0,0,0.0,0.0,0.0,0.0,0.0,0.0,0.0,0.0,0.0,0.0,0.0,0.0,0.0,0.0,0.0,0.0,0.0,0.0,0,0,0,0,0,0,0,0,0,0,0,0,0,0,0,0,0
41133107,41133,41,경기도,133,성남시중원구,107,도촌동,1,0.0,0.0,0.0,0.0,0.0,0.0,0.0,0.0,0.0,0.0,0.0,0.0,0.0,0.0,0.0,0.0,0,0.0,0.0,0.0,0.0,0.0,0.0,0.0,0.0,0.0,0.0,0.0,0.0,0.0,0.0,0.0,0.0,0,0.0,0.0,0.0,0.0,0.0,0.0,0.0,0.0,0.0,0.0,0.0,0.0,0.0,0.0,0.0,0.0,0.0,0.0,1,36,36,36,36,0,0,0,0,7,7,4,4,0,0,3,3
41133108,41133,41,경기도,133,성남시중원구,108,,0,0.0,0.0,0.0,0.0,0.0,0.0,0.0,0.0,0.0,0.0,0.0,0.0,0.0,0.0,0.0,0.0,0,0.0,0.0,0.0,0.0,0.0,0.0,0.0,0.0,0.0,0.0,0.0,0.0,0.0,0.0,0.0,0.0,0,0.0,0.0,0.0,0.0,0.0,0.0,0.0,0.0,0.0,0.0,0.0,0.0,0.0,0.0,0.0,0.0,0.0,0.0,1,26,26,19,19,0,0,7,7,8,8,4,4,0,0,4,4
41133109,41133,41,경기도,133,성남시중원구,109,하대원동,1,0.0,0.0,0.0,0.0,0.0,0.0,0.0,0.0,0.0,0.0,0.0,0.0,0.0,0.0,0.0,0.0,0,0.0,0.0,0.0,0.0,0.0,0.0,0.0,0.0,0.0,0.0,0.0,0.0,0.0,0.0,0.0,0.0,0,0.0,0.0,0.0,0.0,0.0,0.0,0.0,0.0,0.0,0.0,0.0,0.0,0.0,0.0,0.0,0.0,0.0,0.0,0,0,0,0,0,0,0,0,0,0,0,0,0,0,0,0,0
41135101,41135,41,경기도,135,성남시분당구,101,분당동,0,0.0,0.0,0.0,0.0,0.0,0.0,0.0,0.0,0.0,0.0,0.0,0.0,0.0,0.0,0.0,0.0,1,0.0,0.0,0.0,0.0,0.0,0.0,0.0,0.0,0.0,0.0,0.0,0.0,0.0,0.0,0.0,0.0,1,0.0,0.0,0.0,0.0,0.0,0.0,0.0,0.0,0.0,0.0,0.0,0.0,0.0,0.0,0.0,0.0,0.0,0.0,1,34,34,34,34,0,0,0,0,14,14,14,14,-6,-6,6,6
41135103,41135,41,경기도,135,성남시분당구,103,정자동,1,0.0,0.0,0.0,0.0,0.0,0.0,0.0,0.0,0.0,0.0,0.0,0.0,0.0,0.0,0.0,0.0,0,0.0,0.0,0.0,0.0,0.0,0.0,0.0,0.0,0.0,0.0,0.0,0.0,0.0,0.0,0.0,0.0,0,0.0,0.0,0.0,0.0,0.0,0.0,0.0,0.0,0.0,0.0,0.0,0.0,0.0,0.0,0.0,0.0,0.0,0.0,0,0,0,0,0,0,0,0,0,0,0,0,0,0,0,0,0
41135104,41135,41,경기도,135,성남시분당구,104,율동,1,0.0,0.0,0.0,0.0,0.0,0.0,0.0,0.0,0.0,0.0,0.0,0.0,0.0,0.0,0.0,0.0,0,0.0,0.0,0.0,0.0,0.0,0.0,0.0,0.0,0.0,0.0,0.0,0.0,0.0,0.0,0.0,0.0,0,0.0,0.0,0.0,0.0,0.0,0.0,0.0,0.0,0.0,0.0,0.0,0.0,0.0,0.0,0.0,0.0,0.0,0.0,0,0,0,0,0,0,0,0,0,0,0,0,0,0,0,0,0
41135107,41135,41,경기도,135,성남시분당구,107,야탑동,0,0.0,0.0,0.0,0.0,0.0,0.0,0.0,0.0,0.0,0.0,0.0,0.0,0.0,0.0,0.0,0.0,1,0.0,0.0,0.0,0.0,0.0,0.0,0.0,0.0,0.0,0.0,0.0,0.0,0.0,0.0,0.0,0.0,1,435.0,435.0,435.0,435.0,435.0,435.0,435.0,435.0,435.0,435.0,435.0,435.0,440.0,440.0,435.0,435.0,0.0,0.0,1,36,36,36,36,0,0,0,0,7,7,4,4,0,0,3,3
41135110,41135,41,경기도,135,성남시분당구,110,백현동,0,0.0,0.0,0.0,0.0,0.0,0.0,0.0,0.0,0.0,0.0,0.0,0.0,0.0,0.0,0.0,0.0,1,0.0,0.0,0.0,0.0,0.0,0.0,0.0,0.0,0.0,0.0,0.0,0.0,0.0,0.0,0.0,0.0,1,795.0,795.0,795.0,795.0,795.0,795.0,795.0,795.0,795.0,795.0,795.0,795.0,830.0,830.0,795.0,795.0,0.0,0.0,1,30,30,21,21,5,5,4,4,12,12,9,9,0,0,3,3
41135112,41135,41,경기도,135,성남시분당구,112,궁내동,0,0.0,0.0,0.0,0.0,0.0,0.0,0.0,0.0,0.0,0.0,0.0,0.0,0.0,0.0,0.0,0.0,1,0.0,0.0,0.0,0.0,0.0,0.0,0.0,0.0,0.0,0.0,0.0,0.0,0.0,0.0,0.0,0.0,1,0.0,0.0,0.0,0.0,0.0,0.0,0.0,0.0,0.0,0.0,0.0,0.0,0.0,0.0,0.0,0.0,0.0,0.0,1,26,26,24,24,2,2,0,0,8,8,7,7,1,1,0,0
41135113,41135,41,경기도,135,성남시분당구,113,구미동,0,0.0,0.0,0.0,0.0,0.0,0.0,0.0,0.0,0.0,0.0,0.0,0.0,0.0,0.0,0.0,0.0,1,0.0,0.0,0.0,0.0,0.0,0.0,0.0,0.0,0.0,0.0,0.0,0.0,0.0,0.0,0.0,0.0,1,595.0,595.0,595.0,595.0,595.0,595.0,595.0,595.0,595.0,595.0,595.0,595.0,595.0,595.0,595.0,595.0,0.0,0.0,1,26,26,25,25,1,1,0,0,8,8,4,4,2,2,2,2
41135117,41135,41,경기도,135,성남시분당구,117,석운동,0,0.0,0.0,0.0,0.0,0.0,0.0,0.0,0.0,0.0,0.0,0.0,0.0,0.0,0.0,0.0,0.0,0,0.0,0.0,0.0,0.0,0.0,0.0,0.0,0.0,0.0,0.0,0.0,0.0,0.0,0.0,0.0,0.0,1,755.0,755.0,755.0,755.0,755.0,755.0,755.0,755.0,755.0,755.0,755.0,755.0,895.0,895.0,755.0,755.0,0.0,0.0,1,0,0,0,0,0,0,0,0,11,11,11,11,0,0,0,0
41135118,41135,41,경기도,135,성남시분당구,118,하산운동,1,0.0,0.0,0.0,0.0,0.0,0.0,0.0,0.0,0.0,0.0,0.0,0.0,0.0,0.0,0.0,0.0,0,0.0,0.0,0.0,0.0,0.0,0.0,0.0,0.0,0.0,0.0,0.0,0.0,0.0,0.0,0.0,0.0,0,0.0,0.0,0.0,0.0,0.0,0.0,0.0,0.0,0.0,0.0,0.0,0.0,0.0,0.0,0.0,0.0,0.0,0.0,0,0,0,0,0,0,0,0,0,0,0,0,0,0,0,0,0
41135122,41135,41,경기도,135,성남시분당구,122,대장동,0,0.0,0.0,0.0,0.0,0.0,0.0,0.0,0.0,0.0,0.0,0.0,0.0,0.0,0.0,0.0,0.0,1,0.0,0.0,0.0,0.0,0.0,0.0,0.0,0.0,0.0,0.0,0.0,0.0,0.0,0.0,0.0,0.0,1,870.0,870.0,870.0,870.0,870.0,870.0,870.0,870.0,870.0,870.0,870.0,870.0,905.0,905.0,870.0,870.0,0.0,0.0,1,26,26,16,16,0,0,10,10,8,8,6,6,1,1,1,1
41150101,41150,41,경기도,150,의정부시,101,의정부동,0,0.0,0.0,0.0,0.0,0.0,0.0,0.0,0.0,0.0,0.0,0.0,0.0,0.0,0.0,0.0,0.0,0,0.0,0.0,0.0,0.0,0.0,0.0,0.0,0.0,0.0,0.0,0.0,0.0,0.0,0.0,0.0,0.0,1,0.0,0.0,0.0,0.0,0.0,0.0,0.0,0.0,0.0,0.0,0.0,0.0,0.0,0.0,0.0,0.0,0.0,0.0,1,0,0,0,0,0,0,0,0,12,12,8,8,4,4,0,0
41150102,41150,41,경기도,150,의정부시,102,호원동,1,0.0,0.0,0.0,0.0,0.0,0.0,0.0,0.0,0.0,0.0,0.0,0.0,0.0,0.0,0.0,0.0,0,0.0,0.0,0.0,0.0,0.0,0.0,0.0,0.0,0.0,0.0,0.0,0.0,0.0,0.0,0.0,0.0,0,0.0,0.0,0.0,0.0,0.0,0.0,0.0,0.0,0.0,0.0,0.0,0.0,0.0,0.0,0.0,0.0,0.0,0.0,0,0,0,0,0,0,0,0,0,0,0,0,0,0,0,0,0
41150103,41150,41,경기도,150,의정부시,103,장암동,1,0.0,0.0,0.0,0.0,0.0,0.0,0.0,0.0,0.0,0.0,0.0,0.0,0.0,0.0,0.0,0.0,1,0.0,0.0,0.0,0.0,0.0,0.0,0.0,0.0,0.0,0.0,0.0,0.0,0.0,0.0,0.0,0.0,1,0.0,0.0,0.0,0.0,0.0,0.0,0.0,0.0,0.0,0.0,0.0,0.0,0.0,0.0,0.0,0.0,0.0,0.0,0,0,0,0,0,0,0,0,0,0,0,0,0,0,0,0,0
41150105,41150,41,경기도,150,의정부시,105,용현동,1,0.0,0.0,0.0,0.0,0.0,0.0,0.0,0.0,0.0,0.0,55.2,55.2,55.2,55.2,0.0,0.0,1,0.0,0.0,0.0,0.0,0.0,0.0,0.0,0.0,0.0,0.0,120.0,120.0,120.0,120.0,0.0,0.0,1,0.0,0.0,0.0,0.0,0.0,0.0,0.0,0.0,0.0,0.0,0.0,0.0,0.0,0.0,0.0,0.0,0.0,0.0,0,0,0,0,0,0,0,0,0,0,0,0,0,0,0,0,0
41150108,41150,41,경기도,150,의정부시,108,자일동,1,0.0,0.0,0.0,0.0,0.0,0.0,0.0,0.0,0.0,0.0,0.0,0.0,0.0,0.0,0.0,0.0,0,0.0,0.0,0.0,0.0,0.0,0.0,0.0,0.0,0.0,0.0,0.0,0.0,0.0,0.0,0.0,0.0,1,0.0,0.0,0.0,0.0,0.0,0.0,0.0,0.0,0.0,0.0,0.0,0.0,0.0,0.0,0.0,0.0,0.0,0.0,1,0,0,0,0,0,0,0,0,12,12,10,10,2,2,0,0
41150109,41150,41,경기도,150,의정부시,109,금오동,0,0.0,0.0,0.0,0.0,0.0,0.0,0.0,0.0,0.0,0.0,0.0,0.0,0.0,0.0,0.0,0.0,1,0.0,0.0,0.0,0.0,0.0,0.0,0.0,0.0,0.0,0.0,0.0,0.0,0.0,0.0,0.0,0.0,1,1000.0,1000.0,1000.0,1000.0,1000.0,1000.0,1000.0,1000.0,1000.0,1000.0,1000.0,1000.0,1000.0,1000.0,1000.0,1000.0,0.0,0.0,1,29,29,19,19,2,2,8,8,11,11,6,6,1,1,4,4
41150110,41150,41,경기도,150,의정부시,110,,0,0.0,0.0,0.0,0.0,0.0,0.0,0.0,0.0,0.0,0.0,0.0,0.0,0.0,0.0,0.0,0.0,0,0.0,0.0,0.0,0.0,0.0,0.0,0.0,0.0,0.0,0.0,0.0,0.0,0.0,0.0,0.0,0.0,0,0.0,0.0,0.0,0.0,0.0,0.0,0.0,0.0,0.0,0.0,0.0,0.0,0.0,0.0,0.0,0.0,0.0,0.0,1,28,28,21,21,0,0,7,7,6,6,4,4,0,0,2,2
41150111,41150,41,경기도,150,의정부시,111,녹양동,1,0.0,0.0,0.0,0.0,0.0,0.0,0.0,0.0,0.0,0.0,0.0,0.0,0.0,0.0,0.0,0.0,0,0.0,0.0,0.0,0.0,0.0,0.0,0.0,0.0,0.0,0.0,0.0,0.0,0.0,0.0,0.0,0.0,0,0.0,0.0,0.0,0.0,0.0,0.0,0.0,0.0,0.0,0.0,0.0,0.0,0.0,0.0,0.0,0.0,0.0,0.0,0,0,0,0,0,0,0,0,0,0,0,0,0,0,0,0,0
41150114,41150,41,경기도,150,의정부시,114,고산동,0,0.0,0.0,0.0,0.0,0.0,0.0,0.0,0.0,0.0,0.0,0.0,0.0,0.0,0.0,0.0,0.0,1,0.0,0.0,0.0,0.0,0.0,0.0,0.0,0.0,0.0,0.0,0.0,0.0,0.0,0.0,0.0,0.0,1,0.0,0.0,0.0,0.0,0.0,0.0,0.0,0.0,0.0,0.0,0.0,0.0,0.0,0.0,0.0,0.0,0.0,0.0,1,22,22,14,14,8,8,0,0,12,12,6,6,1,1,5,5
41171101,41171,41,경기도,171,안양시만안구,101,안양동,1,0.0,0.0,0.0,0.0,0.0,0.0,0.0,0.0,0.0,0.0,0.0,0.0,0.0,0.0,0.0,0.0,1,0.0,0.0,0.0,0.0,0.0,0.0,0.0,0.0,0.0,0.0,0.0,0.0,0.0,0.0,0.0,0.0,1,0.0,0.0,0.0,0.0,0.0,0.0,0.0,0.0,0.0,0.0,0.0,0.0,0.0,0.0,0.0,0.0,0.0,0.0,2,25,25,21,21,3,3,1,1,22,12,10,6,6,4,6,6
41171102,41171,41,경기도,171,안양시만안구,102,석수동,1,0.0,0.0,0.0,0.0,3.2,3.2,1.4,1.4,19.5,19.5,18.0,18.0,16.6,16.6,0.0,0.0,0,0.0,0.0,0.0,0.0,0.0,0.0,0.0,0.0,0.0,0.0,0.0,0.0,0.0,0.0,0.0,0.0,0,0.0,0.0,0.0,0.0,0.0,0.0,0.0,0.0,0.0,0.0,0.0,0.0,0.0,0.0,0.0,0.0,0.0,0.0,0,0,0,0,0,0,0,0,0,0,0,0,0,0,0,0,0
41171103,41171,41,경기도,171,안양시만안구,103,,0,0.0,0.0,0.0,0.0,0.0,0.0,0.0,0.0,0.0,0.0,0.0,0.0,0.0,0.0,0.0,0.0,0,0.0,0.0,0.0,0.0,0.0,0.0,0.0,0.0,0.0,0.0,0.0,0.0,0.0,0.0,0.0,0.0,0,0.0,0.0,0.0,0.0,0.0,0.0,0.0,0.0,0.0,0.0,0.0,0.0,0.0,0.0,0.0,0.0,0.0,0.0,1,26,26,19,19,0,0,7,7,8,8,4,4,3,3,1,1
41173101,41173,41,경기도,173,안양시동안구,101,비산동,1,0.0,0.0,0.0,0.0,0.0,0.0,0.0,0.0,0.0,0.0,0.0,0.0,0.0,0.0,0.0,0.0,1,0.0,0.0,0.0,0.0,0.0,0.0,0.0,0.0,0.0,0.0,0.0,0.0,0.0,0.0,0.0,0.0,2,0.0,0.0,0.0,0.0,0.0,0.0,0.0,0.0,0.0,0.0,0.0,0.0,0.0,0.0,0.0,0.0,0.0,0.0,1,0,0,0,0,0,0,0,0,11,11,10,10,1,1,0,0
41173102,41173,41,경기도,173,안양시동안구,102,관양동,1,0.0,0.0,0.0,0.0,0.0,0.0,0.0,0.0,0.0,0.0,0.0,0.0,0.0,0.0,0.0,0.0,1,150.0,150.0,150.0,150.0,150.0,150.0,150.0,150.0,150.0,150.0,150.0,150.0,150.0,150.0,150.0,150.0,1,320.0,320.0,320.0,320.0,320.0,320.0,320.0,320.0,320.0,320.0,320.0,320.0,750.0,750.0,320.0,320.0,0.0,0.0,1,27,27,20,20,5,5,2,2,8,8,6,6,0,0,2,2
41173103,41173,41,경기도,173,안양시동안구,103,평촌동,1,0.0,0.0,0.0,0.0,0.0,0.0,150.0,150.0,150.0,150.0,150.0,150.0,150.0,150.0,0.0,0.0,1,0.0,0.0,0.0,0.0,0.0,0.0,0.0,0.0,0.0,0.0,0.0,0.0,0.0,0.0,0.0,0.0,1,0.0,0.0,0.0,0.0,0.0,0.0,0.0,0.0,0.0,0.0,0.0,0.0,0.0,0.0,0.0,0.0,0.0,0.0,1,28,28,28,28,0,0,0,0,7,7,7,7,0,0,0,0
41190101,41190,41,경기도,190,부천시,101,송내동,1,0.0,0.0,0.0,0.0,0.0,0.0,0.0,0.0,0.0,0.0,0.0,0.0,0.0,0.0,0.0,0.0,0,0.0,0.0,0.0,0.0,0.0,0.0,0.0,0.0,0.0,0.0,0.0,0.0,0.0,0.0,0.0,0.0,0,0.0,0.0,0.0,0.0,0.0,0.0,0.0,0.0,0.0,0.0,0.0,0.0,0.0,0.0,0.0,0.0,0.0,0.0,0,0,0,0,0,0,0,0,0,0,0,0,0,0,0,0,0
41190103,41190,41,경기도,190,부천시,103,춘의동,1,0.0,0.0,0.0,0.0,0.0,0.0,0.0,0.0,0.0,0.0,0.0,0.0,0.0,0.0,0.0,0.0,0,0.0,0.0,0.0,0.0,0.0,0.0,0.0,0.0,0.0,0.0,0.0,0.0,0.0,0.0,0.0,0.0,0,0.0,0.0,0.0,0.0,0.0,0.0,0.0,0.0,0.0,0.0,0.0,0.0,0.0,0.0,0.0,0.0,0.0,0.0,0,0,0,0,0,0,0,0,0,0,0,0,0,0,0,0,0
41190104,41190,41,경기도,190,부천시,104,도당동,0,0.0,0.0,0.0,0.0,0.0,0.0,0.0,0.0,0.0,0.0,0.0,0.0,0.0,0.0,0.0,0.0,1,0.0,0.0,0.0,0.0,0.0,0.0,0.0,0.0,0.0,0.0,0.0,0.0,0.0,0.0,0.0,0.0,1,560.0,560.0,560.0,560.0,605.0,605.0,615.0,615.0,615.0,615.0,615.0,615.0,620.0,620.0,560.0,560.0,0.0,0.0,1,14,14,11,11,3,3,0,0,8,8,5,5,3,3,0,0
41190107,41190,41,경기도,190,부천시,107,부개동,0,0.0,0.0,0.0,0.0,0.0,0.0,0.0,0.0,0.0,0.0,0.0,0.0,0.0,0.0,0.0,0.0,1,0.0,0.0,0.0,0.0,0.0,0.0,0.0,0.0,0.0,0.0,0.0,0.0,0.0,0.0,0.0,0.0,1,650.0,650.0,895.0,895.0,895.0,895.0,895.0,895.0,895.0,895.0,895.0,895.0,895.0,895.0,650.0,650.0,0.0,0.0,1,23,23,23,23,0,0,0,0,8,8,6,6,0,0,2,2
41190108,41190,41,경기도,190,부천시,108,옥길동,4,0.0,0.0,0.0,0.0,0.0,0.0,0.0,0.0,0.0,0.0,0.0,0.0,0.0,0.0,0.0,0.0,0,0.0,0.0,0.0,0.0,0.0,0.0,0.0,0.0,0.0,0.0,0.0,0.0,0.0,0.0,0.0,0.0,0,0.0,0.0,0.0,0.0,0.0,0.0,0.0,0.0,0.0,0.0,0.0,0.0,0.0,0.0,0.0,0.0,0.0,0.0,1,29,29,14,14,4,4,11,11,9,9,9,9,0,0,0,0
41190109,41190,41,경기도,190,부천시,109,상동,0,0.0,0.0,0.0,0.0,0.0,0.0,0.0,0.0,0.0,0.0,0.0,0.0,0.0,0.0,0.0,0.0,1,0.0,0.0,0.0,0.0,0.0,0.0,0.0,0.0,0.0,0.0,0.0,0.0,0.0,0.0,0.0,0.0,1,0.0,0.0,0.0,0.0,0.0,0.0,0.0,0.0,0.0,0.0,0.0,0.0,0.0,0.0,0.0,0.0,0.0,0.0,1,23,23,23,23,0,0,0,0,8,8,5,5,3,3,0,0
41190113,41190,41,경기도,190,부천시,113,괴안동,0,0.0,0.0,0.0,0.0,0.0,0.0,0.0,0.0,0.0,0.0,0.0,0.0,0.0,0.0,0.0,0.0,1,0.0,0.0,0.0,0.0,0.0,0.0,0.0,0.0,0.0,0.0,0.0,0.0,0.0,0.0,0.0,0.0,1,415.0,415.0,415.0,415.0,415.0,415.0,415.0,415.0,420.0,420.0,420.0,420.0,420.0,420.0,415.0,415.0,0.0,0.0,1,28,28,23,23,0,0,5,5,8,8,2,2,5,5,1,1
41190120,41190,41,경기도,190,부천시,120,원종동,1,0.0,0.0,0.0,0.0,0.0,0.0,0.0,0.0,0.0,0.0,0.0,0.0,0.0,0.0,0.0,0.0,0,0.0,0.0,0.0,0.0,0.0,0.0,0.0,0.0,0.0,0.0,0.0,0.0,0.0,0.0,0.0,0.0,0,0.0,0.0,0.0,0.0,0.0,0.0,0.0,0.0,0.0,0.0,0.0,0.0,0.0,0.0,0.0,0.0,0.0,0.0,0,0,0,0,0,0,0,0,0,0,0,0,0,0,0,0,0
41190121,41190,41,경기도,190,부천시,121,고강동,0,0.0,0.0,0.0,0.0,0.0,0.0,0.0,0.0,0.0,0.0,0.0,0.0,0.0,0.0,0.0,0.0,1,0.0,0.0,0.0,0.0,0.0,0.0,0.0,0.0,0.0,0.0,0.0,0.0,0.0,0.0,0.0,0.0,1,765.0,765.0,825.0,825.0,825.0,825.0,825.0,825.0,825.0,825.0,845.0,845.0,875.0,875.0,765.0,765.0,0.0,0.0,1,21,21,16,16,0,0,5,5,8,8,5,5,3,3,0,0
41190122,41190,41,경기도,190,부천시,122,내동,0,0.0,0.0,0.0,0.0,0.0,0.0,0.0,0.0,0.0,0.0,0.0,0.0,0.0,0.0,0.0,0.0,2,0.0,0.0,0.0,0.0,0.0,0.0,0.0,0.0,0.0,0.0,0.0,0.0,0.0,0.0,0.0,0.0,2,0.0,0.0,0.0,0.0,0.0,0.0,0.0,0.0,0.0,0.0,0.0,0.0,0.0,0.0,0.0,0.0,0.0,0.0,2,60,32,60,32,0,0,0,0,25,14,25,14,1,1,-1,0
41192101,41192,41,경기도,192,부천시원미구,101,원미동,0,0.0,0.0,0.0,0.0,0.0,0.0,0.0,0.0,0.0,0.0,0.0,0.0,0.0,0.0,0.0,0.0,1,0.0,0.0,0.0,0.0,0.0,0.0,0.0,0.0,0.0,0.0,0.0,0.0,0.0,0.0,0.0,0.0,1,0.0,0.0,0.0,0.0,0.0,0.0,0.0,0.0,0.0,0.0,0.0,0.0,0.0,0.0,0.0,0.0,0.0,0.0,1,8,8,8,8,0,0,0,0,11,11,7,7,4,4,0,0
41192104,41192,41,경기도,192,부천시원미구,104,도당동,1,0.0,0.0,0.0,0.0,0.0,0.0,0.0,0.0,0.0,0.0,0.0,0.0,0.0,0.0,0.0,0.0,0,0.0,0.0,0.0,0.0,0.0,0.0,0.0,0.0,0.0,0.0,0.0,0.0,0.0,0.0,0.0,0.0,0,0.0,0.0,0.0,0.0,0.0,0.0,0.0,0.0,0.0,0.0,0.0,0.0,0.0,0.0,0.0,0.0,0.0,0.0,1,28,28,28,28,0,0,0,0,11,11,11,11,1,1,-1,-1
41194101,41194,41,경기도,194,부천시소사구,101,,0,0.0,0.0,0.0,0.0,0.0,0.0,0.0,0.0,0.0,0.0,0.0,0.0,0.0,0.0,0.0,0.0,0,0.0,0.0,0.0,0.0,0.0,0.0,0.0,0.0,0.0,0.0,0.0,0.0,0.0,0.0,0.0,0.0,0,0.0,0.0,0.0,0.0,0.0,0.0,0.0,0.0,0.0,0.0,0.0,0.0,0.0,0.0,0.0,0.0,0.0,0.0,1,8,8,8,8,0,0,0,0,11,11,7,7,4,4,0,0
41196101,41196,41,경기도,196,부천시오정구,101,오정동,0,0.0,0.0,0.0,0.0,0.0,0.0,0.0,0.0,0.0,0.0,0.0,0.0,0.0,0.0,0.0,0.0,1,0.0,0.0,0.0,0.0,0.0,0.0,0.0,0.0,0.0,0.0,0.0,0.0,0.0,0.0,0.0,0.0,1,2085.0,2085.0,2085.0,2085.0,2085.0,2085.0,2085.0,2085.0,2085.0,2085.0,2085.0,2085.0,2085.0,2085.0,2085.0,2085.0,0.0,0.0,1,27,27,25,25,0,0,2,2,18,18,10,10,2,2,6,6
41196102,41196,41,경기도,196,부천시오정구,102,,0,0.0,0.0,0.0,0.0,0.0,0.0,0.0,0.0,0.0,0.0,0.0,0.0,0.0,0.0,0.0,0.0,0,0.0,0.0,0.0,0.0,0.0,0.0,0.0,0.0,0.0,0.0,0.0,0.0,0.0,0.0,0.0,0.0,0,0.0,0.0,0.0,0.0,0.0,0.0,0.0,0.0,0.0,0.0,0.0,0.0,0.0,0.0,0.0,0.0,0.0,0.0,1,8,8,8,8,0,0,0,0,11,11,7,7,4,4,0,0
41196107,41196,41,경기도,196,부천시오정구,107,삼정동,1,0.0,0.0,0.0,0.0,0.0,0.0,0.0,0.0,0.0,0.0,0.0,0.0,0.0,0.0,0.0,0.0,0,0.0,0.0,0.0,0.0,0.0,0.0,0.0,0.0,0.0,0.0,0.0,0.0,0.0,0.0,0.0,0.0,0,0.0,0.0,0.0,0.0,0.0,0.0,0.0,0.0,0.0,0.0,0.0,0.0,0.0,0.0,0.0,0.0,0.0,0.0,0,0,0,0,0,0,0,0,0,0,0,0,0,0,0,0,0
41197103,41197,41,경기도,197,,103,범박동,1,0.0,0.0,0.0,0.0,0.0,0.0,0.0,0.0,0.0,0.0,0.0,0.0,0.0,0.0,0.0,0.0,0,0.0,0.0,0.0,0.0,0.0,0.0,0.0,0.0,0.0,0.0,0.0,0.0,0.0,0.0,0.0,0.0,0,0.0,0.0,0.0,0.0,0.0,0.0,0.0,0.0,0.0,0.0,0.0,0.0,0.0,0.0,0.0,0.0,0.0,0.0,0,0,0,0,0,0,0,0,0,0,0,0,0,0,0,0,0
41210101,41210,41,경기도,210,광명시,101,광명동,1,0.0,0.0,0.0,0.0,0.0,0.0,0.0,0.0,0.0,0.0,0.0,0.0,0.0,0.0,0.0,0.0,1,0.0,0.0,0.0,0.0,0.0,0.0,0.0,0.0,0.0,0.0,40.0,40.0,40.0,40.0,0.0,0.0,2,320.0,320.0,320.0,320.0,1270.0,925.0,1280.0,925.0,1725.0,1305.0,1815.0,1395.0,2010.0,1590.0,320.0,320.0,0.0,0.0,2,36,26,34,24,2,2,0,0,25,19,17,12,0,0,8,7
41210103,41210,41,경기도,210,광명시,103,하안동,2,0.0,0.0,0.0,0.0,0.0,0.0,0.0,0.0,0.0,0.0,0.0,0.0,0.0,0.0,0.0,0.0,1,0.0,0.0,0.0,0.0,0.0,0.0,0.0,0.0,0.0,0.0,0.0,0.0,0.0,0.0,0.0,0.0,1,0.0,0.0,0.0,0.0,0.0,0.0,0.0,0.0,0.0,0.0,0.0,0.0,1965.0,1965.0,0.0,0.0,0.0,0.0,0,0,0,0,0,0,0,0,0,0,0,0,0,0,0,0,0
41210105,41210,41,경기도,210,광명시,105,노온사동,0,0.0,0.0,0.0,0.0,0.0,0.0,0.0,0.0,0.0,0.0,0.0,0.0,0.0,0.0,0.0,0.0,1,0.0,0.0,0.0,0.0,0.0,0.0,0.0,0.0,0.0,0.0,0.0,0.0,0.0,0.0,0.0,0.0,1,0.0,0.0,0.0,0.0,0.0,0.0,0.0,0.0,0.0,0.0,0.0,0.0,0.0,0.0,0.0,0.0,0.0,0.0,1,27,27,23,23,1,1,3,3,5,5,5,5,0,0,0,0
41210107,41210,41,경기도,210,광명시,107,가학동,2,0.0,0.0,0.0,0.0,0.0,0.0,0.0,0.0,0.0,0.0,6.7,6.7,6.7,6.7,0.0,0.0,1,0.0,0.0,0.0,0.0,0.0,0.0,0.0,0.0,0.0,0.0,0.0,0.0,0.0,0.0,0.0,0.0,1,0.0,0.0,0.0,0.0,0.0,0.0,0.0,0.0,0.0,0.0,0.0,0.0,0.0,0.0,0.0,0.0,0.0,0.0,0,0,0,0,0,0,0,0,0,0,0,0,0,0,0,0,0
41210108,41210,41,경기도,210,광명시,108,옥길동,1,0.0,0.0,0.0,0.0,0.0,0.0,0.0,0.0,0.0,0.0,0.0,0.0,0.0,0.0,0.0,0.0,2,0.0,0.0,0.0,0.0,0.0,0.0,0.0,0.0,0.0,0.0,0.0,0.0,0.0,0.0,0.0,0.0,2,930.0,930.0,930.0,930.0,930.0,930.0,930.0,930.0,1155.0,1155.0,1155.0,1155.0,2585.0,1300.0,930.0,930.0,0.0,0.0,1,29,29,14,14,4,4,11,11,9,9,9,9,0,0,0,0
41220105,41220,41,경기도,220,평택시,105,칠원동,1,0.0,0.0,0.0,0.0,0.0,0.0,0.0,0.0,0.0,0.0,0.0,0.0,0.0,0.0,0.0,0.0,0,0.0,0.0,0.0,0.0,0.0,0.0,0.0,0.0,0.0,0.0,0.0,0.0,0.0,0.0,0.0,0.0,0,0.0,0.0,0.0,0.0,0.0,0.0,0.0,0.0,0.0,0.0,0.0,0.0,0.0,0.0,0.0,0.0,0.0,0.0,0,0,0,0,0,0,0,0,0,0,0,0,0,0,0,0,0
41220106,41220,41,경기도,220,평택시,106,도일동,1,0.0,0.0,0.0,0.0,0.0,0.0,0.0,0.0,0.0,0.0,0.0,0.0,0.0,0.0,0.0,0.0,1,0.0,0.0,0.0,0.0,0.0,0.0,0.0,0.0,0.0,0.0,0.0,0.0,0.0,0.0,0.0,0.0,1,0.0,0.0,0.0,0.0,0.0,0.0,1225.0,1225.0,1230.0,1230.0,1240.0,1240.0,1240.0,1240.0,0.0,0.0,0.0,0.0,0,0,0,0,0,0,0,0,0,0,0,0,0,0,0,0,0
41220107,41220,41,경기도,220,평택시,107,가재동,1,0.0,0.0,0.0,0.0,0.0,0.0,0.0,0.0,0.0,0.0,0.0,0.0,0.0,0.0,0.0,0.0,2,0.0,0.0,0.0,0.0,0.0,0.0,5.0,5.0,0.0,0.0,0.0,0.0,0.0,0.0,0.0,0.0,2,1465.0,1080.0,1475.0,1090.0,1475.0,1090.0,1625.0,1225.0,1650.0,1230.0,1675.0,1240.0,1940.0,1240.0,1465.0,1080.0,0.0,0.0,0,0,0,0,0,0,0,0,0,0,0,0,0,0,0,0,0
41220108,41220,41,경기도,220,평택시,108,장안동,1,0.0,0.0,0.0,0.0,0.0,0.0,0.0,0.0,0.0,0.0,0.0,0.0,0.0,0.0,0.0,0.0,1,0.0,0.0,0.0,0.0,0.0,0.0,0.0,0.0,0.0,0.0,0.0,0.0,0.0,0.0,0.0,0.0,1,1160.0,1160.0,1160.0,1160.0,1280.0,1280.0,1290.0,1290.0,1300.0,1300.0,1310.0,1310.0,1310.0,1310.0,1160.0,1160.0,0.0,0.0,0,0,0,0,0,0,0,0,0,0,0,0,0,0,0,0,0
41220111,41220,41,경기도,220,평택시,111,,0,0.0,0.0,0.0,0.0,0.0,0.0,0.0,0.0,0.0,0.0,0.0,0.0,0.0,0.0,0.0,0.0,0,0.0,0.0,0.0,0.0,0.0,0.0,0.0,0.0,0.0,0.0,0.0,0.0,0.0,0.0,0.0,0.0,0,0.0,0.0,0.0,0.0,0.0,0.0,0.0,0.0,0.0,0.0,0.0,0.0,0.0,0.0,0.0,0.0,0.0,0.0,1,26,26,19,19,5,5,2,2,12,12,5,5,0,0,7,7
41220112,41220,41,경기도,220,평택시,112,신장동,0,0.0,0.0,0.0,0.0,0.0,0.0,0.0,0.0,0.0,0.0,0.0,0.0,0.0,0.0,0.0,0.0,1,0.0,0.0,0.0,0.0,0.0,0.0,0.0,0.0,0.0,0.0,0.0,0.0,0.0,0.0,0.0,0.0,1,785.0,785.0,785.0,785.0,785.0,785.0,805.0,805.0,835.0,835.0,860.0,860.0,1040.0,1040.0,785.0,785.0,0.0,0.0,1,26,26,13,13,12,12,1,1,8,8,2,2,2,2,4,4
41220113,41220,41,경기도,220,평택시,113,평택동,1,0.0,0.0,0.0,0.0,0.0,0.0,0.0,0.0,0.0,0.0,0.0,0.0,0.0,0.0,0.0,0.0,0,0.0,0.0,0.0,0.0,0.0,0.0,0.0,0.0,0.0,0.0,0.0,0.0,0.0,0.0,0.0,0.0,0,0.0,0.0,0.0,0.0,0.0,0.0,0.0,0.0,0.0,0.0,0.0,0.0,0.0,0.0,0.0,0.0,0.0,0.0,0,0,0,0,0,0,0,0,0,0,0,0,0,0,0,0,0
41220114,41220,41,경기도,220,평택시,114,,0,0.0,0.0,0.0,0.0,0.0,0.0,0.0,0.0,0.0,0.0,0.0,0.0,0.0,0.0,0.0,0.0,0,0.0,0.0,0.0,0.0,0.0,0.0,0.0,0.0,0.0,0.0,0.0,0.0,0.0,0.0,0.0,0.0,0,0.0,0.0,0.0,0.0,0.0,0.0,0.0,0.0,0.0,0.0,0.0,0.0,0.0,0.0,0.0,0.0,0.0,0.0,1,26,26,19,19,0,0,7,7,8,8,2,2,2,2,4,4
41220115,41220,41,경기도,220,평택시,115,군문동,0,0.0,0.0,0.0,0.0,0.0,0.0,0.0,0.0,0.0,0.0,0.0,0.0,0.0,0.0,0.0,0.0,1,0.0,0.0,0.0,0.0,0.0,0.0,0.0,0.0,0.0,0.0,0.0,0.0,0.0,0.0,0.0,0.0,1,580.0,580.0,580.0,580.0,580.0,580.0,590.0,590.0,590.0,590.0,590.0,590.0,600.0,600.0,580.0,580.0,0.0,0.0,1,29,29,25,25,0,0,4,4,8,8,8,8,0,0,0,0
41220117,41220,41,경기도,220,평택시,117,합정동,1,0.0,0.0,0.0,0.0,0.0,0.0,0.0,0.0,0.0,0.0,0.0,0.0,0.0,0.0,0.0,0.0,0,0.0,0.0,0.0,0.0,0.0,0.0,0.0,0.0,0.0,0.0,0.0,0.0,0.0,0.0,0.0,0.0,0,0.0,0.0,0.0,0.0,0.0,0.0,0.0,0.0,0.0,0.0,0.0,0.0,0.0,0.0,0.0,0.0,0.0,0.0,0,0,0,0,0,0,0,0,0,0,0,0,0,0,0,0,0
41220131,41220,41,경기도,220,평택시,131,장안동,0,0.0,0.0,0.0,0.0,0.0,0.0,0.0,0.0,0.0,0.0,0.0,0.0,0.0,0.0,0.0,0.0,1,0.0,0.0,0.0,0.0,0.0,0.0,0.0,0.0,0.0,0.0,0.0,0.0,0.0,0.0,0.0,0.0,1,0.0,0.0,0.0,0.0,0.0,0.0,0.0,0.0,0.0,0.0,0.0,0.0,0.0,0.0,0.0,0.0,0.0,0.0,0,0,0,0,0,0,0,0,0,0,0,0,0,0,0,0,0
41220250,41220,41,경기도,220,평택시,250,팽성읍,1,0.0,0.0,0.0,0.0,0.0,0.0,0.0,0.0,0.0,0.0,0.0,0.0,0.0,0.0,0.0,0.0,1,80.0,80.0,0.0,0.0,0.0,0.0,0.0,0.0,0.0,0.0,0.0,0.0,0.0,0.0,80.0,80.0,1,0.0,0.0,0.0,0.0,0.0,0.0,0.0,0.0,0.0,0.0,0.0,0.0,0.0,0.0,0.0,0.0,0.0,0.0,1,40,40,40,40,0,0,0,0,12,12,2,2,2,2,8,8
41220256,41220,41,경기도,220,평택시,256,포승읍,2,0.0,0.0,0.0,0.0,0.0,0.0,0.0,0.0,0.0,0.0,0.0,0.0,0.0,0.0,0.0,0.0,1,0.0,0.0,0.0,0.0,0.0,0.0,0.0,0.0,0.0,0.0,0.0,0.0,0.0,0.0,0.0,0.0,1,495.0,495.0,495.0,495.0,495.0,495.0,495.0,495.0,495.0,495.0,495.0,495.0,495.0,495.0,495.0,495.0,0.0,0.0,1,26,26,21,21,2,2,3,3,12,12,5,5,0,0,7,7
41220259,41220,41,경기도,220,평택시,259,청북읍,2,0.0,0.0,0.0,0.0,0.0,0.0,0.0,0.0,0.0,0.0,0.0,0.0,0.0,0.0,0.0,0.0,1,0.0,0.0,0.0,0.0,0.0,0.0,0.0,0.0,0.0,0.0,0.0,0.0,0.0,0.0,0.0,0.0,1,665.0,665.0,665.0,665.0,665.0,665.0,665.0,665.0,665.0,665.0,665.0,665.0,1015.0,1015.0,665.0,665.0,0.0,0.0,0,0,0,0,0,0,0,0,0,0,0,0,0,0,0,0,0
41220310,41220,41,경기도,220,평택시,310,진위면,1,0.0,0.0,0.0,0.0,0.0,0.0,0.0,0.0,0.0,0.0,0.0,0.0,0.0,0.0,0.0,0.0,0,0.0,0.0,0.0,0.0,0.0,0.0,0.0,0.0,0.0,0.0,0.0,0.0,0.0,0.0,0.0,0.0,0,0.0,0.0,0.0,0.0,0.0,0.0,0.0,0.0,0.0,0.0,0.0,0.0,0.0,0.0,0.0,0.0,0.0,0.0,0,0,0,0,0,0,0,0,0,0,0,0,0,0,0,0,0
41220320,41220,41,경기도,220,평택시,320,서탄면,2,0.0,0.0,0.0,0.0,0.0,0.0,0.0,0.0,0.0,0.0,0.0,0.0,0.0,0.0,0.0,0.0,1,0.0,0.0,0.0,0.0,0.0,0.0,0.0,0.0,0.0,0.0,0.0,0.0,0.0,0.0,0.0,0.0,1,0.0,0.0,0.0,0.0,545.0,545.0,550.0,550.0,560.0,560.0,565.0,565.0,575.0,575.0,0.0,0.0,0.0,0.0,1,30,30,29,29,0,0,1,1,8,8,8,8,0,0,0,0
41220330,41220,41,경기도,220,평택시,330,고덕면,2,0.0,0.0,0.0,0.0,0.0,0.0,0.0,0.0,0.0,0.0,0.0,0.0,0.0,0.0,0.0,0.0,1,0.0,0.0,0.0,0.0,0.0,0.0,0.0,0.0,0.0,0.0,0.0,0.0,0.0,0.0,0.0,0.0,2,2235.0,1255.0,2235.0,1255.0,2280.0,1300.0,2295.0,1315.0,2340.0,1335.0,2360.0,1355.0,2380.0,1365.0,2235.0,1255.0,0.0,0.0,2,26,26,20,20,5,5,1,1,27,15,23,12,0,0,4,4
41220340,41220,41,경기도,220,평택시,340,오성면,0,0.0,0.0,0.0,0.0,0.0,0.0,0.0,0.0,0.0,0.0,0.0,0.0,0.0,0.0,0.0,0.0,1,0.0,0.0,0.0,0.0,0.0,0.0,0.0,0.0,0.0,0.0,0.0,0.0,0.0,0.0,0.0,0.0,1,1015.0,1015.0,1015.0,1015.0,1015.0,1015.0,1015.0,1015.0,1015.0,1015.0,1015.0,1015.0,1015.0,1015.0,1015.0,1015.0,0.0,0.0,1,26,26,26,26,0,0,0,0,11,11,8,8,2,2,1,1
41220370,41220,41,경기도,220,평택시,370,현덕면,3,0.0,0.0,0.0,0.0,0.0,0.0,0.0,0.0,0.0,0.0,0.0,0.0,0.0,0.0,0.0,0.0,3,0.0,0.0,0.0,0.0,0.0,0.0,0.0,0.0,0.0,0.0,0.0,0.0,0.0,0.0,0.0,0.0,3,2200.0,1140.0,2200.0,1140.0,2200.0,1140.0,2215.0,1155.0,2235.0,1175.0,3525.0,1255.0,3545.0,1270.0,2200.0,1140.0,0.0,0.0,1,29,29,18,18,0,0,11,11,8,8,6,6,0,0,2,2
41220450,41220,41,경기도,220,평택시,450,신평면,1,0.0,0.0,0.0,0.0,0.0,0.0,0.0,0.0,0.0,0.0,0.0,0.0,0.0,0.0,0.0,0.0,1,0.0,0.0,0.0,0.0,0.0,0.0,0.0,0.0,0.0,0.0,0.0,0.0,0.0,0.0,0.0,0.0,1,830.0,830.0,830.0,830.0,830.0,830.0,845.0,845.0,865.0,865.0,895.0,895.0,915.0,915.0,830.0,830.0,0.0,0.0,1,26,26,18,18,0,0,8,8,12,12,6,6,0,0,6,6
41250101,41250,41,경기도,250,동두천시,101,,0,0.0,0.0,0.0,0.0,0.0,0.0,0.0,0.0,0.0,0.0,0.0,0.0,0.0,0.0,0.0,0.0,0,0.0,0.0,0.0,0.0,0.0,0.0,0.0,0.0,0.0,0.0,0.0,0.0,0.0,0.0,0.0,0.0,0,0.0,0.0,0.0,0.0,0.0,0.0,0.0,0.0,0.0,0.0,0.0,0.0,0.0,0.0,0.0,0.0,0.0,0.0,1,0,0,0,0,0,0,0,0,12,12,10,10,2,2,0,0
41250105,41250,41,경기도,250,동두천시,105,걸산동,0,0.0,0.0,0.0,0.0,0.0,0.0,0.0,0.0,0.0,0.0,0.0,0.0,0.0,0.0,0.0,0.0,1,0.0,0.0,0.0,0.0,0.0,0.0,0.0,0.0,0.0,0.0,0.0,0.0,0.0,0.0,0.0,0.0,1,960.0,960.0,960.0,960.0,970.0,970.0,970.0,970.0,970.0,970.0,1020.0,1020.0,1030.0,1030.0,960.0,960.0,0.0,0.0,1,29,29,26,26,0,0,3,3,8,8,4,4,2,2,2,2
41271101,41271,41,경기도,271,안산시상록구,101,일동,0,0.0,0.0,0.0,0.0,0.0,0.0,0.0,0.0,0.0,0.0,0.0,0.0,0.0,0.0,0.0,0.0,0,0.0,0.0,0.0,0.0,0.0,0.0,0.0,0.0,0.0,0.0,0.0,0.0,0.0,0.0,0.0,0.0,1,0.0,0.0,0.0,0.0,0.0,0.0,0.0,0.0,0.0,0.0,0.0,0.0,0.0,0.0,0.0,0.0,0.0,0.0,1,0,0,0,0,0,0,0,0,8,8,7,7,1,1,0,0
41271102,41271,41,경기도,271,안산시상록구,102,이동,1,0.0,0.0,17.2,17.2,16.5,16.5,15.9,15.9,15.3,15.3,14.9,14.9,14.4,14.4,0.0,0.0,0,0.0,0.0,0.0,0.0,0.0,0.0,0.0,0.0,0.0,0.0,0.0,0.0,0.0,0.0,0.0,0.0,0,0.0,0.0,0.0,0.0,0.0,0.0,0.0,0.0,0.0,0.0,0.0,0.0,0.0,0.0,0.0,0.0,0.0,0.0,1,26,26,26,26,0,0,0,0,8,8,5,5,2,2,1,1
41271103,41271,41,경기도,271,안산시상록구,103,사동,1,0.0,0.0,0.0,0.0,0.0,0.0,0.0,0.0,0.0,0.0,0.0,0.0,0.0,0.0,0.0,0.0,1,150.0,150.0,150.0,150.0,150.0,150.0,150.0,150.0,150.0,150.0,150.0,150.0,150.0,150.0,150.0,150.0,1,965.0,965.0,965.0,965.0,965.0,965.0,965.0,965.0,965.0,965.0,965.0,965.0,965.0,965.0,965.0,965.0,0.0,0.0,1,26,26,24,24,2,2,0,0,8,8,4,4,1,1,3,3
41271104,41271,41,경기도,271,안산시상록구,104,본오동,1,0.0,0.0,0.0,0.0,0.0,0.0,0.0,0.0,0.0,0.0,0.0,0.0,0.0,0.0,0.0,0.0,0,0.0,0.0,0.0,0.0,0.0,0.0,0.0,0.0,0.0,0.0,0.0,0.0,0.0,0.0,0.0,0.0,0,0.0,0.0,0.0,0.0,0.0,0.0,0.0,0.0,0.0,0.0,0.0,0.0,0.0,0.0,0.0,0.0,0.0,0.0,0,0,0,0,0,0,0,0,0,0,0,0,0,0,0,0,0
41271110,41271,41,경기도,271,안산시상록구,110,,0,0.0,0.0,0.0,0.0,0.0,0.0,0.0,0.0,0.0,0.0,0.0,0.0,0.0,0.0,0.0,0.0,0,0.0,0.0,0.0,0.0,0.0,0.0,0.0,0.0,0.0,0.0,0.0,0.0,0.0,0.0,0.0,0.0,0,0.0,0.0,0.0,0.0,0.0,0.0,0.0,0.0,0.0,0.0,0.0,0.0,0.0,0.0,0.0,0.0,0.0,0.0,1,26,26,5,5,5,5,16,16,8,8,4,4,0,0,4,4
41271111,41271,41,경기도,271,안산시상록구,111,건건동,0,0.0,0.0,0.0,0.0,0.0,0.0,0.0,0.0,0.0,0.0,0.0,0.0,0.0,0.0,0.0,0.0,1,0.0,0.0,0.0,0.0,0.0,0.0,0.0,0.0,0.0,0.0,0.0,0.0,0.0,0.0,0.0,0.0,1,0.0,0.0,0.0,0.0,0.0,0.0,0.0,0.0,0.0,0.0,0.0,0.0,0.0,0.0,0.0,0.0,0.0,0.0,2,24,24,21,21,0,0,3,3,18,10,14,8,4,4,0,0
41271112,41271,41,경기도,271,안산시상록구,112,,0,0.0,0.0,0.0,0.0,0.0,0.0,0.0,0.0,0.0,0.0,0.0,0.0,0.0,0.0,0.0,0.0,0,0.0,0.0,0.0,0.0,0.0,0.0,0.0,0.0,0.0,0.0,0.0,0.0,0.0,0.0,0.0,0.0,0,0.0,0.0,0.0,0.0,0.0,0.0,0.0,0.0,0.0,0.0,0.0,0.0,0.0,0.0,0.0,0.0,0.0,0.0,1,26,26,8,8,5,5,13,13,10,10,9,9,1,1,0,0
41271115,41271,41,경기도,271,안산시상록구,115,장하동,1,109.7,109.7,109.4,109.4,109.2,109.2,108.9,108.9,108.7,108.7,108.5,108.5,108.3,108.3,109.7,109.7,0,0.0,0.0,0.0,0.0,0.0,0.0,0.0,0.0,0.0,0.0,0.0,0.0,0.0,0.0,0.0,0.0,0,0.0,0.0,0.0,0.0,0.0,0.0,0.0,0.0,0.0,0.0,0.0,0.0,0.0,0.0,0.0,0.0,0.0,0.0,0,0,0,0,0,0,0,0,0,0,0,0,0,0,0,0,0
41273101,41273,41,경기도,273,안산시단원구,101,고잔동,0,0.0,0.0,0.0,0.0,0.0,0.0,0.0,0.0,0.0,0.0,0.0,0.0,0.0,0.0,0.0,0.0,1,685.0,685.0,660.0,660.0,510.0,510.0,665.0,665.0,650.0,650.0,690.0,690.0,640.0,640.0,685.0,685.0,1,1275.0,1275.0,1275.0,1275.0,1275.0,1275.0,1275.0,1275.0,1275.0,1275.0,1275.0,1275.0,1280.0,1280.0,1275.0,1275.0,0.0,0.0,2,26,26,26,26,0,0,0,0,16,8,12,7,3,2,1,1
41273102,41273,41,경기도,273,안산시단원구,102,,0,0.0,0.0,0.0,0.0,0.0,0.0,0.0,0.0,0.0,0.0,0.0,0.0,0.0,0.0,0.0,0.0,0,0.0,0.0,0.0,0.0,0.0,0.0,0.0,0.0,0.0,0.0,0.0,0.0,0.0,0.0,0.0,0.0,0,0.0,0.0,0.0,0.0,0.0,0.0,0.0,0.0,0.0,0.0,0.0,0.0,0.0,0.0,0.0,0.0,0.0,0.0,1,26,26,5,5,5,5,16,16,8,8,4,4,0,0,4,4
41273103,41273,41,경기도,273,안산시단원구,103,신길동,0,0.0,0.0,0.0,0.0,0.0,0.0,0.0,0.0,0.0,0.0,0.0,0.0,0.0,0.0,0.0,0.0,1,250.0,250.0,220.0,220.0,220.0,220.0,225.0,225.0,215.0,215.0,220.0,220.0,200.0,200.0,250.0,250.0,1,785.0,785.0,785.0,785.0,785.0,785.0,785.0,785.0,785.0,785.0,785.0,785.0,785.0,785.0,785.0,785.0,0.0,0.0,1,29,29,29,29,0,0,0,0,10,10,8,8,0,0,2,2
41273104,41273,41,경기도,273,안산시단원구,104,성곡동,2,10.3,10.3,4.6,4.6,3.9,3.9,3.2,3.2,2.5,2.5,2.0,2.0,1.5,1.5,10.3,10.3,2,0.0,0.0,0.0,0.0,0.0,0.0,0.0,0.0,0.0,0.0,0.0,0.0,0.0,0.0,0.0,0.0,2,1420.0,1420.0,1430.0,1430.0,2160.0,2160.0,2160.0,2160.0,2160.0,2160.0,2215.0,2215.0,2215.0,2215.0,1420.0,1420.0,0.0,0.0,2,54,28,38,28,8,8,8,8,18,10,9,5,7,4,2,2
41273105,41273,41,경기도,273,안산시단원구,105,원시동,1,0.0,0.0,0.0,0.0,0.0,0.0,0.0,0.0,0.0,0.0,0.0,0.0,0.0,0.0,0.0,0.0,0,0.0,0.0,0.0,0.0,0.0,0.0,0.0,0.0,0.0,0.0,0.0,0.0,0.0,0.0,0.0,0.0,0,0.0,0.0,0.0,0.0,0.0,0.0,0.0,0.0,0.0,0.0,0.0,0.0,0.0,0.0,0.0,0.0,0.0,0.0,0,0,0,0,0,0,0,0,0,0,0,0,0,0,0,0,0
41273106,41273,41,경기도,273,안산시단원구,106,목내동,1,24.0,24.0,23.2,23.2,22.5,22.5,21.9,21.9,21.3,21.3,20.8,20.8,20.4,20.4,24.0,24.0,1,0.0,0.0,0.0,0.0,0.0,0.0,0.0,0.0,0.0,0.0,0.0,0.0,0.0,0.0,0.0,0.0,1,0.0,0.0,0.0,0.0,0.0,0.0,0.0,0.0,0.0,0.0,0.0,0.0,0.0,0.0,0.0,0.0,0.0,0.0,1,26,26,25,25,0,0,1,1,8,8,7,7,1,1,0,0
41273107,41273,41,경기도,273,안산시단원구,107,초지동,1,0.0,0.0,0.0,0.0,0.0,0.0,0.0,0.0,0.0,0.0,0.0,0.0,0.0,0.0,0.0,0.0,1,0.0,0.0,0.0,0.0,0.0,0.0,0.0,0.0,0.0,0.0,0.0,0.0,0.0,0.0,0.0,0.0,1,0.0,0.0,0.0,0.0,0.0,0.0,0.0,0.0,0.0,0.0,0.0,0.0,0.0,0.0,0.0,0.0,0.0,0.0,1,29,29,29,29,0,0,0,0,9,9,8,8,1,1,0,0
41273108,41273,41,경기도,273,안산시단원구,108,원곡동,1,71.4,71.4,70.9,70.9,70.4,70.4,70.0,70.0,66.1,66.1,59.7,59.7,55.0,55.0,71.4,71.4,0,0.0,0.0,0.0,0.0,0.0,0.0,0.0,0.0,0.0,0.0,0.0,0.0,0.0,0.0,0.0,0.0,0,0.0,0.0,0.0,0.0,0.0,0.0,0.0,0.0,0.0,0.0,0.0,0.0,0.0,0.0,0.0,0.0,0.0,0.0,0,0,0,0,0,0,0,0,0,0,0,0,0,0,0,0,0
41273109,41273,41,경기도,273,안산시단원구,109,,0,0.0,0.0,0.0,0.0,0.0,0.0,0.0,0.0,0.0,0.0,0.0,0.0,0.0,0.0,0.0,0.0,0,0.0,0.0,0.0,0.0,0.0,0.0,0.0,0.0,0.0,0.0,0.0,0.0,0.0,0.0,0.0,0.0,0,0.0,0.0,0.0,0.0,0.0,0.0,0.0,0.0,0.0,0.0,0.0,0.0,0.0,0.0,0.0,0.0,0.0,0.0,1,27,27,17,17,0,0,10,10,12,12,4,4,0,0,8,8
41273112,41273,41,경기도,273,안산시단원구,112,,0,0.0,0.0,0.0,0.0,0.0,0.0,0.0,0.0,0.0,0.0,0.0,0.0,0.0,0.0,0.0,0.0,0,0.0,0.0,0.0,0.0,0.0,0.0,0.0,0.0,0.0,0.0,0.0,0.0,0.0,0.0,0.0,0.0,0,0.0,0.0,0.0,0.0,0.0,0.0,0.0,0.0,0.0,0.0,0.0,0.0,0.0,0.0,0.0,0.0,0.0,0.0,1,29,29,20,20,1,1,8,8,8,8,5,5,2,2,1,1
41281101,41281,41,경기도,281,고양시덕양구,101,,0,0.0,0.0,0.0,0.0,0.0,0.0,0.0,0.0,0.0,0.0,0.0,0.0,0.0,0.0,0.0,0.0,0,0.0,0.0,0.0,0.0,0.0,0.0,0.0,0.0,0.0,0.0,0.0,0.0,0.0,0.0,0.0,0.0,0,0.0,0.0,0.0,0.0,0.0,0.0,0.0,0.0,0.0,0.0,0.0,0.0,0.0,0.0,0.0,0.0,0.0,0.0,1,25,25,22,22,0,0,3,3,16,16,10,10,0,0,6,6
41281104,41281,41,경기도,281,고양시덕양구,104,원흥동,1,0.0,0.0,0.0,0.0,0.0,0.0,0.0,0.0,0.0,0.0,0.0,0.0,0.0,0.0,0.0,0.0,0,0.0,0.0,0.0,0.0,0.0,0.0,0.0,0.0,0.0,0.0,0.0,0.0,0.0,0.0,0.0,0.0,0,0.0,0.0,0.0,0.0,0.0,0.0,0.0,0.0,0.0,0.0,0.0,0.0,0.0,0.0,0.0,0.0,0.0,0.0,0,0,0,0,0,0,0,0,0,0,0,0,0,0,0,0,0
41281105,41281,41,경기도,281,고양시덕양구,105,도내동,1,0.0,0.0,0.0,0.0,0.0,0.0,0.0,0.0,0.0,0.0,0.0,0.0,0.0,0.0,0.0,0.0,1,0.0,0.0,0.0,0.0,0.0,0.0,0.0,0.0,0.0,0.0,0.0,0.0,0.0,0.0,0.0,0.0,1,0.0,0.0,0.0,0.0,0.0,0.0,690.0,690.0,690.0,690.0,725.0,725.0,730.0,730.0,0.0,0.0,0.0,0.0,0,0,0,0,0,0,0,0,0,0,0,0,0,0,0,0,0
41281106,41281,41,경기도,281,고양시덕양구,106,성사동,0,0.0,0.0,0.0,0.0,0.0,0.0,0.0,0.0,0.0,0.0,0.0,0.0,0.0,0.0,0.0,0.0,1,0.0,0.0,0.0,0.0,0.0,0.0,0.0,0.0,0.0,0.0,0.0,0.0,0.0,0.0,0.0,0.0,1,520.0,520.0,550.0,550.0,565.0,565.0,565.0,565.0,565.0,565.0,565.0,565.0,565.0,565.0,520.0,520.0,0.0,0.0,1,28,28,26,26,0,0,2,2,8,8,4,4,0,0,4,4
41281109,41281,41,경기도,281,고양시덕양구,109,화전동,1,0.0,0.0,0.0,0.0,0.0,0.0,0.0,0.0,0.0,0.0,0.0,0.0,0.0,0.0,0.0,0.0,0,0.0,0.0,0.0,0.0,0.0,0.0,0.0,0.0,0.0,0.0,0.0,0.0,0.0,0.0,0.0,0.0,0,0.0,0.0,0.0,0.0,0.0,0.0,0.0,0.0,0.0,0.0,0.0,0.0,0.0,0.0,0.0,0.0,0.0,0.0,0,0,0,0,0,0,0,0,0,0,0,0,0,0,0,0,0
41281115,41281,41,경기도,281,고양시덕양구,115,선유동,0,0.0,0.0,0.0,0.0,0.0,0.0,0.0,0.0,0.0,0.0,0.0,0.0,0.0,0.0,0.0,0.0,1,0.0,0.0,0.0,0.0,0.0,0.0,0.0,0.0,0.0,0.0,0.0,0.0,0.0,0.0,0.0,0.0,1,0.0,0.0,0.0,0.0,1360.0,1360.0,1360.0,1360.0,1360.0,1360.0,1605.0,1605.0,1605.0,1605.0,0.0,0.0,0.0,0.0,1,25,25,15,15,1,1,9,9,8,8,6,6,2,2,0,0
41281116,41281,41,경기도,281,고양시덕양구,116,내곡동,0,0.0,0.0,0.0,0.0,0.0,0.0,0.0,0.0,0.0,0.0,0.0,0.0,0.0,0.0,0.0,0.0,1,0.0,0.0,0.0,0.0,0.0,0.0,0.0,0.0,0.0,0.0,0.0,0.0,0.0,0.0,0.0,0.0,1,420.0,420.0,420.0,420.0,580.0,580.0,580.0,580.0,580.0,580.0,580.0,580.0,580.0,580.0,420.0,420.0,0.0,0.0,2,59,33,50,33,3,3,6,6,24,16,22,16,0,0,2,2
41281117,41281,41,경기도,281,고양시덕양구,117,대자동,1,0.0,0.0,0.0,0.0,0.0,0.0,0.0,0.0,0.0,0.0,0.0,0.0,0.0,0.0,0.0,0.0,0,0.0,0.0,0.0,0.0,0.0,0.0,0.0,0.0,0.0,0.0,0.0,0.0,0.0,0.0,0.0,0.0,0,0.0,0.0,0.0,0.0,0.0,0.0,0.0,0.0,0.0,0.0,0.0,0.0,0.0,0.0,0.0,0.0,0.0,0.0,0,0,0,0,0,0,0,0,0,0,0,0,0,0,0,0,0
41281118,41281,41,경기도,281,고양시덕양구,118,관산동,0,0.0,0.0,0.0,0.0,0.0,0.0,0.0,0.0,0.0,0.0,0.0,0.0,0.0,0.0,0.0,0.0,1,0.0,0.0,0.0,0.0,0.0,0.0,0.0,0.0,0.0,0.0,0.0,0.0,0.0,0.0,0.0,0.0,1,590.0,590.0,630.0,630.0,785.0,785.0,785.0,785.0,785.0,785.0,805.0,805.0,805.0,805.0,590.0,590.0,0.0,0.0,1,26,26,18,18,6,6,2,2,8,8,4,4,4,4,0,0
41281119,41281,41,경기도,281,고양시덕양구,119,내유동,0,0.0,0.0,0.0,0.0,0.0,0.0,0.0,0.0,0.0,0.0,0.0,0.0,0.0,0.0,0.0,0.0,1,0.0,0.0,0.0,0.0,0.0,0.0,0.0,0.0,0.0,0.0,0.0,0.0,0.0,0.0,0.0,0.0,1,550.0,550.0,625.0,625.0,800.0,800.0,800.0,800.0,800.0,800.0,800.0,800.0,1060.0,1060.0,550.0,550.0,0.0,0.0,0,0,0,0,0,0,0,0,0,0,0,0,0,0,0,0,0
41281123,41281,41,경기도,281,고양시덕양구,123,화정동,1,0.0,0.0,0.0,0.0,0.0,0.0,0.0,0.0,0.0,0.0,0.0,0.0,0.0,0.0,0.0,0.0,0,0.0,0.0,0.0,0.0,0.0,0.0,0.0,0.0,0.0,0.0,0.0,0.0,0.0,0.0,0.0,0.0,0,0.0,0.0,0.0,0.0,0.0,0.0,0.0,0.0,0.0,0.0,0.0,0.0,0.0,0.0,0.0,0.0,0.0,0.0,0,0,0,0,0,0,0,0,0,0,0,0,0,0,0,0,0
41281124,41281,41,경기도,281,고양시덕양구,124,강매동,0,0.0,0.0,0.0,0.0,0.0,0.0,0.0,0.0,0.0,0.0,0.0,0.0,0.0,0.0,0.0,0.0,1,0.0,0.0,0.0,0.0,0.0,0.0,0.0,0.0,0.0,0.0,0.0,0.0,0.0,0.0,0.0,0.0,1,650.0,650.0,650.0,650.0,665.0,665.0,665.0,665.0,665.0,665.0,700.0,700.0,705.0,705.0,650.0,650.0,0.0,0.0,1,30,30,23,23,0,0,7,7,8,8,6,6,2,2,0,0
41281132,41281,41,경기도,281,고양시덕양구,132,향동동,0,0.0,0.0,0.0,0.0,0.0,0.0,0.0,0.0,0.0,0.0,0.0,0.0,0.0,0.0,0.0,0.0,0,0.0,0.0,0.0,0.0,0.0,0.0,0.0,0.0,0.0,0.0,0.0,0.0,0.0,0.0,0.0,0.0,1,0.0,0.0,0.0,0.0,0.0,0.0,0.0,0.0,0.0,0.0,490.0,490.0,490.0,490.0,0.0,0.0,0.0,0.0,1,23,23,23,23,0,0,0,0,16,16,6,6,8,8,2,2
41285101,41285,41,경기도,285,고양시일산동구,101,식사동,0,0.0,0.0,0.0,0.0,0.0,0.0,0.0,0.0,0.0,0.0,0.0,0.0,0.0,0.0,0.0,0.0,1,0.0,0.0,0.0,0.0,0.0,0.0,0.0,0.0,0.0,0.0,0.0,0.0,25.0,25.0,0.0,0.0,1,0.0,0.0,0.0,0.0,0.0,0.0,0.0,0.0,0.0,0.0,0.0,0.0,425.0,425.0,0.0,0.0,0.0,0.0,1,25,25,22,22,0,0,3,3,16,16,10,10,0,0,6,6
41285102,41285,41,경기도,285,고양시일산동구,102,,0,0.0,0.0,0.0,0.0,0.0,0.0,0.0,0.0,0.0,0.0,0.0,0.0,0.0,0.0,0.0,0.0,0,0.0,0.0,0.0,0.0,0.0,0.0,0.0,0.0,0.0,0.0,0.0,0.0,0.0,0.0,0.0,0.0,0,0.0,0.0,0.0,0.0,0.0,0.0,0.0,0.0,0.0,0.0,0.0,0.0,0.0,0.0,0.0,0.0,0.0,0.0,1,23,23,23,23,0,0,0,0,16,16,6,6,8,8,2,2
41285106,41285,41,경기도,285,고양시일산동구,106,백석동,2,0.0,0.0,0.0,0.0,0.0,0.0,0.0,0.0,0.0,0.0,0.0,0.0,0.0,0.0,0.0,0.0,2,0.0,0.0,0.0,0.0,0.0,0.0,0.0,0.0,0.0,0.0,0.0,0.0,0.0,0.0,0.0,0.0,2,0.0,0.0,0.0,0.0,475.0,475.0,475.0,475.0,490.0,490.0,1755.0,1105.0,1770.0,1105.0,0.0,0.0,0.0,0.0,1,33,33,33,33,0,0,0,0,16,16,16,16,0,0,0,0
41285111,41285,41,경기도,285,고양시일산동구,111,설문동,0,0.0,0.0,0.0,0.0,0.0,0.0,0.0,0.0,0.0,0.0,0.0,0.0,0.0,0.0,0.0,0.0,1,0.0,0.0,0.0,0.0,0.0,0.0,0.0,0.0,0.0,0.0,0.0,0.0,0.0,0.0,0.0,0.0,1,0.0,0.0,0.0,0.0,0.0,0.0,0.0,0.0,0.0,0.0,405.0,405.0,405.0,405.0,0.0,0.0,0.0,0.0,1,30,30,28,28,0,0,2,2,8,8,4,4,4,4,0,0
41285112,41285,41,경기도,285,고양시일산동구,112,,0,0.0,0.0,0.0,0.0,0.0,0.0,0.0,0.0,0.0,0.0,0.0,0.0,0.0,0.0,0.0,0.0,0,0.0,0.0,0.0,0.0,0.0,0.0,0.0,0.0,0.0,0.0,0.0,0.0,0.0,0.0,0.0,0.0,0,0.0,0.0,0.0,0.0,0.0,0.0,0.0,0.0,0.0,0.0,0.0,0.0,0.0,0.0,0.0,0.0,0.0,0.0,1,26,26,18,18,6,6,2,2,8,8,4,4,4,4,0,0
41287101,41287,41,경기도,287,고양시일산서구,101,,0,0.0,0.0,0.0,0.0,0.0,0.0,0.0,0.0,0.0,0.0,0.0,0.0,0.0,0.0,0.0,0.0,0,0.0,0.0,0.0,0.0,0.0,0.0,0.0,0.0,0.0,0.0,0.0,0.0,0.0,0.0,0.0,0.0,0,0.0,0.0,0.0,0.0,0.0,0.0,0.0,0.0,0.0,0.0,0.0,0.0,0.0,0.0,0.0,0.0,0.0,0.0,2,51,26,40,22,6,6,5,3,24,16,14,10,4,4,6,6
41287103,41287,41,경기도,287,고양시일산서구,103,탄현동,1,0.0,0.0,0.0,0.0,0.0,0.0,0.0,0.0,0.0,0.0,8.9,8.9,8.9,8.9,0.0,0.0,0,0.0,0.0,0.0,0.0,0.0,0.0,0.0,0.0,0.0,0.0,0.0,0.0,0.0,0.0,0.0,0.0,0,0.0,0.0,0.0,0.0,0.0,0.0,0.0,0.0,0.0,0.0,0.0,0.0,0.0,0.0,0.0,0.0,0.0,0.0,1,23,23,23,23,0,0,0,0,16,16,6,6,8,8,2,2
41287104,41287,41,경기도,287,고양시일산서구,104,대화동,1,0.0,0.0,0.0,0.0,0.0,0.0,0.0,0.0,0.0,0.0,0.0,0.0,0.0,0.0,0.0,0.0,0,0.0,0.0,0.0,0.0,0.0,0.0,0.0,0.0,0.0,0.0,0.0,0.0,0.0,0.0,0.0,0.0,0,0.0,0.0,0.0,0.0,0.0,0.0,0.0,0.0,0.0,0.0,0.0,0.0,0.0,0.0,0.0,0.0,0.0,0.0,1,30,30,28,28,0,0,2,2,8,8,4,4,4,4,0,0
41287105,41287,41,경기도,287,고양시일산서구,105,덕이동,1,0.0,0.0,0.0,0.0,0.0,0.0,0.0,0.0,0.0,0.0,0.0,0.0,0.0,0.0,0.0,0.0,0,0.0,0.0,0.0,0.0,0.0,0.0,0.0,0.0,0.0,0.0,0.0,0.0,0.0,0.0,0.0,0.0,0,0.0,0.0,0.0,0.0,0.0,0.0,0.0,0.0,0.0,0.0,0.0,0.0,0.0,0.0,0.0,0.0,0.0,0.0,0,0,0,0,0,0,0,0,0,0,0,0,0,0,0,0,0
41287106,41287,41,경기도,287,고양시일산서구,106,가좌동,0,0.0,0.0,0.0,0.0,0.0,0.0,0.0,0.0,0.0,0.0,0.0,0.0,0.0,0.0,0.0,0.0,1,0.0,0.0,0.0,0.0,0.0,0.0,0.0,0.0,0.0,0.0,0.0,0.0,0.0,0.0,0.0,0.0,1,605.0,605.0,615.0,615.0,750.0,750.0,770.0,770.0,785.0,785.0,845.0,845.0,855.0,855.0,605.0,605.0,0.0,0.0,1,24,24,13,13,3,3,8,8,12,12,4,4,0,0,8,8
41287107,41287,41,경기도,287,고양시일산서구,107,풍동,1,0.0,0.0,0.0,0.0,0.0,0.0,0.0,0.0,0.0,0.0,0.0,0.0,4.4,4.4,0.0,0.0,0,0.0,0.0,0.0,0.0,0.0,0.0,0.0,0.0,0.0,0.0,0.0,0.0,0.0,0.0,0.0,0.0,0,0.0,0.0,0.0,0.0,0.0,0.0,0.0,0.0,0.0,0.0,0.0,0.0,0.0,0.0,0.0,0.0,0.0,0.0,0,0,0,0,0,0,0,0,0,0,0,0,0,0,0,0,0
41287108,41287,41,경기도,287,고양시일산서구,108,법곳동,1,0.0,0.0,0.0,0.0,0.0,0.0,0.0,0.0,0.0,0.0,0.0,0.0,0.0,0.0,0.0,0.0,1,0.0,0.0,0.0,0.0,0.0,0.0,0.0,0.0,0.0,0.0,0.0,0.0,0.0,0.0,0.0,0.0,1,510.0,510.0,515.0,515.0,800.0,800.0,800.0,800.0,800.0,800.0,840.0,840.0,850.0,850.0,510.0,510.0,0.0,0.0,2,59,33,53,33,6,6,0,0,28,16,22,16,0,0,6,6
41290103,41290,41,경기도,290,과천시,103,갈현동,0,0.0,0.0,0.0,0.0,0.0,0.0,0.0,0.0,0.0,0.0,0.0,0.0,0.0,0.0,0.0,0.0,1,0.0,0.0,0.0,0.0,0.0,0.0,0.0,0.0,0.0,0.0,0.0,0.0,0.0,0.0,0.0,0.0,1,0.0,0.0,0.0,0.0,0.0,0.0,0.0,0.0,0.0,0.0,0.0,0.0,0.0,0.0,0.0,0.0,0.0,0.0,1,29,29,27,27,2,2,0,0,8,8,6,6,2,2,0,0
41290104,41290,41,경기도,290,과천시,104,막계동,0,0.0,0.0,0.0,0.0,0.0,0.0,0.0,0.0,0.0,0.0,0.0,0.0,0.0,0.0,0.0,0.0,1,0.0,0.0,0.0,0.0,0.0,0.0,0.0,0.0,0.0,0.0,0.0,0.0,0.0,0.0,0.0,0.0,1,0.0,0.0,0.0,0.0,0.0,0.0,560.0,560.0,610.0,610.0,625.0,625.0,1040.0,1040.0,0.0,0.0,0.0,0.0,0,0,0,0,0,0,0,0,0,0,0,0,0,0,0,0,0
41290105,41290,41,경기도,290,과천시,105,과천동,2,0.0,0.0,0.0,0.0,0.0,0.0,0.0,0.0,0.0,0.0,0.0,0.0,0.0,0.0,0.0,0.0,0,0.0,0.0,0.0,0.0,0.0,0.0,0.0,0.0,0.0,0.0,0.0,0.0,0.0,0.0,0.0,0.0,0,0.0,0.0,0.0,0.0,0.0,0.0,0.0,0.0,0.0,0.0,0.0,0.0,0.0,0.0,0.0,0.0,0.0,0.0,0,0,0,0,0,0,0,0,0,0,0,0,0,0,0,0,0
41310101,41310,41,경기도,310,구리시,101,갈매동,0,0.0,0.0,0.0,0.0,0.0,0.0,0.0,0.0,0.0,0.0,0.0,0.0,0.0,0.0,0.0,0.0,1,0.0,0.0,0.0,0.0,0.0,0.0,0.0,0.0,0.0,0.0,0.0,0.0,0.0,0.0,0.0,0.0,1,0.0,0.0,0.0,0.0,0.0,0.0,0.0,0.0,0.0,0.0,0.0,0.0,0.0,0.0,0.0,0.0,0.0,0.0,1,28,28,24,24,0,0,4,4,12,12,6,6,0,0,6,6
41310102,41310,41,경기도,310,구리시,102,사노동,0,0.0,0.0,0.0,0.0,0.0,0.0,0.0,0.0,0.0,0.0,0.0,0.0,0.0,0.0,0.0,0.0,1,0.0,0.0,0.0,0.0,0.0,0.0,0.0,0.0,25.0,25.0,25.0,25.0,25.0,25.0,0.0,0.0,1,0.0,0.0,0.0,0.0,550.0,550.0,550.0,550.0,550.0,550.0,550.0,550.0,550.0,550.0,0.0,0.0,0.0,0.0,1,24,24,20,20,4,4,0,0,8,8,4,4,0,0,4,4
41310103,41310,41,경기도,310,구리시,103,인창동,1,0.0,0.0,0.0,0.0,12.5,12.5,12.5,12.5,12.5,12.5,12.5,12.5,12.5,12.5,0.0,0.0,0,0.0,0.0,0.0,0.0,0.0,0.0,0.0,0.0,0.0,0.0,0.0,0.0,0.0,0.0,0.0,0.0,0,0.0,0.0,0.0,0.0,0.0,0.0,0.0,0.0,0.0,0.0,0.0,0.0,0.0,0.0,0.0,0.0,0.0,0.0,0,0,0,0,0,0,0,0,0,0,0,0,0,0,0,0,0
41310104,41310,41,경기도,310,구리시,104,교문동,0,0.0,0.0,0.0,0.0,0.0,0.0,0.0,0.0,0.0,0.0,0.0,0.0,0.0,0.0,0.0,0.0,1,0.0,0.0,0.0,0.0,0.0,0.0,0.0,0.0,0.0,0.0,0.0,0.0,0.0,0.0,0.0,0.0,1,0.0,0.0,0.0,0.0,0.0,0.0,0.0,0.0,0.0,0.0,0.0,0.0,0.0,0.0,0.0,0.0,0.0,0.0,0,0,0,0,0,0,0,0,0,0,0,0,0,0,0,0,0
41360106,41360,41,경기도,360,남양주시,106,삼패동,0,0.0,0.0,0.0,0.0,0.0,0.0,0.0,0.0,0.0,0.0,0.0,0.0,0.0,0.0,0.0,0.0,1,0.0,0.0,0.0,0.0,0.0,0.0,0.0,0.0,0.0,0.0,0.0,0.0,0.0,0.0,0.0,0.0,1,0.0,0.0,0.0,0.0,0.0,0.0,0.0,0.0,0.0,0.0,0.0,0.0,0.0,0.0,0.0,0.0,0.0,0.0,1,24,24,22,22,1,1,1,1,12,12,7,7,0,0,5,5
41360108,41360,41,경기도,360,남양주시,108,수석동,1,0.0,0.0,0.0,0.0,0.0,0.0,0.0,0.0,0.0,0.0,0.0,0.0,0.0,0.0,0.0,0.0,1,0.0,0.0,0.0,0.0,0.0,0.0,0.0,0.0,0.0,0.0,0.0,0.0,0.0,0.0,0.0,0.0,1,460.0,460.0,495.0,495.0,565.0,565.0,565.0,565.0,580.0,580.0,585.0,585.0,585.0,585.0,460.0,460.0,0.0,0.0,0,0,0,0,0,0,0,0,0,0,0,0,0,0,0,0,0
41360111,41360,41,경기도,360,남양주시,111,,0,0.0,0.0,0.0,0.0,0.0,0.0,0.0,0.0,0.0,0.0,0.0,0.0,0.0,0.0,0.0,0.0,0,0.0,0.0,0.0,0.0,0.0,0.0,0.0,0.0,0.0,0.0,0.0,0.0,0.0,0.0,0.0,0.0,0,0.0,0.0,0.0,0.0,0.0,0.0,0.0,0.0,0.0,0.0,0.0,0.0,0.0,0.0,0.0,0.0,0.0,0.0,1,28,28,24,24,0,0,4,4,12,12,6,6,0,0,6,6
41360112,41360,41,경기도,360,남양주시,112,,0,0.0,0.0,0.0,0.0,0.0,0.0,0.0,0.0,0.0,0.0,0.0,0.0,0.0,0.0,0.0,0.0,0,0.0,0.0,0.0,0.0,0.0,0.0,0.0,0.0,0.0,0.0,0.0,0.0,0.0,0.0,0.0,0.0,0,0.0,0.0,0.0,0.0,0.0,0.0,0.0,0.0,0.0,0.0,0.0,0.0,0.0,0.0,0.0,0.0,0.0,0.0,1,24,24,20,20,4,4,0,0,8,8,4,4,0,0,4,4
41360250,41360,41,경기도,360,남양주시,250,와부읍,1,1.7,1.7,0.3,0.3,0.0,0.0,0.0,0.0,0.0,0.0,0.0,0.0,0.0,0.0,1.7,1.7,1,0.0,0.0,0.0,0.0,0.0,0.0,0.0,0.0,0.0,0.0,0.0,0.0,0.0,0.0,0.0,0.0,1,710.0,710.0,740.0,740.0,745.0,745.0,755.0,755.0,775.0,775.0,775.0,775.0,775.0,775.0,710.0,710.0,0.0,0.0,2,49,28,38,21,0,0,11,11,18,10,16,10,1,1,1,1
41360253,41360,41,경기도,360,남양주시,253,진접읍,1,0.0,0.0,0.0,0.0,0.0,0.0,0.0,0.0,0.0,0.0,0.0,0.0,0.0,0.0,0.0,0.0,1,0.0,0.0,0.0,0.0,0.0,0.0,0.0,0.0,0.0,0.0,0.0,0.0,325.0,325.0,0.0,0.0,1,0.0,0.0,0.0,0.0,0.0,0.0,0.0,0.0,1190.0,1190.0,1195.0,1195.0,1205.0,1205.0,0.0,0.0,0.0,0.0,0,0,0,0,0,0,0,0,0,0,0,0,0,0,0,0,0
41360256,41360,41,경기도,360,남양주시,256,화도읍,3,0.0,0.0,0.0,0.0,0.0,0.0,0.0,0.0,8.3,8.3,8.3,8.3,8.3,8.3,0.0,0.0,0,0.0,0.0,0.0,0.0,0.0,0.0,0.0,0.0,0.0,0.0,0.0,0.0,0.0,0.0,0.0,0.0,0,0.0,0.0,0.0,0.0,0.0,0.0,0.0,0.0,0.0,0.0,0.0,0.0,0.0,0.0,0.0,0.0,0.0,0.0,0,0,0,0,0,0,0,0,0,0,0,0,0,0,0,0,0
41360259,41360,41,경기도,360,남양주시,259,진건읍,2,0.0,0.0,0.0,0.0,0.0,0.0,0.0,0.0,70.2,63.6,70.2,63.6,70.2,63.6,0.0,0.0,2,0.0,0.0,0.0,0.0,0.0,0.0,0.0,0.0,310.0,220.0,310.0,220.0,310.0,220.0,0.0,0.0,2,0.0,0.0,0.0,0.0,2605.0,1355.0,2605.0,1355.0,2605.0,1355.0,2620.0,1355.0,2665.0,1375.0,0.0,0.0,0.0,0.0,0,0,0,0,0,0,0,0,0,0,0,0,0,0,0,0,0
41360262,41360,41,경기도,360,남양주시,262,오남읍,1,0.0,0.0,0.0,0.0,0.0,0.0,0.0,0.0,0.0,0.0,0.0,0.0,0.0,0.0,0.0,0.0,1,0.0,0.0,0.0,0.0,0.0,0.0,0.0,0.0,0.0,0.0,0.0,0.0,0.0,0.0,0.0,0.0,1,0.0,0.0,0.0,0.0,0.0,0.0,0.0,0.0,0.0,0.0,0.0,0.0,0.0,0.0,0.0,0.0,0.0,0.0,1,27,27,22,22,0,0,5,5,8,8,2,2,2,2,4,4
41360265,41360,41,경기도,360,남양주시,265,퇴계원읍,1,0.0,0.0,0.0,0.0,0.0,0.0,0.0,0.0,0.0,0.0,0.0,0.0,0.0,0.0,0.0,0.0,0,0.0,0.0,0.0,0.0,0.0,0.0,0.0,0.0,0.0,0.0,0.0,0.0,0.0,0.0,0.0,0.0,0,0.0,0.0,0.0,0.0,0.0,0.0,0.0,0.0,0.0,0.0,0.0,0.0,0.0,0.0,0.0,0.0,0.0,0.0,0,0,0,0,0,0,0,0,0,0,0,0,0,0,0,0,0
41360330,41360,41,경기도,360,남양주시,330,,0,0.0,0.0,0.0,0.0,0.0,0.0,0.0,0.0,0.0,0.0,0.0,0.0,0.0,0.0,0.0,0.0,0,0.0,0.0,0.0,0.0,0.0,0.0,0.0,0.0,0.0,0.0,0.0,0.0,0.0,0.0,0.0,0.0,0,0.0,0.0,0.0,0.0,0.0,0.0,0.0,0.0,0.0,0.0,0.0,0.0,0.0,0.0,0.0,0.0,0.0,0.0,1,28,28,16,16,0,0,12,12,12,12,4,4,0,0,8,8
41360340,41360,41,경기도,360,남양주시,340,수동면,0,0.0,0.0,0.0,0.0,0.0,0.0,0.0,0.0,0.0,0.0,0.0,0.0,0.0,0.0,0.0,0.0,1,0.0,0.0,0.0,0.0,0.0,0.0,0.0,0.0,0.0,0.0,0.0,0.0,0.0,0.0,0.0,0.0,1,0.0,0.0,0.0,0.0,0.0,0.0,0.0,0.0,0.0,0.0,0.0,0.0,0.0,0.0,0.0,0.0,0.0,0.0,1,25,25,23,23,1,1,1,1,8,8,6,6,2,2,0,0
41360360,41360,41,경기도,360,남양주시,360,조안면,1,0.0,0.0,0.0,0.0,8.7,8.7,8.7,8.7,8.7,8.7,8.7,8.7,8.7,8.7,0.0,0.0,0,0.0,0.0,0.0,0.0,0.0,0.0,0.0,0.0,0.0,0.0,0.0,0.0,0.0,0.0,0.0,0.0,0,0.0,0.0,0.0,0.0,0.0,0.0,0.0,0.0,0.0,0.0,0.0,0.0,0.0,0.0,0.0,0.0,0.0,0.0,0,0,0,0,0,0,0,0,0,0,0,0,0,0,0,0,0
41370102,41370,41,경기도,370,오산시,102,부산동,0,0.0,0.0,0.0,0.0,0.0,0.0,0.0,0.0,0.0,0.0,0.0,0.0,0.0,0.0,0.0,0.0,1,0.0,0.0,0.0,0.0,0.0,0.0,0.0,0.0,0.0,0.0,0.0,0.0,0.0,0.0,0.0,0.0,1,1190.0,1190.0,1200.0,1200.0,1200.0,1200.0,1235.0,1235.0,1255.0,1255.0,1270.0,1270.0,1275.0,1275.0,1190.0,1190.0,0.0,0.0,1,26,26,20,20,4,4,2,2,8,8,4,4,0,0,4,4
41370106,41370,41,경기도,370,오산시,106,가장동,0,0.0,0.0,0.0,0.0,0.0,0.0,0.0,0.0,0.0,0.0,0.0,0.0,0.0,0.0,0.0,0.0,1,0.0,0.0,0.0,0.0,0.0,0.0,0.0,0.0,0.0,0.0,0.0,0.0,0.0,0.0,0.0,0.0,1,535.0,535.0,535.0,535.0,535.0,535.0,535.0,535.0,540.0,540.0,540.0,540.0,540.0,540.0,535.0,535.0,0.0,0.0,1,30,30,29,29,0,0,1,1,8,8,8,8,0,0,0,0
41370107,41370,41,경기도,370,오산시,107,금암동,1,110.0,110.0,106.0,106.0,105.4,105.4,103.0,103.0,100.7,100.7,100.1,100.1,99.6,99.6,110.0,110.0,2,200.0,200.0,400.0,200.0,400.0,200.0,400.0,200.0,400.0,200.0,400.0,200.0,400.0,200.0,200.0,200.0,2,1845.0,1155.0,1845.0,1155.0,1845.0,1155.0,1845.0,1155.0,1845.0,1155.0,1845.0,1155.0,1845.0,1155.0,1845.0,1155.0,0.0,0.0,1,26,26,14,14,11,11,1,1,8,8,4,4,2,2,2,2
41370111,41370,41,경기도,370,오산시,111,외삼미동,1,0.0,0.0,0.0,0.0,0.0,0.0,0.0,0.0,0.0,0.0,0.0,0.0,0.0,0.0,0.0,0.0,0,0.0,0.0,0.0,0.0,0.0,0.0,0.0,0.0,0.0,0.0,0.0,0.0,0.0,0.0,0.0,0.0,0,0.0,0.0,0.0,0.0,0.0,0.0,0.0,0.0,0.0,0.0,0.0,0.0,0.0,0.0,0.0,0.0,0.0,0.0,0,0,0,0,0,0,0,0,0,0,0,0,0,0,0,0,0
41370115,41370,41,경기도,370,오산시,115,서랑동,0,0.0,0.0,0.0,0.0,0.0,0.0,0.0,0.0,0.0,0.0,0.0,0.0,0.0,0.0,0.0,0.0,1,0.0,0.0,0.0,0.0,0.0,0.0,0.0,0.0,0.0,0.0,0.0,0.0,0.0,0.0,0.0,0.0,1,1060.0,1060.0,1070.0,1070.0,1075.0,1075.0,1245.0,1245.0,1255.0,1255.0,1270.0,1270.0,1275.0,1275.0,1060.0,1060.0,0.0,0.0,0,0,0,0,0,0,0,0,0,0,0,0,0,0,0,0,0
41370118,41370,41,경기도,370,오산시,118,능동,0,0.0,0.0,0.0,0.0,0.0,0.0,0.0,0.0,0.0,0.0,0.0,0.0,0.0,0.0,0.0,0.0,1,0.0,0.0,0.0,0.0,0.0,0.0,0.0,0.0,0.0,0.0,0.0,0.0,400.0,400.0,0.0,0.0,1,1030.0,1030.0,1430.0,1430.0,1430.0,1430.0,1430.0,1430.0,1430.0,1430.0,1450.0,1450.0,1450.0,1450.0,1030.0,1030.0,0.0,0.0,1,32,32,32,32,0,0,0,0,12,12,6,6,1,1,5,5
41370124,41370,41,경기도,370,오산시,124,갈곶동,0,0.0,0.0,0.0,0.0,0.0,0.0,0.0,0.0,0.0,0.0,0.0,0.0,0.0,0.0,0.0,0.0,1,0.0,0.0,0.0,0.0,0.0,0.0,0.0,0.0,0.0,0.0,0.0,0.0,0.0,0.0,0.0,0.0,1,1215.0,1215.0,1215.0,1215.0,1215.0,1215.0,1215.0,1215.0,1215.0,1215.0,1240.0,1240.0,1240.0,1240.0,1215.0,1215.0,0.0,0.0,1,26,26,19,19,5,5,2,2,12,12,5,5,0,0,7,7
41370138,41370,41,경기도,370,오산시,138,,0,0.0,0.0,0.0,0.0,0.0,0.0,0.0,0.0,0.0,0.0,0.0,0.0,0.0,0.0,0.0,0.0,0,0.0,0.0,0.0,0.0,0.0,0.0,0.0,0.0,0.0,0.0,0.0,0.0,0.0,0.0,0.0,0.0,0,0.0,0.0,0.0,0.0,0.0,0.0,0.0,0.0,0.0,0.0,0.0,0.0,0.0,0.0,0.0,0.0,0.0,0.0,1,32,32,32,32,0,0,0,0,12,12,9,9,0,0,3,3
41390101,41390,41,경기도,390,시흥시,101,대야동,0,0.0,0.0,0.0,0.0,0.0,0.0,0.0,0.0,0.0,0.0,0.0,0.0,0.0,0.0,0.0,0.0,1,0.0,0.0,0.0,0.0,0.0,0.0,0.0,0.0,0.0,0.0,0.0,0.0,0.0,0.0,0.0,0.0,1,2200.0,2200.0,2200.0,2200.0,2200.0,2200.0,2200.0,2200.0,2200.0,2200.0,2200.0,2200.0,2200.0,2200.0,2200.0,2200.0,0.0,0.0,1,10,10,10,10,0,0,0,0,19,19,12,12,0,0,7,7
41390103,41390,41,경기도,390,시흥시,103,방산동,0,0.0,0.0,0.0,0.0,0.0,0.0,0.0,0.0,0.0,0.0,0.0,0.0,0.0,0.0,0.0,0.0,0,0.0,0.0,0.0,0.0,0.0,0.0,0.0,0.0,0.0,0.0,0.0,0.0,0.0,0.0,0.0,0.0,1,1415.0,1415.0,1415.0,1415.0,1415.0,1415.0,1415.0,1415.0,1415.0,1415.0,1415.0,1415.0,1420.0,1420.0,1415.0,1415.0,0.0,0.0,1,0,0,0,0,0,0,0,0,4,4,4,4,0,0,0,0
41390104,41390,41,경기도,390,시흥시,104,포동,2,0.0,0.0,0.0,0.0,0.0,0.0,0.0,0.0,0.0,0.0,35.0,35.0,35.0,35.0,0.0,0.0,0,0.0,0.0,0.0,0.0,0.0,0.0,0.0,0.0,0.0,0.0,0.0,0.0,0.0,0.0,0.0,0.0,0,0.0,0.0,0.0,0.0,0.0,0.0,0.0,0.0,0.0,0.0,0.0,0.0,0.0,0.0,0.0,0.0,0.0,0.0,0,0,0,0,0,0,0,0,0,0,0,0,0,0,0,0,0
41390108,41390,41,경기도,390,시흥시,108,매화동,0,0.0,0.0,0.0,0.0,0.0,0.0,0.0,0.0,0.0,0.0,0.0,0.0,0.0,0.0,0.0,0.0,0,0.0,0.0,0.0,0.0,0.0,0.0,0.0,0.0,0.0,0.0,0.0,0.0,0.0,0.0,0.0,0.0,1,1345.0,1345.0,1360.0,1360.0,1430.0,1430.0,1430.0,1430.0,1430.0,1430.0,1430.0,1430.0,1440.0,1440.0,1345.0,1345.0,0.0,0.0,0,0,0,0,0,0,0,0,0,0,0,0,0,0,0,0,0
41390109,41390,41,경기도,390,시흥시,109,도창동,0,0.0,0.0,0.0,0.0,0.0,0.0,0.0,0.0,0.0,0.0,0.0,0.0,0.0,0.0,0.0,0.0,1,0.0,0.0,0.0,0.0,0.0,0.0,0.0,0.0,0.0,0.0,35.0,35.0,35.0,35.0,0.0,0.0,1,970.0,970.0,970.0,970.0,1010.0,1010.0,1010.0,1010.0,1010.0,1010.0,1010.0,1010.0,1015.0,1015.0,970.0,970.0,0.0,0.0,1,26,26,20,20,4,4,2,2,12,12,6,6,0,0,6,6
41390110,41390,41,경기도,390,시흥시,110,금이동,0,0.0,0.0,0.0,0.0,0.0,0.0,0.0,0.0,0.0,0.0,0.0,0.0,0.0,0.0,0.0,0.0,1,330.0,330.0,300.0,300.0,300.0,300.0,300.0,300.0,295.0,295.0,340.0,340.0,285.0,285.0,330.0,330.0,1,635.0,635.0,635.0,635.0,635.0,635.0,640.0,640.0,640.0,640.0,645.0,645.0,645.0,645.0,635.0,635.0,0.0,0.0,1,26,26,5,5,5,5,16,16,8,8,4,4,0,0,4,4
41390112,41390,41,경기도,390,시흥시,112,과림동,1,0.0,0.0,0.0,0.0,0.0,0.0,0.0,0.0,0.0,0.0,0.0,0.0,0.0,0.0,0.0,0.0,1,0.0,0.0,0.0,0.0,0.0,0.0,0.0,0.0,0.0,0.0,0.0,0.0,0.0,0.0,0.0,0.0,1,0.0,0.0,0.0,0.0,0.0,0.0,0.0,0.0,0.0,0.0,0.0,0.0,1310.0,1310.0,0.0,0.0,0.0,0.0,1,27,27,23,23,1,1,3,3,5,5,5,5,0,0,0,0
41390116,41390,41,경기도,390,시흥시,116,,0,0.0,0.0,0.0,0.0,0.0,0.0,0.0,0.0,0.0,0.0,0.0,0.0,0.0,0.0,0.0,0.0,0,0.0,0.0,0.0,0.0,0.0,0.0,0.0,0.0,0.0,0.0,0.0,0.0,0.0,0.0,0.0,0.0,0,0.0,0.0,0.0,0.0,0.0,0.0,0.0,0.0,0.0,0.0,0.0,0.0,0.0,0.0,0.0,0.0,0.0,0.0,1,21,21,21,21,0,0,0,0,8,8,4,4,0,0,4,4
41390121,41390,41,경기도,390,시흥시,121,광석동,1,165.6,165.6,165.6,165.6,160.1,160.1,114.7,114.7,109.1,109.1,109.1,109.1,109.1,109.1,165.6,165.6,1,0.0,0.0,0.0,0.0,0.0,0.0,0.0,0.0,0.0,0.0,0.0,0.0,0.0,0.0,0.0,0.0,1,0.0,0.0,0.0,0.0,0.0,0.0,0.0,0.0,0.0,0.0,0.0,0.0,0.0,0.0,0.0,0.0,0.0,0.0,0,0,0,0,0,0,0,0,0,0,0,0,0,0,0,0,0
41390122,41390,41,경기도,390,시흥시,122,물왕동,0,0.0,0.0,0.0,0.0,0.0,0.0,0.0,0.0,0.0,0.0,0.0,0.0,0.0,0.0,0.0,0.0,1,475.0,475.0,475.0,475.0,480.0,480.0,450.0,450.0,430.0,430.0,425.0,425.0,420.0,420.0,475.0,475.0,1,590.0,590.0,630.0,630.0,635.0,635.0,635.0,635.0,635.0,635.0,635.0,635.0,635.0,635.0,590.0,590.0,0.0,0.0,0,0,0,0,0,0,0,0,0,0,0,0,0,0,0,0,0
41390123,41390,41,경기도,390,시흥시,123,산현동,0,0.0,0.0,0.0,0.0,0.0,0.0,0.0,0.0,0.0,0.0,0.0,0.0,0.0,0.0,0.0,0.0,1,0.0,0.0,0.0,0.0,65.0,65.0,65.0,65.0,65.0,65.0,65.0,65.0,65.0,65.0,0.0,0.0,1,0.0,0.0,0.0,0.0,1245.0,1245.0,1375.0,1375.0,1385.0,1385.0,1395.0,1395.0,1405.0,1405.0,0.0,0.0,0.0,0.0,0,0,0,0,0,0,0,0,0,0,0,0,0,0,0,0,0
41390124,41390,41,경기도,390,시흥시,124,,0,0.0,0.0,0.0,0.0,0.0,0.0,0.0,0.0,0.0,0.0,0.0,0.0,0.0,0.0,0.0,0.0,0,0.0,0.0,0.0,0.0,0.0,0.0,0.0,0.0,0.0,0.0,0.0,0.0,0.0,0.0,0.0,0.0,0,0.0,0.0,0.0,0.0,0.0,0.0,0.0,0.0,0.0,0.0,0.0,0.0,0.0,0.0,0.0,0.0,0.0,0.0,1,0,0,0,0,0,0,0,0,10,10,6,6,4,4,0,0
41390125,41390,41,경기도,390,시흥시,125,논곡동,0,0.0,0.0,0.0,0.0,0.0,0.0,0.0,0.0,0.0,0.0,0.0,0.0,0.0,0.0,0.0,0.0,1,0.0,0.0,0.0,0.0,0.0,0.0,0.0,0.0,0.0,0.0,0.0,0.0,0.0,0.0,0.0,0.0,1,0.0,0.0,0.0,0.0,0.0,0.0,0.0,0.0,0.0,0.0,0.0,0.0,0.0,0.0,0.0,0.0,0.0,0.0,1,26,26,19,19,0,0,7,7,8,8,4,4,3,3,1,1
41390127,41390,41,경기도,390,시흥시,127,거모동,0,0.0,0.0,0.0,0.0,0.0,0.0,0.0,0.0,0.0,0.0,0.0,0.0,0.0,0.0,0.0,0.0,1,250.0,250.0,220.0,220.0,220.0,220.0,225.0,225.0,215.0,215.0,220.0,220.0,200.0,200.0,250.0,250.0,1,660.0,660.0,660.0,660.0,660.0,660.0,660.0,660.0,660.0,660.0,660.0,660.0,660.0,660.0,660.0,660.0,0.0,0.0,1,27,27,17,17,0,0,10,10,12,12,4,4,0,0,8,8
41390131,41390,41,경기도,390,시흥시,131,월곶동,0,0.0,0.0,0.0,0.0,0.0,0.0,0.0,0.0,0.0,0.0,0.0,0.0,0.0,0.0,0.0,0.0,1,65.0,65.0,65.0,65.0,65.0,65.0,65.0,65.0,65.0,65.0,65.0,65.0,65.0,65.0,65.0,65.0,1,495.0,495.0,505.0,505.0,820.0,820.0,955.0,955.0,960.0,960.0,960.0,960.0,965.0,965.0,495.0,495.0,0.0,0.0,1,20,20,15,15,1,1,4,4,8,8,2,2,4,4,2,2
41390132,41390,41,경기도,390,시흥시,132,정왕동,7,4.3,4.3,3.5,3.5,67.7,65.0,66.9,65.0,66.3,65.0,65.7,65.0,65.2,65.0,4.3,4.3,5,0.0,0.0,0.0,0.0,0.0,0.0,0.0,0.0,0.0,0.0,0.0,0.0,0.0,0.0,0.0,0.0,5,3345.0,850.0,3345.0,850.0,3585.0,1090.0,3585.0,1090.0,3585.0,1090.0,3585.0,1090.0,3585.0,1090.0,3345.0,850.0,0.0,0.0,6,173,48,145,30,12,10,16,8,47,8,36,8,5,4,6,4
41390133,41390,41,경기도,390,시흥시,133,죽율동,1,0.0,0.0,0.0,0.0,0.0,0.0,0.0,0.0,0.0,0.0,0.0,0.0,0.0,0.0,0.0,0.0,0,0.0,0.0,0.0,0.0,0.0,0.0,0.0,0.0,0.0,0.0,0.0,0.0,0.0,0.0,0.0,0.0,0,0.0,0.0,0.0,0.0,0.0,0.0,0.0,0.0,0.0,0.0,0.0,0.0,0.0,0.0,0.0,0.0,0.0,0.0,0,0,0,0,0,0,0,0,0,0,0,0,0,0,0,0,0
41410101,41410,41,경기도,410,군포시,101,,0,0.0,0.0,0.0,0.0,0.0,0.0,0.0,0.0,0.0,0.0,0.0,0.0,0.0,0.0,0.0,0.0,0,0.0,0.0,0.0,0.0,0.0,0.0,0.0,0.0,0.0,0.0,0.0,0.0,0.0,0.0,0.0,0.0,0,0.0,0.0,0.0,0.0,0.0,0.0,0.0,0.0,0.0,0.0,0.0,0.0,0.0,0.0,0.0,0.0,0.0,0.0,1,0,0,0,0,0,0,0,0,11,11,10,10,1,1,0,0
41410102,41410,41,경기도,410,군포시,102,당정동,0,0.0,0.0,0.0,0.0,0.0,0.0,0.0,0.0,0.0,0.0,0.0,0.0,0.0,0.0,0.0,0.0,1,0.0,0.0,0.0,0.0,0.0,0.0,0.0,0.0,0.0,0.0,0.0,0.0,0.0,0.0,0.0,0.0,1,0.0,0.0,0.0,0.0,0.0,0.0,0.0,0.0,0.0,0.0,0.0,0.0,0.0,0.0,0.0,0.0,0.0,0.0,1,27,27,27,27,0,0,0,0,11,11,9,9,0,0,2,2
41410104,41410,41,경기도,410,군포시,104,산본동,1,0.0,0.0,0.0,0.0,0.0,0.0,0.0,0.0,0.0,0.0,0.0,0.0,0.0,0.0,0.0,0.0,0,0.0,0.0,0.0,0.0,0.0,0.0,0.0,0.0,0.0,0.0,0.0,0.0,0.0,0.0,0.0,0.0,0,0.0,0.0,0.0,0.0,0.0,0.0,0.0,0.0,0.0,0.0,0.0,0.0,0.0,0.0,0.0,0.0,0.0,0.0,0,0,0,0,0,0,0,0,0,0,0,0,0,0,0,0,0
41410105,41410,41,경기도,410,군포시,105,금정동,0,0.0,0.0,0.0,0.0,0.0,0.0,0.0,0.0,0.0,0.0,0.0,0.0,0.0,0.0,0.0,0.0,1,0.0,0.0,0.0,0.0,0.0,0.0,0.0,0.0,0.0,0.0,150.0,150.0,150.0,150.0,0.0,0.0,1,0.0,0.0,0.0,0.0,0.0,0.0,0.0,0.0,0.0,0.0,0.0,0.0,0.0,0.0,0.0,0.0,0.0,0.0,1,26,26,24,24,2,2,0,0,8,8,6,6,2,2,0,0
41410106,41410,41,경기도,410,군포시,106,,0,0.0,0.0,0.0,0.0,0.0,0.0,0.0,0.0,0.0,0.0,0.0,0.0,0.0,0.0,0.0,0.0,0,0.0,0.0,0.0,0.0,0.0,0.0,0.0,0.0,0.0,0.0,0.0,0.0,0.0,0.0,0.0,0.0,0,0.0,0.0,0.0,0.0,0.0,0.0,0.0,0.0,0.0,0.0,0.0,0.0,0.0,0.0,0.0,0.0,0.0,0.0,1,0,0,0,0,0,0,0,0,10,10,6,6,4,4,0,0
41410111,41410,41,경기도,410,군포시,111,건건동,0,0.0,0.0,0.0,0.0,0.0,0.0,0.0,0.0,0.0,0.0,0.0,0.0,0.0,0.0,0.0,0.0,1,0.0,0.0,0.0,0.0,0.0,0.0,0.0,0.0,0.0,0.0,0.0,0.0,0.0,0.0,0.0,0.0,1,0.0,0.0,0.0,0.0,0.0,0.0,0.0,0.0,0.0,0.0,0.0,0.0,0.0,0.0,0.0,0.0,0.0,0.0,1,26,26,8,8,5,5,13,13,10,10,9,9,1,1,0,0
41430101,41430,41,경기도,430,의왕시,101,,0,0.0,0.0,0.0,0.0,0.0,0.0,0.0,0.0,0.0,0.0,0.0,0.0,0.0,0.0,0.0,0.0,0,0.0,0.0,0.0,0.0,0.0,0.0,0.0,0.0,0.0,0.0,0.0,0.0,0.0,0.0,0.0,0.0,0,0.0,0.0,0.0,0.0,0.0,0.0,0.0,0.0,0.0,0.0,0.0,0.0,0.0,0.0,0.0,0.0,0.0,0.0,2,27,27,27,27,0,0,0,0,22,11,19,10,1,1,2,2
41430102,41430,41,경기도,430,의왕시,102,이동,1,0.8,0.8,30.0,30.0,28.6,28.6,27.2,27.2,25.8,25.8,24.5,24.5,23.2,23.2,0.8,0.8,0,0.0,0.0,0.0,0.0,0.0,0.0,0.0,0.0,0.0,0.0,0.0,0.0,0.0,0.0,0.0,0.0,0,0.0,0.0,0.0,0.0,0.0,0.0,0.0,0.0,0.0,0.0,0.0,0.0,0.0,0.0,0.0,0.0,0.0,0.0,0,0,0,0,0,0,0,0,0,0,0,0,0,0,0,0,0
41430106,41430,41,경기도,430,의왕시,106,학의동,1,0.0,0.0,0.0,0.0,0.0,0.0,0.0,0.0,0.0,0.0,0.0,0.0,0.0,0.0,0.0,0.0,0,0.0,0.0,0.0,0.0,0.0,0.0,0.0,0.0,0.0,0.0,0.0,0.0,0.0,0.0,0.0,0.0,0,0.0,0.0,0.0,0.0,0.0,0.0,0.0,0.0,0.0,0.0,0.0,0.0,0.0,0.0,0.0,0.0,0.0,0.0,0,0,0,0,0,0,0,0,0,0,0,0,0,0,0,0,0
41430107,41430,41,경기도,430,의왕시,107,내손동,0,0.0,0.0,0.0,0.0,0.0,0.0,0.0,0.0,0.0,0.0,0.0,0.0,0.0,0.0,0.0,0.0,1,0.0,0.0,0.0,0.0,0.0,0.0,150.0,150.0,150.0,150.0,150.0,150.0,150.0,150.0,0.0,0.0,1,0.0,0.0,0.0,0.0,0.0,0.0,975.0,975.0,975.0,975.0,975.0,975.0,1130.0,1130.0,0.0,0.0,0.0,0.0,1,28,28,28,28,0,0,0,0,7,7,7,7,0,0,0,0
41430110,41430,41,경기도,430,의왕시,110,,0,0.0,0.0,0.0,0.0,0.0,0.0,0.0,0.0,0.0,0.0,0.0,0.0,0.0,0.0,0.0,0.0,0,0.0,0.0,0.0,0.0,0.0,0.0,0.0,0.0,0.0,0.0,0.0,0.0,0.0,0.0,0.0,0.0,0,0.0,0.0,0.0,0.0,0.0,0.0,0.0,0.0,0.0,0.0,0.0,0.0,0.0,0.0,0.0,0.0,0.0,0.0,1,27,27,23,23,4,4,0,0,9,9,8,8,1,1,0,0
41430111,41430,41,경기도,430,의왕시,111,초평동,2,54.6,54.6,42.6,42.6,41.3,41.3,33.0,33.0,27.0,27.0,73.9,50.0,72.8,50.0,54.6,54.6,1,0.0,0.0,0.0,0.0,0.0,0.0,0.0,0.0,0.0,0.0,50.0,50.0,50.0,50.0,0.0,0.0,1,0.0,0.0,0.0,0.0,0.0,0.0,0.0,0.0,0.0,0.0,0.0,0.0,1235.0,1235.0,0.0,0.0,0.0,0.0,1,26,26,8,8,5,5,13,13,10,10,9,9,1,1,0,0
41450101,41450,41,경기도,450,하남시,101,천현동,0,0.0,0.0,0.0,0.0,0.0,0.0,0.0,0.0,0.0,0.0,0.0,0.0,0.0,0.0,0.0,0.0,1,0.0,0.0,0.0,0.0,0.0,0.0,0.0,0.0,0.0,0.0,0.0,0.0,0.0,0.0,0.0,0.0,1,355.0,355.0,1950.0,1950.0,2105.0,2105.0,2105.0,2105.0,2260.0,2260.0,2260.0,2260.0,2280.0,2280.0,355.0,355.0,0.0,0.0,1,19,19,7,7,0,0,12,12,13,13,9,9,0,0,4,4
41450104,41450,41,경기도,450,하남시,104,광암동,0,0.0,0.0,0.0,0.0,0.0,0.0,0.0,0.0,0.0,0.0,0.0,0.0,0.0,0.0,0.0,0.0,1,0.0,0.0,0.0,0.0,0.0,0.0,0.0,0.0,0.0,0.0,0.0,0.0,0.0,0.0,0.0,0.0,1,295.0,295.0,1070.0,1070.0,1070.0,1070.0,1070.0,1070.0,1070.0,1070.0,1070.0,1070.0,1070.0,1070.0,295.0,295.0,0.0,0.0,1,35,35,34,34,0,0,1,1,9,9,8,8,0,0,1,1
41450110,41450,41,경기도,450,하남시,110,풍산동,0,0.0,0.0,0.0,0.0,0.0,0.0,0.0,0.0,0.0,0.0,0.0,0.0,0.0,0.0,0.0,0.0,1,0.0,0.0,0.0,0.0,0.0,0.0,0.0,0.0,0.0,0.0,0.0,0.0,0.0,0.0,0.0,0.0,1,300.0,300.0,650.0,650.0,650.0,650.0,650.0,650.0,650.0,650.0,925.0,925.0,930.0,930.0,300.0,300.0,0.0,0.0,1,30,30,30,30,0,0,0,0,11,11,6,6,0,0,5,5
41450113,41450,41,경기도,450,하남시,113,감북동,0,0.0,0.0,0.0,0.0,0.0,0.0,0.0,0.0,0.0,0.0,0.0,0.0,0.0,0.0,0.0,0.0,1,25.0,25.0,25.0,25.0,25.0,25.0,25.0,25.0,25.0,25.0,25.0,25.0,25.0,25.0,25.0,25.0,1,255.0,255.0,255.0,255.0,255.0,255.0,260.0,260.0,260.0,260.0,260.0,260.0,265.0,265.0,255.0,255.0,0.0,0.0,1,28,28,15,15,7,7,6,6,8,8,6,6,1,1,1,1
41450114,41450,41,경기도,450,하남시,114,감일동,2,0.0,0.0,0.0,0.0,0.0,0.0,0.0,0.0,0.0,0.0,0.0,0.0,0.0,0.0,0.0,0.0,1,0.0,0.0,0.0,0.0,0.0,0.0,0.0,0.0,0.0,0.0,0.0,0.0,0.0,0.0,0.0,0.0,1,0.0,0.0,0.0,0.0,0.0,0.0,0.0,0.0,0.0,0.0,0.0,0.0,0.0,0.0,0.0,0.0,0.0,0.0,1,27,27,27,27,0,0,0,0,8,8,8,8,0,0,0,0
41450115,41450,41,경기도,450,하남시,115,감이동,1,0.6,0.6,0.6,0.6,0.6,0.6,0.6,0.6,0.6,0.6,0.6,0.6,0.6,0.6,0.6,0.6,1,0.0,0.0,0.0,0.0,0.0,0.0,0.0,0.0,0.0,0.0,0.0,0.0,0.0,0.0,0.0,0.0,1,525.0,525.0,525.0,525.0,640.0,640.0,640.0,640.0,640.0,640.0,645.0,645.0,645.0,645.0,525.0,525.0,0.0,0.0,1,28,28,24,24,0,0,4,4,7,7,7,7,0,0,0,0
41450116,41450,41,경기도,450,하남시,116,학암동,1,0.0,0.0,0.0,0.0,0.0,0.0,0.0,0.0,0.0,0.0,0.0,0.0,0.0,0.0,0.0,0.0,0,0.0,0.0,0.0,0.0,0.0,0.0,0.0,0.0,0.0,0.0,0.0,0.0,0.0,0.0,0.0,0.0,0,0.0,0.0,0.0,0.0,0.0,0.0,0.0,0.0,0.0,0.0,0.0,0.0,0.0,0.0,0.0,0.0,0.0,0.0,0,0,0,0,0,0,0,0,0,0,0,0,0,0,0,0,0
41450117,41450,41,경기도,450,하남시,117,교산동,0,0.0,0.0,0.0,0.0,0.0,0.0,0.0,0.0,0.0,0.0,0.0,0.0,0.0,0.0,0.0,0.0,1,0.0,0.0,0.0,0.0,0.0,0.0,0.0,0.0,0.0,0.0,0.0,0.0,0.0,0.0,0.0,0.0,2,650.0,370.0,2450.0,1700.0,2450.0,1700.0,2450.0,1700.0,2960.0,1700.0,2960.0,1700.0,3010.0,1745.0,650.0,370.0,0.0,0.0,1,30,30,26,26,0,0,4,4,8,8,7,7,0,0,1,1
41450118,41450,41,경기도,450,하남시,118,춘궁동,2,0.0,0.0,0.0,0.0,0.0,0.0,0.0,0.0,0.0,0.0,0.0,0.0,0.0,0.0,0.0,0.0,1,0.0,0.0,0.0,0.0,0.0,0.0,0.0,0.0,0.0,0.0,0.0,0.0,0.0,0.0,0.0,0.0,1,0.0,0.0,0.0,0.0,0.0,0.0,0.0,0.0,0.0,0.0,0.0,0.0,0.0,0.0,0.0,0.0,0.0,0.0,0,0,0,0,0,0,0,0,0,0,0,0,0,0,0,0,0
41450121,41450,41,경기도,450,하남시,121,항동,1,0.0,0.0,0.0,0.0,0.0,0.0,0.0,0.0,0.0,0.0,0.0,0.0,0.0,0.0,0.0,0.0,0,0.0,0.0,0.0,0.0,0.0,0.0,0.0,0.0,0.0,0.0,0.0,0.0,0.0,0.0,0.0,0.0,0,0.0,0.0,0.0,0.0,0.0,0.0,0.0,0.0,0.0,0.0,0.0,0.0,0.0,0.0,0.0,0.0,0.0,0.0,0,0,0,0,0,0,0,0,0,0,0,0,0,0,0,0,0
41450123,41450,41,경기도,450,하남시,123,초이동,1,0.0,0.0,0.0,0.0,0.0,0.0,0.0,0.0,0.0,0.0,0.0,0.0,0.0,0.0,0.0,0.0,0,0.0,0.0,0.0,0.0,0.0,0.0,0.0,0.0,0.0,0.0,0.0,0.0,0.0,0.0,0.0,0.0,0,0.0,0.0,0.0,0.0,0.0,0.0,0.0,0.0,0.0,0.0,0.0,0.0,0.0,0.0,0.0,0.0,0.0,0.0,0,0,0,0,0,0,0,0,0,0,0,0,0,0,0,0,0
41461101,41461,41,경기도,461,용인시처인구,101,,0,0.0,0.0,0.0,0.0,0.0,0.0,0.0,0.0,0.0,0.0,0.0,0.0,0.0,0.0,0.0,0.0,0,0.0,0.0,0.0,0.0,0.0,0.0,0.0,0.0,0.0,0.0,0.0,0.0,0.0,0.0,0.0,0.0,0,0.0,0.0,0.0,0.0,0.0,0.0,0.0,0.0,0.0,0.0,0.0,0.0,0.0,0.0,0.0,0.0,0.0,0.0,1,22,22,22,22,0,0,0,0,12,12,10,10,0,0,2,2
41461103,41461,41,경기도,461,용인시처인구,103,,0,0.0,0.0,0.0,0.0,0.0,0.0,0.0,0.0,0.0,0.0,0.0,0.0,0.0,0.0,0.0,0.0,0,0.0,0.0,0.0,0.0,0.0,0.0,0.0,0.0,0.0,0.0,0.0,0.0,0.0,0.0,0.0,0.0,0,0.0,0.0,0.0,0.0,0.0,0.0,0.0,0.0,0.0,0.0,0.0,0.0,0.0,0.0,0.0,0.0,0.0,0.0,1,26,26,23,23,3,3,0,0,8,8,5,5,0,0,3,3
41461106,41461,41,경기도,461,용인시처인구,106,고림동,1,0.0,0.0,0.0,0.0,0.0,0.0,0.0,0.0,0.0,0.0,0.0,0.0,91.1,91.1,0.0,0.0,1,0.0,0.0,0.0,0.0,0.0,0.0,0.0,0.0,0.0,0.0,0.0,0.0,0.0,0.0,0.0,0.0,1,1285.0,1285.0,1285.0,1285.0,1285.0,1285.0,1285.0,1285.0,1285.0,1285.0,1285.0,1285.0,1285.0,1285.0,1285.0,1285.0,0.0,0.0,1,30,30,30,30,0,0,0,0,8,8,8,8,0,0,0,0
41461109,41461,41,경기도,461,용인시처인구,109,호동,1,0.0,0.0,0.0,0.0,0.0,0.0,0.0,0.0,0.0,0.0,0.0,0.0,0.0,0.0,0.0,0.0,0,0.0,0.0,0.0,0.0,0.0,0.0,0.0,0.0,0.0,0.0,0.0,0.0,0.0,0.0,0.0,0.0,0,0.0,0.0,0.0,0.0,0.0,0.0,0.0,0.0,0.0,0.0,0.0,0.0,0.0,0.0,0.0,0.0,0.0,0.0,0,0,0,0,0,0,0,0,0,0,0,0,0,0,0,0,0
41461250,41461,41,경기도,461,용인시처인구,250,포곡읍,1,0.0,0.0,0.0,0.0,0.0,0.0,0.0,0.0,0.0,0.0,0.0,0.0,0.0,0.0,0.0,0.0,1,0.0,0.0,0.0,0.0,0.0,0.0,0.0,0.0,0.0,0.0,0.0,0.0,285.0,285.0,0.0,0.0,1,1150.0,1150.0,1160.0,1160.0,1170.0,1170.0,1175.0,1175.0,1185.0,1185.0,1190.0,1190.0,1195.0,1195.0,1150.0,1150.0,0.0,0.0,0,0,0,0,0,0,0,0,0,0,0,0,0,0,0,0,0
41461253,41461,41,경기도,461,용인시처인구,253,모현읍,0,0.0,0.0,0.0,0.0,0.0,0.0,0.0,0.0,0.0,0.0,0.0,0.0,0.0,0.0,0.0,0.0,1,0.0,0.0,0.0,0.0,0.0,0.0,0.0,0.0,0.0,0.0,0.0,0.0,0.0,0.0,0.0,0.0,1,1215.0,1215.0,1220.0,1220.0,1220.0,1220.0,1220.0,1220.0,1220.0,1220.0,1225.0,1225.0,1230.0,1230.0,1215.0,1215.0,20.0,20.0,1,26,26,10,10,1,1,15,15,8,8,6,6,0,0,2,2
41461256,41461,41,경기도,461,용인시처인구,256,이동읍,1,0.0,0.0,0.0,0.0,0.0,0.0,0.0,0.0,0.0,0.0,0.0,0.0,0.0,0.0,0.0,0.0,1,0.0,0.0,0.0,0.0,0.0,0.0,0.0,0.0,0.0,0.0,0.0,0.0,0.0,0.0,0.0,0.0,1,1180.0,1180.0,1270.0,1270.0,1270.0,1270.0,1285.0,1285.0,1285.0,1285.0,1290.0,1290.0,1295.0,1295.0,1180.0,1180.0,0.0,0.0,1,26,26,6,6,18,18,2,2,8,8,4,4,2,2,2,2
41461259,41461,41,경기도,461,용인시처인구,259,남사읍,2,0.0,0.0,0.0,0.0,0.0,0.0,0.0,0.0,0.0,0.0,0.0,0.0,0.0,0.0,0.0,0.0,2,0.0,0.0,0.0,0.0,0.0,0.0,0.0,0.0,0.0,0.0,0.0,0.0,0.0,0.0,0.0,0.0,2,900.0,900.0,900.0,900.0,900.0,900.0,2775.0,1875.0,2805.0,1905.0,2820.0,1920.0,2825.0,1925.0,900.0,900.0,39.0,39.0,1,30,30,25,25,2,2,3,3,12,12,6,6,0,0,6,6
41461340,41461,41,경기도,461,용인시처인구,340,원삼면,1,0.2,0.2,0.0,0.0,0.0,0.0,0.0,0.0,0.0,0.0,0.0,0.0,0.0,0.0,0.2,0.2,0,0.0,0.0,0.0,0.0,0.0,0.0,0.0,0.0,0.0,0.0,0.0,0.0,0.0,0.0,0.0,0.0,0,0.0,0.0,0.0,0.0,0.0,0.0,0.0,0.0,0.0,0.0,0.0,0.0,0.0,0.0,0.0,0.0,0.0,0.0,0,0,0,0,0,0,0,0,0,0,0,0,0,0,0,0,0
41461350,41461,41,경기도,461,용인시처인구,350,,0,0.0,0.0,0.0,0.0,0.0,0.0,0.0,0.0,0.0,0.0,0.0,0.0,0.0,0.0,0.0,0.0,0,0.0,0.0,0.0,0.0,0.0,0.0,0.0,0.0,0.0,0.0,0.0,0.0,0.0,0.0,0.0,0.0,0,0.0,0.0,0.0,0.0,0.0,0.0,0.0,0.0,0.0,0.0,0.0,0.0,0.0,0.0,0.0,0.0,0.0,0.0,1,28,28,21,21,1,1,6,6,12,12,3,3,2,2,7,7
41461360,41461,41,경기도,461,용인시처인구,360,,0,0.0,0.0,0.0,0.0,0.0,0.0,0.0,0.0,0.0,0.0,0.0,0.0,0.0,0.0,0.0,0.0,0,0.0,0.0,0.0,0.0,0.0,0.0,0.0,0.0,0.0,0.0,0.0,0.0,0.0,0.0,0.0,0.0,0,0.0,0.0,0.0,0.0,0.0,0.0,0.0,0.0,0.0,0.0,0.0,0.0,0.0,0.0,0.0,0.0,0.0,0.0,1,26,26,10,10,0,0,16,16,8,8,4,4,2,2,2,2
41463101,41463,41,경기도,463,용인시기흥구,101,신갈동,1,0.0,0.0,0.0,0.0,0.0,0.0,0.0,0.0,0.0,0.0,0.0,0.0,0.0,0.0,0.0,0.0,1,0.0,0.0,0.0,0.0,0.0,0.0,0.0,0.0,0.0,0.0,0.0,0.0,0.0,0.0,0.0,0.0,1,0.0,0.0,0.0,0.0,960.0,960.0,960.0,960.0,960.0,960.0,960.0,960.0,1370.0,1370.0,0.0,0.0,0.0,0.0,0,0,0,0,0,0,0,0,0,0,0,0,0,0,0,0,0
41463102,41463,41,경기도,463,용인시기흥구,102,구갈동,0,0.0,0.0,0.0,0.0,0.0,0.0,0.0,0.0,0.0,0.0,0.0,0.0,0.0,0.0,0.0,0.0,1,0.0,0.0,0.0,0.0,0.0,0.0,0.0,0.0,0.0,0.0,0.0,0.0,0.0,0.0,0.0,0.0,1,830.0,830.0,875.0,875.0,875.0,875.0,875.0,875.0,875.0,875.0,875.0,875.0,1015.0,1015.0,830.0,830.0,0.0,0.0,1,26,26,11,11,1,1,14,14,12,12,6,6,4,4,2,2
41463103,41463,41,경기도,463,용인시기흥구,103,상갈동,1,0.0,0.0,0.0,0.0,0.0,0.0,0.0,0.0,0.0,0.0,0.0,0.0,0.0,0.0,0.0,0.0,0,0.0,0.0,0.0,0.0,0.0,0.0,0.0,0.0,0.0,0.0,0.0,0.0,0.0,0.0,0.0,0.0,0,0.0,0.0,0.0,0.0,0.0,0.0,0.0,0.0,0.0,0.0,0.0,0.0,0.0,0.0,0.0,0.0,0.0,0.0,0,0,0,0,0,0,0,0,0,0,0,0,0,0,0,0,0
41463104,41463,41,경기도,463,용인시기흥구,104,하갈동,1,0.0,0.0,0.0,0.0,0.0,0.0,0.0,0.0,0.0,0.0,0.0,0.0,0.0,0.0,0.0,0.0,0,0.0,0.0,0.0,0.0,0.0,0.0,0.0,0.0,0.0,0.0,0.0,0.0,0.0,0.0,0.0,0.0,0,0.0,0.0,0.0,0.0,0.0,0.0,0.0,0.0,0.0,0.0,0.0,0.0,0.0,0.0,0.0,0.0,0.0,0.0,0,0,0,0,0,0,0,0,0,0,0,0,0,0,0,0,0
41463106,41463,41,경기도,463,용인시기흥구,106,지곡동,2,0.0,0.0,0.0,0.0,0.0,0.0,0.0,0.0,0.0,0.0,0.0,0.0,9.1,9.1,0.0,0.0,1,0.0,0.0,0.0,0.0,0.0,0.0,0.0,0.0,0.0,0.0,0.0,0.0,0.0,0.0,0.0,0.0,1,565.0,565.0,565.0,565.0,565.0,565.0,565.0,565.0,565.0,565.0,565.0,565.0,565.0,565.0,565.0,565.0,0.0,0.0,1,14,14,11,11,0,0,3,3,14,14,14,14,0,0,0,0
41463107,41463,41,경기도,463,용인시기흥구,107,공세동,0,0.0,0.0,0.0,0.0,0.0,0.0,0.0,0.0,0.0,0.0,0.0,0.0,0.0,0.0,0.0,0.0,1,0.0,0.0,0.0,0.0,0.0,0.0,0.0,0.0,0.0,0.0,0.0,0.0,0.0,0.0,0.0,0.0,1,1125.0,1125.0,1125.0,1125.0,1125.0,1125.0,1125.0,1125.0,1125.0,1125.0,1125.0,1125.0,1125.0,1125.0,1125.0,1125.0,0.0,0.0,1,24,24,12,12,1,1,11,11,7,7,4,4,2,2,1,1
41463108,41463,41,경기도,463,용인시기흥구,108,고매동,0,0.0,0.0,0.0,0.0,0.0,0.0,0.0,0.0,0.0,0.0,0.0,0.0,0.0,0.0,0.0,0.0,1,0.0,0.0,0.0,0.0,0.0,0.0,0.0,0.0,0.0,0.0,0.0,0.0,0.0,0.0,0.0,0.0,1,1105.0,1105.0,2225.0,2225.0,2235.0,2235.0,2270.0,2270.0,2270.0,2270.0,2270.0,2270.0,2270.0,2270.0,1105.0,1105.0,0.0,0.0,1,26,26,19,19,4,4,3,3,8,8,8,8,0,0,0,0
41463109,41463,41,경기도,463,용인시기흥구,109,,0,0.0,0.0,0.0,0.0,0.0,0.0,0.0,0.0,0.0,0.0,0.0,0.0,0.0,0.0,0.0,0.0,0,0.0,0.0,0.0,0.0,0.0,0.0,0.0,0.0,0.0,0.0,0.0,0.0,0.0,0.0,0.0,0.0,0,0.0,0.0,0.0,0.0,0.0,0.0,0.0,0.0,0.0,0.0,0.0,0.0,0.0,0.0,0.0,0.0,0.0,0.0,1,24,24,10,10,3,3,11,11,12,12,8,8,1,1,3,3
41463110,41463,41,경기도,463,용인시기흥구,110,서천동,1,0.0,0.0,0.0,0.0,0.0,0.0,0.0,0.0,0.0,0.0,0.0,0.0,0.0,0.0,0.0,0.0,0,0.0,0.0,0.0,0.0,0.0,0.0,0.0,0.0,0.0,0.0,0.0,0.0,0.0,0.0,0.0,0.0,0,0.0,0.0,0.0,0.0,0.0,0.0,0.0,0.0,0.0,0.0,0.0,0.0,0.0,0.0,0.0,0.0,0.0,0.0,0,0,0,0,0,0,0,0,0,0,0,0,0,0,0,0,0
41463111,41463,41,경기도,463,용인시기흥구,111,영덕동,1,0.0,0.0,0.0,0.0,0.0,0.0,0.0,0.0,0.0,0.0,0.0,0.0,0.0,0.0,0.0,0.0,1,0.0,0.0,0.0,0.0,0.0,0.0,0.0,0.0,0.0,0.0,0.0,0.0,0.0,0.0,0.0,0.0,1,440.0,440.0,440.0,440.0,440.0,440.0,440.0,440.0,440.0,440.0,440.0,440.0,960.0,960.0,440.0,440.0,0.0,0.0,1,29,29,21,21,0,0,8,8,12,12,2,2,3,3,7,7
41463114,41463,41,경기도,463,용인시기흥구,114,청덕동,1,0.0,0.0,0.0,0.0,0.0,0.0,0.0,0.0,0.0,0.0,0.0,0.0,25.7,25.7,0.0,0.0,0,0.0,0.0,0.0,0.0,0.0,0.0,0.0,0.0,0.0,0.0,0.0,0.0,0.0,0.0,0.0,0.0,0,0.0,0.0,0.0,0.0,0.0,0.0,0.0,0.0,0.0,0.0,0.0,0.0,0.0,0.0,0.0,0.0,0.0,0.0,0,0,0,0,0,0,0,0,0,0,0,0,0,0,0,0,0
41463115,41463,41,경기도,463,용인시기흥구,115,동백동,0,0.0,0.0,0.0,0.0,0.0,0.0,0.0,0.0,0.0,0.0,0.0,0.0,0.0,0.0,0.0,0.0,1,0.0,0.0,0.0,0.0,0.0,0.0,0.0,0.0,0.0,0.0,0.0,0.0,0.0,0.0,0.0,0.0,1,425.0,425.0,425.0,425.0,425.0,425.0,425.0,425.0,425.0,425.0,425.0,425.0,1015.0,1015.0,425.0,425.0,0.0,0.0,1,26,26,23,23,3,3,0,0,8,8,5,5,0,0,3,3
41463118,41463,41,경기도,463,용인시기흥구,118,,0,0.0,0.0,0.0,0.0,0.0,0.0,0.0,0.0,0.0,0.0,0.0,0.0,0.0,0.0,0.0,0.0,0,0.0,0.0,0.0,0.0,0.0,0.0,0.0,0.0,0.0,0.0,0.0,0.0,0.0,0.0,0.0,0.0,0,0.0,0.0,0.0,0.0,0.0,0.0,0.0,0.0,0.0,0.0,0.0,0.0,0.0,0.0,0.0,0.0,0.0,0.0,1,26,26,25,25,1,1,0,0,8,8,4,4,2,2,2,2
41465101,41465,41,경기도,465,용인시수지구,101,풍덕천동,1,0.0,0.0,0.0,0.0,0.0,0.0,0.0,0.0,0.0,0.0,0.0,0.0,0.0,0.0,0.0,0.0,0,0.0,0.0,0.0,0.0,0.0,0.0,0.0,0.0,0.0,0.0,0.0,0.0,0.0,0.0,0.0,0.0,0,0.0,0.0,0.0,0.0,0.0,0.0,0.0,0.0,0.0,0.0,0.0,0.0,0.0,0.0,0.0,0.0,0.0,0.0,0,0,0,0,0,0,0,0,0,0,0,0,0,0,0,0,0
41465102,41465,41,경기도,465,용인시수지구,102,죽전동,1,0.0,0.0,0.0,0.0,0.0,0.0,0.0,0.0,0.0,0.0,0.0,0.0,0.0,0.0,0.0,0.0,0,0.0,0.0,0.0,0.0,0.0,0.0,0.0,0.0,0.0,0.0,0.0,0.0,0.0,0.0,0.0,0.0,0,0.0,0.0,0.0,0.0,0.0,0.0,0.0,0.0,0.0,0.0,0.0,0.0,0.0,0.0,0.0,0.0,0.0,0.0,1,26,26,25,25,1,1,0,0,8,8,4,4,2,2,2,2
41465104,41465,41,경기도,465,용인시수지구,104,고기동,0,0.0,0.0,0.0,0.0,0.0,0.0,0.0,0.0,0.0,0.0,0.0,0.0,0.0,0.0,0.0,0.0,1,0.0,0.0,0.0,0.0,0.0,0.0,0.0,0.0,0.0,0.0,0.0,0.0,0.0,0.0,0.0,0.0,1,390.0,390.0,390.0,390.0,390.0,390.0,390.0,390.0,390.0,390.0,390.0,390.0,390.0,390.0,390.0,390.0,0.0,0.0,1,26,26,6,6,1,1,19,19,12,12,6,6,0,0,6,6
41465105,41465,41,경기도,465,용인시수지구,105,신봉동,1,0.0,0.0,0.0,0.0,0.0,0.0,0.0,0.0,0.0,0.0,0.0,0.0,0.0,0.0,0.0,0.0,0,0.0,0.0,0.0,0.0,0.0,0.0,0.0,0.0,0.0,0.0,0.0,0.0,0.0,0.0,0.0,0.0,0,0.0,0.0,0.0,0.0,0.0,0.0,0.0,0.0,0.0,0.0,0.0,0.0,0.0,0.0,0.0,0.0,0.0,0.0,0,0,0,0,0,0,0,0,0,0,0,0,0,0,0,0,0
41465107,41465,41,경기도,465,용인시수지구,107,상현동,0,0.0,0.0,0.0,0.0,0.0,0.0,0.0,0.0,0.0,0.0,0.0,0.0,0.0,0.0,0.0,0.0,1,0.0,0.0,0.0,0.0,0.0,0.0,0.0,0.0,0.0,0.0,0.0,0.0,0.0,0.0,0.0,0.0,1,385.0,385.0,385.0,385.0,385.0,385.0,385.0,385.0,385.0,385.0,385.0,385.0,385.0,385.0,385.0,385.0,0.0,0.0,1,29,29,26,26,0,0,3,3,8,8,4,4,0,0,4,4
41480101,41480,41,경기도,480,파주시,101,,0,0.0,0.0,0.0,0.0,0.0,0.0,0.0,0.0,0.0,0.0,0.0,0.0,0.0,0.0,0.0,0.0,0,0.0,0.0,0.0,0.0,0.0,0.0,0.0,0.0,0.0,0.0,0.0,0.0,0.0,0.0,0.0,0.0,0,0.0,0.0,0.0,0.0,0.0,0.0,0.0,0.0,0.0,0.0,0.0,0.0,0.0,0.0,0.0,0.0,0.0,0.0,1,25,25,22,22,0,0,3,3,16,16,10,10,0,0,6,6
41480104,41480,41,경기도,480,파주시,104,야동동,0,0.0,0.0,0.0,0.0,0.0,0.0,0.0,0.0,0.0,0.0,0.0,0.0,0.0,0.0,0.0,0.0,1,0.0,0.0,0.0,0.0,0.0,0.0,0.0,0.0,0.0,0.0,0.0,0.0,0.0,0.0,0.0,0.0,1,0.0,0.0,0.0,0.0,0.0,0.0,0.0,0.0,0.0,0.0,0.0,0.0,0.0,0.0,0.0,0.0,29.65,29.65,1,27,27,22,22,4,4,1,1,8,8,8,8,0,0,0,0
41480109,41480,41,경기도,480,파주시,109,다율동,0,0.0,0.0,0.0,0.0,0.0,0.0,0.0,0.0,0.0,0.0,0.0,0.0,0.0,0.0,0.0,0.0,1,0.0,0.0,0.0,0.0,0.0,0.0,0.0,0.0,0.0,0.0,0.0,0.0,0.0,0.0,0.0,0.0,1,655.0,655.0,655.0,655.0,655.0,655.0,675.0,675.0,695.0,695.0,1555.0,1555.0,1555.0,1555.0,655.0,655.0,0.0,0.0,1,23,23,23,23,0,0,0,0,16,16,6,6,8,8,2,2
41480118,41480,41,경기도,480,파주시,118,하지석동,1,7.5,7.5,7.5,7.5,7.5,7.5,7.5,7.5,7.5,7.5,7.5,7.5,7.5,7.5,7.5,7.5,0,0.0,0.0,0.0,0.0,0.0,0.0,0.0,0.0,0.0,0.0,0.0,0.0,0.0,0.0,0.0,0.0,0,0.0,0.0,0.0,0.0,0.0,0.0,0.0,0.0,0.0,0.0,0.0,0.0,0.0,0.0,0.0,0.0,0.0,0.0,0,0,0,0,0,0,0,0,0,0,0,0,0,0,0,0,0
41480119,41480,41,경기도,480,파주시,119,서패동,2,0.0,0.0,0.0,0.0,0.0,0.0,0.0,0.0,0.0,0.0,0.0,0.0,0.0,0.0,0.0,0.0,1,0.0,0.0,0.0,0.0,0.0,0.0,0.0,0.0,0.0,0.0,0.0,0.0,0.0,0.0,0.0,0.0,1,0.0,0.0,0.0,0.0,0.0,0.0,0.0,0.0,0.0,0.0,1175.0,1175.0,1175.0,1175.0,0.0,0.0,0.0,0.0,0,0,0,0,0,0,0,0,0,0,0,0,0,0,0,0,0
41480122,41480,41,경기도,480,파주시,122,와동동,1,0.0,0.0,0.0,0.0,0.0,0.0,0.0,0.0,0.0,0.0,0.0,0.0,0.0,0.0,0.0,0.0,0,0.0,0.0,0.0,0.0,0.0,0.0,0.0,0.0,0.0,0.0,0.0,0.0,0.0,0.0,0.0,0.0,0,0.0,0.0,0.0,0.0,0.0,0.0,0.0,0.0,0.0,0.0,0.0,0.0,0.0,0.0,0.0,0.0,0.0,0.0,0,0,0,0,0,0,0,0,0,0,0,0,0,0,0,0,0
41480250,41480,41,경기도,480,파주시,250,문산읍,0,0.0,0.0,0.0,0.0,0.0,0.0,0.0,0.0,0.0,0.0,0.0,0.0,0.0,0.0,0.0,0.0,1,0.0,0.0,0.0,0.0,0.0,0.0,0.0,0.0,0.0,0.0,0.0,0.0,0.0,0.0,0.0,0.0,1,610.0,610.0,610.0,610.0,610.0,610.0,610.0,610.0,610.0,610.0,610.0,610.0,1000.0,1000.0,610.0,610.0,0.0,0.0,1,33,33,22,22,0,0,11,11,8,8,8,8,0,0,0,0
41480256,41480,41,경기도,480,파주시,256,법원읍,0,0.0,0.0,0.0,0.0,0.0,0.0,0.0,0.0,0.0,0.0,0.0,0.0,0.0,0.0,0.0,0.0,1,0.0,0.0,0.0,0.0,0.0,0.0,0.0,0.0,0.0,0.0,0.0,0.0,50.0,50.0,0.0,0.0,1,385.0,385.0,395.0,395.0,400.0,400.0,400.0,400.0,400.0,400.0,400.0,400.0,550.0,550.0,385.0,385.0,0.0,0.0,1,25,25,12,12,7,7,6,6,8,8,2,2,3,3,3,3
41480310,41480,41,경기도,480,파주시,310,월롱면,1,0.0,0.0,0.0,0.0,0.0,0.0,0.0,0.0,0.0,0.0,0.0,0.0,7.8,7.8,0.0,0.0,0,0.0,0.0,0.0,0.0,0.0,0.0,0.0,0.0,0.0,0.0,0.0,0.0,0.0,0.0,0.0,0.0,0,0.0,0.0,0.0,0.0,0.0,0.0,0.0,0.0,0.0,0.0,0.0,0.0,0.0,0.0,0.0,0.0,0.0,0.0,0,0,0,0,0,0,0,0,0,0,0,0,0,0,0,0,0
41480330,41480,41,경기도,480,파주시,330,광적면,1,0.0,0.0,0.0,0.0,0.0,0.0,0.0,0.0,0.0,0.0,0.0,0.0,0.0,0.0,0.0,0.0,0,0.0,0.0,0.0,0.0,0.0,0.0,0.0,0.0,0.0,0.0,0.0,0.0,0.0,0.0,0.0,0.0,0,0.0,0.0,0.0,0.0,0.0,0.0,0.0,0.0,0.0,0.0,0.0,0.0,0.0,0.0,0.0,0.0,0.0,0.0,1,25,25,20,20,2,2,3,3,6,6,6,6,0,0,0,0
41480360,41480,41,경기도,480,파주시,360,파평면,1,0.0,0.0,0.0,0.0,0.0,0.0,0.0,0.0,0.0,0.0,0.0,0.0,47.3,47.3,0.0,0.0,0,0.0,0.0,0.0,0.0,0.0,0.0,0.0,0.0,0.0,0.0,0.0,0.0,0.0,0.0,0.0,0.0,0,0.0,0.0,0.0,0.0,0.0,0.0,0.0,0.0,0.0,0.0,0.0,0.0,0.0,0.0,0.0,0.0,0.0,0.0,0,0,0,0,0,0,0,0,0,0,0,0,0,0,0,0,0
41480370,41480,41,경기도,480,파주시,370,적성면,1,0.0,0.0,0.0,0.0,0.0,0.0,0.0,0.0,0.0,0.0,0.0,0.0,0.0,0.0,0.0,0.0,0,0.0,0.0,0.0,0.0,0.0,0.0,0.0,0.0,0.0,0.0,0.0,0.0,0.0,0.0,0.0,0.0,0,0.0,0.0,0.0,0.0,0.0,0.0,0.0,0.0,0.0,0.0,0.0,0.0,0.0,0.0,0.0,0.0,0.0,0.0,1,28,28,14,14,3,3,11,11,12,12,4,4,0,0,8,8
41480380,41480,41,경기도,480,파주시,380,군내면,0,0.0,0.0,0.0,0.0,0.0,0.0,0.0,0.0,0.0,0.0,0.0,0.0,0.0,0.0,0.0,0.0,1,0.0,0.0,0.0,0.0,0.0,0.0,0.0,0.0,240.0,240.0,240.0,240.0,240.0,240.0,0.0,0.0,1,905.0,905.0,905.0,905.0,905.0,905.0,960.0,960.0,960.0,960.0,965.0,965.0,980.0,980.0,905.0,905.0,0.0,0.0,1,21,21,13,13,4,4,4,4,8,8,4,4,0,0,4,4
41480410,41480,41,경기도,480,파주시,410,진서면,2,0.0,0.0,0.0,0.0,0.0,0.0,0.0,0.0,0.0,0.0,0.0,0.0,47.2,31.2,0.0,0.0,1,0.0,0.0,0.0,0.0,0.0,0.0,0.0,0.0,0.0,0.0,0.0,0.0,50.0,50.0,0.0,0.0,1,580.0,580.0,580.0,580.0,755.0,755.0,770.0,770.0,775.0,775.0,785.0,785.0,790.0,790.0,580.0,580.0,0.0,0.0,1,26,26,3,3,7,7,16,16,12,12,8,8,3,3,1,1
41500108,41500,41,경기도,500,이천시,108,,0,0.0,0.0,0.0,0.0,0.0,0.0,0.0,0.0,0.0,0.0,0.0,0.0,0.0,0.0,0.0,0.0,0,0.0,0.0,0.0,0.0,0.0,0.0,0.0,0.0,0.0,0.0,0.0,0.0,0.0,0.0,0.0,0.0,0,0.0,0.0,0.0,0.0,0.0,0.0,0.0,0.0,0.0,0.0,0.0,0.0,0.0,0.0,0.0,0.0,0.0,0.0,1,33,33,33,33,0,0,0,0,11,11,11,11,0,0,0,0
41500114,41500,41,경기도,500,이천시,114,고담동,0,0.0,0.0,0.0,0.0,0.0,0.0,0.0,0.0,0.0,0.0,0.0,0.0,0.0,0.0,0.0,0.0,1,0.0,0.0,0.0,0.0,0.0,0.0,0.0,0.0,0.0,0.0,0.0,0.0,0.0,0.0,0.0,0.0,1,1355.0,1355.0,1355.0,1355.0,1355.0,1355.0,1515.0,1515.0,1525.0,1525.0,1525.0,1525.0,1525.0,1525.0,1355.0,1355.0,0.0,0.0,1,31,31,31,31,0,0,0,0,12,12,8,8,0,0,4,4
41500250,41500,41,경기도,500,이천시,250,장호원읍,1,0.0,0.0,0.0,0.0,0.0,0.0,0.0,0.0,0.0,0.0,0.0,0.0,0.0,0.0,0.0,0.0,0,0.0,0.0,0.0,0.0,0.0,0.0,0.0,0.0,0.0,0.0,0.0,0.0,0.0,0.0,0.0,0.0,0,0.0,0.0,0.0,0.0,0.0,0.0,0.0,0.0,0.0,0.0,0.0,0.0,0.0,0.0,0.0,0.0,0.0,0.0,1,26,26,12,12,3,3,11,11,8,8,4,4,0,0,4,4
41500253,41500,41,경기도,500,이천시,253,부발읍,2,0.0,0.0,0.0,0.0,0.0,0.0,0.0,0.0,0.0,0.0,0.0,0.0,0.0,0.0,0.0,0.0,1,0.0,0.0,0.0,0.0,0.0,0.0,0.0,0.0,0.0,0.0,0.0,0.0,0.0,0.0,0.0,0.0,1,0.0,0.0,1555.0,1555.0,1555.0,1555.0,1555.0,1555.0,1555.0,1555.0,1580.0,1580.0,1580.0,1580.0,0.0,0.0,0.0,0.0,1,22,22,22,22,0,0,0,0,12,12,10,10,0,0,2,2
41500330,41500,41,경기도,500,이천시,330,호법면,1,0.0,0.0,0.0,0.0,0.0,0.0,0.0,0.0,0.0,0.0,0.0,0.0,0.0,0.0,0.0,0.0,0,0.0,0.0,0.0,0.0,0.0,0.0,0.0,0.0,0.0,0.0,0.0,0.0,0.0,0.0,0.0,0.0,0,0.0,0.0,0.0,0.0,0.0,0.0,0.0,0.0,0.0,0.0,0.0,0.0,0.0,0.0,0.0,0.0,0.0,0.0,0,0,0,0,0,0,0,0,0,0,0,0,0,0,0,0,0
41500340,41500,41,경기도,500,이천시,340,마장면,1,1.1,1.1,8.5,8.5,4.9,4.9,0.8,0.8,0.0,0.0,0.0,0.0,0.0,0.0,1.1,1.1,0,0.0,0.0,0.0,0.0,0.0,0.0,0.0,0.0,0.0,0.0,0.0,0.0,0.0,0.0,0.0,0.0,0,0.0,0.0,0.0,0.0,0.0,0.0,0.0,0.0,0.0,0.0,0.0,0.0,0.0,0.0,0.0,0.0,0.0,0.0,1,26,26,10,10,0,0,16,16,8,8,4,4,2,2,2,2
41500350,41500,41,경기도,500,이천시,350,,0,0.0,0.0,0.0,0.0,0.0,0.0,0.0,0.0,0.0,0.0,0.0,0.0,0.0,0.0,0.0,0.0,0,0.0,0.0,0.0,0.0,0.0,0.0,0.0,0.0,0.0,0.0,0.0,0.0,0.0,0.0,0.0,0.0,0,0.0,0.0,0.0,0.0,0.0,0.0,0.0,0.0,0.0,0.0,0.0,0.0,0.0,0.0,0.0,0.0,0.0,0.0,1,28,28,21,21,1,1,6,6,12,12,3,3,2,2,7,7
41550121,41550,41,경기도,550,안성시,121,계동,0,0.0,0.0,0.0,0.0,0.0,0.0,0.0,0.0,0.0,0.0,0.0,0.0,0.0,0.0,0.0,0.0,1,0.0,0.0,0.0,0.0,0.0,0.0,0.0,0.0,0.0,0.0,0.0,0.0,0.0,0.0,0.0,0.0,1,905.0,905.0,905.0,905.0,905.0,905.0,905.0,905.0,905.0,905.0,905.0,905.0,905.0,905.0,905.0,905.0,0.0,0.0,0,0,0,0,0,0,0,0,0,0,0,0,0,0,0,0,0
41550122,41550,41,경기도,550,안성시,122,옥산동,1,0.0,0.0,0.0,0.0,0.0,0.0,0.0,0.0,0.0,0.0,0.0,0.0,0.0,0.0,0.0,0.0,0,0.0,0.0,0.0,0.0,0.0,0.0,0.0,0.0,0.0,0.0,0.0,0.0,0.0,0.0,0.0,0.0,0,0.0,0.0,0.0,0.0,0.0,0.0,0.0,0.0,0.0,0.0,0.0,0.0,0.0,0.0,0.0,0.0,0.0,0.0,0,0,0,0,0,0,0,0,0,0,0,0,0,0,0,0,0
41550126,41550,41,경기도,550,안성시,126,가사동,0,0.0,0.0,0.0,0.0,0.0,0.0,0.0,0.0,0.0,0.0,0.0,0.0,0.0,0.0,0.0,0.0,1,0.0,0.0,0.0,0.0,0.0,0.0,0.0,0.0,0.0,0.0,0.0,0.0,0.0,0.0,0.0,0.0,1,465.0,465.0,465.0,465.0,465.0,465.0,475.0,475.0,480.0,480.0,480.0,480.0,535.0,535.0,465.0,465.0,0.0,0.0,1,26,26,18,18,2,2,6,6,6,6,2,2,0,0,4,4
41550129,41550,41,경기도,550,안성시,129,신소현동,1,0.0,0.0,0.0,0.0,0.0,0.0,0.0,0.0,0.0,0.0,0.0,0.0,0.0,0.0,0.0,0.0,0,0.0,0.0,0.0,0.0,0.0,0.0,0.0,0.0,0.0,0.0,0.0,0.0,0.0,0.0,0.0,0.0,0,0.0,0.0,0.0,0.0,0.0,0.0,0.0,0.0,0.0,0.0,0.0,0.0,0.0,0.0,0.0,0.0,0.0,0.0,0,0,0,0,0,0,0,0,0,0,0,0,0,0,0,0,0
41550131,41550,41,경기도,550,안성시,131,현수동,1,0.0,0.0,0.0,0.0,0.0,0.0,0.0,0.0,0.0,0.0,0.0,0.0,0.0,0.0,0.0,0.0,0,0.0,0.0,0.0,0.0,0.0,0.0,0.0,0.0,0.0,0.0,0.0,0.0,0.0,0.0,0.0,0.0,0,0.0,0.0,0.0,0.0,0.0,0.0,0.0,0.0,0.0,0.0,0.0,0.0,0.0,0.0,0.0,0.0,0.0,0.0,0,0,0,0,0,0,0,0,0,0,0,0,0,0,0,0,0
41550250,41550,41,경기도,550,안성시,250,공도읍,0,0.0,0.0,0.0,0.0,0.0,0.0,0.0,0.0,0.0,0.0,0.0,0.0,0.0,0.0,0.0,0.0,1,0.0,0.0,0.0,0.0,0.0,0.0,0.0,0.0,0.0,0.0,0.0,0.0,0.0,0.0,0.0,0.0,1,1485.0,1485.0,1490.0,1490.0,1490.0,1490.0,1490.0,1490.0,1490.0,1490.0,1490.0,1490.0,1590.0,1590.0,1485.0,1485.0,0.0,0.0,1,26,26,19,19,0,0,7,7,8,8,2,2,2,2,4,4
41550360,41550,41,경기도,550,안성시,360,양성면,1,0.0,0.0,0.0,0.0,0.0,0.0,0.0,0.0,0.0,0.0,0.0,0.0,0.0,0.0,0.0,0.0,1,0.0,0.0,0.0,0.0,0.0,0.0,0.0,0.0,0.0,0.0,0.0,0.0,0.0,0.0,0.0,0.0,2,2275.0,1780.0,2275.0,1780.0,2275.0,1780.0,2275.0,1780.0,2295.0,1800.0,2295.0,1800.0,2345.0,1850.0,2275.0,1780.0,19.825,19.825,1,0,0,7,7,0,0,-7,-7,11,11,4,4,2,2,5,5
41550380,41550,41,경기도,550,안성시,380,원곡면,1,0.0,0.0,0.0,0.0,0.0,0.0,0.0,0.0,0.0,0.0,0.0,0.0,0.0,0.0,0.0,0.0,1,0.0,0.0,0.0,0.0,0.0,0.0,0.0,0.0,0.0,0.0,0.0,0.0,0.0,0.0,0.0,0.0,1,0.0,0.0,0.0,0.0,0.0,0.0,1110.0,1110.0,1950.0,1950.0,1950.0,1950.0,1950.0,1950.0,0.0,0.0,0.0,0.0,0,0,0,0,0,0,0,0,0,0,0,0,0,0,0,0,0
41550410,41550,41,경기도,550,안성시,410,삼죽면,0,0.0,0.0,0.0,0.0,0.0,0.0,0.0,0.0,0.0,0.0,0.0,0.0,0.0,0.0,0.0,0.0,1,0.0,0.0,0.0,0.0,0.0,0.0,0.0,0.0,0.0,0.0,0.0,0.0,0.0,0.0,0.0,0.0,1,560.0,560.0,560.0,560.0,560.0,560.0,565.0,565.0,565.0,565.0,565.0,565.0,570.0,570.0,560.0,560.0,0.0,0.0,1,28,28,21,21,1,1,6,6,12,12,3,3,2,2,7,7
41550420,41550,41,경기도,550,안성시,420,고삼면,0,0.0,0.0,0.0,0.0,0.0,0.0,0.0,0.0,0.0,0.0,0.0,0.0,0.0,0.0,0.0,0.0,1,0.0,0.0,0.0,0.0,0.0,0.0,0.0,0.0,250.0,250.0,250.0,250.0,250.0,250.0,0.0,0.0,1,0.0,0.0,0.0,0.0,0.0,0.0,0.0,0.0,0.0,0.0,0.0,0.0,0.0,0.0,0.0,0.0,0.0,0.0,1,33,33,32,32,0,0,1,1,8,8,8,8,0,0,0,0
41570102,41570,41,경기도,570,김포시,102,걸포동,2,0.0,0.0,0.0,0.0,0.0,0.0,0.0,0.0,0.0,0.0,0.0,0.0,0.0,0.0,0.0,0.0,0,0.0,0.0,0.0,0.0,0.0,0.0,0.0,0.0,0.0,0.0,0.0,0.0,0.0,0.0,0.0,0.0,0,0.0,0.0,0.0,0.0,0.0,0.0,0.0,0.0,0.0,0.0,0.0,0.0,0.0,0.0,0.0,0.0,0.0,0.0,0,0,0,0,0,0,0,0,0,0,0,0,0,0,0,0,0
41570103,41570,41,경기도,570,김포시,103,운양동,0,0.0,0.0,0.0,0.0,0.0,0.0,0.0,0.0,0.0,0.0,0.0,0.0,0.0,0.0,0.0,0.0,1,0.0,0.0,0.0,0.0,0.0,0.0,0.0,0.0,0.0,0.0,0.0,0.0,0.0,0.0,0.0,0.0,1,0.0,0.0,0.0,0.0,0.0,0.0,0.0,0.0,0.0,0.0,0.0,0.0,0.0,0.0,0.0,0.0,0.0,0.0,1,27,27,27,27,0,0,0,0,6,6,4,4,2,2,0,0
41570105,41570,41,경기도,570,김포시,105,감정동,0,0.0,0.0,0.0,0.0,0.0,0.0,0.0,0.0,0.0,0.0,0.0,0.0,0.0,0.0,0.0,0.0,2,0.0,0.0,0.0,0.0,0.0,0.0,0.0,0.0,0.0,0.0,0.0,0.0,860.0,430.0,0.0,0.0,2,505.0,505.0,820.0,820.0,820.0,820.0,1370.0,820.0,1385.0,830.0,1450.0,860.0,1455.0,860.0,505.0,505.0,0.0,0.0,1,24,24,23,23,0,0,1,1,8,8,4,4,3,3,1,1
41570106,41570,41,경기도,570,김포시,106,사우동,1,0.0,0.0,0.0,0.0,0.0,0.0,0.0,0.0,0.0,0.0,0.0,0.0,0.0,0.0,0.0,0.0,0,0.0,0.0,0.0,0.0,0.0,0.0,0.0,0.0,0.0,0.0,0.0,0.0,0.0,0.0,0.0,0.0,0,0.0,0.0,0.0,0.0,0.0,0.0,0.0,0.0,0.0,0.0,0.0,0.0,0.0,0.0,0.0,0.0,0.0,0.0,0,0,0,0,0,0,0,0,0,0,0,0,0,0,0,0,0
41570107,41570,41,경기도,570,김포시,107,풍무동,1,0.0,0.0,0.0,0.0,0.0,0.0,0.0,0.0,0.0,0.0,0.0,0.0,0.0,0.0,0.0,0.0,1,0.0,0.0,0.0,0.0,0.0,0.0,0.0,0.0,0.0,0.0,0.0,0.0,75.0,75.0,0.0,0.0,1,160.0,160.0,340.0,340.0,340.0,340.0,340.0,340.0,340.0,340.0,340.0,340.0,340.0,340.0,160.0,160.0,0.0,0.0,1,28,28,26,26,1,1,1,1,8,8,6,6,0,0,2,2
41570109,41570,41,경기도,570,김포시,109,구래동,1,0.0,0.0,0.0,0.0,0.0,0.0,0.0,0.0,0.0,0.0,0.0,0.0,0.0,0.0,0.0,0.0,2,0.0,0.0,5.0,5.0,0.0,0.0,0.0,0.0,0.0,0.0,0.0,0.0,230.0,230.0,0.0,0.0,2,1570.0,1165.0,2155.0,1750.0,2420.0,1805.0,2425.0,1810.0,2425.0,1810.0,2425.0,1810.0,3450.0,1810.0,1570.0,1165.0,0.0,0.0,2,45,24,45,24,0,0,0,0,24,16,12,8,5,5,7,4
41570250,41570,41,경기도,570,김포시,250,통진읍,1,0.0,0.0,0.0,0.0,0.0,0.0,0.0,0.0,0.0,0.0,0.0,0.0,0.0,0.0,0.0,0.0,1,0.0,0.0,0.0,0.0,0.0,0.0,0.0,0.0,0.0,0.0,0.0,0.0,0.0,0.0,0.0,0.0,1,380.0,380.0,500.0,500.0,560.0,560.0,560.0,560.0,565.0,565.0,565.0,565.0,570.0,570.0,380.0,380.0,0.0,0.0,0,0,0,0,0,0,0,0,0,0,0,0,0,0,0,0,0
41570256,41570,41,경기도,570,김포시,256,양촌읍,3,0.0,0.0,0.0,0.0,0.0,0.0,0.0,0.0,0.0,0.0,0.0,0.0,83.1,83.1,0.0,0.0,3,0.0,0.0,0.0,0.0,0.0,0.0,0.0,0.0,0.0,0.0,0.0,0.0,95.0,95.0,0.0,0.0,3,625.0,625.0,925.0,625.0,1400.0,630.0,1405.0,635.0,1420.0,650.0,1430.0,660.0,1530.0,760.0,625.0,625.0,0.0,0.0,1,28,28,23,23,2,2,3,3,7,7,6,6,1,1,0,0
41570340,41570,41,경기도,570,김포시,340,대곶면,1,0.0,0.0,0.0,0.0,0.0,0.0,0.0,0.0,0.0,0.0,0.0,0.0,0.0,0.0,0.0,0.0,2,0.0,0.0,0.0,0.0,0.0,0.0,0.0,0.0,0.0,0.0,0.0,0.0,0.0,0.0,0.0,0.0,2,350.0,350.0,715.0,525.0,830.0,640.0,835.0,645.0,840.0,650.0,845.0,655.0,855.0,665.0,350.0,350.0,0.0,0.0,2,51,26,51,26,0,0,0,0,21,12,11,8,7,7,3,2
41570350,41570,41,경기도,570,김포시,350,월곶면,1,0.0,0.0,0.0,0.0,0.0,0.0,0.0,0.0,0.0,0.0,0.0,0.0,0.0,0.0,0.0,0.0,0,0.0,0.0,0.0,0.0,0.0,0.0,0.0,0.0,0.0,0.0,0.0,0.0,0.0,0.0,0.0,0.0,0,0.0,0.0,0.0,0.0,0.0,0.0,0.0,0.0,0.0,0.0,0.0,0.0,0.0,0.0,0.0,0.0,0.0,0.0,0,0,0,0,0,0,0,0,0,0,0,0,0,0,0,0,0
41590101,41590,41,경기도,590,화성시,101,오산동,1,0.0,0.0,0.0,0.0,0.0,0.0,0.0,0.0,0.0,0.0,0.0,0.0,0.0,0.0,0.0,0.0,0,0.0,0.0,0.0,0.0,0.0,0.0,0.0,0.0,0.0,0.0,0.0,0.0,0.0,0.0,0.0,0.0,0,0.0,0.0,0.0,0.0,0.0,0.0,0.0,0.0,0.0,0.0,0.0,0.0,0.0,0.0,0.0,0.0,0.0,0.0,0,0,0,0,0,0,0,0,0,0,0,0,0,0,0,0,0
41590103,41590,41,경기도,590,화성시,103,금곡동,0,0.0,0.0,0.0,0.0,0.0,0.0,0.0,0.0,0.0,0.0,0.0,0.0,0.0,0.0,0.0,0.0,1,0.0,0.0,600.0,600.0,600.0,600.0,600.0,600.0,600.0,600.0,600.0,600.0,600.0,600.0,0.0,0.0,1,1175.0,1175.0,1175.0,1175.0,1175.0,1175.0,1175.0,1175.0,1175.0,1175.0,1175.0,1175.0,1175.0,1175.0,1175.0,1175.0,0.0,0.0,1,32,32,32,32,0,0,0,0,12,12,9,9,0,0,3,3
41590111,41590,41,경기도,590,화성시,111,장지동,1,0.0,0.0,0.0,0.0,0.0,0.0,0.0,0.0,0.0,0.0,0.0,0.0,0.0,0.0,0.0,0.0,0,0.0,0.0,0.0,0.0,0.0,0.0,0.0,0.0,0.0,0.0,0.0,0.0,0.0,0.0,0.0,0.0,0,0.0,0.0,0.0,0.0,0.0,0.0,0.0,0.0,0.0,0.0,0.0,0.0,0.0,0.0,0.0,0.0,0.0,0.0,1,26,26,20,20,4,4,2,2,8,8,4,4,0,0,4,4
41590119,41590,41,경기도,590,화성시,119,,0,0.0,0.0,0.0,0.0,0.0,0.0,0.0,0.0,0.0,0.0,0.0,0.0,0.0,0.0,0.0,0.0,0,0.0,0.0,0.0,0.0,0.0,0.0,0.0,0.0,0.0,0.0,0.0,0.0,0.0,0.0,0.0,0.0,0,0.0,0.0,0.0,0.0,0.0,0.0,0.0,0.0,0.0,0.0,0.0,0.0,0.0,0.0,0.0,0.0,0.0,0.0,1,32,32,32,32,0,0,0,0,12,12,6,6,1,1,5,5
41590121,41590,41,경기도,590,화성시,121,,0,0.0,0.0,0.0,0.0,0.0,0.0,0.0,0.0,0.0,0.0,0.0,0.0,0.0,0.0,0.0,0.0,0,0.0,0.0,0.0,0.0,0.0,0.0,0.0,0.0,0.0,0.0,0.0,0.0,0.0,0.0,0.0,0.0,0,0.0,0.0,0.0,0.0,0.0,0.0,0.0,0.0,0.0,0.0,0.0,0.0,0.0,0.0,0.0,0.0,0.0,0.0,1,26,26,20,20,0,0,6,6,8,8,8,8,0,0,0,0
41590122,41590,41,경기도,590,화성시,122,황계동,1,0.0,0.0,0.0,0.0,0.0,0.0,0.0,0.0,0.0,0.0,0.0,0.0,0.0,0.0,0.0,0.0,0,0.0,0.0,0.0,0.0,0.0,0.0,0.0,0.0,0.0,0.0,0.0,0.0,0.0,0.0,0.0,0.0,0,0.0,0.0,0.0,0.0,0.0,0.0,0.0,0.0,0.0,0.0,0.0,0.0,0.0,0.0,0.0,0.0,0.0,0.0,0,0,0,0,0,0,0,0,0,0,0,0,0,0,0,0,0
41590123,41590,41,경기도,590,화성시,123,,0,0.0,0.0,0.0,0.0,0.0,0.0,0.0,0.0,0.0,0.0,0.0,0.0,0.0,0.0,0.0,0.0,0,0.0,0.0,0.0,0.0,0.0,0.0,0.0,0.0,0.0,0.0,0.0,0.0,0.0,0.0,0.0,0.0,0,0.0,0.0,0.0,0.0,0.0,0.0,0.0,0.0,0.0,0.0,0.0,0.0,0.0,0.0,0.0,0.0,0.0,0.0,1,0,0,0,0,0,0,0,0,10,10,6,6,4,4,0,0
41590128,41590,41,경기도,590,화성시,128,석우동,1,0.0,0.0,0.0,0.0,0.0,0.0,0.0,0.0,0.0,0.0,0.0,0.0,0.0,0.0,0.0,0.0,0,0.0,0.0,0.0,0.0,0.0,0.0,0.0,0.0,0.0,0.0,0.0,0.0,0.0,0.0,0.0,0.0,0,0.0,0.0,0.0,0.0,0.0,0.0,0.0,0.0,0.0,0.0,0.0,0.0,0.0,0.0,0.0,0.0,0.0,0.0,0,0,0,0,0,0,0,0,0,0,0,0,0,0,0,0,0
41590131,41590,41,경기도,590,화성시,131,영천동,1,0.0,0.0,0.0,0.0,0.0,0.0,0.0,0.0,0.0,0.0,0.0,0.0,0.0,0.0,0.0,0.0,0,0.0,0.0,0.0,0.0,0.0,0.0,0.0,0.0,0.0,0.0,0.0,0.0,0.0,0.0,0.0,0.0,0,0.0,0.0,0.0,0.0,0.0,0.0,0.0,0.0,0.0,0.0,0.0,0.0,0.0,0.0,0.0,0.0,0.0,0.0,1,26,26,19,19,4,4,3,3,8,8,8,8,0,0,0,0
41590140,41590,41,경기도,590,화성시,140,새솔동,0,0.0,0.0,0.0,0.0,0.0,0.0,0.0,0.0,0.0,0.0,0.0,0.0,0.0,0.0,0.0,0.0,1,0.0,0.0,0.0,0.0,0.0,0.0,0.0,0.0,0.0,0.0,250.0,250.0,250.0,250.0,0.0,0.0,1,1755.0,1755.0,1755.0,1755.0,1755.0,1755.0,2235.0,2235.0,2235.0,2235.0,2235.0,2235.0,2235.0,2235.0,1755.0,1755.0,0.0,0.0,1,16,16,16,16,0,0,0,0,10,10,10,10,0,0,0,0
41590253,41590,41,경기도,590,화성시,253,봉담읍,1,0.0,0.0,0.0,0.0,0.0,0.0,0.0,0.0,0.0,0.0,0.0,0.0,36.7,36.7,0.0,0.0,0,0.0,0.0,0.0,0.0,0.0,0.0,0.0,0.0,0.0,0.0,0.0,0.0,0.0,0.0,0.0,0.0,0,0.0,0.0,0.0,0.0,0.0,0.0,0.0,0.0,0.0,0.0,0.0,0.0,0.0,0.0,0.0,0.0,0.0,0.0,0,0,0,0,0,0,0,0,0,0,0,0,0,0,0,0,0
41590256,41590,41,경기도,590,화성시,256,우정읍,0,0.0,0.0,0.0,0.0,0.0,0.0,0.0,0.0,0.0,0.0,0.0,0.0,0.0,0.0,0.0,0.0,1,0.0,0.0,0.0,0.0,0.0,0.0,0.0,0.0,0.0,0.0,250.0,250.0,250.0,250.0,0.0,0.0,1,675.0,675.0,675.0,675.0,675.0,675.0,675.0,675.0,675.0,675.0,680.0,680.0,685.0,685.0,675.0,675.0,0.0,0.0,1,26,26,17,17,2,2,7,7,8,8,4,4,0,0,4,4
41590259,41590,41,경기도,590,화성시,259,향남읍,1,0.0,0.0,0.0,0.0,0.0,0.0,0.0,0.0,0.0,0.0,0.0,0.0,0.0,0.0,0.0,0.0,0,0.0,0.0,0.0,0.0,0.0,0.0,0.0,0.0,0.0,0.0,0.0,0.0,0.0,0.0,0.0,0.0,0,0.0,0.0,0.0,0.0,0.0,0.0,0.0,0.0,0.0,0.0,0.0,0.0,0.0,0.0,0.0,0.0,0.0,0.0,0,0,0,0,0,0,0,0,0,0,0,0,0,0,0,0,0
41590262,41590,41,경기도,590,화성시,262,남양읍,1,0.0,0.0,0.0,0.0,0.0,0.0,0.0,0.0,0.0,0.0,0.0,0.0,0.0,0.0,0.0,0.0,0,0.0,0.0,0.0,0.0,0.0,0.0,0.0,0.0,0.0,0.0,0.0,0.0,0.0,0.0,0.0,0.0,0,0.0,0.0,0.0,0.0,0.0,0.0,0.0,0.0,0.0,0.0,0.0,0.0,0.0,0.0,0.0,0.0,0.0,0.0,0,0,0,0,0,0,0,0,0,0,0,0,0,0,0,0,0
41590310,41590,41,경기도,590,화성시,310,매송면,0,0.0,0.0,0.0,0.0,0.0,0.0,0.0,0.0,0.0,0.0,0.0,0.0,0.0,0.0,0.0,0.0,1,0.0,0.0,0.0,0.0,0.0,0.0,0.0,0.0,0.0,0.0,205.0,205.0,195.0,195.0,0.0,0.0,1,0.0,0.0,0.0,0.0,755.0,755.0,755.0,755.0,760.0,760.0,760.0,760.0,770.0,770.0,0.0,0.0,0.0,0.0,1,26,26,9,9,9,9,8,8,8,8,4,4,0,0,4,4
41590320,41590,41,경기도,590,화성시,320,비봉면,0,0.0,0.0,0.0,0.0,0.0,0.0,0.0,0.0,0.0,0.0,0.0,0.0,0.0,0.0,0.0,0.0,1,0.0,0.0,0.0,0.0,0.0,0.0,0.0,0.0,0.0,0.0,400.0,400.0,400.0,400.0,0.0,0.0,1,985.0,985.0,990.0,990.0,990.0,990.0,1345.0,1345.0,1345.0,1345.0,1345.0,1345.0,1350.0,1350.0,985.0,985.0,19.8,19.8,1,26,26,25,25,1,1,0,0,12,12,4,4,0,0,8,8
41590330,41590,41,경기도,590,화성시,330,마도면,1,0.0,0.0,0.0,0.0,0.0,0.0,0.0,0.0,0.0,0.0,0.0,0.0,0.0,0.0,0.0,0.0,1,0.0,0.0,0.0,0.0,0.0,0.0,0.0,0.0,0.0,0.0,250.0,250.0,250.0,250.0,0.0,0.0,1,1010.0,1010.0,1010.0,1010.0,1010.0,1010.0,1010.0,1010.0,1010.0,1010.0,1190.0,1190.0,1190.0,1190.0,1010.0,1010.0,0.0,0.0,1,25,25,13,13,4,4,8,8,8,8,4,4,0,0,4,4
41590340,41590,41,경기도,590,화성시,340,송산면,1,0.0,0.0,0.0,0.0,0.0,0.0,0.0,0.0,0.0,0.0,0.0,0.0,0.0,0.0,0.0,0.0,0,0.0,0.0,0.0,0.0,0.0,0.0,0.0,0.0,0.0,0.0,0.0,0.0,0.0,0.0,0.0,0.0,0,0.0,0.0,0.0,0.0,0.0,0.0,0.0,0.0,0.0,0.0,0.0,0.0,0.0,0.0,0.0,0.0,0.0,0.0,0,0,0,0,0,0,0,0,0,0,0,0,0,0,0,0,0
41590350,41590,41,경기도,590,화성시,350,서신면,0,0.0,0.0,0.0,0.0,0.0,0.0,0.0,0.0,0.0,0.0,0.0,0.0,0.0,0.0,0.0,0.0,1,0.0,0.0,0.0,0.0,0.0,0.0,0.0,0.0,0.0,0.0,400.0,400.0,400.0,400.0,0.0,0.0,1,915.0,915.0,915.0,915.0,915.0,915.0,915.0,915.0,920.0,920.0,920.0,920.0,925.0,925.0,915.0,915.0,0.0,0.0,1,29,29,20,20,1,1,8,8,8,8,5,5,2,2,1,1
41590360,41590,41,경기도,590,화성시,360,팔탄면,1,0.0,0.0,0.0,0.0,0.0,0.0,0.0,0.0,0.0,0.0,0.0,0.0,0.0,0.0,0.0,0.0,1,0.0,0.0,0.0,0.0,0.0,0.0,0.0,0.0,0.0,0.0,250.0,250.0,250.0,250.0,0.0,0.0,1,0.0,0.0,0.0,0.0,0.0,0.0,0.0,0.0,0.0,0.0,0.0,0.0,0.0,0.0,0.0,0.0,0.0,0.0,1,30,30,30,30,0,0,0,0,7,7,5,5,2,2,0,0
41590370,41590,41,경기도,590,화성시,370,장안면,1,0.0,0.0,0.0,0.0,0.0,0.0,0.0,0.0,0.0,0.0,36.1,36.1,33.1,33.1,0.0,0.0,1,0.0,0.0,0.0,0.0,0.0,0.0,0.0,0.0,0.0,0.0,250.0,250.0,250.0,250.0,0.0,0.0,1,985.0,985.0,1000.0,1000.0,1010.0,1010.0,1075.0,1075.0,1085.0,1085.0,1230.0,1230.0,1245.0,1245.0,985.0,985.0,0.0,0.0,0,0,0,0,0,0,0,0,0,0,0,0,0,0,0,0,0
41590400,41590,41,경기도,590,화성시,400,양감면,1,0.0,0.0,0.0,0.0,0.0,0.0,0.0,0.0,0.0,0.0,0.0,0.0,0.0,0.0,0.0,0.0,2,0.0,0.0,0.0,0.0,0.0,0.0,0.0,0.0,0.0,0.0,250.0,250.0,250.0,250.0,0.0,0.0,2,640.0,640.0,640.0,640.0,1175.0,1175.0,1175.0,1175.0,1175.0,1175.0,1175.0,1175.0,1175.0,1175.0,640.0,640.0,0.0,0.0,2,49,26,44,23,0,0,5,3,20,12,13,8,0,0,7,7
41590410,41590,41,경기도,590,화성시,410,정남면,1,0.0,0.0,0.0,0.0,0.0,0.0,0.0,0.0,0.0,0.0,0.0,0.0,0.0,0.0,0.0,0.0,1,0.0,0.0,0.0,0.0,0.0,0.0,0.0,0.0,0.0,0.0,0.0,0.0,0.0,0.0,0.0,0.0,1,590.0,590.0,590.0,590.0,590.0,590.0,590.0,590.0,595.0,595.0,595.0,595.0,1030.0,1030.0,590.0,590.0,0.0,0.0,1,26,26,19,19,2,2,5,5,8,8,4,4,0,0,4,4
41591256,41591,41,경기도,591,화성시만세구,256,남양읍,1,0.0,0.0,0.0,0.0,0.0,0.0,0.0,0.0,0.0,0.0,165.6,165.6,165.6,165.6,0.0,0.0,1,0.0,0.0,0.0,0.0,0.0,0.0,0.0,0.0,0.0,0.0,250.0,250.0,250.0,250.0,0.0,0.0,1,0.0,0.0,0.0,0.0,0.0,0.0,1375.0,1375.0,1390.0,1390.0,1720.0,1720.0,1725.0,1725.0,0.0,0.0,0.0,0.0,0,0,0,0,0,0,0,0,0,0,0,0,0,0,0,0,0
41591320,41591,41,경기도,591,화성시만세구,320,송산면,2,0.0,0.0,0.0,0.0,0.0,0.0,0.0,0.0,0.0,0.0,165.6,165.6,165.6,165.6,0.0,0.0,1,0.0,0.0,0.0,0.0,0.0,0.0,0.0,0.0,0.0,0.0,500.0,500.0,500.0,500.0,0.0,0.0,1,0.0,0.0,0.0,0.0,0.0,0.0,0.0,0.0,0.0,0.0,810.0,810.0,2300.0,2300.0,0.0,0.0,0.0,0.0,0,0,0,0,0,0,0,0,0,0,0,0,0,0,0,0,0
41591340,41591,41,경기도,591,화성시만세구,340,팔탄면,2,0.0,0.0,0.0,0.0,0.0,0.0,0.0,0.0,0.0,0.0,165.6,165.6,165.6,165.6,0.0,0.0,1,0.0,0.0,0.0,0.0,0.0,0.0,0.0,0.0,0.0,0.0,250.0,250.0,250.0,250.0,0.0,0.0,1,0.0,0.0,0.0,0.0,0.0,0.0,1295.0,1295.0,1305.0,1305.0,1660.0,1660.0,1660.0,1660.0,0.0,0.0,0.0,0.0,1,16,16,16,16,0,0,0,0,10,10,10,10,0,0,0,0
41591360,41591,41,경기도,591,화성시만세구,360,양감면,1,0.0,0.0,0.0,0.0,0.0,0.0,0.0,0.0,0.0,0.0,153.6,153.6,150.6,150.6,0.0,0.0,0,0.0,0.0,0.0,0.0,0.0,0.0,0.0,0.0,0.0,0.0,0.0,0.0,0.0,0.0,0.0,0.0,0,0.0,0.0,0.0,0.0,0.0,0.0,0.0,0.0,0.0,0.0,0.0,0.0,0.0,0.0,0.0,0.0,0.0,0.0,0,0,0,0,0,0,0,0,0,0,0,0,0,0,0,0,0
41597103,41597,41,경기도,597,화성시동탄구,103,석우동,1,0.0,0.0,0.0,0.0,0.0,0.0,0.0,0.0,0.0,0.0,0.0,0.0,0.0,0.0,0.0,0.0,1,0.0,0.0,0.0,0.0,0.0,0.0,0.0,0.0,0.0,0.0,0.0,0.0,0.0,0.0,0.0,0.0,1,0.0,0.0,1980.0,1980.0,1980.0,1980.0,1980.0,1980.0,1980.0,1980.0,2015.0,2015.0,2015.0,2015.0,0.0,0.0,0.0,0.0,1,27,27,25,25,0,0,2,2,17,17,17,17,0,0,0,0
41597110,41597,41,경기도,597,화성시동탄구,110,산척동,1,0.0,0.0,0.0,0.0,0.0,0.0,0.0,0.0,0.0,0.0,0.0,0.0,0.0,0.0,0.0,0.0,0,0.0,0.0,0.0,0.0,0.0,0.0,0.0,0.0,0.0,0.0,0.0,0.0,0.0,0.0,0.0,0.0,0,0.0,0.0,0.0,0.0,0.0,0.0,0.0,0.0,0.0,0.0,0.0,0.0,0.0,0.0,0.0,0.0,0.0,0.0,0,0,0,0,0,0,0,0,0,0,0,0,0,0,0,0,0
41610101,41610,41,경기도,610,광주시,101,,0,0.0,0.0,0.0,0.0,0.0,0.0,0.0,0.0,0.0,0.0,0.0,0.0,0.0,0.0,0.0,0.0,0,0.0,0.0,0.0,0.0,0.0,0.0,0.0,0.0,0.0,0.0,0.0,0.0,0.0,0.0,0.0,0.0,0,0.0,0.0,0.0,0.0,0.0,0.0,0.0,0.0,0.0,0.0,0.0,0.0,0.0,0.0,0.0,0.0,0.0,0.0,1,22,22,22,22,0,0,0,0,12,12,10,10,0,0,2,2
41610106,41610,41,경기도,610,광주시,106,목현동,0,0.0,0.0,0.0,0.0,0.0,0.0,0.0,0.0,0.0,0.0,0.0,0.0,0.0,0.0,0.0,0.0,1,0.0,0.0,0.0,0.0,0.0,0.0,0.0,0.0,0.0,0.0,0.0,0.0,0.0,0.0,0.0,0.0,1,1395.0,1395.0,1395.0,1395.0,1395.0,1395.0,1395.0,1395.0,1395.0,1395.0,1395.0,1395.0,1400.0,1400.0,1395.0,1395.0,0.0,0.0,1,32,32,32,32,0,0,0,0,15,15,13,13,0,0,2,2
41610110,41610,41,경기도,610,광주시,110,태전동,1,0.0,0.0,0.0,0.0,0.0,0.0,0.0,0.0,10.4,10.4,9.0,9.0,7.7,7.7,0.0,0.0,0,0.0,0.0,0.0,0.0,0.0,0.0,0.0,0.0,0.0,0.0,0.0,0.0,0.0,0.0,0.0,0.0,0,0.0,0.0,0.0,0.0,0.0,0.0,0.0,0.0,0.0,0.0,0.0,0.0,0.0,0.0,0.0,0.0,0.0,0.0,0,0,0,0,0,0,0,0,0,0,0,0,0,0,0,0,0
41610113,41610,41,경기도,610,광주시,113,목동,0,0.0,0.0,0.0,0.0,0.0,0.0,0.0,0.0,0.0,0.0,0.0,0.0,0.0,0.0,0.0,0.0,1,0.0,0.0,0.0,0.0,0.0,0.0,0.0,0.0,0.0,0.0,0.0,0.0,0.0,0.0,0.0,0.0,1,1105.0,1105.0,1105.0,1105.0,1105.0,1105.0,1105.0,1105.0,1105.0,1105.0,1105.0,1105.0,1115.0,1115.0,1105.0,1105.0,0.0,0.0,1,26,26,16,16,10,10,0,0,12,12,4,4,0,0,8,8
41610253,41610,41,경기도,610,광주시,253,초월읍,1,0.0,0.0,0.0,0.0,0.0,0.0,0.0,0.0,0.0,0.0,0.0,0.0,0.0,0.0,0.0,0.0,0,0.0,0.0,0.0,0.0,0.0,0.0,0.0,0.0,0.0,0.0,0.0,0.0,0.0,0.0,0.0,0.0,0,0.0,0.0,0.0,0.0,0.0,0.0,0.0,0.0,0.0,0.0,0.0,0.0,0.0,0.0,0.0,0.0,0.0,0.0,0,0,0,0,0,0,0,0,0,0,0,0,0,0,0,0,0
41610259,41610,41,경기도,610,광주시,259,곤지암읍,2,0.0,0.0,0.0,0.0,0.0,0.0,0.0,0.0,0.0,0.0,0.0,0.0,0.0,0.0,0.0,0.0,2,0.0,0.0,0.0,0.0,0.0,0.0,0.0,0.0,0.0,0.0,0.0,0.0,0.0,0.0,0.0,0.0,2,1225.0,1225.0,1225.0,1225.0,1225.0,1225.0,2685.0,1460.0,2695.0,1470.0,2705.0,1475.0,2750.0,1495.0,1225.0,1225.0,0.0,0.0,1,30,30,26,26,0,0,4,4,7,7,4,4,2,2,1,1
41610330,41610,41,경기도,610,광주시,330,도척면,0,0.0,0.0,0.0,0.0,0.0,0.0,0.0,0.0,0.0,0.0,0.0,0.0,0.0,0.0,0.0,0.0,1,0.0,0.0,0.0,0.0,0.0,0.0,0.0,0.0,0.0,0.0,0.0,0.0,100.0,100.0,0.0,0.0,1,530.0,530.0,530.0,530.0,530.0,530.0,530.0,530.0,535.0,535.0,535.0,535.0,535.0,535.0,530.0,530.0,0.0,0.0,1,26,26,10,10,0,0,16,16,8,8,4,4,2,2,2,2
41610370,41610,41,경기도,610,광주시,370,남한산성면,1,0.0,0.0,0.0,0.0,0.0,0.0,0.0,0.0,0.0,0.0,0.0,0.0,0.0,0.0,0.0,0.0,1,0.0,0.0,0.0,0.0,0.0,0.0,0.0,0.0,0.0,0.0,0.0,0.0,0.0,0.0,0.0,0.0,1,1260.0,1260.0,1260.0,1260.0,1260.0,1260.0,1275.0,1275.0,1275.0,1275.0,1285.0,1285.0,1310.0,1310.0,1260.0,1260.0,0.0,0.0,0,0,0,0,0,0,0,0,0,0,0,0,0,0,0,0,0
41630101,41630,41,경기도,630,양주시,101,,0,0.0,0.0,0.0,0.0,0.0,0.0,0.0,0.0,0.0,0.0,0.0,0.0,0.0,0.0,0.0,0.0,0,0.0,0.0,0.0,0.0,0.0,0.0,0.0,0.0,0.0,0.0,0.0,0.0,0.0,0.0,0.0,0.0,0,0.0,0.0,0.0,0.0,0.0,0.0,0.0,0.0,0.0,0.0,0.0,0.0,0.0,0.0,0.0,0.0,0.0,0.0,1,0,0,0,0,0,0,0,0,12,12,10,10,2,2,0,0
41630104,41630,41,경기도,630,양주시,104,마전동,0,0.0,0.0,0.0,0.0,0.0,0.0,0.0,0.0,0.0,0.0,0.0,0.0,0.0,0.0,0.0,0.0,1,0.0,0.0,0.0,0.0,0.0,0.0,0.0,0.0,0.0,0.0,0.0,0.0,0.0,0.0,0.0,0.0,1,1235.0,1235.0,1235.0,1235.0,1235.0,1235.0,1240.0,1240.0,1245.0,1245.0,1260.0,1260.0,1275.0,1275.0,1235.0,1235.0,0.0,0.0,0,0,0,0,0,0,0,0,0,0,0,0,0,0,0,0,0
41630105,41630,41,경기도,630,양주시,105,산북동,1,0.0,0.0,0.0,0.0,0.0,0.0,0.0,0.0,0.0,0.0,0.0,0.0,55.2,55.2,0.0,0.0,0,0.0,0.0,0.0,0.0,0.0,0.0,0.0,0.0,0.0,0.0,0.0,0.0,0.0,0.0,0.0,0.0,0,0.0,0.0,0.0,0.0,0.0,0.0,0.0,0.0,0.0,0.0,0.0,0.0,0.0,0.0,0.0,0.0,0.0,0.0,0,0,0,0,0,0,0,0,0,0,0,0,0,0,0,0,0
41630106,41630,41,경기도,630,양주시,106,광사동,0,0.0,0.0,0.0,0.0,0.0,0.0,0.0,0.0,0.0,0.0,0.0,0.0,0.0,0.0,0.0,0.0,1,0.0,0.0,0.0,0.0,0.0,0.0,0.0,0.0,0.0,0.0,0.0,0.0,0.0,0.0,0.0,0.0,1,780.0,780.0,780.0,780.0,800.0,800.0,1210.0,1210.0,1210.0,1210.0,1215.0,1215.0,1220.0,1220.0,780.0,780.0,0.0,0.0,1,28,28,21,21,0,0,7,7,6,6,4,4,0,0,2,2
41630108,41630,41,경기도,630,양주시,108,,0,0.0,0.0,0.0,0.0,0.0,0.0,0.0,0.0,0.0,0.0,0.0,0.0,0.0,0.0,0.0,0.0,0,0.0,0.0,0.0,0.0,0.0,0.0,0.0,0.0,0.0,0.0,0.0,0.0,0.0,0.0,0.0,0.0,0,0.0,0.0,0.0,0.0,0.0,0.0,0.0,0.0,0.0,0.0,0.0,0.0,0.0,0.0,0.0,0.0,0.0,0.0,1,0,0,0,0,0,0,0,0,12,12,8,8,4,4,0,0
41630111,41630,41,경기도,630,양주시,111,,0,0.0,0.0,0.0,0.0,0.0,0.0,0.0,0.0,0.0,0.0,0.0,0.0,0.0,0.0,0.0,0.0,0,0.0,0.0,0.0,0.0,0.0,0.0,0.0,0.0,0.0,0.0,0.0,0.0,0.0,0.0,0.0,0.0,0,0.0,0.0,0.0,0.0,0.0,0.0,0.0,0.0,0.0,0.0,0.0,0.0,0.0,0.0,0.0,0.0,0.0,0.0,1,29,29,26,26,0,0,3,3,8,8,4,4,2,2,2,2
41630112,41630,41,경기도,630,양주시,112,회암동,1,0.0,0.0,0.0,0.0,0.0,0.0,0.0,0.0,0.0,0.0,0.0,0.0,0.0,0.0,0.0,0.0,0,0.0,0.0,0.0,0.0,0.0,0.0,0.0,0.0,0.0,0.0,0.0,0.0,0.0,0.0,0.0,0.0,0,0.0,0.0,0.0,0.0,0.0,0.0,0.0,0.0,0.0,0.0,0.0,0.0,0.0,0.0,0.0,0.0,0.0,0.0,0,0,0,0,0,0,0,0,0,0,0,0,0,0,0,0,0
41630115,41630,41,경기도,630,양주시,115,고암동,0,0.0,0.0,0.0,0.0,0.0,0.0,0.0,0.0,0.0,0.0,0.0,0.0,0.0,0.0,0.0,0.0,1,0.0,0.0,0.0,0.0,0.0,0.0,0.0,0.0,280.0,280.0,280.0,280.0,280.0,280.0,0.0,0.0,1,965.0,965.0,970.0,970.0,975.0,975.0,975.0,975.0,975.0,975.0,975.0,975.0,975.0,975.0,965.0,965.0,0.0,0.0,1,28,28,14,14,5,5,9,9,8,8,6,6,0,0,2,2
41630116,41630,41,경기도,630,양주시,116,덕계동,0,0.0,0.0,0.0,0.0,0.0,0.0,0.0,0.0,0.0,0.0,0.0,0.0,0.0,0.0,0.0,0.0,1,0.0,0.0,0.0,0.0,0.0,0.0,0.0,0.0,0.0,0.0,0.0,0.0,0.0,0.0,0.0,0.0,1,910.0,910.0,910.0,910.0,910.0,910.0,910.0,910.0,910.0,910.0,1080.0,1080.0,1085.0,1085.0,910.0,910.0,0.0,0.0,1,25,25,25,25,0,0,0,0,6,6,4,4,2,2,0,0
41630117,41630,41,경기도,630,양주시,117,회정동,1,0.0,0.0,0.0,0.0,0.0,0.0,0.0,0.0,0.0,0.0,0.0,0.0,0.0,0.0,0.0,0.0,0,0.0,0.0,0.0,0.0,0.0,0.0,0.0,0.0,0.0,0.0,0.0,0.0,0.0,0.0,0.0,0.0,0,0.0,0.0,0.0,0.0,0.0,0.0,0.0,0.0,0.0,0.0,0.0,0.0,0.0,0.0,0.0,0.0,0.0,0.0,0,0,0,0,0,0,0,0,0,0,0,0,0,0,0,0,0
41630250,41630,41,경기도,630,양주시,250,소흘읍,0,0.0,0.0,0.0,0.0,0.0,0.0,0.0,0.0,0.0,0.0,0.0,0.0,0.0,0.0,0.0,0.0,1,0.0,0.0,0.0,0.0,0.0,0.0,0.0,0.0,0.0,0.0,0.0,0.0,0.0,0.0,0.0,0.0,1,900.0,900.0,900.0,900.0,900.0,900.0,900.0,900.0,900.0,900.0,910.0,910.0,910.0,910.0,900.0,900.0,0.0,0.0,1,28,28,19,19,0,0,9,9,4,4,4,4,0,0,0,0
41630310,41630,41,경기도,630,양주시,310,은현면,2,0.0,0.0,0.0,0.0,0.0,0.0,0.0,0.0,0.0,0.0,0.0,0.0,0.0,0.0,0.0,0.0,1,0.0,0.0,0.0,0.0,0.0,0.0,0.0,0.0,0.0,0.0,0.0,0.0,0.0,0.0,0.0,0.0,1,0.0,0.0,0.0,0.0,755.0,755.0,1235.0,1235.0,1250.0,1250.0,1250.0,1250.0,1250.0,1250.0,0.0,0.0,0.0,0.0,0,0,0,0,0,0,0,0,0,0,0,0,0,0,0,0,0
41630330,41630,41,경기도,630,양주시,330,광적면,0,0.0,0.0,0.0,0.0,0.0,0.0,0.0,0.0,0.0,0.0,0.0,0.0,0.0,0.0,0.0,0.0,1,0.0,0.0,0.0,0.0,0.0,0.0,0.0,0.0,0.0,0.0,0.0,0.0,0.0,0.0,0.0,0.0,1,1340.0,1340.0,1340.0,1340.0,1340.0,1340.0,1340.0,1340.0,1340.0,1340.0,1340.0,1340.0,1340.0,1340.0,1340.0,1340.0,0.0,0.0,1,25,25,20,20,2,2,3,3,6,6,6,6,0,0,0,0
41630340,41630,41,경기도,630,양주시,340,남면,0,0.0,0.0,0.0,0.0,0.0,0.0,0.0,0.0,0.0,0.0,0.0,0.0,0.0,0.0,0.0,0.0,2,0.0,0.0,0.0,0.0,0.0,0.0,0.0,0.0,0.0,0.0,0.0,0.0,0.0,0.0,0.0,0.0,3,765.0,765.0,765.0,765.0,765.0,765.0,800.0,800.0,840.0,800.0,1595.0,845.0,1600.0,850.0,765.0,765.0,0.0,0.0,2,33,28,19,14,3,3,11,11,26,14,16,12,0,0,10,8
41650101,41650,41,경기도,650,포천시,101,,0,0.0,0.0,0.0,0.0,0.0,0.0,0.0,0.0,0.0,0.0,0.0,0.0,0.0,0.0,0.0,0.0,0,0.0,0.0,0.0,0.0,0.0,0.0,0.0,0.0,0.0,0.0,0.0,0.0,0.0,0.0,0.0,0.0,0,0.0,0.0,0.0,0.0,0.0,0.0,0.0,0.0,0.0,0.0,0.0,0.0,0.0,0.0,0.0,0.0,0.0,0.0,1,0,0,0,0,0,0,0,0,12,12,10,10,2,2,0,0
41650103,41650,41,경기도,650,포천시,103,자작동,1,0.0,0.0,0.0,0.0,0.0,0.0,0.0,0.0,22.2,22.2,22.2,22.2,22.2,22.2,0.0,0.0,0,0.0,0.0,0.0,0.0,0.0,0.0,0.0,0.0,0.0,0.0,0.0,0.0,0.0,0.0,0.0,0.0,0,0.0,0.0,0.0,0.0,0.0,0.0,0.0,0.0,0.0,0.0,0.0,0.0,0.0,0.0,0.0,0.0,0.0,0.0,0,0,0,0,0,0,0,0,0,0,0,0,0,0,0,0,0
41650250,41650,41,경기도,650,포천시,250,소흘읍,1,0.0,0.0,0.0,0.0,0.0,0.0,0.0,0.0,0.0,0.0,0.0,0.0,0.0,0.0,0.0,0.0,0,0.0,0.0,0.0,0.0,0.0,0.0,0.0,0.0,0.0,0.0,0.0,0.0,0.0,0.0,0.0,0.0,0,0.0,0.0,0.0,0.0,0.0,0.0,0.0,0.0,0.0,0.0,0.0,0.0,0.0,0.0,0.0,0.0,0.0,0.0,0,0,0,0,0,0,0,0,0,0,0,0,0,0,0,0,0
41650320,41650,41,경기도,650,포천시,320,내촌면,1,0.0,0.0,0.0,0.0,0.0,0.0,55.2,55.2,55.2,55.2,55.2,55.2,55.2,55.2,0.0,0.0,1,0.0,0.0,0.0,0.0,0.0,0.0,235.0,235.0,235.0,235.0,235.0,235.0,235.0,235.0,0.0,0.0,1,0.0,0.0,0.0,0.0,910.0,910.0,960.0,960.0,980.0,980.0,980.0,980.0,980.0,980.0,0.0,0.0,0.0,0.0,0,0,0,0,0,0,0,0,0,0,0,0,0,0,0,0,0
41650330,41650,41,경기도,650,포천시,330,내촌면,1,0.0,0.0,0.0,0.0,0.0,0.0,0.0,0.0,39.9,39.9,39.9,39.9,39.9,39.9,0.0,0.0,0,0.0,0.0,0.0,0.0,0.0,0.0,0.0,0.0,0.0,0.0,0.0,0.0,0.0,0.0,0.0,0.0,0,0.0,0.0,0.0,0.0,0.0,0.0,0.0,0.0,0.0,0.0,0.0,0.0,0.0,0.0,0.0,0.0,0.0,0.0,2,56,28,35,19,0,0,21,12,16,12,8,4,0,0,8,8
41650340,41650,41,경기도,650,포천시,340,신북면,0,0.0,0.0,0.0,0.0,0.0,0.0,0.0,0.0,0.0,0.0,0.0,0.0,0.0,0.0,0.0,0.0,1,0.0,0.0,0.0,0.0,0.0,0.0,0.0,0.0,410.0,410.0,410.0,410.0,410.0,410.0,0.0,0.0,1,1015.0,1015.0,1015.0,1015.0,1015.0,1015.0,1105.0,1105.0,1105.0,1105.0,1110.0,1110.0,1110.0,1110.0,1015.0,1015.0,0.0,0.0,0,0,0,0,0,0,0,0,0,0,0,0,0,0,0,0,0
41650350,41650,41,경기도,650,포천시,350,창수면,1,0.0,0.0,0.0,0.0,0.0,0.0,0.0,0.0,0.0,0.0,55.2,55.2,55.2,55.2,0.0,0.0,1,0.0,0.0,0.0,0.0,0.0,0.0,0.0,0.0,0.0,0.0,580.0,580.0,580.0,580.0,0.0,0.0,1,0.0,0.0,0.0,0.0,0.0,0.0,0.0,0.0,0.0,0.0,1055.0,1055.0,1055.0,1055.0,0.0,0.0,0.0,0.0,0,0,0,0,0,0,0,0,0,0,0,0,0,0,0,0,0
41650380,41650,41,경기도,650,포천시,380,이동면,1,0.0,0.0,0.0,0.0,0.0,0.0,0.0,0.0,12.9,12.9,12.9,12.9,46.2,46.2,0.0,0.0,0,0.0,0.0,0.0,0.0,0.0,0.0,0.0,0.0,0.0,0.0,0.0,0.0,0.0,0.0,0.0,0.0,0,0.0,0.0,0.0,0.0,0.0,0.0,0.0,0.0,0.0,0.0,0.0,0.0,0.0,0.0,0.0,0.0,0.0,0.0,1,21,21,13,13,4,4,4,4,8,8,4,4,0,0,4,4
41650400,41650,41,경기도,650,포천시,400,관인면,0,0.0,0.0,0.0,0.0,0.0,0.0,0.0,0.0,0.0,0.0,0.0,0.0,0.0,0.0,0.0,0.0,1,0.0,0.0,0.0,0.0,0.0,0.0,0.0,0.0,625.0,625.0,625.0,625.0,625.0,625.0,0.0,0.0,1,945.0,945.0,945.0,945.0,945.0,945.0,1045.0,1045.0,1045.0,1045.0,1150.0,1150.0,1150.0,1150.0,945.0,945.0,0.0,0.0,1,28,28,17,17,0,0,11,11,8,8,6,6,0,0,2,2
41650410,41650,41,경기도,650,포천시,410,화현면,1,0.0,0.0,0.0,0.0,0.0,0.0,0.0,0.0,11.7,11.7,11.7,11.7,11.7,11.7,0.0,0.0,0,0.0,0.0,0.0,0.0,0.0,0.0,0.0,0.0,0.0,0.0,0.0,0.0,0.0,0.0,0.0,0.0,0,0.0,0.0,0.0,0.0,0.0,0.0,0.0,0.0,0.0,0.0,0.0,0.0,0.0,0.0,0.0,0.0,0.0,0.0,0,0,0,0,0,0,0,0,0,0,0,0,0,0,0,0,0
41670101,41670,41,경기도,670,여주시,101,,0,0.0,0.0,0.0,0.0,0.0,0.0,0.0,0.0,0.0,0.0,0.0,0.0,0.0,0.0,0.0,0.0,0,0.0,0.0,0.0,0.0,0.0,0.0,0.0,0.0,0.0,0.0,0.0,0.0,0.0,0.0,0.0,0.0,0,0.0,0.0,0.0,0.0,0.0,0.0,0.0,0.0,0.0,0.0,0.0,0.0,0.0,0.0,0.0,0.0,0.0,0.0,1,22,22,22,22,0,0,0,0,12,12,10,10,0,0,2,2
41670102,41670,41,경기도,670,여주시,102,홍문동,1,5.9,5.9,0.0,0.0,0.0,0.0,0.0,0.0,0.0,0.0,0.0,0.0,0.0,0.0,5.9,5.9,0,0.0,0.0,0.0,0.0,0.0,0.0,0.0,0.0,0.0,0.0,0.0,0.0,0.0,0.0,0.0,0.0,0,0.0,0.0,0.0,0.0,0.0,0.0,0.0,0.0,0.0,0.0,0.0,0.0,0.0,0.0,0.0,0.0,0.0,0.0,0,0,0,0,0,0,0,0,0,0,0,0,0,0,0,0,0
41670110,41670,41,경기도,670,여주시,110,가업동,0,0.0,0.0,0.0,0.0,0.0,0.0,0.0,0.0,0.0,0.0,0.0,0.0,0.0,0.0,0.0,0.0,1,0.0,0.0,0.0,0.0,0.0,0.0,0.0,0.0,0.0,0.0,0.0,0.0,805.0,805.0,0.0,0.0,1,445.0,445.0,445.0,445.0,445.0,445.0,445.0,445.0,445.0,445.0,450.0,450.0,1135.0,1135.0,445.0,445.0,0.0,0.0,1,28,28,28,28,0,0,0,0,7,7,5,5,0,0,2,2
41670250,41670,41,경기도,670,여주시,250,가남읍,1,0.0,0.0,0.0,0.0,0.0,0.0,0.0,0.0,0.0,0.0,0.0,0.0,0.0,0.0,0.0,0.0,2,0.0,0.0,0.0,0.0,0.0,0.0,0.0,0.0,0.0,0.0,0.0,0.0,0.0,0.0,0.0,0.0,2,500.0,500.0,680.0,680.0,710.0,710.0,1495.0,760.0,1495.0,760.0,1540.0,775.0,1590.0,820.0,500.0,500.0,0.0,0.0,1,26,26,12,12,3,3,11,11,8,8,4,4,0,0,4,4
41670330,41670,41,경기도,670,여주시,330,금사면,0,0.0,0.0,0.0,0.0,0.0,0.0,0.0,0.0,0.0,0.0,0.0,0.0,0.0,0.0,0.0,0.0,1,0.0,0.0,0.0,0.0,0.0,0.0,0.0,0.0,0.0,0.0,0.0,0.0,0.0,0.0,0.0,0.0,1,1155.0,1155.0,1535.0,1535.0,1535.0,1535.0,1535.0,1535.0,1535.0,1535.0,1580.0,1580.0,1635.0,1635.0,1155.0,1155.0,0.0,0.0,1,33,33,33,33,0,0,0,0,11,11,11,11,0,0,0,0
41800250,41800,41,경기도,800,연천군,250,,0,0.0,0.0,0.0,0.0,0.0,0.0,0.0,0.0,0.0,0.0,0.0,0.0,0.0,0.0,0.0,0.0,0,0.0,0.0,0.0,0.0,0.0,0.0,0.0,0.0,0.0,0.0,0.0,0.0,0.0,0.0,0.0,0.0,0,0.0,0.0,0.0,0.0,0.0,0.0,0.0,0.0,0.0,0.0,0.0,0.0,0.0,0.0,0.0,0.0,0.0,0.0,1,0,0,0,0,0,0,0,0,12,12,10,10,2,2,0,0
41800310,41800,41,경기도,800,연천군,310,군남면,0,0.0,0.0,0.0,0.0,0.0,0.0,0.0,0.0,0.0,0.0,0.0,0.0,0.0,0.0,0.0,0.0,1,0.0,0.0,0.0,0.0,0.0,0.0,0.0,0.0,560.0,560.0,560.0,560.0,560.0,560.0,0.0,0.0,1,890.0,890.0,890.0,890.0,890.0,890.0,985.0,985.0,985.0,985.0,1070.0,1070.0,1070.0,1070.0,890.0,890.0,0.0,0.0,1,31,31,18,18,4,4,9,9,11,11,4,4,1,1,6,6
41800320,41800,41,경기도,800,연천군,320,청산면,1,0.0,0.0,0.0,0.0,0.0,0.0,0.0,0.0,7.7,7.7,7.7,7.7,7.7,7.7,0.0,0.0,0,0.0,0.0,0.0,0.0,0.0,0.0,0.0,0.0,0.0,0.0,0.0,0.0,0.0,0.0,0.0,0.0,0,0.0,0.0,0.0,0.0,0.0,0.0,0.0,0.0,0.0,0.0,0.0,0.0,0.0,0.0,0.0,0.0,0.0,0.0,0,0,0,0,0,0,0,0,0,0,0,0,0,0,0,0,0
41800340,41800,41,경기도,800,연천군,340,미산면,0,0.0,0.0,0.0,0.0,0.0,0.0,0.0,0.0,0.0,0.0,0.0,0.0,0.0,0.0,0.0,0.0,1,0.0,0.0,0.0,0.0,0.0,0.0,0.0,0.0,0.0,0.0,0.0,0.0,0.0,0.0,0.0,0.0,1,760.0,760.0,760.0,760.0,760.0,760.0,840.0,840.0,840.0,840.0,850.0,850.0,850.0,850.0,760.0,760.0,0.0,0.0,1,25,25,10,10,2,2,13,13,12,12,4,4,0,0,8,8
41800380,41800,41,경기도,800,연천군,380,장남면,1,0.0,0.0,0.0,0.0,0.0,0.0,0.0,0.0,0.0,0.0,0.0,0.0,0.0,0.0,0.0,0.0,0,0.0,0.0,0.0,0.0,0.0,0.0,0.0,0.0,0.0,0.0,0.0,0.0,0.0,0.0,0.0,0.0,0,0.0,0.0,0.0,0.0,0.0,0.0,0.0,0.0,0.0,0.0,0.0,0.0,0.0,0.0,0.0,0.0,0.0,0.0,0,0,0,0,0,0,0,0,0,0,0,0,0,0,0,0,0
41820250,41820,41,경기도,820,가평군,250,가평읍,0,0.0,0.0,0.0,0.0,0.0,0.0,0.0,0.0,0.0,0.0,0.0,0.0,0.0,0.0,0.0,0.0,1,0.0,0.0,0.0,0.0,0.0,0.0,0.0,0.0,0.0,0.0,0.0,0.0,270.0,270.0,0.0,0.0,1,0.0,0.0,0.0,0.0,370.0,370.0,370.0,370.0,435.0,435.0,470.0,470.0,470.0,470.0,0.0,0.0,0.0,0.0,1,21,21,13,13,0,0,8,8,8,8,5,5,2,2,1,1
41820310,41820,41,경기도,820,가평군,310,설악면,1,30.6,30.6,29.4,29.4,28.3,28.3,27.2,27.2,26.1,26.1,24.9,24.9,23.8,23.8,30.6,30.6,3,490.0,410.0,645.0,410.0,865.0,410.0,930.0,410.0,975.0,410.0,980.0,410.0,975.0,410.0,490.0,410.0,3,550.0,550.0,550.0,550.0,1335.0,785.0,1365.0,815.0,1535.0,985.0,1540.0,990.0,1540.0,990.0,550.0,550.0,0.0,0.0,2,47,26,20,11,0,0,27,17,20,12,6,4,2,2,12,8
41820325,41820,41,경기도,820,가평군,325,청평면,1,0.0,0.0,0.0,0.0,0.0,0.0,0.0,0.0,0.0,0.0,0.0,0.0,47.4,47.4,0.0,0.0,0,0.0,0.0,0.0,0.0,0.0,0.0,0.0,0.0,0.0,0.0,0.0,0.0,0.0,0.0,0.0,0.0,0,0.0,0.0,0.0,0.0,0.0,0.0,0.0,0.0,0.0,0.0,0.0,0.0,0.0,0.0,0.0,0.0,0.0,0.0,0,0,0,0,0,0,0,0,0,0,0,0,0,0,0,0,0
41820330,41820,41,경기도,820,가평군,330,상면,0,0.0,0.0,0.0,0.0,0.0,0.0,0.0,0.0,0.0,0.0,0.0,0.0,0.0,0.0,0.0,0.0,1,0.0,0.0,0.0,0.0,0.0,0.0,0.0,0.0,245.0,245.0,245.0,245.0,245.0,245.0,0.0,0.0,1,905.0,905.0,905.0,905.0,975.0,975.0,1070.0,1070.0,1075.0,1075.0,1075.0,1075.0,1075.0,1075.0,905.0,905.0,0.0,0.0,1,28,28,16,16,0,0,12,12,12,12,4,4,0,0,8,8
41830250,41830,41,경기도,830,양평군,250,양평읍,1,0.0,0.0,0.0,0.0,12.4,12.4,12.4,12.4,12.4,12.4,12.4,12.4,12.4,12.4,0.0,0.0,1,0.0,0.0,0.0,0.0,0.0,0.0,0.0,0.0,0.0,0.0,0.0,0.0,0.0,0.0,0.0,0.0,1,1260.0,1260.0,1320.0,1320.0,1320.0,1320.0,1575.0,1575.0,1935.0,1935.0,1935.0,1935.0,1935.0,1935.0,1260.0,1260.0,0.0,0.0,1,22,22,22,22,0,0,0,0,12,12,10,10,0,0,2,2
41830310,41830,41,경기도,830,양평군,310,강상면,0,0.0,0.0,0.0,0.0,0.0,0.0,0.0,0.0,0.0,0.0,0.0,0.0,0.0,0.0,0.0,0.0,1,0.0,0.0,0.0,0.0,0.0,0.0,0.0,0.0,0.0,0.0,0.0,0.0,0.0,0.0,0.0,0.0,1,400.0,400.0,630.0,630.0,630.0,630.0,630.0,630.0,630.0,630.0,715.0,715.0,835.0,835.0,400.0,400.0,0.0,0.0,1,30,30,22,22,0,0,8,8,4,4,4,4,0,0,0,0
41830330,41830,41,경기도,830,양평군,330,양서면,1,71.9,71.9,71.9,71.9,71.9,71.9,71.9,71.9,71.9,71.9,71.9,71.9,71.9,71.9,71.9,71.9,0,0.0,0.0,0.0,0.0,0.0,0.0,0.0,0.0,0.0,0.0,0.0,0.0,0.0,0.0,0.0,0.0,0,0.0,0.0,0.0,0.0,0.0,0.0,0.0,0.0,0.0,0.0,0.0,0.0,0.0,0.0,0.0,0.0,0.0,0.0,0,0,0,0,0,0,0,0,0,0,0,0,0,0,0,0,0
41830350,41830,41,경기도,830,양평군,350,,0,0.0,0.0,0.0,0.0,0.0,0.0,0.0,0.0,0.0,0.0,0.0,0.0,0.0,0.0,0.0,0.0,0,0.0,0.0,0.0,0.0,0.0,0.0,0.0,0.0,0.0,0.0,0.0,0.0,0.0,0.0,0.0,0.0,0,0.0,0.0,0.0,0.0,0.0,0.0,0.0,0.0,0.0,0.0,0.0,0.0,0.0,0.0,0.0,0.0,0.0,0.0,2,40,21,18,11,0,0,22,12,21,13,13,9,0,0,8,4
41830395,41830,41,경기도,830,양평군,395,지평면,1,0.0,0.0,0.0,0.0,65.1,65.1,65.1,65.1,65.1,65.1,65.1,65.1,65.1,65.1,0.0,0.0,0,0.0,0.0,0.0,0.0,0.0,0.0,0.0,0.0,0.0,0.0,0.0,0.0,0.0,0.0,0.0,0.0,0,0.0,0.0,0.0,0.0,0.0,0.0,0.0,0.0,0.0,0.0,0.0,0.0,0.0,0.0,0.0,0.0,0.0,0.0,0,0,0,0,0,0,0,0,0,0,0,0,0,0,0,0,0
41830410,41830,41,경기도,830,양평군,410,개군면,0,0.0,0.0,0.0,0.0,0.0,0.0,0.0,0.0,0.0,0.0,0.0,0.0,0.0,0.0,0.0,0.0,1,0.0,0.0,0.0,0.0,120.0,120.0,120.0,120.0,625.0,625.0,745.0,745.0,750.0,750.0,0.0,0.0,1,1065.0,1065.0,1120.0,1120.0,1120.0,1120.0,1120.0,1120.0,1120.0,1120.0,1120.0,1120.0,1120.0,1120.0,1065.0,1065.0,0.0,0.0,1,27,27,14,14,6,6,7,7,8,8,6,6,0,0,2,2
43111101,43111,43,충청북도,111,청주시상당구,101,,0,0.0,0.0,0.0,0.0,0.0,0.0,0.0,0.0,0.0,0.0,0.0,0.0,0.0,0.0,0.0,0.0,0,0.0,0.0,0.0,0.0,0.0,0.0,0.0,0.0,0.0,0.0,0.0,0.0,0.0,0.0,0.0,0.0,0,0.0,0.0,0.0,0.0,0.0,0.0,0.0,0.0,0.0,0.0,0.0,0.0,0.0,0.0,0.0,0.0,0.0,0.0,1,13,13,9,9,4,4,0,0,20,20,20,20,0,0,0,0
43111105,43111,43,충청북도,111,청주시상당구,105,대성동,1,62.6,62.6,58.8,58.8,56.7,56.7,54.6,54.6,52.5,52.5,50.5,50.5,48.4,48.4,62.6,62.6,1,0.0,0.0,0.0,0.0,0.0,0.0,0.0,0.0,0.0,0.0,0.0,0.0,0.0,0.0,0.0,0.0,0,0.0,0.0,0.0,0.0,0.0,0.0,0.0,0.0,0.0,0.0,0.0,0.0,0.0,0.0,0.0,0.0,0.0,0.0,1,27,27,17,17,0,0,10,10,8,8,4,4,2,2,2,2
43111122,43111,43,충청북도,111,청주시상당구,122,명암동,1,0.0,0.0,0.0,0.0,0.0,0.0,0.0,0.0,0.0,0.0,0.0,0.0,0.0,0.0,0.0,0.0,1,0.0,0.0,0.0,0.0,0.0,0.0,0.0,0.0,0.0,0.0,0.0,0.0,0.0,0.0,0.0,0.0,0,0.0,0.0,0.0,0.0,0.0,0.0,0.0,0.0,0.0,0.0,0.0,0.0,0.0,0.0,0.0,0.0,0.0,0.0,1,21,21,13,13,0,0,8,8,7,7,4,4,2,2,1,1
43111310,43111,43,충청북도,111,청주시상당구,310,낭성면,2,0.0,0.0,0.0,0.0,0.0,0.0,0.0,0.0,0.0,0.0,0.0,0.0,0.0,0.0,0.0,0.0,2,0.0,0.0,0.0,0.0,0.0,0.0,0.0,0.0,0.0,0.0,0.0,0.0,0.0,0.0,0.0,0.0,1,0.0,0.0,0.0,0.0,0.0,0.0,0.0,0.0,0.0,0.0,0.0,0.0,590.0,590.0,0.0,0.0,0.0,0.0,0,0,0,0,0,0,0,0,0,0,0,0,0,0,0,0,0
43111320,43111,43,충청북도,111,청주시상당구,320,미원면,1,0.0,0.0,0.0,0.0,0.0,0.0,0.0,0.0,0.0,0.0,0.0,0.0,0.0,0.0,0.0,0.0,1,0.0,0.0,0.0,0.0,0.0,0.0,0.0,0.0,0.0,0.0,0.0,0.0,0.0,0.0,0.0,0.0,0,0.0,0.0,0.0,0.0,0.0,0.0,0.0,0.0,0.0,0.0,0.0,0.0,0.0,0.0,0.0,0.0,0.0,0.0,1,31,31,31,31,0,0,0,0,7,7,4,4,2,2,1,1
43111330,43111,43,충청북도,111,청주시상당구,330,가덕면,0,0.0,0.0,0.0,0.0,0.0,0.0,0.0,0.0,0.0,0.0,0.0,0.0,0.0,0.0,0.0,0.0,0,0.0,0.0,0.0,0.0,0.0,0.0,0.0,0.0,0.0,0.0,0.0,0.0,0.0,0.0,0.0,0.0,1,0.0,0.0,0.0,0.0,0.0,0.0,0.0,0.0,0.0,0.0,835.0,835.0,860.0,860.0,0.0,0.0,0.0,0.0,1,26,26,25,25,1,1,0,0,12,12,10,10,-1,-1,3,3
43112102,43112,43,충청북도,112,청주시서원구,102,,0,0.0,0.0,0.0,0.0,0.0,0.0,0.0,0.0,0.0,0.0,0.0,0.0,0.0,0.0,0.0,0.0,0,0.0,0.0,0.0,0.0,0.0,0.0,0.0,0.0,0.0,0.0,0.0,0.0,0.0,0.0,0.0,0.0,0,0.0,0.0,0.0,0.0,0.0,0.0,0.0,0.0,0.0,0.0,0.0,0.0,0.0,0.0,0.0,0.0,0.0,0.0,1,13,13,9,9,4,4,0,0,20,20,20,20,0,0,0,0
43112103,43112,43,충청북도,112,청주시서원구,103,모충동,0,0.0,0.0,0.0,0.0,0.0,0.0,0.0,0.0,0.0,0.0,0.0,0.0,0.0,0.0,0.0,0.0,0,0.0,0.0,0.0,0.0,0.0,0.0,0.0,0.0,0.0,0.0,0.0,0.0,0.0,0.0,0.0,0.0,1,0.0,0.0,0.0,0.0,0.0,0.0,0.0,0.0,0.0,0.0,655.0,655.0,655.0,655.0,0.0,0.0,0.0,0.0,1,27,27,17,17,0,0,10,10,8,8,4,4,2,2,2,2
43112106,43112,43,충청북도,112,청주시서원구,106,,0,0.0,0.0,0.0,0.0,0.0,0.0,0.0,0.0,0.0,0.0,0.0,0.0,0.0,0.0,0.0,0.0,0,0.0,0.0,0.0,0.0,0.0,0.0,0.0,0.0,0.0,0.0,0.0,0.0,0.0,0.0,0.0,0.0,0,0.0,0.0,0.0,0.0,0.0,0.0,0.0,0.0,0.0,0.0,0.0,0.0,0.0,0.0,0.0,0.0,0.0,0.0,1,26,26,25,25,1,1,0,0,12,12,10,10,-1,-1,3,3
43112109,43112,43,충청북도,112,청주시서원구,109,개신동,0,0.0,0.0,0.0,0.0,0.0,0.0,0.0,0.0,0.0,0.0,0.0,0.0,0.0,0.0,0.0,0.0,0,0.0,0.0,0.0,0.0,0.0,0.0,0.0,0.0,0.0,0.0,0.0,0.0,0.0,0.0,0.0,0.0,1,0.0,0.0,0.0,0.0,0.0,0.0,0.0,0.0,0.0,0.0,955.0,955.0,955.0,955.0,0.0,0.0,0.0,0.0,1,26,26,21,21,0,0,5,5,8,8,8,8,0,0,0,0
43112310,43112,43,충청북도,112,청주시서원구,310,남이면,1,0.0,0.0,0.0,0.0,0.0,0.0,0.0,0.0,0.0,0.0,0.0,0.0,0.0,0.0,0.0,0.0,1,0.0,0.0,0.0,0.0,0.0,0.0,0.0,0.0,0.0,0.0,0.0,0.0,0.0,0.0,0.0,0.0,0,0.0,0.0,0.0,0.0,0.0,0.0,0.0,0.0,0.0,0.0,0.0,0.0,0.0,0.0,0.0,0.0,0.0,0.0,0,0,0,0,0,0,0,0,0,0,0,0,0,0,0,0,0
43112320,43112,43,충청북도,112,청주시서원구,320,현도면,1,0.0,0.0,0.0,0.0,0.0,0.0,0.0,0.0,0.0,0.0,0.0,0.0,0.0,0.0,0.0,0.0,1,0.0,0.0,0.0,0.0,0.0,0.0,0.0,0.0,0.0,0.0,0.0,0.0,0.0,0.0,0.0,0.0,0,0.0,0.0,0.0,0.0,0.0,0.0,0.0,0.0,0.0,0.0,0.0,0.0,0.0,0.0,0.0,0.0,0.0,0.0,0,0,0,0,0,0,0,0,0,0,0,0,0,0,0,0,0
43113104,43113,43,충청북도,113,청주시흥덕구,104,,0,0.0,0.0,0.0,0.0,0.0,0.0,0.0,0.0,0.0,0.0,0.0,0.0,0.0,0.0,0.0,0.0,0,0.0,0.0,0.0,0.0,0.0,0.0,0.0,0.0,0.0,0.0,0.0,0.0,0.0,0.0,0.0,0.0,0,0.0,0.0,0.0,0.0,0.0,0.0,0.0,0.0,0.0,0.0,0.0,0.0,0.0,0.0,0.0,0.0,0.0,0.0,1,13,13,9,9,4,4,0,0,20,20,20,20,0,0,0,0
43113111,43113,43,충청북도,113,청주시흥덕구,111,,0,0.0,0.0,0.0,0.0,0.0,0.0,0.0,0.0,0.0,0.0,0.0,0.0,0.0,0.0,0.0,0.0,0,0.0,0.0,0.0,0.0,0.0,0.0,0.0,0.0,0.0,0.0,0.0,0.0,0.0,0.0,0.0,0.0,0,0.0,0.0,0.0,0.0,0.0,0.0,0.0,0.0,0.0,0.0,0.0,0.0,0.0,0.0,0.0,0.0,0.0,0.0,1,28,28,28,28,0,0,0,0,8,8,8,8,0,0,0,0
43113113,43113,43,충청북도,113,청주시흥덕구,113,가경동,0,0.0,0.0,0.0,0.0,0.0,0.0,0.0,0.0,0.0,0.0,0.0,0.0,0.0,0.0,0.0,0.0,0,0.0,0.0,0.0,0.0,0.0,0.0,0.0,0.0,0.0,0.0,0.0,0.0,0.0,0.0,0.0,0.0,1,0.0,0.0,0.0,0.0,0.0,0.0,0.0,0.0,0.0,0.0,0.0,0.0,0.0,0.0,0.0,0.0,0.0,0.0,1,22,22,20,20,0,0,2,2,7,7,7,7,0,0,0,0
43113114,43113,43,충청북도,113,청주시흥덕구,114,복대동,0,0.0,0.0,0.0,0.0,0.0,0.0,0.0,0.0,0.0,0.0,0.0,0.0,0.0,0.0,0.0,0.0,0,0.0,0.0,0.0,0.0,0.0,0.0,0.0,0.0,0.0,0.0,0.0,0.0,0.0,0.0,0.0,0.0,1,0.0,0.0,0.0,0.0,0.0,0.0,0.0,0.0,0.0,0.0,0.0,0.0,0.0,0.0,0.0,0.0,0.0,0.0,1,29,29,19,19,1,1,9,9,12,12,12,12,-3,-3,3,3
43113119,43113,43,충청북도,113,청주시흥덕구,119,휴암동,1,0.0,0.0,0.0,0.0,0.0,0.0,0.0,0.0,0.0,0.0,0.0,0.0,0.0,0.0,0.0,0.0,1,0.0,0.0,0.0,0.0,0.0,0.0,0.0,0.0,0.0,0.0,0.0,0.0,0.0,0.0,0.0,0.0,0,0.0,0.0,0.0,0.0,0.0,0.0,0.0,0.0,0.0,0.0,0.0,0.0,0.0,0.0,0.0,0.0,0.0,0.0,0,0,0,0,0,0,0,0,0,0,0,0,0,0,0,0,0
43113126,43113,43,충청북도,113,청주시흥덕구,126,신성동,0,0.0,0.0,0.0,0.0,0.0,0.0,0.0,0.0,0.0,0.0,0.0,0.0,0.0,0.0,0.0,0.0,0,0.0,0.0,0.0,0.0,0.0,0.0,0.0,0.0,0.0,0.0,0.0,0.0,0.0,0.0,0.0,0.0,2,0.0,0.0,0.0,0.0,0.0,0.0,0.0,0.0,0.0,0.0,0.0,0.0,0.0,0.0,0.0,0.0,0.0,0.0,0,0,0,0,0,0,0,0,0,0,0,0,0,0,0,0,0
43113136,43113,43,충청북도,113,청주시흥덕구,136,외북동,1,0.0,0.0,0.0,0.0,0.0,0.0,0.0,0.0,0.0,0.0,0.0,0.0,0.0,0.0,0.0,0.0,1,0.0,0.0,0.0,0.0,0.0,0.0,0.0,0.0,0.0,0.0,0.0,0.0,0.0,0.0,0.0,0.0,0,0.0,0.0,0.0,0.0,0.0,0.0,0.0,0.0,0.0,0.0,0.0,0.0,0.0,0.0,0.0,0.0,0.0,0.0,0,0,0,0,0,0,0,0,0,0,0,0,0,0,0,0,0
43113250,43113,43,충청북도,113,청주시흥덕구,250,오송읍,2,79.9,79.9,66.4,66.4,65.1,65.1,52.1,52.1,40.3,40.3,30.9,30.9,17.9,17.9,79.9,79.9,2,0.0,0.0,0.0,0.0,0.0,0.0,0.0,0.0,0.0,0.0,0.0,0.0,0.0,0.0,0.0,0.0,3,2265.0,2265.0,3620.0,2325.0,3620.0,2325.0,4230.0,2935.0,4265.0,2935.0,5065.0,3045.0,5140.0,3095.0,2265.0,2265.0,0.0,0.0,2,60,32,38,31,4,4,18,17,20,12,11,7,3,3,6,4
43113320,43113,43,충청북도,113,청주시흥덕구,320,옥산면,2,0.0,0.0,0.0,0.0,0.0,0.0,0.0,0.0,0.0,0.0,0.0,0.0,0.0,0.0,0.0,0.0,2,0.0,0.0,0.0,0.0,0.0,0.0,0.0,0.0,0.0,0.0,0.0,0.0,0.0,0.0,0.0,0.0,0,0.0,0.0,0.0,0.0,0.0,0.0,0.0,0.0,0.0,0.0,0.0,0.0,0.0,0.0,0.0,0.0,0.0,0.0,1,12,12,6,6,0,0,6,6,17,17,15,15,2,2,0,0
43113330,43113,43,충청북도,113,청주시흥덕구,330,옥산면,1,0.0,0.0,0.0,0.0,0.0,0.0,0.0,0.0,0.0,0.0,0.0,0.0,0.0,0.0,0.0,0.0,1,0.0,0.0,0.0,0.0,0.0,0.0,0.0,0.0,0.0,0.0,120.0,120.0,100.0,100.0,0.0,0.0,1,0.0,0.0,0.0,0.0,0.0,0.0,0.0,0.0,0.0,0.0,1240.0,1240.0,1240.0,1240.0,0.0,0.0,0.0,0.0,1,25,25,22,22,0,0,3,3,12,12,7,7,0,0,5,5
43114101,43114,43,충청북도,114,청주시청원구,101,,0,0.0,0.0,0.0,0.0,0.0,0.0,0.0,0.0,0.0,0.0,0.0,0.0,0.0,0.0,0.0,0.0,0,0.0,0.0,0.0,0.0,0.0,0.0,0.0,0.0,0.0,0.0,0.0,0.0,0.0,0.0,0.0,0.0,0,0.0,0.0,0.0,0.0,0.0,0.0,0.0,0.0,0.0,0.0,0.0,0.0,0.0,0.0,0.0,0.0,0.0,0.0,1,13,13,9,9,4,4,0,0,20,20,20,20,0,0,0,0
43114124,43114,43,충청북도,114,청주시청원구,124,내덕동,0,0.0,0.0,0.0,0.0,0.0,0.0,0.0,0.0,0.0,0.0,0.0,0.0,0.0,0.0,0.0,0.0,0,0.0,0.0,0.0,0.0,0.0,0.0,0.0,0.0,0.0,0.0,0.0,0.0,0.0,0.0,0.0,0.0,1,0.0,0.0,0.0,0.0,0.0,0.0,0.0,0.0,0.0,0.0,715.0,715.0,730.0,730.0,0.0,0.0,0.0,0.0,1,21,21,13,13,0,0,8,8,7,7,4,4,2,2,1,1
43114137,43114,43,충청북도,114,청주시청원구,137,오동동,1,0.0,0.0,0.0,0.0,0.0,0.0,0.0,0.0,0.0,0.0,0.0,0.0,0.0,0.0,0.0,0.0,1,0.0,0.0,0.0,0.0,345.0,345.0,285.0,285.0,265.0,265.0,210.0,210.0,225.0,225.0,0.0,0.0,0,0.0,0.0,0.0,0.0,0.0,0.0,0.0,0.0,0.0,0.0,0.0,0.0,0.0,0.0,0.0,0.0,0.0,0.0,1,29,29,19,19,1,1,9,9,12,12,12,12,-3,-3,3,3
43114250,43114,43,충청북도,114,청주시청원구,250,내수읍,0,0.0,0.0,0.0,0.0,0.0,0.0,0.0,0.0,0.0,0.0,0.0,0.0,0.0,0.0,0.0,0.0,0,0.0,0.0,0.0,0.0,0.0,0.0,0.0,0.0,0.0,0.0,0.0,0.0,0.0,0.0,0.0,0.0,1,0.0,0.0,0.0,0.0,0.0,0.0,0.0,0.0,0.0,0.0,585.0,585.0,585.0,585.0,0.0,0.0,0.0,0.0,1,31,31,31,31,0,0,0,0,7,7,4,4,2,2,1,1
43114253,43114,43,충청북도,114,청주시청원구,253,오창읍,1,0.0,0.0,0.0,0.0,0.0,0.0,0.0,0.0,0.0,0.0,0.0,0.0,0.0,0.0,0.0,0.0,1,0.0,0.0,0.0,0.0,0.0,0.0,0.0,0.0,0.0,0.0,0.0,0.0,0.0,0.0,0.0,0.0,1,1410.0,1410.0,1365.0,1365.0,1360.0,1360.0,1345.0,1345.0,0.0,0.0,1340.0,1340.0,1340.0,1340.0,1410.0,1410.0,0.0,0.0,2,38,26,26,20,1,1,11,6,25,17,23,15,1,2,1,1
43130105,43130,43,충청북도,130,충주시,105,교현동,0,0.0,0.0,0.0,0.0,0.0,0.0,0.0,0.0,0.0,0.0,0.0,0.0,0.0,0.0,0.0,0.0,0,0.0,0.0,0.0,0.0,0.0,0.0,0.0,0.0,0.0,0.0,0.0,0.0,0.0,0.0,0.0,0.0,1,0.0,0.0,0.0,0.0,0.0,0.0,0.0,0.0,0.0,0.0,560.0,560.0,675.0,675.0,0.0,0.0,0.0,0.0,1,27,27,27,27,0,0,0,0,11,11,9,9,0,0,2,2
43130123,43130,43,충청북도,130,충주시,123,목벌동,1,0.0,0.0,0.0,0.0,0.0,0.0,0.0,0.0,0.0,0.0,0.0,0.0,0.0,0.0,0.0,0.0,1,170.0,170.0,160.0,160.0,150.0,150.0,140.0,140.0,130.0,130.0,440.0,440.0,440.0,440.0,170.0,170.0,0,0.0,0.0,0.0,0.0,0.0,0.0,0.0,0.0,0.0,0.0,0.0,0.0,0.0,0.0,0.0,0.0,0.0,0.0,0,0,0,0,0,0,0,0,0,0,0,0,0,0,0,0,0
43130127,43130,43,충청북도,130,충주시,127,문화동,0,0.0,0.0,0.0,0.0,0.0,0.0,0.0,0.0,0.0,0.0,0.0,0.0,0.0,0.0,0.0,0.0,0,0.0,0.0,0.0,0.0,0.0,0.0,0.0,0.0,0.0,0.0,0.0,0.0,0.0,0.0,0.0,0.0,1,0.0,0.0,0.0,0.0,0.0,0.0,0.0,0.0,0.0,0.0,780.0,780.0,1690.0,1690.0,0.0,0.0,0.0,0.0,1,24,24,22,22,0,0,2,2,16,16,16,16,0,0,0,0
43130165,43130,43,충청북도,130,충주시,165,가주동,0,0.0,0.0,0.0,0.0,0.0,0.0,0.0,0.0,0.0,0.0,0.0,0.0,0.0,0.0,0.0,0.0,0,0.0,0.0,0.0,0.0,0.0,0.0,0.0,0.0,0.0,0.0,0.0,0.0,0.0,0.0,0.0,0.0,1,0.0,0.0,0.0,0.0,0.0,0.0,0.0,0.0,0.0,0.0,450.0,450.0,935.0,935.0,0.0,0.0,0.0,0.0,1,25,25,16,16,1,1,8,8,7,7,4,4,0,0,3,3
43130250,43130,43,충청북도,130,충주시,250,주덕읍,2,62.8,62.8,60.2,60.2,57.6,57.6,55.0,55.0,52.4,52.4,49.8,49.8,47.3,47.3,62.8,62.8,2,575.0,575.0,505.0,505.0,530.0,530.0,460.0,460.0,555.0,555.0,545.0,545.0,535.0,535.0,575.0,575.0,0,0.0,0.0,0.0,0.0,0.0,0.0,0.0,0.0,0.0,0.0,0.0,0.0,0.0,0.0,0.0,0.0,0.0,0.0,0,0,0,0,0,0,0,0,0,0,0,0,0,0,0,0,0
43130310,43130,43,충청북도,130,충주시,310,살미면,1,114.3,114.3,112.4,112.4,110.5,110.5,107.7,107.7,104.9,104.9,102.2,102.2,97.5,97.5,114.3,114.3,1,30.0,30.0,30.0,30.0,30.0,30.0,30.0,30.0,30.0,30.0,30.0,30.0,25.0,25.0,30.0,30.0,0,0.0,0.0,0.0,0.0,0.0,0.0,0.0,0.0,0.0,0.0,0.0,0.0,0.0,0.0,0.0,0.0,0.0,0.0,1,24,24,7,7,0,0,17,17,6,6,4,4,1,1,1,1
43130350,43130,43,충청북도,130,충주시,350,신니면,1,0.0,0.0,0.0,0.0,48.4,48.4,42.0,42.0,35.2,35.2,28.4,28.4,16.6,16.6,0.0,0.0,1,0.0,0.0,0.0,0.0,1015.0,1015.0,585.0,585.0,910.0,910.0,945.0,945.0,975.0,975.0,0.0,0.0,0,0.0,0.0,0.0,0.0,0.0,0.0,0.0,0.0,0.0,0.0,0.0,0.0,0.0,0.0,0.0,0.0,0.0,0.0,1,24,24,15,15,0,0,9,9,10,10,9,9,0,0,1,1
43130360,43130,43,충청북도,130,충주시,360,노은면,1,0.0,0.0,0.0,0.0,0.0,0.0,0.0,0.0,0.0,0.0,0.0,0.0,0.0,0.0,0.0,0.0,1,0.0,0.0,0.0,0.0,0.0,0.0,0.0,0.0,0.0,0.0,0.0,0.0,0.0,0.0,0.0,0.0,1,0.0,0.0,0.0,0.0,0.0,0.0,0.0,0.0,0.0,0.0,645.0,645.0,645.0,645.0,0.0,0.0,0.0,0.0,0,0,0,0,0,0,0,0,0,0,0,0,0,0,0,0,0
43130370,43130,43,충청북도,130,충주시,370,,0,0.0,0.0,0.0,0.0,0.0,0.0,0.0,0.0,0.0,0.0,0.0,0.0,0.0,0.0,0.0,0.0,0,0.0,0.0,0.0,0.0,0.0,0.0,0.0,0.0,0.0,0.0,0.0,0.0,0.0,0.0,0.0,0.0,0,0.0,0.0,0.0,0.0,0.0,0.0,0.0,0.0,0.0,0.0,0.0,0.0,0.0,0.0,0.0,0.0,0.0,0.0,1,26,26,19,19,0,0,7,7,8,8,8,8,0,0,0,0
43130385,43130,43,충청북도,130,충주시,385,중앙탑면,2,109.2,109.2,99.7,99.7,255.8,165.6,246.39999999999998,165.6,228.5,165.6,210.7,165.6,209.6,165.6,109.2,109.2,2,760.0,760.0,895.0,520.0,800.0,465.0,480.0,260.0,720.0,415.0,940.0,555.0,850.0,500.0,760.0,760.0,0,0.0,0.0,0.0,0.0,0.0,0.0,0.0,0.0,0.0,0.0,0.0,0.0,0.0,0.0,0.0,0.0,0.0,0.0,0,0,0,0,0,0,0,0,0,0,0,0,0,0,0,0,0
43130390,43130,43,충청북도,130,충주시,390,금가면,1,0.0,0.0,0.0,0.0,0.0,0.0,0.0,0.0,165.6,165.6,165.6,165.6,165.6,165.6,0.0,0.0,1,0.0,0.0,625.0,625.0,675.0,675.0,685.0,685.0,750.0,750.0,795.0,795.0,775.0,775.0,0.0,0.0,1,0.0,0.0,0.0,0.0,0.0,0.0,0.0,0.0,0.0,0.0,660.0,660.0,675.0,675.0,0.0,0.0,0.0,0.0,0,0,0,0,0,0,0,0,0,0,0,0,0,0,0,0,0
43130400,43130,43,충청북도,130,충주시,400,동량면,0,0.0,0.0,0.0,0.0,0.0,0.0,0.0,0.0,0.0,0.0,0.0,0.0,0.0,0.0,0.0,0.0,0,0.0,0.0,0.0,0.0,0.0,0.0,0.0,0.0,0.0,0.0,0.0,0.0,0.0,0.0,0.0,0.0,2,0.0,0.0,0.0,0.0,0.0,0.0,0.0,0.0,0.0,0.0,1315.0,755.0,2175.0,1500.0,0.0,0.0,0.0,0.0,1,23,23,10,10,0,0,13,13,12,12,4,4,3,3,5,5
43150101,43150,43,충청북도,150,제천시,101,의림동,0,0.0,0.0,0.0,0.0,0.0,0.0,0.0,0.0,0.0,0.0,0.0,0.0,0.0,0.0,0.0,0.0,0,0.0,0.0,0.0,0.0,0.0,0.0,0.0,0.0,0.0,0.0,0.0,0.0,0.0,0.0,0.0,0.0,1,0.0,0.0,0.0,0.0,0.0,0.0,0.0,0.0,0.0,0.0,1690.0,1690.0,1845.0,1845.0,0.0,0.0,0.0,0.0,1,0,0,0,0,0,0,0,0,20,20,18,18,2,2,0,0
43150121,43150,43,충청북도,150,제천시,121,강제동,0,0.0,0.0,0.0,0.0,0.0,0.0,0.0,0.0,0.0,0.0,0.0,0.0,0.0,0.0,0.0,0.0,0,0.0,0.0,0.0,0.0,0.0,0.0,0.0,0.0,0.0,0.0,0.0,0.0,0.0,0.0,0.0,0.0,1,0.0,0.0,0.0,0.0,0.0,0.0,0.0,0.0,0.0,0.0,790.0,790.0,795.0,795.0,0.0,0.0,0.0,0.0,1,24,24,20,20,0,0,4,4,7,7,4,4,0,0,3,3
43150124,43150,43,충청북도,150,제천시,124,흑석동,1,29.6,29.6,26.9,26.9,24.2,24.2,21.6,21.6,19.0,19.0,16.3,16.3,13.7,13.7,29.6,29.6,1,165.0,165.0,165.0,165.0,180.0,180.0,185.0,185.0,215.0,215.0,445.0,445.0,440.0,440.0,165.0,165.0,0,0.0,0.0,0.0,0.0,0.0,0.0,0.0,0.0,0.0,0.0,0.0,0.0,0.0,0.0,0.0,0.0,0.0,0.0,0,0,0,0,0,0,0,0,0,0,0,0,0,0,0,0,0
43150145,43150,43,충청북도,150,제천시,145,하소동,1,30.5,30.5,16.7,16.7,14.6,14.6,12.6,12.6,10.5,10.5,8.4,8.4,6.4,6.4,30.5,30.5,1,825.0,825.0,905.0,905.0,930.0,930.0,940.0,940.0,965.0,965.0,1335.0,1335.0,1445.0,1445.0,825.0,825.0,0,0.0,0.0,0.0,0.0,0.0,0.0,0.0,0.0,0.0,0.0,0.0,0.0,0.0,0.0,0.0,0.0,0.0,0.0,0,0,0,0,0,0,0,0,0,0,0,0,0,0,0,0,0
43150420,43150,43,충청북도,150,제천시,420,금성면,0,0.0,0.0,0.0,0.0,0.0,0.0,0.0,0.0,0.0,0.0,0.0,0.0,0.0,0.0,0.0,0.0,0,0.0,0.0,0.0,0.0,0.0,0.0,0.0,0.0,0.0,0.0,0.0,0.0,0.0,0.0,0.0,0.0,1,0.0,0.0,0.0,0.0,0.0,0.0,0.0,0.0,0.0,0.0,455.0,455.0,445.0,445.0,0.0,0.0,0.0,0.0,1,26,26,17,17,1,1,8,8,12,12,8,8,3,3,1,1
43720250,43720,43,충청북도,720,보은군,250,보은읍,1,90.0,90.0,88.5,88.5,87.1,87.1,85.6,85.6,84.2,84.2,82.8,82.8,81.4,81.4,90.0,90.0,1,0.0,0.0,0.0,0.0,0.0,0.0,0.0,0.0,0.0,0.0,450.0,450.0,470.0,470.0,0.0,0.0,1,0.0,0.0,0.0,0.0,0.0,0.0,0.0,0.0,0.0,0.0,0.0,0.0,0.0,0.0,0.0,0.0,0.0,0.0,1,0,0,0,0,0,0,0,0,16,16,16,16,0,0,0,0
43720330,43720,43,충청북도,720,보은군,330,산외면,0,0.0,0.0,0.0,0.0,0.0,0.0,0.0,0.0,0.0,0.0,0.0,0.0,0.0,0.0,0.0,0.0,0,0.0,0.0,0.0,0.0,0.0,0.0,0.0,0.0,0.0,0.0,0.0,0.0,0.0,0.0,0.0,0.0,1,0.0,0.0,0.0,0.0,0.0,0.0,0.0,0.0,0.0,0.0,470.0,470.0,470.0,470.0,0.0,0.0,0.0,0.0,1,24,24,19,19,1,1,4,4,7,7,3,3,2,2,2,2
43730250,43730,43,충청북도,730,옥천군,250,,0,0.0,0.0,0.0,0.0,0.0,0.0,0.0,0.0,0.0,0.0,0.0,0.0,0.0,0.0,0.0,0.0,0,0.0,0.0,0.0,0.0,0.0,0.0,0.0,0.0,0.0,0.0,0.0,0.0,0.0,0.0,0.0,0.0,0,0.0,0.0,0.0,0.0,0.0,0.0,0.0,0.0,0.0,0.0,0.0,0.0,0.0,0.0,0.0,0.0,0.0,0.0,1,0,0,0,0,0,0,0,0,16,16,16,16,0,0,0,0
43730320,43730,43,충청북도,730,옥천군,320,군북면,0,0.0,0.0,0.0,0.0,0.0,0.0,0.0,0.0,0.0,0.0,0.0,0.0,0.0,0.0,0.0,0.0,0,0.0,0.0,0.0,0.0,0.0,0.0,0.0,0.0,0.0,0.0,0.0,0.0,0.0,0.0,0.0,0.0,1,0.0,0.0,0.0,0.0,0.0,0.0,0.0,0.0,0.0,0.0,610.0,610.0,610.0,610.0,0.0,0.0,0.0,0.0,1,34,34,16,16,1,1,17,17,8,8,8,8,0,0,0,0
43730340,43730,43,충청북도,730,옥천군,340,청성면,1,76.1,76.1,73.0,73.0,70.0,70.0,66.8,66.8,62.5,62.5,58.2,58.2,53.4,53.4,76.1,76.1,1,0.0,0.0,0.0,0.0,0.0,0.0,0.0,0.0,0.0,0.0,0.0,0.0,0.0,0.0,0.0,0.0,0,0.0,0.0,0.0,0.0,0.0,0.0,0.0,0.0,0.0,0.0,0.0,0.0,0.0,0.0,0.0,0.0,0.0,0.0,0,0,0,0,0,0,0,0,0,0,0,0,0,0,0,0,0
43740250,43740,43,충청북도,740,영동군,250,,0,0.0,0.0,0.0,0.0,0.0,0.0,0.0,0.0,0.0,0.0,0.0,0.0,0.0,0.0,0.0,0.0,0,0.0,0.0,0.0,0.0,0.0,0.0,0.0,0.0,0.0,0.0,0.0,0.0,0.0,0.0,0.0,0.0,0,0.0,0.0,0.0,0.0,0.0,0.0,0.0,0.0,0.0,0.0,0.0,0.0,0.0,0.0,0.0,0.0,0.0,0.0,1,0,0,0,0,0,0,0,0,16,16,16,16,0,0,0,0
43740320,43740,43,충청북도,740,영동군,320,황간면,1,9.6,9.6,5.0,5.0,0.4,0.4,19.6,19.6,15.7,15.7,9.3,9.3,3.0,3.0,9.6,9.6,1,0.0,0.0,0.0,0.0,0.0,0.0,0.0,0.0,0.0,0.0,370.0,370.0,490.0,490.0,0.0,0.0,0,0.0,0.0,0.0,0.0,0.0,0.0,0.0,0.0,0.0,0.0,0.0,0.0,0.0,0.0,0.0,0.0,0.0,0.0,0,0,0,0,0,0,0,0,0,0,0,0,0,0,0,0,0
43740340,43740,43,충청북도,740,영동군,340,매곡면,0,0.0,0.0,0.0,0.0,0.0,0.0,0.0,0.0,0.0,0.0,0.0,0.0,0.0,0.0,0.0,0.0,0,0.0,0.0,0.0,0.0,0.0,0.0,0.0,0.0,0.0,0.0,0.0,0.0,0.0,0.0,0.0,0.0,1,0.0,0.0,0.0,0.0,0.0,0.0,0.0,0.0,0.0,0.0,590.0,590.0,590.0,590.0,0.0,0.0,0.0,0.0,1,21,21,15,15,0,0,6,6,6,6,3,3,2,2,1,1
43745250,43745,43,충청북도,745,증평군,250,증평읍,0,0.0,0.0,0.0,0.0,0.0,0.0,0.0,0.0,0.0,0.0,0.0,0.0,0.0,0.0,0.0,0.0,0,0.0,0.0,0.0,0.0,0.0,0.0,0.0,0.0,0.0,0.0,0.0,0.0,0.0,0.0,0.0,0.0,1,0.0,0.0,0.0,0.0,0.0,0.0,0.0,0.0,0.0,0.0,2185.0,2185.0,2185.0,2185.0,0.0,0.0,0.0,0.0,1,13,13,9,9,4,4,0,0,20,20,20,20,0,0,0,0
43745310,43745,43,충청북도,745,증평군,310,,0,0.0,0.0,0.0,0.0,0.0,0.0,0.0,0.0,0.0,0.0,0.0,0.0,0.0,0.0,0.0,0.0,0,0.0,0.0,0.0,0.0,0.0,0.0,0.0,0.0,0.0,0.0,0.0,0.0,0.0,0.0,0.0,0.0,0,0.0,0.0,0.0,0.0,0.0,0.0,0.0,0.0,0.0,0.0,0.0,0.0,0.0,0.0,0.0,0.0,0.0,0.0,1,27,27,21,21,0,0,6,6,11,11,7,7,0,0,4,4
43750250,43750,43,충청북도,750,진천군,250,진천읍,3,0.0,0.0,0.0,0.0,0.0,0.0,0.0,0.0,0.0,0.0,0.0,0.0,0.0,0.0,0.0,0.0,3,100.0,100.0,0.0,0.0,575.0,355.0,675.0,405.0,260.0,260.0,670.0,360.0,660.0,360.0,100.0,100.0,1,1035.0,1035.0,1035.0,1035.0,1580.0,1580.0,1580.0,1580.0,1580.0,1580.0,1580.0,1580.0,1580.0,1580.0,1035.0,1035.0,0.0,0.0,1,12,12,6,6,0,0,6,6,17,17,15,15,2,2,0,0
43750253,43750,43,충청북도,750,진천군,253,덕산읍,0,0.0,0.0,0.0,0.0,0.0,0.0,0.0,0.0,0.0,0.0,0.0,0.0,0.0,0.0,0.0,0.0,0,0.0,0.0,0.0,0.0,0.0,0.0,0.0,0.0,0.0,0.0,0.0,0.0,0.0,0.0,0.0,0.0,1,0.0,0.0,0.0,0.0,0.0,0.0,0.0,0.0,0.0,0.0,705.0,705.0,1150.0,1150.0,0.0,0.0,0.0,0.0,0,0,0,0,0,0,0,0,0,0,0,0,0,0,0,0,0
43750330,43750,43,충청북도,750,진천군,330,,0,0.0,0.0,0.0,0.0,0.0,0.0,0.0,0.0,0.0,0.0,0.0,0.0,0.0,0.0,0.0,0.0,0,0.0,0.0,0.0,0.0,0.0,0.0,0.0,0.0,0.0,0.0,0.0,0.0,0.0,0.0,0.0,0.0,0,0.0,0.0,0.0,0.0,0.0,0.0,0.0,0.0,0.0,0.0,0.0,0.0,0.0,0.0,0.0,0.0,0.0,0.0,1,26,26,20,20,1,1,5,5,8,8,8,8,-1,-1,1,1
43750350,43750,43,충청북도,750,진천군,350,이월면,1,0.0,0.0,0.0,0.0,0.0,0.0,0.0,0.0,165.6,165.6,165.6,165.6,165.6,165.6,0.0,0.0,1,0.0,0.0,0.0,0.0,0.0,0.0,125.0,125.0,100.0,100.0,95.0,95.0,90.0,90.0,0.0,0.0,1,0.0,0.0,0.0,0.0,0.0,0.0,0.0,0.0,0.0,0.0,0.0,0.0,0.0,0.0,0.0,0.0,0.0,0.0,1,28,28,28,28,0,0,0,0,8,8,8,8,-2,-2,2,2
43750360,43750,43,충청북도,750,진천군,360,덕산면,0,0.0,0.0,0.0,0.0,0.0,0.0,0.0,0.0,0.0,0.0,0.0,0.0,0.0,0.0,0.0,0.0,0,0.0,0.0,0.0,0.0,0.0,0.0,0.0,0.0,0.0,0.0,0.0,0.0,0.0,0.0,0.0,0.0,1,0.0,0.0,0.0,0.0,0.0,0.0,0.0,0.0,0.0,0.0,475.0,475.0,1230.0,1230.0,0.0,0.0,0.0,0.0,1,17,17,17,17,0,0,0,0,12,12,5,5,2,2,5,5
43750370,43750,43,충청북도,750,진천군,370,광혜원면,0,0.0,0.0,0.0,0.0,0.0,0.0,0.0,0.0,0.0,0.0,0.0,0.0,0.0,0.0,0.0,0.0,0,0.0,0.0,0.0,0.0,0.0,0.0,0.0,0.0,0.0,0.0,0.0,0.0,0.0,0.0,0.0,0.0,1,0.0,0.0,0.0,0.0,1325.0,1325.0,1350.0,1350.0,0.0,0.0,1095.0,1095.0,1020.0,1020.0,0.0,0.0,0.0,0.0,1,30,30,28,28,0,0,2,2,8,8,8,8,-2,-2,2,2
43760250,43760,43,충청북도,760,괴산군,250,,0,0.0,0.0,0.0,0.0,0.0,0.0,0.0,0.0,0.0,0.0,0.0,0.0,0.0,0.0,0.0,0.0,0,0.0,0.0,0.0,0.0,0.0,0.0,0.0,0.0,0.0,0.0,0.0,0.0,0.0,0.0,0.0,0.0,0,0.0,0.0,0.0,0.0,0.0,0.0,0.0,0.0,0.0,0.0,0.0,0.0,0.0,0.0,0.0,0.0,0.0,0.0,1,24,24,22,22,0,0,2,2,16,16,16,16,0,0,0,0
43760310,43760,43,충청북도,760,괴산군,310,감물면,0,0.0,0.0,0.0,0.0,0.0,0.0,0.0,0.0,0.0,0.0,0.0,0.0,0.0,0.0,0.0,0.0,0,0.0,0.0,0.0,0.0,0.0,0.0,0.0,0.0,0.0,0.0,0.0,0.0,0.0,0.0,0.0,0.0,2,0.0,0.0,0.0,0.0,0.0,0.0,0.0,0.0,0.0,0.0,525.0,435.0,175.0,90.0,0.0,0.0,0.0,0.0,2,38,24,12,7,0,0,26,17,12,6,6,4,2,1,4,3
43760340,43760,43,충청북도,760,괴산군,340,칠성면,1,0.0,0.0,0.0,0.0,0.0,0.0,0.0,0.0,0.0,0.0,0.0,0.0,0.0,0.0,0.0,0.0,1,0.0,0.0,0.0,0.0,0.0,0.0,0.0,0.0,475.0,475.0,0.0,0.0,0.0,0.0,0.0,0.0,0,0.0,0.0,0.0,0.0,0.0,0.0,0.0,0.0,0.0,0.0,0.0,0.0,0.0,0.0,0.0,0.0,0.0,0.0,0,0,0,0,0,0,0,0,0,0,0,0,0,0,0,0,0
43760350,43760,43,충청북도,760,괴산군,350,문광면,0,0.0,0.0,0.0,0.0,0.0,0.0,0.0,0.0,0.0,0.0,0.0,0.0,0.0,0.0,0.0,0.0,0,0.0,0.0,0.0,0.0,0.0,0.0,0.0,0.0,0.0,0.0,0.0,0.0,0.0,0.0,0.0,0.0,1,0.0,0.0,0.0,0.0,0.0,0.0,0.0,0.0,0.0,0.0,495.0,495.0,1015.0,1015.0,0.0,0.0,0.0,0.0,1,27,27,21,21,0,0,6,6,11,11,7,7,0,0,4,4
43760360,43760,43,충청북도,760,괴산군,360,청천면,0,0.0,0.0,0.0,0.0,0.0,0.0,0.0,0.0,0.0,0.0,0.0,0.0,0.0,0.0,0.0,0.0,0,0.0,0.0,0.0,0.0,0.0,0.0,0.0,0.0,0.0,0.0,0.0,0.0,0.0,0.0,0.0,0.0,1,0.0,0.0,0.0,0.0,0.0,0.0,0.0,0.0,0.0,0.0,470.0,470.0,980.0,980.0,0.0,0.0,0.0,0.0,0,0,0,0,0,0,0,0,0,0,0,0,0,0,0,0,0
43760370,43760,43,충청북도,760,괴산군,370,청안면,1,0.0,0.0,0.0,0.0,0.0,0.0,165.6,165.6,165.6,165.6,165.6,165.6,165.6,165.6,0.0,0.0,1,0.0,0.0,0.0,0.0,0.0,0.0,270.0,270.0,260.0,260.0,310.0,310.0,300.0,300.0,0.0,0.0,0,0.0,0.0,0.0,0.0,0.0,0.0,0.0,0.0,0.0,0.0,0.0,0.0,0.0,0.0,0.0,0.0,0.0,0.0,0,0,0,0,0,0,0,0,0,0,0,0,0,0,0,0,0
43760390,43760,43,충청북도,760,괴산군,390,사리면,1,0.0,0.0,0.0,0.0,0.0,0.0,0.0,0.0,0.0,0.0,0.0,0.0,0.0,0.0,0.0,0.0,1,0.0,0.0,0.0,0.0,0.0,0.0,0.0,0.0,0.0,0.0,0.0,0.0,0.0,0.0,0.0,0.0,0,0.0,0.0,0.0,0.0,0.0,0.0,0.0,0.0,0.0,0.0,0.0,0.0,0.0,0.0,0.0,0.0,0.0,0.0,0,0,0,0,0,0,0,0,0,0,0,0,0,0,0,0,0
43770250,43770,43,충청북도,770,음성군,250,,0,0.0,0.0,0.0,0.0,0.0,0.0,0.0,0.0,0.0,0.0,0.0,0.0,0.0,0.0,0.0,0.0,0,0.0,0.0,0.0,0.0,0.0,0.0,0.0,0.0,0.0,0.0,0.0,0.0,0.0,0.0,0.0,0.0,0,0.0,0.0,0.0,0.0,0.0,0.0,0.0,0.0,0.0,0.0,0.0,0.0,0.0,0.0,0.0,0.0,0.0,0.0,1,24,24,22,22,0,0,2,2,16,16,16,16,0,0,0,0
43770253,43770,43,충청북도,770,음성군,253,금왕읍,0,0.0,0.0,0.0,0.0,0.0,0.0,0.0,0.0,0.0,0.0,0.0,0.0,0.0,0.0,0.0,0.0,0,0.0,0.0,0.0,0.0,0.0,0.0,0.0,0.0,0.0,0.0,0.0,0.0,0.0,0.0,0.0,0.0,1,0.0,0.0,0.0,0.0,0.0,0.0,0.0,0.0,0.0,0.0,0.0,0.0,0.0,0.0,0.0,0.0,0.0,0.0,1,27,27,27,27,0,0,0,0,7,7,7,7,0,0,0,0
43770310,43770,43,충청북도,770,음성군,310,소이면,0,0.0,0.0,0.0,0.0,0.0,0.0,0.0,0.0,0.0,0.0,0.0,0.0,0.0,0.0,0.0,0.0,0,0.0,0.0,0.0,0.0,0.0,0.0,0.0,0.0,0.0,0.0,0.0,0.0,0.0,0.0,0.0,0.0,1,0.0,0.0,0.0,0.0,0.0,0.0,0.0,0.0,0.0,0.0,390.0,390.0,880.0,880.0,0.0,0.0,0.0,0.0,1,24,24,15,15,0,0,9,9,10,10,9,9,0,0,1,1
43770330,43770,43,충청북도,770,음성군,330,맹동면,1,0.0,0.0,0.0,0.0,0.0,0.0,0.0,0.0,0.0,0.0,0.0,0.0,0.0,0.0,0.0,0.0,1,90.0,90.0,95.0,95.0,420.0,420.0,395.0,395.0,0.0,0.0,355.0,355.0,355.0,355.0,90.0,90.0,2,0.0,0.0,0.0,0.0,0.0,0.0,0.0,0.0,0.0,0.0,925.0,595.0,1500.0,845.0,0.0,0.0,0.0,0.0,2,36,24,30,24,0,0,6,6,25,17,19,15,3,2,3,3
43770340,43770,43,충청북도,770,음성군,340,대소면,1,0.0,0.0,0.0,0.0,0.0,0.0,0.0,0.0,0.0,0.0,0.0,0.0,0.0,0.0,0.0,0.0,1,0.0,0.0,0.0,0.0,0.0,0.0,0.0,0.0,0.0,0.0,0.0,0.0,0.0,0.0,0.0,0.0,0,0.0,0.0,0.0,0.0,0.0,0.0,0.0,0.0,0.0,0.0,0.0,0.0,0.0,0.0,0.0,0.0,0.0,0.0,1,30,30,28,28,0,0,2,2,8,8,8,8,-2,-2,2,2
43770350,43770,43,충청북도,770,음성군,350,삼성면,1,0.0,0.0,0.0,0.0,0.0,0.0,0.0,0.0,0.0,0.0,0.0,0.0,0.0,0.0,0.0,0.0,1,0.0,0.0,0.0,0.0,0.0,0.0,0.0,0.0,0.0,0.0,0.0,0.0,0.0,0.0,0.0,0.0,0,0.0,0.0,0.0,0.0,0.0,0.0,0.0,0.0,0.0,0.0,0.0,0.0,0.0,0.0,0.0,0.0,0.0,0.0,0,0,0,0,0,0,0,0,0,0,0,0,0,0,0,0,0
43770360,43770,43,충청북도,770,음성군,360,생극면,1,0.0,0.0,0.0,0.0,0.0,0.0,0.0,0.0,0.0,0.0,0.0,0.0,0.0,0.0,0.0,0.0,1,0.0,0.0,0.0,0.0,0.0,0.0,0.0,0.0,0.0,0.0,0.0,0.0,0.0,0.0,0.0,0.0,0,0.0,0.0,0.0,0.0,0.0,0.0,0.0,0.0,0.0,0.0,0.0,0.0,0.0,0.0,0.0,0.0,0.0,0.0,0,0,0,0,0,0,0,0,0,0,0,0,0,0,0,0,0
43770400,43770,43,충청북도,770,음성군,400,감곡면,0,0.0,0.0,0.0,0.0,0.0,0.0,0.0,0.0,0.0,0.0,0.0,0.0,0.0,0.0,0.0,0.0,0,0.0,0.0,0.0,0.0,0.0,0.0,0.0,0.0,0.0,0.0,0.0,0.0,0.0,0.0,0.0,0.0,1,0.0,0.0,0.0,0.0,0.0,0.0,0.0,0.0,0.0,0.0,520.0,520.0,790.0,790.0,0.0,0.0,0.0,0.0,1,26,26,19,19,0,0,7,7,8,8,8,8,0,0,0,0
43800250,43800,43,충청북도,800,단양군,250,,0,0.0,0.0,0.0,0.0,0.0,0.0,0.0,0.0,0.0,0.0,0.0,0.0,0.0,0.0,0.0,0.0,0,0.0,0.0,0.0,0.0,0.0,0.0,0.0,0.0,0.0,0.0,0.0,0.0,0.0,0.0,0.0,0.0,0,0.0,0.0,0.0,0.0,0.0,0.0,0.0,0.0,0.0,0.0,0.0,0.0,0.0,0.0,0.0,0.0,0.0,0.0,1,0,0,0,0,0,0,0,0,20,20,18,18,2,2,0,0
43800350,43800,43,충청북도,800,단양군,350,가곡면,0,0.0,0.0,0.0,0.0,0.0,0.0,0.0,0.0,0.0,0.0,0.0,0.0,0.0,0.0,0.0,0.0,0,0.0,0.0,0.0,0.0,0.0,0.0,0.0,0.0,0.0,0.0,0.0,0.0,0.0,0.0,0.0,0.0,1,0.0,0.0,0.0,0.0,0.0,0.0,0.0,0.0,0.0,0.0,585.0,585.0,590.0,590.0,0.0,0.0,0.0,0.0,1,17,17,14,14,0,0,3,3,13,13,12,12,1,1,0,0
43800370,43800,43,충청북도,800,단양군,370,적성면,1,26.6,26.6,24.7,24.7,22.8,22.8,21.0,21.0,19.1,19.1,17.2,17.2,15.4,15.4,26.6,26.6,1,0.0,0.0,0.0,0.0,0.0,0.0,0.0,0.0,0.0,0.0,0.0,0.0,0.0,0.0,0.0,0.0,0,0.0,0.0,0.0,0.0,0.0,0.0,0.0,0.0,0.0,0.0,0.0,0.0,0.0,0.0,0.0,0.0,0.0,0.0,0,0,0,0,0,0,0,0,0,0,0,0,0,0,0,0,0
44131101,44131,44,충청남도,131,천안시동남구,101,,0,0.0,0.0,0.0,0.0,0.0,0.0,0.0,0.0,0.0,0.0,0.0,0.0,0.0,0.0,0.0,0.0,0,0.0,0.0,0.0,0.0,0.0,0.0,0.0,0.0,0.0,0.0,0.0,0.0,0.0,0.0,0.0,0.0,0,0.0,0.0,0.0,0.0,0.0,0.0,0.0,0.0,0.0,0.0,0.0,0.0,0.0,0.0,0.0,0.0,0.0,0.0,1,13,13,13,13,0,0,0,0,18,18,8,8,0,0,10,10
44131103,44131,44,충청남도,131,천안시동남구,103,문화동,0,0.0,0.0,0.0,0.0,0.0,0.0,0.0,0.0,0.0,0.0,0.0,0.0,0.0,0.0,0.0,0.0,1,0.0,0.0,0.0,0.0,0.0,0.0,0.0,0.0,0.0,0.0,0.0,0.0,0.0,0.0,0.0,0.0,1,1035.0,1035.0,1035.0,1035.0,1580.0,1580.0,1580.0,1580.0,1580.0,1580.0,1580.0,1580.0,1580.0,1580.0,1035.0,1035.0,0.0,0.0,1,12,12,6,6,0,0,6,6,17,17,15,15,2,2,0,0
44131108,44131,44,충청남도,131,천안시동남구,108,구성동,1,0.0,0.0,0.0,0.0,0.0,0.0,0.0,0.0,0.0,0.0,0.0,0.0,0.0,0.0,0.0,0.0,0,0.0,0.0,0.0,0.0,0.0,0.0,0.0,0.0,0.0,0.0,0.0,0.0,0.0,0.0,0.0,0.0,0,0.0,0.0,0.0,0.0,0.0,0.0,0.0,0.0,0.0,0.0,0.0,0.0,0.0,0.0,0.0,0.0,0.0,0.0,0,0,0,0,0,0,0,0,0,0,0,0,0,0,0,0,0
44131153,44131,44,충청남도,131,천안시동남구,153,구룡동,0,0.0,0.0,0.0,0.0,0.0,0.0,0.0,0.0,0.0,0.0,0.0,0.0,0.0,0.0,0.0,0.0,1,0.0,0.0,0.0,0.0,0.0,0.0,0.0,0.0,0.0,0.0,0.0,0.0,0.0,0.0,0.0,0.0,1,0.0,0.0,0.0,0.0,0.0,0.0,0.0,0.0,0.0,0.0,0.0,0.0,0.0,0.0,0.0,0.0,0.0,0.0,1,25,25,25,25,0,0,0,0,8,8,6,6,2,2,0,0
44131310,44131,44,충청남도,131,천안시동남구,310,풍세면,1,0.0,0.0,0.0,0.0,0.0,0.0,0.0,0.0,0.0,0.0,0.0,0.0,0.0,0.0,0.0,0.0,0,0.0,0.0,0.0,0.0,0.0,0.0,0.0,0.0,0.0,0.0,0.0,0.0,0.0,0.0,0.0,0.0,0,0.0,0.0,0.0,0.0,0.0,0.0,0.0,0.0,0.0,0.0,0.0,0.0,0.0,0.0,0.0,0.0,0.0,0.0,0,0,0,0,0,0,0,0,0,0,0,0,0,0,0,0,0
44131320,44131,44,충청남도,131,천안시동남구,320,동면,0,0.0,0.0,0.0,0.0,0.0,0.0,0.0,0.0,0.0,0.0,0.0,0.0,0.0,0.0,0.0,0.0,2,0.0,0.0,0.0,0.0,0.0,0.0,0.0,0.0,0.0,0.0,495.0,495.0,0.0,0.0,0.0,0.0,2,0.0,0.0,0.0,0.0,0.0,0.0,0.0,0.0,0.0,0.0,0.0,0.0,0.0,0.0,0.0,0.0,0.0,0.0,2,47,25,35,18,8,6,4,3,15,8,8,4,3,3,4,4
44131350,44131,44,충청남도,131,천안시동남구,350,수신면,1,0.0,0.0,0.0,0.0,0.0,0.0,0.0,0.0,0.0,0.0,11.3,11.3,0.0,0.0,0.0,0.0,0,0.0,0.0,0.0,0.0,0.0,0.0,0.0,0.0,0.0,0.0,0.0,0.0,0.0,0.0,0.0,0.0,0,0.0,0.0,0.0,0.0,0.0,0.0,0.0,0.0,0.0,0.0,0.0,0.0,0.0,0.0,0.0,0.0,0.0,0.0,0,0,0,0,0,0,0,0,0,0,0,0,0,0,0,0,0
44133101,44133,44,충청남도,133,천안시서북구,101,,0,0.0,0.0,0.0,0.0,0.0,0.0,0.0,0.0,0.0,0.0,0.0,0.0,0.0,0.0,0.0,0.0,0,0.0,0.0,0.0,0.0,0.0,0.0,0.0,0.0,0.0,0.0,0.0,0.0,0.0,0.0,0.0,0.0,0,0.0,0.0,0.0,0.0,0.0,0.0,0.0,0.0,0.0,0.0,0.0,0.0,0.0,0.0,0.0,0.0,0.0,0.0,1,13,13,13,13,0,0,0,0,18,18,8,8,0,0,10,10
44133102,44133,44,충청남도,133,천안시서북구,102,,0,0.0,0.0,0.0,0.0,0.0,0.0,0.0,0.0,0.0,0.0,0.0,0.0,0.0,0.0,0.0,0.0,0,0.0,0.0,0.0,0.0,0.0,0.0,0.0,0.0,0.0,0.0,0.0,0.0,0.0,0.0,0.0,0.0,0,0.0,0.0,0.0,0.0,0.0,0.0,0.0,0.0,0.0,0.0,0.0,0.0,0.0,0.0,0.0,0.0,0.0,0.0,1,25,25,25,25,0,0,0,0,8,8,6,6,2,2,0,0
44133105,44133,44,충청남도,133,천안시서북구,105,,0,0.0,0.0,0.0,0.0,0.0,0.0,0.0,0.0,0.0,0.0,0.0,0.0,0.0,0.0,0.0,0.0,0,0.0,0.0,0.0,0.0,0.0,0.0,0.0,0.0,0.0,0.0,0.0,0.0,0.0,0.0,0.0,0.0,0,0.0,0.0,0.0,0.0,0.0,0.0,0.0,0.0,0.0,0.0,0.0,0.0,0.0,0.0,0.0,0.0,0.0,0.0,1,13,13,12,12,1,1,0,0,12,12,4,4,3,3,5,5
44133106,44133,44,충청남도,133,천안시서북구,106,차암동,1,0.0,0.0,0.0,0.0,0.0,0.0,0.0,0.0,0.0,0.0,0.0,0.0,0.0,0.0,0.0,0.0,2,0.0,0.0,0.0,0.0,0.0,0.0,0.0,0.0,0.0,0.0,0.0,0.0,0.0,0.0,0.0,0.0,2,0.0,0.0,0.0,0.0,0.0,0.0,0.0,0.0,0.0,0.0,0.0,0.0,0.0,0.0,0.0,0.0,0.0,0.0,2,48,24,45,24,0,0,3,3,20,12,14,8,4,2,2,2
44133108,44133,44,충청남도,133,천안시서북구,108,불당동,1,0.0,0.0,0.0,0.0,0.0,0.0,0.0,0.0,0.0,0.0,0.0,0.0,0.0,0.0,0.0,0.0,0,0.0,0.0,0.0,0.0,0.0,0.0,0.0,0.0,0.0,0.0,0.0,0.0,0.0,0.0,0.0,0.0,0,0.0,0.0,0.0,0.0,0.0,0.0,0.0,0.0,0.0,0.0,0.0,0.0,0.0,0.0,0.0,0.0,0.0,0.0,0,0,0,0,0,0,0,0,0,0,0,0,0,0,0,0,0
44133109,44133,44,충청남도,133,천안시서북구,109,업성동,1,0.0,0.0,0.0,0.0,0.0,0.0,0.0,0.0,0.0,0.0,0.0,0.0,0.0,0.0,0.0,0.0,0,0.0,0.0,0.0,0.0,0.0,0.0,0.0,0.0,0.0,0.0,0.0,0.0,0.0,0.0,0.0,0.0,0,0.0,0.0,0.0,0.0,0.0,0.0,0.0,0.0,0.0,0.0,0.0,0.0,0.0,0.0,0.0,0.0,0.0,0.0,0,0,0,0,0,0,0,0,0,0,0,0,0,0,0,0,0
44133110,44133,44,충청남도,133,천안시서북구,110,,0,0.0,0.0,0.0,0.0,0.0,0.0,0.0,0.0,0.0,0.0,0.0,0.0,0.0,0.0,0.0,0.0,0,0.0,0.0,0.0,0.0,0.0,0.0,0.0,0.0,0.0,0.0,0.0,0.0,0.0,0.0,0.0,0.0,0,0.0,0.0,0.0,0.0,0.0,0.0,0.0,0.0,0.0,0.0,0.0,0.0,0.0,0.0,0.0,0.0,0.0,0.0,1,12,12,6,6,0,0,6,6,17,17,15,15,2,2,0,0
44133117,44133,44,충청남도,133,천안시서북구,117,쌍용동,1,0.0,0.0,0.0,0.0,0.0,0.0,0.0,0.0,0.0,0.0,0.0,0.0,0.0,0.0,0.0,0.0,1,0.0,0.0,0.0,0.0,0.0,0.0,0.0,0.0,0.0,0.0,0.0,0.0,0.0,0.0,0.0,0.0,1,0.0,0.0,0.0,0.0,0.0,0.0,0.0,0.0,0.0,0.0,0.0,0.0,0.0,0.0,0.0,0.0,0.0,0.0,1,25,25,23,23,0,0,2,2,8,8,8,8,0,0,0,0
44133133,44133,44,충청남도,133,천안시서북구,133,두정동,0,0.0,0.0,0.0,0.0,0.0,0.0,0.0,0.0,0.0,0.0,0.0,0.0,0.0,0.0,0.0,0.0,1,0.0,0.0,0.0,0.0,0.0,0.0,0.0,0.0,0.0,0.0,0.0,0.0,0.0,0.0,0.0,0.0,1,0.0,0.0,0.0,0.0,0.0,0.0,0.0,0.0,0.0,0.0,0.0,0.0,0.0,0.0,0.0,0.0,0.0,0.0,1,27,27,27,27,0,0,0,0,12,12,11,11,0,0,1,1
44133250,44133,44,충청남도,133,천안시서북구,250,성환읍,1,0.0,0.0,0.0,0.0,0.0,0.0,0.0,0.0,0.0,0.0,0.0,0.0,0.0,0.0,0.0,0.0,0,0.0,0.0,0.0,0.0,0.0,0.0,0.0,0.0,0.0,0.0,0.0,0.0,0.0,0.0,0.0,0.0,0,0.0,0.0,0.0,0.0,0.0,0.0,0.0,0.0,0.0,0.0,0.0,0.0,0.0,0.0,0.0,0.0,0.0,0.0,2,49,27,28,16,9,7,12,8,16,8,10,6,6,4,0,0
44133253,44133,44,충청남도,133,천안시서북구,253,성거읍,0,0.0,0.0,0.0,0.0,0.0,0.0,0.0,0.0,0.0,0.0,0.0,0.0,0.0,0.0,0.0,0.0,1,0.0,0.0,0.0,0.0,0.0,0.0,0.0,0.0,0.0,0.0,490.0,490.0,0.0,0.0,0.0,0.0,1,0.0,0.0,0.0,0.0,0.0,0.0,0.0,0.0,0.0,0.0,0.0,0.0,0.0,0.0,0.0,0.0,0.0,0.0,1,24,24,24,24,0,0,0,0,12,12,4,4,2,2,6,6
44133310,44133,44,충청남도,133,천안시서북구,310,입장면,2,0.0,0.0,0.0,0.0,0.0,0.0,0.0,0.0,0.0,0.0,0.0,0.0,0.0,0.0,0.0,0.0,0,0.0,0.0,0.0,0.0,0.0,0.0,0.0,0.0,0.0,0.0,0.0,0.0,0.0,0.0,0.0,0.0,0,0.0,0.0,0.0,0.0,0.0,0.0,0.0,0.0,0.0,0.0,0.0,0.0,0.0,0.0,0.0,0.0,0.0,0.0,0,0,0,0,0,0,0,0,0,0,0,0,0,0,0,0,0
44150101,44150,44,충청남도,150,공주시,101,,0,0.0,0.0,0.0,0.0,0.0,0.0,0.0,0.0,0.0,0.0,0.0,0.0,0.0,0.0,0.0,0.0,0,0.0,0.0,0.0,0.0,0.0,0.0,0.0,0.0,0.0,0.0,0.0,0.0,0.0,0.0,0.0,0.0,0,0.0,0.0,0.0,0.0,0.0,0.0,0.0,0.0,0.0,0.0,0.0,0.0,0.0,0.0,0.0,0.0,0.0,0.0,1,11,11,6,6,0,0,5,5,12,12,6,6,0,0,6,6
44150113,44150,44,충청남도,150,공주시,113,태봉동,1,1.6,1.6,2.0,2.0,0.0,0.0,0.0,0.0,0.0,0.0,0.0,0.0,0.0,0.0,1.6,1.6,0,0.0,0.0,0.0,0.0,0.0,0.0,0.0,0.0,0.0,0.0,0.0,0.0,0.0,0.0,0.0,0.0,0,0.0,0.0,0.0,0.0,0.0,0.0,0.0,0.0,0.0,0.0,0.0,0.0,0.0,0.0,0.0,0.0,0.0,0.0,0,0,0,0,0,0,0,0,0,0,0,0,0,0,0,0,0
44150124,44150,44,충청남도,150,공주시,124,검상동,1,161.2,161.2,0.0,0.0,0.0,0.0,0.0,0.0,0.0,0.0,0.0,0.0,0.0,0.0,161.2,161.2,1,275.0,275.0,140.0,140.0,80.0,80.0,0.0,0.0,0.0,0.0,0.0,0.0,0.0,0.0,275.0,275.0,1,0.0,0.0,0.0,0.0,0.0,0.0,0.0,0.0,0.0,0.0,0.0,0.0,0.0,0.0,0.0,0.0,0.0,0.0,1,28,28,26,26,0,0,2,2,9,9,4,4,0,0,5,5
44150126,44150,44,충청남도,150,공주시,126,송선동,0,0.0,0.0,0.0,0.0,0.0,0.0,0.0,0.0,0.0,0.0,0.0,0.0,0.0,0.0,0.0,0.0,1,470.0,470.0,0.0,0.0,0.0,0.0,0.0,0.0,0.0,0.0,0.0,0.0,0.0,0.0,470.0,470.0,1,0.0,0.0,0.0,0.0,0.0,0.0,0.0,0.0,0.0,0.0,0.0,0.0,0.0,0.0,0.0,0.0,0.0,0.0,0,0,0,0,0,0,0,0,0,0,0,0,0,0,0,0,0
44150320,44150,44,충청남도,150,공주시,320,탄천면,1,0.0,0.0,0.0,0.0,0.0,0.0,0.0,0.0,0.0,0.0,0.0,0.0,0.0,0.0,0.0,0.0,0,0.0,0.0,0.0,0.0,0.0,0.0,0.0,0.0,0.0,0.0,0.0,0.0,0.0,0.0,0.0,0.0,0,0.0,0.0,0.0,0.0,0.0,0.0,0.0,0.0,0.0,0.0,0.0,0.0,0.0,0.0,0.0,0.0,0.0,0.0,0,0,0,0,0,0,0,0,0,0,0,0,0,0,0,0,0
44150340,44150,44,충청남도,150,공주시,340,사곡면,0,0.0,0.0,0.0,0.0,0.0,0.0,0.0,0.0,0.0,0.0,0.0,0.0,0.0,0.0,0.0,0.0,1,0.0,0.0,0.0,0.0,0.0,0.0,0.0,0.0,0.0,0.0,0.0,0.0,0.0,0.0,0.0,0.0,1,0.0,0.0,0.0,0.0,0.0,0.0,0.0,0.0,0.0,0.0,0.0,0.0,0.0,0.0,0.0,0.0,0.0,0.0,1,27,27,7,7,0,0,20,20,8,8,4,4,0,0,4,4
44180102,44180,44,충청남도,180,보령시,102,,0,0.0,0.0,0.0,0.0,0.0,0.0,0.0,0.0,0.0,0.0,0.0,0.0,0.0,0.0,0.0,0.0,0,0.0,0.0,0.0,0.0,0.0,0.0,0.0,0.0,0.0,0.0,0.0,0.0,0.0,0.0,0.0,0.0,0,0.0,0.0,0.0,0.0,0.0,0.0,0.0,0.0,0.0,0.0,0.0,0.0,0.0,0.0,0.0,0.0,0.0,0.0,1,11,11,6,6,0,0,5,5,12,12,6,6,0,0,6,6
44180107,44180,44,충청남도,180,보령시,107,내항동,0,0.0,0.0,0.0,0.0,0.0,0.0,0.0,0.0,0.0,0.0,0.0,0.0,0.0,0.0,0.0,0.0,1,690.0,690.0,680.0,680.0,475.0,475.0,520.0,520.0,495.0,495.0,680.0,680.0,640.0,640.0,690.0,690.0,1,0.0,0.0,0.0,0.0,0.0,0.0,0.0,0.0,0.0,0.0,0.0,0.0,0.0,0.0,0.0,0.0,0.0,0.0,0,0,0,0,0,0,0,0,0,0,0,0,0,0,0,0,0
44180129,44180,44,충청남도,180,보령시,129,화산동,1,0.0,0.0,0.0,0.0,0.0,0.0,0.0,0.0,0.0,0.0,0.0,0.0,0.0,0.0,0.0,0.0,0,0.0,0.0,0.0,0.0,0.0,0.0,0.0,0.0,0.0,0.0,0.0,0.0,0.0,0.0,0.0,0.0,0,0.0,0.0,0.0,0.0,0.0,0.0,0.0,0.0,0.0,0.0,0.0,0.0,0.0,0.0,0.0,0.0,0.0,0.0,0,0,0,0,0,0,0,0,0,0,0,0,0,0,0,0,0
44180310,44180,44,충청남도,180,보령시,310,고남면,0,0.0,0.0,0.0,0.0,0.0,0.0,0.0,0.0,0.0,0.0,0.0,0.0,0.0,0.0,0.0,0.0,1,0.0,0.0,0.0,0.0,0.0,0.0,0.0,0.0,0.0,0.0,0.0,0.0,0.0,0.0,0.0,0.0,1,0.0,0.0,0.0,0.0,0.0,0.0,0.0,0.0,0.0,0.0,0.0,0.0,0.0,0.0,0.0,0.0,15.0,15.0,1,26,26,19,19,2,2,5,5,8,8,6,6,0,0,2,2
44180320,44180,44,충청남도,180,보령시,320,오천면,0,0.0,0.0,0.0,0.0,0.0,0.0,0.0,0.0,0.0,0.0,0.0,0.0,0.0,0.0,0.0,0.0,0,0.0,0.0,0.0,0.0,0.0,0.0,0.0,0.0,0.0,0.0,0.0,0.0,0.0,0.0,0.0,0.0,2,0.0,0.0,0.0,0.0,0.0,0.0,0.0,0.0,0.0,0.0,0.0,0.0,0.0,0.0,0.0,0.0,1720.0,1720.0,0,0,0,0,0,0,0,0,0,0,0,0,0,0,0,0,0
44180360,44180,44,충청남도,180,보령시,360,남포면,1,77.7,77.7,75.6,75.6,73.4,73.4,67.1,67.1,63.6,63.6,60.2,60.2,56.8,56.8,77.7,77.7,0,0.0,0.0,0.0,0.0,0.0,0.0,0.0,0.0,0.0,0.0,0.0,0.0,0.0,0.0,0.0,0.0,0,0.0,0.0,0.0,0.0,0.0,0.0,0.0,0.0,0.0,0.0,0.0,0.0,0.0,0.0,0.0,0.0,0.0,0.0,0,0,0,0,0,0,0,0,0,0,0,0,0,0,0,0,0
44200111,44200,44,충청남도,200,아산시,111,풍기동,1,0.0,0.0,0.0,0.0,0.0,0.0,0.0,0.0,0.0,0.0,0.0,0.0,0.0,0.0,0.0,0.0,0,0.0,0.0,0.0,0.0,0.0,0.0,0.0,0.0,0.0,0.0,0.0,0.0,0.0,0.0,0.0,0.0,0,0.0,0.0,0.0,0.0,0.0,0.0,0.0,0.0,0.0,0.0,0.0,0.0,0.0,0.0,0.0,0.0,0.0,0.0,0,0,0,0,0,0,0,0,0,0,0,0,0,0,0,0,0
44200253,44200,44,충청남도,200,아산시,253,배방읍,0,0.0,0.0,0.0,0.0,0.0,0.0,0.0,0.0,0.0,0.0,0.0,0.0,0.0,0.0,0.0,0.0,1,0.0,0.0,0.0,0.0,0.0,0.0,0.0,0.0,0.0,0.0,0.0,0.0,0.0,0.0,0.0,0.0,1,0.0,0.0,0.0,0.0,0.0,0.0,0.0,0.0,0.0,0.0,0.0,0.0,0.0,0.0,0.0,0.0,0.0,0.0,0,0,0,0,0,0,0,0,0,0,0,0,0,0,0,0,0
44200310,44200,44,충청남도,200,아산시,310,송악면,0,0.0,0.0,0.0,0.0,0.0,0.0,0.0,0.0,0.0,0.0,0.0,0.0,0.0,0.0,0.0,0.0,1,0.0,0.0,60.0,60.0,110.0,110.0,0.0,0.0,0.0,0.0,0.0,0.0,0.0,0.0,0.0,0.0,1,0.0,0.0,0.0,0.0,0.0,0.0,0.0,0.0,0.0,0.0,0.0,0.0,0.0,0.0,0.0,0.0,1200.0,1200.0,1,13,13,13,13,0,0,0,0,18,18,8,8,0,0,10,10
44200330,44200,44,충청남도,200,아산시,330,탕정면,2,0.0,0.0,0.0,0.0,0.0,0.0,0.0,0.0,0.0,0.0,0.0,0.0,0.0,0.0,0.0,0.0,1,0.0,0.0,0.0,0.0,0.0,0.0,0.0,0.0,0.0,0.0,0.0,0.0,0.0,0.0,0.0,0.0,2,0.0,0.0,0.0,0.0,0.0,0.0,0.0,0.0,0.0,0.0,0.0,0.0,0.0,0.0,0.0,0.0,0.0,0.0,2,26,26,23,23,1,1,2,2,28,16,25,14,3,2,0,0
44200350,44200,44,충청남도,200,아산시,350,음봉면,2,0.0,0.0,0.0,0.0,0.0,0.0,0.0,0.0,0.0,0.0,0.0,0.0,0.0,0.0,0.0,0.0,1,0.0,0.0,0.0,0.0,0.0,0.0,0.0,0.0,0.0,0.0,0.0,0.0,0.0,0.0,0.0,0.0,1,0.0,0.0,0.0,0.0,0.0,0.0,0.0,0.0,0.0,0.0,0.0,0.0,0.0,0.0,0.0,0.0,0.0,0.0,0,0,0,0,0,0,0,0,0,0,0,0,0,0,0,0,0
44200360,44200,44,충청남도,200,아산시,360,둔포면,0,0.0,0.0,0.0,0.0,0.0,0.0,0.0,0.0,0.0,0.0,0.0,0.0,0.0,0.0,0.0,0.0,2,0.0,0.0,0.0,0.0,0.0,0.0,0.0,0.0,0.0,0.0,0.0,0.0,0.0,0.0,0.0,0.0,2,0.0,0.0,0.0,0.0,0.0,0.0,0.0,0.0,0.0,0.0,0.0,0.0,0.0,0.0,0.0,0.0,19.8,19.8,2,47,25,34,18,7,5,6,4,16,8,10,6,2,2,4,4
44200370,44200,44,충청남도,200,아산시,370,영인면,2,0.0,0.0,0.0,0.0,0.0,0.0,0.0,0.0,0.0,0.0,0.0,0.0,0.0,0.0,0.0,0.0,1,0.0,0.0,0.0,0.0,0.0,0.0,0.0,0.0,0.0,0.0,0.0,0.0,0.0,0.0,0.0,0.0,1,0.0,0.0,0.0,0.0,0.0,0.0,0.0,0.0,0.0,0.0,0.0,0.0,0.0,0.0,0.0,0.0,0.0,0.0,1,13,13,12,12,1,1,0,0,12,12,4,4,3,3,5,5
44200380,44200,44,충청남도,200,아산시,380,인주면,1,0.0,0.0,0.0,0.0,0.0,0.0,0.0,0.0,0.0,0.0,0.0,0.0,0.0,0.0,0.0,0.0,0,0.0,0.0,0.0,0.0,0.0,0.0,0.0,0.0,0.0,0.0,0.0,0.0,0.0,0.0,0.0,0.0,0,0.0,0.0,0.0,0.0,0.0,0.0,0.0,0.0,0.0,0.0,0.0,0.0,0.0,0.0,0.0,0.0,0.0,0.0,0,0,0,0,0,0,0,0,0,0,0,0,0,0,0,0,0
44200390,44200,44,충청남도,200,아산시,390,선장면,1,0.0,0.0,0.0,0.0,0.0,0.0,0.0,0.0,0.0,0.0,0.0,0.0,0.0,0.0,0.0,0.0,3,15.0,15.0,20.0,20.0,75.0,75.0,0.0,0.0,0.0,0.0,0.0,0.0,0.0,0.0,15.0,15.0,3,0.0,0.0,0.0,0.0,0.0,0.0,0.0,0.0,0.0,0.0,0.0,0.0,0.0,0.0,0.0,0.0,19.8,19.8,1,22,22,18,18,4,4,0,0,7,7,6,6,0,0,1,1
44200400,44200,44,충청남도,200,아산시,400,도고면,0,0.0,0.0,0.0,0.0,0.0,0.0,0.0,0.0,0.0,0.0,0.0,0.0,0.0,0.0,0.0,0.0,2,0.0,0.0,0.0,0.0,0.0,0.0,0.0,0.0,0.0,0.0,0.0,0.0,0.0,0.0,0.0,0.0,2,0.0,0.0,0.0,0.0,0.0,0.0,0.0,0.0,0.0,0.0,0.0,0.0,0.0,0.0,0.0,0.0,0.0,0.0,0,0,0,0,0,0,0,0,0,0,0,0,0,0,0,0,0
44200410,44200,44,충청남도,200,아산시,410,신창면,2,15.0,15.0,20.0,20.0,75.0,75.0,0.0,0.0,0.0,0.0,0.0,0.0,0.0,0.0,15.0,15.0,0,0.0,0.0,0.0,0.0,0.0,0.0,0.0,0.0,0.0,0.0,0.0,0.0,0.0,0.0,0.0,0.0,0,0.0,0.0,0.0,0.0,0.0,0.0,0.0,0.0,0.0,0.0,0.0,0.0,0.0,0.0,0.0,0.0,0.0,0.0,0,0,0,0,0,0,0,0,0,0,0,0,0,0,0,0,0
44210104,44210,44,충청남도,210,서산시,104,온석동,0,0.0,0.0,0.0,0.0,0.0,0.0,0.0,0.0,0.0,0.0,0.0,0.0,0.0,0.0,0.0,0.0,1,745.0,745.0,720.0,720.0,835.0,835.0,750.0,750.0,775.0,775.0,780.0,780.0,755.0,755.0,745.0,745.0,1,0.0,0.0,0.0,0.0,0.0,0.0,0.0,0.0,0.0,0.0,0.0,0.0,0.0,0.0,0.0,0.0,0.0,0.0,1,24,24,21,21,1,1,2,2,12,12,10,10,-4,-4,6,6
44210109,44210,44,충청남도,210,서산시,109,예천동,0,0.0,0.0,0.0,0.0,0.0,0.0,0.0,0.0,0.0,0.0,0.0,0.0,0.0,0.0,0.0,0.0,1,0.0,0.0,390.0,390.0,375.0,375.0,345.0,345.0,0.0,0.0,0.0,0.0,0.0,0.0,0.0,0.0,1,0.0,0.0,0.0,0.0,0.0,0.0,0.0,0.0,0.0,0.0,0.0,0.0,0.0,0.0,0.0,0.0,90.0,90.0,1,14,14,8,8,1,1,5,5,18,18,5,5,2,2,11,11
44210112,44210,44,충청남도,210,서산시,112,오남동,1,9.7,9.7,5.6,5.6,1.4,1.4,16.4,16.4,13.1,13.1,9.9,9.9,6.7,6.7,9.7,9.7,0,0.0,0.0,0.0,0.0,0.0,0.0,0.0,0.0,0.0,0.0,0.0,0.0,0.0,0.0,0.0,0.0,0,0.0,0.0,0.0,0.0,0.0,0.0,0.0,0.0,0.0,0.0,0.0,0.0,0.0,0.0,0.0,0.0,0.0,0.0,0,0,0,0,0,0,0,0,0,0,0,0,0,0,0,0,0
44210250,44210,44,충청남도,210,서산시,250,대산읍,1,0.0,0.0,0.0,0.0,0.0,0.0,0.0,0.0,0.0,0.0,0.0,0.0,0.0,0.0,0.0,0.0,1,0.0,0.0,0.0,0.0,0.0,0.0,0.0,0.0,0.0,0.0,0.0,0.0,0.0,0.0,0.0,0.0,1,0.0,0.0,0.0,0.0,0.0,0.0,0.0,0.0,0.0,0.0,0.0,0.0,0.0,0.0,0.0,0.0,320.0,320.0,1,23,23,21,21,0,0,2,2,16,16,16,16,0,0,0,0
44210310,44210,44,충청남도,210,서산시,310,,0,0.0,0.0,0.0,0.0,0.0,0.0,0.0,0.0,0.0,0.0,0.0,0.0,0.0,0.0,0.0,0.0,0,0.0,0.0,0.0,0.0,0.0,0.0,0.0,0.0,0.0,0.0,0.0,0.0,0.0,0.0,0.0,0.0,0,0.0,0.0,0.0,0.0,0.0,0.0,0.0,0.0,0.0,0.0,0.0,0.0,0.0,0.0,0.0,0.0,0.0,0.0,1,26,26,17,17,9,9,0,0,10,10,6,6,2,2,2,2
44210320,44210,44,충청남도,210,서산시,320,부석면,1,0.0,0.0,0.0,0.0,0.0,0.0,0.0,0.0,0.0,0.0,165.6,165.6,165.6,165.6,0.0,0.0,1,0.0,0.0,0.0,0.0,0.0,0.0,0.0,0.0,0.0,0.0,1150.0,1150.0,1100.0,1100.0,0.0,0.0,1,0.0,0.0,0.0,0.0,0.0,0.0,0.0,0.0,0.0,0.0,0.0,0.0,0.0,0.0,0.0,0.0,0.0,0.0,0,0,0,0,0,0,0,0,0,0,0,0,0,0,0,0,0
44210330,44210,44,충청남도,210,서산시,330,팔봉면,1,0.0,0.0,0.0,0.0,0.0,0.0,0.0,0.0,0.0,0.0,0.0,0.0,0.0,0.0,0.0,0.0,0,0.0,0.0,0.0,0.0,0.0,0.0,0.0,0.0,0.0,0.0,0.0,0.0,0.0,0.0,0.0,0.0,0,0.0,0.0,0.0,0.0,0.0,0.0,0.0,0.0,0.0,0.0,0.0,0.0,0.0,0.0,0.0,0.0,0.0,0.0,0,0,0,0,0,0,0,0,0,0,0,0,0,0,0,0,0
44210360,44210,44,충청남도,210,서산시,360,성연면,1,0.0,0.0,0.0,0.0,0.0,0.0,0.0,0.0,0.0,0.0,0.0,0.0,0.0,0.0,0.0,0.0,2,455.0,455.0,335.0,335.0,0.0,0.0,0.0,0.0,0.0,0.0,0.0,0.0,0.0,0.0,455.0,455.0,2,0.0,0.0,0.0,0.0,0.0,0.0,0.0,0.0,0.0,0.0,0.0,0.0,0.0,0.0,0.0,0.0,22.3616,22.3616,1,26,26,17,17,8,8,1,1,7,7,5,5,2,2,0,0
44210390,44210,44,충청남도,210,서산시,390,해미면,1,113.7,113.7,112.4,112.4,111.2,111.2,109.9,109.9,108.7,108.7,107.5,107.5,106.3,106.3,113.7,113.7,0,0.0,0.0,0.0,0.0,0.0,0.0,0.0,0.0,0.0,0.0,0.0,0.0,0.0,0.0,0.0,0.0,0,0.0,0.0,0.0,0.0,0.0,0.0,0.0,0.0,0.0,0.0,0.0,0.0,0.0,0.0,0.0,0.0,0.0,0.0,0,0,0,0,0,0,0,0,0,0,0,0,0,0,0,0,0
44210400,44210,44,충청남도,210,서산시,400,고북면,0,0.0,0.0,0.0,0.0,0.0,0.0,0.0,0.0,0.0,0.0,0.0,0.0,0.0,0.0,0.0,0.0,1,405.0,405.0,825.0,825.0,810.0,810.0,900.0,900.0,865.0,865.0,645.0,645.0,655.0,655.0,405.0,405.0,1,0.0,0.0,0.0,0.0,0.0,0.0,0.0,0.0,0.0,0.0,0.0,0.0,0.0,0.0,0.0,0.0,0.0,0.0,1,27,27,9,9,2,2,16,16,8,8,2,2,4,4,2,2
44230101,44230,44,충청남도,230,논산시,101,화지동,0,0.0,0.0,0.0,0.0,0.0,0.0,0.0,0.0,0.0,0.0,0.0,0.0,0.0,0.0,0.0,0.0,1,0.0,0.0,0.0,0.0,0.0,0.0,0.0,0.0,0.0,0.0,0.0,0.0,0.0,0.0,0.0,0.0,1,0.0,0.0,0.0,0.0,0.0,0.0,0.0,0.0,0.0,0.0,0.0,0.0,0.0,0.0,0.0,0.0,0.0,0.0,1,9,9,0,0,6,6,3,3,16,16,10,10,0,0,6,6
44230105,44230,44,충청남도,230,논산시,105,취암동,1,44.3,44.3,21.5,21.5,18.8,18.8,16.1,16.1,13.5,13.5,10.9,10.9,8.3,8.3,44.3,44.3,0,0.0,0.0,0.0,0.0,0.0,0.0,0.0,0.0,0.0,0.0,0.0,0.0,0.0,0.0,0.0,0.0,0,0.0,0.0,0.0,0.0,0.0,0.0,0.0,0.0,0.0,0.0,0.0,0.0,0.0,0.0,0.0,0.0,0.0,0.0,0,0,0,0,0,0,0,0,0,0,0,0,0,0,0,0,0
44230110,44230,44,충청남도,230,논산시,110,강산동,0,0.0,0.0,0.0,0.0,0.0,0.0,0.0,0.0,0.0,0.0,0.0,0.0,0.0,0.0,0.0,0.0,1,605.0,605.0,590.0,590.0,505.0,505.0,330.0,330.0,330.0,330.0,515.0,515.0,505.0,505.0,605.0,605.0,1,0.0,0.0,0.0,0.0,0.0,0.0,0.0,0.0,0.0,0.0,0.0,0.0,0.0,0.0,0.0,0.0,0.0,0.0,1,24,24,15,15,4,4,5,5,8,8,6,6,0,0,2,2
44230253,44230,44,충청남도,230,논산시,253,연무읍,1,0.0,0.0,0.0,0.0,0.0,0.0,0.0,0.0,0.0,0.0,165.6,165.6,165.6,165.6,0.0,0.0,1,0.0,0.0,0.0,0.0,0.0,0.0,0.0,0.0,0.0,0.0,770.0,770.0,735.0,735.0,0.0,0.0,1,0.0,0.0,0.0,0.0,0.0,0.0,0.0,0.0,0.0,0.0,0.0,0.0,0.0,0.0,0.0,0.0,0.0,0.0,0,0,0,0,0,0,0,0,0,0,0,0,0,0,0,0,0
44230400,44230,44,충청남도,230,논산시,400,가야곡면,0,0.0,0.0,0.0,0.0,0.0,0.0,0.0,0.0,0.0,0.0,0.0,0.0,0.0,0.0,0.0,0.0,1,295.0,295.0,0.0,0.0,0.0,0.0,0.0,0.0,0.0,0.0,0.0,0.0,0.0,0.0,295.0,295.0,1,0.0,0.0,0.0,0.0,0.0,0.0,0.0,0.0,0.0,0.0,0.0,0.0,0.0,0.0,0.0,0.0,0.0,0.0,1,22,22,21,21,1,1,0,0,12,12,6,6,0,0,6,6
44230420,44230,44,충청남도,230,논산시,420,채운면,1,0.0,0.0,0.0,0.0,0.0,0.0,0.0,0.0,0.0,0.0,0.0,0.0,0.0,0.0,0.0,0.0,0,0.0,0.0,0.0,0.0,0.0,0.0,0.0,0.0,0.0,0.0,0.0,0.0,0.0,0.0,0.0,0.0,0,0.0,0.0,0.0,0.0,0.0,0.0,0.0,0.0,0.0,0.0,0.0,0.0,0.0,0.0,0.0,0.0,0.0,0.0,0,0,0,0,0,0,0,0,0,0,0,0,0,0,0,0,0
44250101,44250,44,충청남도,250,계룡시,101,,0,0.0,0.0,0.0,0.0,0.0,0.0,0.0,0.0,0.0,0.0,0.0,0.0,0.0,0.0,0.0,0.0,0,0.0,0.0,0.0,0.0,0.0,0.0,0.0,0.0,0.0,0.0,0.0,0.0,0.0,0.0,0.0,0.0,0,0.0,0.0,0.0,0.0,0.0,0.0,0.0,0.0,0.0,0.0,0.0,0.0,0.0,0.0,0.0,0.0,0.0,0.0,1,9,9,0,0,6,6,3,3,16,16,10,10,0,0,6,6
44250107,44250,44,충청남도,250,계룡시,107,금암동,0,0.0,0.0,0.0,0.0,0.0,0.0,0.0,0.0,0.0,0.0,0.0,0.0,0.0,0.0,0.0,0.0,1,0.0,0.0,0.0,0.0,0.0,0.0,0.0,0.0,0.0,0.0,0.0,0.0,0.0,0.0,0.0,0.0,1,0.0,0.0,0.0,0.0,0.0,0.0,0.0,0.0,0.0,0.0,0.0,0.0,0.0,0.0,0.0,0.0,0.0,0.0,1,26,26,17,17,4,4,5,5,8,8,4,4,0,0,4,4
44250310,44250,44,충청남도,250,계룡시,310,두마면,1,0.0,0.0,0.0,0.0,0.0,0.0,0.0,0.0,0.0,0.0,0.0,0.0,0.0,0.0,0.0,0.0,0,0.0,0.0,0.0,0.0,0.0,0.0,0.0,0.0,0.0,0.0,0.0,0.0,0.0,0.0,0.0,0.0,0,0.0,0.0,0.0,0.0,0.0,0.0,0.0,0.0,0.0,0.0,0.0,0.0,0.0,0.0,0.0,0.0,0.0,0.0,0,0,0,0,0,0,0,0,0,0,0,0,0,0,0,0,0
44250360,44250,44,충청남도,250,계룡시,360,연산면,1,0.0,0.0,0.0,0.0,0.0,0.0,0.0,0.0,0.0,0.0,0.0,0.0,0.0,0.0,0.0,0.0,0,0.0,0.0,0.0,0.0,0.0,0.0,0.0,0.0,0.0,0.0,0.0,0.0,0.0,0.0,0.0,0.0,0,0.0,0.0,0.0,0.0,0.0,0.0,0.0,0.0,0.0,0.0,0.0,0.0,0.0,0.0,0.0,0.0,0.0,0.0,0,0,0,0,0,0,0,0,0,0,0,0,0,0,0,0,0
44270107,44270,44,충청남도,270,당진시,107,,0,0.0,0.0,0.0,0.0,0.0,0.0,0.0,0.0,0.0,0.0,0.0,0.0,0.0,0.0,0.0,0.0,0,0.0,0.0,0.0,0.0,0.0,0.0,0.0,0.0,0.0,0.0,0.0,0.0,0.0,0.0,0.0,0.0,0,0.0,0.0,0.0,0.0,0.0,0.0,0.0,0.0,0.0,0.0,0.0,0.0,0.0,0.0,0.0,0.0,0.0,0.0,1,26,26,17,17,9,9,0,0,10,10,6,6,2,2,2,2
44270109,44270,44,충청남도,270,당진시,109,용연동,0,0.0,0.0,0.0,0.0,0.0,0.0,0.0,0.0,0.0,0.0,0.0,0.0,0.0,0.0,0.0,0.0,1,165.0,165.0,165.0,165.0,165.0,165.0,280.0,280.0,290.0,290.0,290.0,290.0,290.0,290.0,165.0,165.0,1,0.0,0.0,0.0,0.0,0.0,0.0,0.0,0.0,0.0,0.0,0.0,0.0,0.0,0.0,0.0,0.0,1.0414,1.0414,1,26,26,4,4,4,4,18,18,18,18,0,0,5,5,13,13
44270153,44270,44,충청남도,270,당진시,153,,0,0.0,0.0,0.0,0.0,0.0,0.0,0.0,0.0,0.0,0.0,0.0,0.0,0.0,0.0,0.0,0.0,0,0.0,0.0,0.0,0.0,0.0,0.0,0.0,0.0,0.0,0.0,0.0,0.0,0.0,0.0,0.0,0.0,0,0.0,0.0,0.0,0.0,0.0,0.0,0.0,0.0,0.0,0.0,0.0,0.0,0.0,0.0,0.0,0.0,0.0,0.0,1,14,14,8,8,1,1,5,5,18,18,5,5,2,2,11,11
44270250,44270,44,충청남도,270,당진시,250,합덕읍,1,0.0,0.0,62.5,62.5,55.4,55.4,48.8,48.8,0.0,0.0,0.0,0.0,0.0,0.0,0.0,0.0,0,0.0,0.0,0.0,0.0,0.0,0.0,0.0,0.0,0.0,0.0,0.0,0.0,0.0,0.0,0.0,0.0,0,0.0,0.0,0.0,0.0,0.0,0.0,0.0,0.0,0.0,0.0,0.0,0.0,0.0,0.0,0.0,0.0,0.0,0.0,0,0,0,0,0,0,0,0,0,0,0,0,0,0,0,0,0
44270253,44270,44,충청남도,270,당진시,253,송악읍,1,15.7,15.7,10.5,10.5,6.7,6.7,1.6,1.6,0.5,0.5,0.0,0.0,0.0,0.0,15.7,15.7,0,0.0,0.0,0.0,0.0,0.0,0.0,0.0,0.0,0.0,0.0,0.0,0.0,0.0,0.0,0.0,0.0,1,0.0,0.0,0.0,0.0,0.0,0.0,0.0,0.0,0.0,0.0,0.0,0.0,0.0,0.0,0.0,0.0,0.0,0.0,1,0,0,0,0,0,0,0,0,8,8,0,0,1,1,7,7
44270310,44270,44,충청남도,270,당진시,310,고대면,0,0.0,0.0,0.0,0.0,0.0,0.0,0.0,0.0,0.0,0.0,0.0,0.0,0.0,0.0,0.0,0.0,1,0.0,0.0,0.0,0.0,0.0,0.0,0.0,0.0,0.0,0.0,0.0,0.0,75.0,75.0,0.0,0.0,1,0.0,0.0,0.0,0.0,0.0,0.0,0.0,0.0,0.0,0.0,0.0,0.0,0.0,0.0,0.0,0.0,10.044,10.044,1,25,25,17,17,8,8,0,0,8,8,5,5,3,3,0,0
44270320,44270,44,충청남도,270,당진시,320,석문면,1,0.0,0.0,0.0,0.0,0.0,0.0,0.0,0.0,0.0,0.0,0.0,0.0,0.0,0.0,0.0,0.0,0,0.0,0.0,0.0,0.0,0.0,0.0,0.0,0.0,0.0,0.0,0.0,0.0,0.0,0.0,0.0,0.0,1,0.0,0.0,0.0,0.0,0.0,0.0,0.0,0.0,0.0,0.0,0.0,0.0,0.0,0.0,0.0,0.0,30.1,30.1,0,0,0,0,0,0,0,0,0,0,0,0,0,0,0,0,0
44270340,44270,44,충청남도,270,당진시,340,정미면,2,0.0,0.0,0.0,0.0,0.0,0.0,0.0,0.0,0.0,0.0,0.0,0.0,0.0,0.0,0.0,0.0,1,0.0,0.0,0.0,0.0,0.0,0.0,0.0,0.0,0.0,0.0,0.0,0.0,0.0,0.0,0.0,0.0,1,0.0,0.0,0.0,0.0,0.0,0.0,0.0,0.0,0.0,0.0,0.0,0.0,0.0,0.0,0.0,0.0,0.0,0.0,1,26,26,22,22,3,3,1,1,11,11,8,8,3,3,0,0
44270360,44270,44,충청남도,270,당진시,360,순성면,0,0.0,0.0,0.0,0.0,0.0,0.0,0.0,0.0,0.0,0.0,0.0,0.0,0.0,0.0,0.0,0.0,1,525.0,525.0,425.0,425.0,440.0,440.0,410.0,410.0,450.0,450.0,425.0,425.0,425.0,425.0,525.0,525.0,1,0.0,0.0,0.0,0.0,0.0,0.0,0.0,0.0,0.0,0.0,0.0,0.0,0.0,0.0,0.0,0.0,0.0,0.0,1,23,23,18,18,5,5,0,0,12,12,5,5,2,2,5,5
44270370,44270,44,충청남도,270,당진시,370,우강면,0,0.0,0.0,0.0,0.0,0.0,0.0,0.0,0.0,0.0,0.0,0.0,0.0,0.0,0.0,0.0,0.0,1,0.0,0.0,435.0,435.0,420.0,420.0,325.0,325.0,0.0,0.0,0.0,0.0,0.0,0.0,0.0,0.0,1,0.0,0.0,0.0,0.0,0.0,0.0,0.0,0.0,0.0,0.0,0.0,0.0,0.0,0.0,0.0,0.0,40.0,40.0,1,26,26,16,16,8,8,2,2,8,8,6,6,1,1,1,1
44270390,44270,44,충청남도,270,당진시,390,송산면,1,149.3,149.3,147.3,147.3,147.3,147.3,145.3,145.3,141.2,141.2,137.2,137.2,133.2,133.2,149.3,149.3,0,0.0,0.0,0.0,0.0,0.0,0.0,0.0,0.0,0.0,0.0,0.0,0.0,0.0,0.0,0.0,0.0,0,0.0,0.0,0.0,0.0,0.0,0.0,0.0,0.0,0.0,0.0,0.0,0.0,0.0,0.0,0.0,0.0,0.0,0.0,0,0,0,0,0,0,0,0,0,0,0,0,0,0,0,0,0
44270450,44270,44,충청남도,270,당진시,450,신평면,1,0.0,0.0,0.0,0.0,0.0,0.0,0.0,0.0,0.0,0.0,0.0,0.0,0.0,0.0,0.0,0.0,0,0.0,0.0,0.0,0.0,0.0,0.0,0.0,0.0,0.0,0.0,0.0,0.0,0.0,0.0,0.0,0.0,0,0.0,0.0,0.0,0.0,0.0,0.0,0.0,0.0,0.0,0.0,0.0,0.0,0.0,0.0,0.0,0.0,0.0,0.0,0,0,0,0,0,0,0,0,0,0,0,0,0,0,0,0,0
44710250,44710,44,충청남도,710,금산군,250,금산읍,0,0.0,0.0,0.0,0.0,0.0,0.0,0.0,0.0,0.0,0.0,0.0,0.0,0.0,0.0,0.0,0.0,1,0.0,0.0,0.0,0.0,0.0,0.0,0.0,0.0,0.0,0.0,0.0,0.0,0.0,0.0,0.0,0.0,1,0.0,0.0,0.0,0.0,0.0,0.0,0.0,0.0,0.0,0.0,0.0,0.0,0.0,0.0,0.0,0.0,0.0,0.0,2,22,22,18,18,0,0,4,4,23,16,21,16,2,2,0,0
44710320,44710,44,충청남도,710,금산군,320,군북면,0,0.0,0.0,0.0,0.0,0.0,0.0,0.0,0.0,0.0,0.0,0.0,0.0,0.0,0.0,0.0,0.0,1,0.0,0.0,0.0,0.0,0.0,0.0,0.0,0.0,0.0,0.0,630.0,630.0,680.0,680.0,0.0,0.0,1,0.0,0.0,0.0,0.0,0.0,0.0,0.0,0.0,0.0,0.0,0.0,0.0,0.0,0.0,0.0,0.0,0.0,0.0,1,15,15,7,7,3,3,5,5,8,8,4,4,0,0,4,4
44710370,44710,44,충청남도,710,금산군,370,진산면,1,0.0,0.0,0.0,0.0,0.0,0.0,0.0,0.0,0.0,0.0,87.3,87.3,85.7,85.7,0.0,0.0,0,0.0,0.0,0.0,0.0,0.0,0.0,0.0,0.0,0.0,0.0,0.0,0.0,0.0,0.0,0.0,0.0,0,0.0,0.0,0.0,0.0,0.0,0.0,0.0,0.0,0.0,0.0,0.0,0.0,0.0,0.0,0.0,0.0,0.0,0.0,0,0,0,0,0,0,0,0,0,0,0,0,0,0,0,0,0
44710380,44710,44,충청남도,710,금산군,380,학산면,1,0.0,0.0,0.0,0.0,0.0,0.0,0.0,0.0,0.0,0.0,46.5,46.5,45.2,45.2,0.0,0.0,0,0.0,0.0,0.0,0.0,0.0,0.0,0.0,0.0,0.0,0.0,0.0,0.0,0.0,0.0,0.0,0.0,0,0.0,0.0,0.0,0.0,0.0,0.0,0.0,0.0,0.0,0.0,0.0,0.0,0.0,0.0,0.0,0.0,0.0,0.0,0,0,0,0,0,0,0,0,0,0,0,0,0,0,0,0,0
44760330,44760,44,충청남도,760,부여군,330,외산면,1,103.0,103.0,101.5,101.5,100.0,100.0,98.5,98.5,97.0,97.0,95.6,95.6,94.2,94.2,103.0,103.0,0,0.0,0.0,0.0,0.0,0.0,0.0,0.0,0.0,0.0,0.0,0.0,0.0,0.0,0.0,0.0,0.0,0,0.0,0.0,0.0,0.0,0.0,0.0,0.0,0.0,0.0,0.0,0.0,0.0,0.0,0.0,0.0,0.0,0.0,0.0,0,0,0,0,0,0,0,0,0,0,0,0,0,0,0,0,0
44760350,44760,44,충청남도,760,부여군,350,구룡면,0,0.0,0.0,0.0,0.0,0.0,0.0,0.0,0.0,0.0,0.0,0.0,0.0,0.0,0.0,0.0,0.0,1,615.0,615.0,680.0,680.0,545.0,545.0,335.0,335.0,335.0,335.0,495.0,495.0,730.0,730.0,615.0,615.0,1,0.0,0.0,0.0,0.0,0.0,0.0,0.0,0.0,0.0,0.0,0.0,0.0,0.0,0.0,0.0,0.0,0.0,0.0,1,24,24,16,16,3,3,5,5,12,12,4,4,0,0,8,8
44760390,44760,44,충청남도,760,부여군,390,충화면,0,0.0,0.0,0.0,0.0,0.0,0.0,0.0,0.0,0.0,0.0,0.0,0.0,0.0,0.0,0.0,0.0,0,0.0,0.0,0.0,0.0,0.0,0.0,0.0,0.0,0.0,0.0,0.0,0.0,0.0,0.0,0.0,0.0,1,0.0,0.0,0.0,0.0,0.0,0.0,0.0,0.0,0.0,0.0,0.0,0.0,0.0,0.0,0.0,0.0,0.0,0.0,1,0,0,0,0,0,0,0,0,16,16,16,16,0,0,0,0
44760410,44760,44,충청남도,760,부여군,410,임천면,0,0.0,0.0,0.0,0.0,0.0,0.0,0.0,0.0,0.0,0.0,0.0,0.0,0.0,0.0,0.0,0.0,1,425.0,425.0,475.0,475.0,600.0,600.0,455.0,455.0,440.0,440.0,715.0,715.0,605.0,605.0,425.0,425.0,1,0.0,0.0,0.0,0.0,0.0,0.0,0.0,0.0,0.0,0.0,0.0,0.0,0.0,0.0,0.0,0.0,0.0,0.0,1,27,27,15,15,0,0,12,12,8,8,6,6,0,0,2,2
44760450,44760,44,충청남도,760,부여군,450,초촌면,1,48.2,48.2,44.4,44.4,40.5,40.5,36.8,36.8,32.2,32.2,27.9,27.9,23.6,23.6,48.2,48.2,0,0.0,0.0,0.0,0.0,0.0,0.0,0.0,0.0,0.0,0.0,0.0,0.0,0.0,0.0,0.0,0.0,0,0.0,0.0,0.0,0.0,0.0,0.0,0.0,0.0,0.0,0.0,0.0,0.0,0.0,0.0,0.0,0.0,0.0,0.0,0,0,0,0,0,0,0,0,0,0,0,0,0,0,0,0,0
44770250,44770,44,충청남도,770,서천군,250,,0,0.0,0.0,0.0,0.0,0.0,0.0,0.0,0.0,0.0,0.0,0.0,0.0,0.0,0.0,0.0,0.0,0,0.0,0.0,0.0,0.0,0.0,0.0,0.0,0.0,0.0,0.0,0.0,0.0,0.0,0.0,0.0,0.0,0,0.0,0.0,0.0,0.0,0.0,0.0,0.0,0.0,0.0,0.0,0.0,0.0,0.0,0.0,0.0,0.0,0.0,0.0,1,0,0,0,0,0,0,0,0,16,16,16,16,0,0,0,0
44770310,44770,44,충청남도,770,서천군,310,마서면,1,0.0,0.0,0.0,0.0,44.5,44.5,40.1,40.1,35.7,35.7,29.5,29.5,23.4,23.4,0.0,0.0,0,0.0,0.0,0.0,0.0,0.0,0.0,0.0,0.0,0.0,0.0,0.0,0.0,0.0,0.0,0.0,0.0,0,0.0,0.0,0.0,0.0,0.0,0.0,0.0,0.0,0.0,0.0,0.0,0.0,0.0,0.0,0.0,0.0,0.0,0.0,0,0,0,0,0,0,0,0,0,0,0,0,0,0,0,0,0
44770370,44770,44,충청남도,770,서천군,370,기산면,0,0.0,0.0,0.0,0.0,0.0,0.0,0.0,0.0,0.0,0.0,0.0,0.0,0.0,0.0,0.0,0.0,1,0.0,0.0,0.0,0.0,415.0,415.0,420.0,420.0,395.0,395.0,420.0,420.0,360.0,360.0,0.0,0.0,1,0.0,0.0,0.0,0.0,0.0,0.0,0.0,0.0,0.0,0.0,0.0,0.0,0.0,0.0,0.0,0.0,0.0,0.0,2,38,26,23,17,6,6,9,6,17,12,9,5,3,2,5,5
44790250,44790,44,충청남도,790,청양군,250,청양읍,1,0.0,0.0,0.0,0.0,0.0,0.0,0.0,0.0,0.0,0.0,0.0,0.0,0.0,0.0,0.0,0.0,0,0.0,0.0,0.0,0.0,0.0,0.0,0.0,0.0,0.0,0.0,0.0,0.0,0.0,0.0,0.0,0.0,0,0.0,0.0,0.0,0.0,0.0,0.0,0.0,0.0,0.0,0.0,0.0,0.0,0.0,0.0,0.0,0.0,0.0,0.0,1,0,0,0,0,0,0,0,0,16,16,16,16,0,0,0,0
44790390,44790,44,충청남도,790,청양군,390,남양면,0,0.0,0.0,0.0,0.0,0.0,0.0,0.0,0.0,0.0,0.0,0.0,0.0,0.0,0.0,0.0,0.0,1,0.0,0.0,0.0,0.0,0.0,0.0,0.0,0.0,0.0,0.0,0.0,0.0,0.0,0.0,0.0,0.0,1,0.0,0.0,0.0,0.0,0.0,0.0,0.0,0.0,0.0,0.0,0.0,0.0,0.0,0.0,0.0,0.0,1200.0,1200.0,1,11,11,6,6,0,0,5,5,12,12,6,6,0,0,6,6
44800250,44800,44,충청남도,800,홍성군,250,홍성읍,1,17.9,17.9,8.1,8.1,4.4,4.4,7.1,7.1,2.7,2.7,0.0,0.0,0.0,0.0,17.9,17.9,0,0.0,0.0,0.0,0.0,0.0,0.0,0.0,0.0,0.0,0.0,0.0,0.0,0.0,0.0,0.0,0.0,0,0.0,0.0,0.0,0.0,0.0,0.0,0.0,0.0,0.0,0.0,0.0,0.0,0.0,0.0,0.0,0.0,0.0,0.0,1,26,26,17,17,9,9,0,0,10,10,6,6,2,2,2,2
44800340,44800,44,충청남도,800,홍성군,340,장곡면,1,0.0,0.0,0.0,0.0,0.0,0.0,0.0,0.0,0.0,0.0,0.0,0.0,58.8,58.8,0.0,0.0,0,0.0,0.0,0.0,0.0,0.0,0.0,0.0,0.0,0.0,0.0,0.0,0.0,0.0,0.0,0.0,0.0,0,0.0,0.0,0.0,0.0,0.0,0.0,0.0,0.0,0.0,0.0,0.0,0.0,0.0,0.0,0.0,0.0,0.0,0.0,0,0,0,0,0,0,0,0,0,0,0,0,0,0,0,0,0
44800360,44800,44,충청남도,800,홍성군,360,결성면,0,0.0,0.0,0.0,0.0,0.0,0.0,0.0,0.0,0.0,0.0,0.0,0.0,0.0,0.0,0.0,0.0,1,0.0,0.0,0.0,0.0,0.0,0.0,0.0,0.0,0.0,0.0,0.0,0.0,560.0,560.0,0.0,0.0,1,0.0,0.0,0.0,0.0,0.0,0.0,0.0,0.0,0.0,0.0,0.0,0.0,0.0,0.0,0.0,0.0,0.0,0.0,1,27,27,14,14,3,3,10,10,8,8,4,4,1,1,3,3
44800380,44800,44,충청남도,800,홍성군,380,갈산면,0,0.0,0.0,0.0,0.0,0.0,0.0,0.0,0.0,0.0,0.0,0.0,0.0,0.0,0.0,0.0,0.0,1,505.0,505.0,610.0,610.0,620.0,620.0,570.0,570.0,500.0,500.0,515.0,515.0,430.0,430.0,505.0,505.0,1,0.0,0.0,0.0,0.0,0.0,0.0,0.0,0.0,0.0,0.0,0.0,0.0,0.0,0.0,0.0,0.0,0.0,0.0,1,25,25,20,20,1,1,4,4,12,12,8,8,2,2,2,2
44810250,44810,44,충청남도,810,예산군,250,예산읍,1,0.0,0.0,33.4,33.4,30.4,30.4,27.4,27.4,0.0,0.0,0.0,0.0,0.0,0.0,0.0,0.0,1,520.0,520.0,550.0,550.0,0.0,0.0,0.0,0.0,0.0,0.0,440.0,440.0,390.0,390.0,520.0,520.0,1,0.0,0.0,0.0,0.0,0.0,0.0,0.0,0.0,0.0,0.0,0.0,0.0,0.0,0.0,0.0,0.0,0.0,0.0,1,26,26,17,17,9,9,0,0,10,10,6,6,2,2,2,2
44810330,44810,44,충청남도,810,예산군,330,고덕면,0,0.0,0.0,0.0,0.0,0.0,0.0,0.0,0.0,0.0,0.0,0.0,0.0,0.0,0.0,0.0,0.0,2,255.0,255.0,90.0,45.0,160.0,80.0,400.0,200.0,185.0,185.0,210.0,210.0,170.0,170.0,255.0,255.0,2,0.0,0.0,0.0,0.0,0.0,0.0,0.0,0.0,0.0,0.0,0.0,0.0,0.0,0.0,0.0,0.0,0.0,0.0,2,46,23,38,19,2,2,6,4,20,12,12,8,0,0,8,4
44810350,44810,44,충청남도,810,예산군,350,응봉면,1,21.2,21.2,7.4,7.4,7.0,7.0,0.0,0.0,0.0,0.0,0.0,0.0,0.0,0.0,21.2,21.2,0,0.0,0.0,0.0,0.0,0.0,0.0,0.0,0.0,0.0,0.0,0.0,0.0,0.0,0.0,0.0,0.0,0,0.0,0.0,0.0,0.0,0.0,0.0,0.0,0.0,0.0,0.0,0.0,0.0,0.0,0.0,0.0,0.0,0.0,0.0,0,0,0,0,0,0,0,0,0,0,0,0,0,0,0,0,0
44810360,44810,44,충청남도,810,예산군,360,덕산면,1,165.6,165.6,165.6,165.6,0.0,0.0,0.0,0.0,0.0,0.0,101.7,101.7,91.7,91.7,165.6,165.6,0,0.0,0.0,0.0,0.0,0.0,0.0,0.0,0.0,0.0,0.0,0.0,0.0,0.0,0.0,0.0,0.0,0,0.0,0.0,0.0,0.0,0.0,0.0,0.0,0.0,0.0,0.0,0.0,0.0,0.0,0.0,0.0,0.0,0.0,0.0,0,0,0,0,0,0,0,0,0,0,0,0,0,0,0,0,0
44825253,44825,44,충청남도,825,태안군,253,안면읍,1,81.5,81.5,79.8,79.8,77.8,77.8,76.3,76.3,74.8,74.8,73.4,73.4,71.1,71.1,81.5,81.5,0,0.0,0.0,0.0,0.0,0.0,0.0,0.0,0.0,0.0,0.0,0.0,0.0,0.0,0.0,0.0,0.0,0,0.0,0.0,0.0,0.0,0.0,0.0,0.0,0.0,0.0,0.0,0.0,0.0,0.0,0.0,0.0,0.0,0.0,0.0,0,0,0,0,0,0,0,0,0,0,0,0,0,0,0,0,0
44825310,44825,44,충청남도,825,태안군,310,고남면,0,0.0,0.0,0.0,0.0,0.0,0.0,0.0,0.0,0.0,0.0,0.0,0.0,0.0,0.0,0.0,0.0,1,415.0,415.0,440.0,440.0,585.0,585.0,555.0,555.0,615.0,615.0,755.0,755.0,760.0,760.0,415.0,415.0,1,0.0,0.0,0.0,0.0,0.0,0.0,0.0,0.0,0.0,0.0,0.0,0.0,0.0,0.0,0.0,0.0,14.7,14.7,1,24,24,16,16,4,4,4,4,8,8,4,4,3,3,1,1
44825330,44825,44,충청남도,825,태안군,330,근흥면,0,0.0,0.0,0.0,0.0,0.0,0.0,0.0,0.0,0.0,0.0,0.0,0.0,0.0,0.0,0.0,0.0,1,435.0,435.0,375.0,375.0,505.0,505.0,480.0,480.0,530.0,530.0,1135.0,1135.0,1075.0,1075.0,435.0,435.0,1,0.0,0.0,0.0,0.0,0.0,0.0,0.0,0.0,0.0,0.0,0.0,0.0,0.0,0.0,0.0,0.0,64.7928,64.7928,1,26,26,17,17,9,9,0,0,10,10,6,6,2,2,2,2
44825350,44825,44,충청남도,825,태안군,350,원북면,0,0.0,0.0,0.0,0.0,0.0,0.0,0.0,0.0,0.0,0.0,0.0,0.0,0.0,0.0,0.0,0.0,0,0.0,0.0,0.0,0.0,0.0,0.0,0.0,0.0,0.0,0.0,0.0,0.0,0.0,0.0,0.0,0.0,1,0.0,0.0,0.0,0.0,0.0,0.0,0.0,0.0,0.0,0.0,0.0,0.0,0.0,0.0,0.0,0.0,1.998,1.998,0,0,0,0,0,0,0,0,0,0,0,0,0,0,0,0,0
47111101,47111,47,경상북도,111,포항시남구,101,상도동,0,0.0,0.0,0.0,0.0,0.0,0.0,0.0,0.0,0.0,0.0,0.0,0.0,0.0,0.0,0.0,0.0,0,0.0,0.0,0.0,0.0,0.0,0.0,0.0,0.0,0.0,0.0,0.0,0.0,0.0,0.0,0.0,0.0,1,0.0,0.0,0.0,0.0,0.0,0.0,0.0,0.0,0.0,0.0,2150.0,2150.0,2125.0,2125.0,0.0,0.0,60.0,60.0,1,0,0,0,0,0,0,0,0,16,16,9,9,6,6,1,1
47111109,47111,47,경상북도,111,포항시남구,109,호동,1,79.7,79.7,67.4,67.4,66.7,66.7,57.3,57.3,45.4,45.4,33.4,33.4,23.6,23.6,79.7,79.7,1,100.0,100.0,90.0,90.0,80.0,80.0,70.0,70.0,60.0,60.0,50.0,50.0,50.0,50.0,100.0,100.0,1,0.0,0.0,0.0,0.0,0.0,0.0,0.0,0.0,0.0,0.0,0.0,0.0,0.0,0.0,0.0,0.0,0.0,0.0,0,0,0,0,0,0,0,0,0,0,0,0,0,0,0,0,0
47111112,47111,47,경상북도,111,포항시남구,112,인덕동,0,0.0,0.0,0.0,0.0,0.0,0.0,0.0,0.0,0.0,0.0,0.0,0.0,0.0,0.0,0.0,0.0,0,0.0,0.0,0.0,0.0,0.0,0.0,0.0,0.0,0.0,0.0,0.0,0.0,0.0,0.0,0.0,0.0,1,0.0,0.0,0.0,0.0,0.0,0.0,0.0,0.0,0.0,0.0,290.0,290.0,295.0,295.0,0.0,0.0,145.6,145.6,0,0,0,0,0,0,0,0,0,0,0,0,0,0,0,0,0
47111138,47111,47,경상북도,111,포항시남구,138,암곡동,1,0.0,0.0,0.0,0.0,0.0,0.0,0.0,0.0,0.0,0.0,0.0,0.0,0.0,0.0,0.0,0.0,1,0.0,0.0,0.0,0.0,0.0,0.0,0.0,0.0,0.0,0.0,0.0,0.0,0.0,0.0,0.0,0.0,0,0.0,0.0,0.0,0.0,0.0,0.0,0.0,0.0,0.0,0.0,0.0,0.0,0.0,0.0,0.0,0.0,0.0,0.0,0,0,0,0,0,0,0,0,0,0,0,0,0,0,0,0,0
47111250,47111,47,경상북도,111,포항시남구,250,구룡포읍,0,0.0,0.0,0.0,0.0,0.0,0.0,0.0,0.0,0.0,0.0,0.0,0.0,0.0,0.0,0.0,0.0,0,0.0,0.0,0.0,0.0,0.0,0.0,0.0,0.0,0.0,0.0,0.0,0.0,0.0,0.0,0.0,0.0,2,1095.0,1095.0,1095.0,1095.0,1590.0,1590.0,1600.0,1600.0,1650.0,1650.0,1700.0,1700.0,1700.0,1700.0,1095.0,1095.0,86.8,86.8,2,38,20,27,16,6,4,5,5,23,15,16,11,5,3,2,1
47111253,47111,47,경상북도,111,포항시남구,253,연일읍,0,0.0,0.0,0.0,0.0,0.0,0.0,0.0,0.0,0.0,0.0,0.0,0.0,0.0,0.0,0.0,0.0,0,0.0,0.0,0.0,0.0,0.0,0.0,0.0,0.0,0.0,0.0,0.0,0.0,0.0,0.0,0.0,0.0,1,710.0,710.0,710.0,710.0,710.0,710.0,710.0,710.0,710.0,710.0,710.0,710.0,710.0,710.0,710.0,710.0,0.0,0.0,1,24,24,16,16,4,4,4,4,6,6,4,4,0,0,2,2
47111256,47111,47,경상북도,111,포항시남구,256,오천읍,1,124.1,124.1,50.0,50.0,123.1,123.1,122.4,122.4,121.7,121.7,121.0,121.0,120.3,120.3,124.1,124.1,1,155.0,155.0,50.0,50.0,435.0,435.0,445.0,445.0,470.0,470.0,550.0,550.0,605.0,605.0,155.0,155.0,0,0.0,0.0,0.0,0.0,0.0,0.0,0.0,0.0,0.0,0.0,0.0,0.0,0.0,0.0,0.0,0.0,0.0,0.0,0,0,0,0,0,0,0,0,0,0,0,0,0,0,0,0,0
47111310,47111,47,경상북도,111,포항시남구,310,대송면,1,49.8,49.8,47.8,47.8,45.9,45.9,43.9,43.9,42.0,42.0,40.0,40.0,38.1,38.1,49.8,49.8,1,585.0,585.0,415.0,415.0,580.0,580.0,610.0,610.0,625.0,625.0,670.0,670.0,670.0,670.0,585.0,585.0,2,0.0,0.0,0.0,0.0,0.0,0.0,0.0,0.0,0.0,0.0,1895.0,1315.0,1900.0,1315.0,0.0,0.0,28.8,28.8,2,32,18,28,18,0,0,4,4,23,13,11,7,1,1,11,8
47111320,47111,47,경상북도,111,포항시남구,320,동해면,1,143.6,143.6,128.6,128.6,121.6,121.6,114.6,114.6,99.6,99.6,84.6,84.6,59.0,59.0,143.6,143.6,1,100.0,100.0,90.0,90.0,80.0,80.0,70.0,70.0,60.0,60.0,50.0,50.0,50.0,50.0,100.0,100.0,0,0.0,0.0,0.0,0.0,0.0,0.0,0.0,0.0,0.0,0.0,0.0,0.0,0.0,0.0,0.0,0.0,0.0,0.0,0,0,0,0,0,0,0,0,0,0,0,0,0,0,0,0,0
47113101,47113,47,경상북도,113,포항시북구,101,,0,0.0,0.0,0.0,0.0,0.0,0.0,0.0,0.0,0.0,0.0,0.0,0.0,0.0,0.0,0.0,0.0,0,0.0,0.0,0.0,0.0,0.0,0.0,0.0,0.0,0.0,0.0,0.0,0.0,0.0,0.0,0.0,0.0,0,0.0,0.0,0.0,0.0,0.0,0.0,0.0,0.0,0.0,0.0,0.0,0.0,0.0,0.0,0.0,0.0,0.0,0.0,1,0,0,0,0,0,0,0,0,13,13,8,8,5,5,0,0
47113102,47113,47,경상북도,113,포항시북구,102,장성동,0,0.0,0.0,0.0,0.0,0.0,0.0,0.0,0.0,0.0,0.0,0.0,0.0,0.0,0.0,0.0,0.0,0,0.0,0.0,0.0,0.0,0.0,0.0,0.0,0.0,0.0,0.0,0.0,0.0,0.0,0.0,0.0,0.0,1,0.0,0.0,0.0,0.0,0.0,0.0,0.0,0.0,0.0,0.0,0.0,0.0,0.0,0.0,0.0,0.0,0.0,0.0,1,26,26,23,23,0,0,3,3,7,7,5,5,0,0,2,2
47113113,47113,47,경상북도,113,포항시북구,113,항구동,1,0.0,0.0,35.4,35.4,34.0,34.0,32.6,32.6,31.3,31.3,29.9,29.9,28.6,28.6,0.0,0.0,1,140.0,140.0,45.0,45.0,400.0,400.0,395.0,395.0,400.0,400.0,400.0,400.0,395.0,395.0,140.0,140.0,0,0.0,0.0,0.0,0.0,0.0,0.0,0.0,0.0,0.0,0.0,0.0,0.0,0.0,0.0,0.0,0.0,0.0,0.0,0,0,0,0,0,0,0,0,0,0,0,0,0,0,0,0,0
47113114,47113,47,경상북도,113,포항시북구,114,득량동,1,41.3,41.3,39.4,39.4,37.6,37.6,35.7,35.7,33.9,33.9,32.0,32.0,30.2,30.2,41.3,41.3,1,145.0,145.0,45.0,45.0,405.0,405.0,400.0,400.0,405.0,405.0,405.0,405.0,405.0,405.0,145.0,145.0,0,0.0,0.0,0.0,0.0,0.0,0.0,0.0,0.0,0.0,0.0,0.0,0.0,0.0,0.0,0.0,0.0,0.0,0.0,1,24,24,16,16,4,4,4,4,6,6,4,4,0,0,2,2
47113250,47113,47,경상북도,113,포항시북구,250,흥해읍,1,65.3,65.3,45.0,45.0,49.2,49.2,43.8,43.8,38.7,38.7,32.3,32.3,24.7,24.7,65.3,65.3,1,140.0,140.0,45.0,45.0,530.0,530.0,455.0,455.0,610.0,610.0,700.0,700.0,680.0,680.0,140.0,140.0,0,0.0,0.0,0.0,0.0,0.0,0.0,0.0,0.0,0.0,0.0,0.0,0.0,0.0,0.0,0.0,0.0,0.0,0.0,0,0,0,0,0,0,0,0,0,0,0,0,0,0,0,0,0
47113310,47113,47,경상북도,113,포항시북구,310,신광면,1,135.0,135.0,45.0,45.0,122.0,122.0,115.6,115.6,102.7,102.7,89.9,89.9,83.0,83.0,135.0,135.0,1,135.0,135.0,45.0,45.0,450.0,450.0,380.0,380.0,525.0,525.0,610.0,610.0,590.0,590.0,135.0,135.0,1,1100.0,1100.0,1100.0,1100.0,1120.0,1120.0,1125.0,1125.0,1125.0,1125.0,1130.0,1130.0,1130.0,1130.0,1100.0,1100.0,33.36,33.36,0,0,0,0,0,0,0,0,0,0,0,0,0,0,0,0,0
47113320,47113,47,경상북도,113,포항시북구,320,청하면,1,83.4,83.4,82.0,82.0,80.6,80.6,79.2,79.2,77.8,77.8,76.4,76.4,75.1,75.1,83.4,83.4,1,0.0,0.0,0.0,0.0,0.0,0.0,0.0,0.0,0.0,0.0,0.0,0.0,0.0,0.0,0.0,0.0,0,0.0,0.0,0.0,0.0,0.0,0.0,0.0,0.0,0.0,0.0,0.0,0.0,0.0,0.0,0.0,0.0,0.0,0.0,0,0,0,0,0,0,0,0,0,0,0,0,0,0,0,0,0
47113330,47113,47,경상북도,113,포항시북구,330,,0,0.0,0.0,0.0,0.0,0.0,0.0,0.0,0.0,0.0,0.0,0.0,0.0,0.0,0.0,0.0,0.0,0,0.0,0.0,0.0,0.0,0.0,0.0,0.0,0.0,0.0,0.0,0.0,0.0,0.0,0.0,0.0,0.0,0,0.0,0.0,0.0,0.0,0.0,0.0,0.0,0.0,0.0,0.0,0.0,0.0,0.0,0.0,0.0,0.0,0.0,0.0,1,18,18,16,16,2,2,0,0,15,15,11,11,3,3,1,1
47113340,47113,47,경상북도,113,포항시북구,340,기계면,0,0.0,0.0,0.0,0.0,0.0,0.0,0.0,0.0,0.0,0.0,0.0,0.0,0.0,0.0,0.0,0.0,0,0.0,0.0,0.0,0.0,0.0,0.0,0.0,0.0,0.0,0.0,0.0,0.0,0.0,0.0,0.0,0.0,1,0.0,0.0,0.0,0.0,0.0,0.0,0.0,0.0,0.0,0.0,0.0,0.0,0.0,0.0,0.0,0.0,62.0,62.0,1,21,21,14,14,4,4,3,3,10,10,6,6,4,4,0,0
47130104,47130,47,경상북도,130,경주시,104,성동동,0,0.0,0.0,0.0,0.0,0.0,0.0,0.0,0.0,0.0,0.0,0.0,0.0,0.0,0.0,0.0,0.0,0,0.0,0.0,0.0,0.0,0.0,0.0,0.0,0.0,0.0,0.0,0.0,0.0,0.0,0.0,0.0,0.0,1,0.0,0.0,0.0,0.0,0.0,0.0,0.0,0.0,0.0,0.0,0.0,0.0,0.0,0.0,0.0,0.0,43.4,43.4,1,0,0,0,0,0,0,0,0,13,13,8,8,5,5,0,0
47130105,47130,47,경상북도,130,경주시,105,,0,0.0,0.0,0.0,0.0,0.0,0.0,0.0,0.0,0.0,0.0,0.0,0.0,0.0,0.0,0.0,0.0,0,0.0,0.0,0.0,0.0,0.0,0.0,0.0,0.0,0.0,0.0,0.0,0.0,0.0,0.0,0.0,0.0,0,0.0,0.0,0.0,0.0,0.0,0.0,0.0,0.0,0.0,0.0,0.0,0.0,0.0,0.0,0.0,0.0,0.0,0.0,1,28,28,26,26,0,0,2,2,8,8,3,3,0,0,5,5
47130250,47130,47,경상북도,130,경주시,250,감포읍,0,0.0,0.0,0.0,0.0,0.0,0.0,0.0,0.0,0.0,0.0,0.0,0.0,0.0,0.0,0.0,0.0,0,0.0,0.0,0.0,0.0,0.0,0.0,0.0,0.0,0.0,0.0,0.0,0.0,0.0,0.0,0.0,0.0,1,0.0,0.0,0.0,0.0,0.0,0.0,0.0,0.0,0.0,0.0,540.0,540.0,540.0,540.0,0.0,0.0,0.0,0.0,1,14,14,10,10,3,3,1,1,12,12,2,2,2,2,8,8
47130256,47130,47,경상북도,130,경주시,256,건천읍,1,91.2,91.2,87.7,87.7,86.5,86.5,83.3,83.3,82.1,82.1,80.9,80.9,79.7,79.7,91.2,91.2,1,325.0,325.0,320.0,320.0,325.0,325.0,325.0,325.0,335.0,335.0,335.0,335.0,335.0,335.0,325.0,325.0,1,510.0,510.0,510.0,510.0,510.0,510.0,510.0,510.0,510.0,510.0,510.0,510.0,510.0,510.0,510.0,510.0,0.0,0.0,1,18,18,11,11,2,2,5,5,12,12,7,7,0,0,5,5
47130259,47130,47,경상북도,130,경주시,259,외동읍,2,0.0,0.0,0.0,0.0,0.0,0.0,0.0,0.0,48.4,39.3,45.1,38.2,42.0,37.2,0.0,0.0,2,0.0,0.0,0.0,0.0,0.0,0.0,0.0,0.0,115.0,75.0,205.0,160.0,280.0,245.0,0.0,0.0,1,265.0,265.0,935.0,935.0,935.0,935.0,935.0,935.0,935.0,935.0,935.0,935.0,935.0,935.0,265.0,265.0,0.0,0.0,1,25,25,18,18,0,0,7,7,8,8,4,4,1,1,3,3
47130310,47130,47,경상북도,130,경주시,310,,0,0.0,0.0,0.0,0.0,0.0,0.0,0.0,0.0,0.0,0.0,0.0,0.0,0.0,0.0,0.0,0.0,0,0.0,0.0,0.0,0.0,0.0,0.0,0.0,0.0,0.0,0.0,0.0,0.0,0.0,0.0,0.0,0.0,0,0.0,0.0,0.0,0.0,0.0,0.0,0.0,0.0,0.0,0.0,0.0,0.0,0.0,0.0,0.0,0.0,0.0,0.0,1,21,21,12,12,2,2,7,7,8,8,6,6,1,1,1,1
47130315,47130,47,경상북도,130,경주시,315,문무대왕면,1,122.5,122.5,121.8,121.8,121.1,121.1,120.4,120.4,119.8,119.8,119.1,119.1,118.4,118.4,122.5,122.5,1,205.0,205.0,170.0,170.0,175.0,175.0,320.0,320.0,315.0,315.0,315.0,315.0,315.0,315.0,205.0,205.0,1,0.0,0.0,0.0,0.0,0.0,0.0,0.0,0.0,0.0,0.0,290.0,290.0,290.0,290.0,0.0,0.0,0.0,0.0,1,21,21,11,11,2,2,8,8,7,7,4,4,0,0,3,3
47130340,47130,47,경상북도,130,경주시,340,강동면,1,125.3,125.3,50.0,50.0,124.5,124.5,124.1,124.1,123.7,123.7,123.4,123.4,123.0,123.0,125.3,125.3,1,0.0,0.0,0.0,0.0,0.0,0.0,0.0,0.0,0.0,0.0,0.0,0.0,0.0,0.0,0.0,0.0,1,0.0,0.0,0.0,0.0,0.0,0.0,0.0,0.0,0.0,0.0,0.0,0.0,0.0,0.0,0.0,0.0,15.0,15.0,1,14,14,7,7,2,2,5,5,10,10,4,4,6,6,0,0
47130380,47130,47,경상북도,130,경주시,380,,0,0.0,0.0,0.0,0.0,0.0,0.0,0.0,0.0,0.0,0.0,0.0,0.0,0.0,0.0,0.0,0.0,0,0.0,0.0,0.0,0.0,0.0,0.0,0.0,0.0,0.0,0.0,0.0,0.0,0.0,0.0,0.0,0.0,0,0.0,0.0,0.0,0.0,0.0,0.0,0.0,0.0,0.0,0.0,0.0,0.0,0.0,0.0,0.0,0.0,0.0,0.0,1,30,30,26,26,2,2,2,2,8,8,8,8,0,0,0,0
47150107,47150,47,경상북도,150,김천시,107,황금동,1,55.8,55.8,53.7,53.7,51.5,51.5,49.4,49.4,47.3,47.3,45.2,45.2,43.1,43.1,55.8,55.8,1,0.0,0.0,0.0,0.0,0.0,0.0,0.0,0.0,0.0,0.0,0.0,0.0,0.0,0.0,0.0,0.0,0,0.0,0.0,0.0,0.0,0.0,0.0,0.0,0.0,0.0,0.0,0.0,0.0,0.0,0.0,0.0,0.0,0.0,0.0,0,0,0,0,0,0,0,0,0,0,0,0,0,0,0,0,0
47150110,47150,47,경상북도,150,김천시,110,교동,0,0.0,0.0,0.0,0.0,0.0,0.0,0.0,0.0,0.0,0.0,0.0,0.0,0.0,0.0,0.0,0.0,0,0.0,0.0,0.0,0.0,0.0,0.0,0.0,0.0,0.0,0.0,0.0,0.0,0.0,0.0,0.0,0.0,1,0.0,0.0,0.0,0.0,0.0,0.0,0.0,0.0,0.0,0.0,0.0,0.0,0.0,0.0,0.0,0.0,0.0,0.0,0,0,0,0,0,0,0,0,0,0,0,0,0,0,0,0,0
47150250,47150,47,경상북도,150,김천시,250,아포읍,1,100.4,100.4,87.3,87.3,85.3,85.3,72.8,72.8,60.0,60.0,46.9,46.9,33.9,33.9,100.4,100.4,1,300.0,300.0,305.0,305.0,285.0,285.0,255.0,255.0,265.0,265.0,365.0,365.0,340.0,340.0,300.0,300.0,0,0.0,0.0,0.0,0.0,0.0,0.0,0.0,0.0,0.0,0.0,0.0,0.0,0.0,0.0,0.0,0.0,0.0,0.0,0,0,0,0,0,0,0,0,0,0,0,0,0,0,0,0,0
47150340,47150,47,경상북도,150,김천시,340,남면,0,0.0,0.0,0.0,0.0,0.0,0.0,0.0,0.0,0.0,0.0,0.0,0.0,0.0,0.0,0.0,0.0,0,0.0,0.0,0.0,0.0,0.0,0.0,0.0,0.0,0.0,0.0,0.0,0.0,0.0,0.0,0.0,0.0,1,820.0,820.0,820.0,820.0,820.0,820.0,840.0,840.0,855.0,855.0,880.0,880.0,890.0,890.0,820.0,820.0,0.0,0.0,1,13,13,12,12,0,0,1,1,8,8,4,4,0,0,4,4
47150350,47150,47,경상북도,150,김천시,350,감문면,0,0.0,0.0,0.0,0.0,0.0,0.0,0.0,0.0,0.0,0.0,0.0,0.0,0.0,0.0,0.0,0.0,0,0.0,0.0,0.0,0.0,0.0,0.0,0.0,0.0,0.0,0.0,0.0,0.0,0.0,0.0,0.0,0.0,1,495.0,495.0,495.0,495.0,495.0,495.0,500.0,500.0,500.0,500.0,500.0,500.0,510.0,510.0,495.0,495.0,0.0,0.0,1,19,19,15,15,3,3,1,1,12,12,6,6,0,0,6,6
47150360,47150,47,경상북도,150,김천시,360,어모면,1,68.8,68.8,64.1,64.1,57.3,57.3,49.8,49.8,41.1,41.1,31.7,31.7,19.4,19.4,68.8,68.8,1,300.0,300.0,300.0,300.0,295.0,295.0,285.0,285.0,290.0,290.0,280.0,280.0,270.0,270.0,300.0,300.0,0,0.0,0.0,0.0,0.0,0.0,0.0,0.0,0.0,0.0,0.0,0.0,0.0,0.0,0.0,0.0,0.0,0.0,0.0,0,0,0,0,0,0,0,0,0,0,0,0,0,0,0,0,0
47150390,47150,47,경상북도,150,김천시,390,감천면,0,0.0,0.0,0.0,0.0,0.0,0.0,0.0,0.0,0.0,0.0,0.0,0.0,0.0,0.0,0.0,0.0,0,0.0,0.0,0.0,0.0,0.0,0.0,0.0,0.0,0.0,0.0,0.0,0.0,0.0,0.0,0.0,0.0,1,0.0,0.0,0.0,0.0,0.0,0.0,0.0,0.0,0.0,0.0,0.0,0.0,0.0,0.0,0.0,0.0,0.0,0.0,1,14,14,12,12,0,0,2,2,8,8,6,6,2,2,0,0
47150420,47150,47,경상북도,150,김천시,420,지례면,1,118.8,118.8,117.9,117.9,117.0,117.0,116.1,116.1,115.2,115.2,114.3,114.3,113.4,113.4,118.8,118.8,1,0.0,0.0,0.0,0.0,0.0,0.0,0.0,0.0,0.0,0.0,0.0,0.0,0.0,0.0,0.0,0.0,0,0.0,0.0,0.0,0.0,0.0,0.0,0.0,0.0,0.0,0.0,0.0,0.0,0.0,0.0,0.0,0.0,0.0,0.0,0,0,0,0,0,0,0,0,0,0,0,0,0,0,0,0,0
47170122,47170,47,경상북도,170,안동시,122,태화동,1,0.0,0.0,0.0,0.0,0.0,0.0,0.0,0.0,41.6,41.6,39.6,39.6,37.6,37.6,0.0,0.0,1,0.0,0.0,0.0,0.0,0.0,0.0,0.0,0.0,0.0,0.0,0.0,0.0,0.0,0.0,0.0,0.0,0,0.0,0.0,0.0,0.0,0.0,0.0,0.0,0.0,0.0,0.0,0.0,0.0,0.0,0.0,0.0,0.0,0.0,0.0,0,0,0,0,0,0,0,0,0,0,0,0,0,0,0,0,0
47170340,47170,47,경상북도,170,안동시,340,풍천면,1,165.6,165.6,165.6,165.6,165.6,165.6,165.6,165.6,165.6,165.6,165.6,165.6,165.6,165.6,165.6,165.6,1,220.0,220.0,230.0,230.0,325.0,325.0,290.0,290.0,315.0,315.0,365.0,365.0,425.0,425.0,220.0,220.0,0,0.0,0.0,0.0,0.0,0.0,0.0,0.0,0.0,0.0,0.0,0.0,0.0,0.0,0.0,0.0,0.0,0.0,0.0,0,0,0,0,0,0,0,0,0,0,0,0,0,0,0,0,0
47170360,47170,47,경상북도,170,안동시,360,남후면,0,0.0,0.0,0.0,0.0,0.0,0.0,0.0,0.0,0.0,0.0,0.0,0.0,0.0,0.0,0.0,0.0,0,0.0,0.0,0.0,0.0,0.0,0.0,0.0,0.0,0.0,0.0,0.0,0.0,0.0,0.0,0.0,0.0,2,0.0,0.0,0.0,0.0,0.0,0.0,0.0,0.0,0.0,0.0,275.0,275.0,320.0,320.0,0.0,0.0,0.0,0.0,2,47,26,37,19,3,3,7,4,15,8,11,7,2,1,2,2
47170390,47170,47,경상북도,170,안동시,390,길안면,0,0.0,0.0,0.0,0.0,0.0,0.0,0.0,0.0,0.0,0.0,0.0,0.0,0.0,0.0,0.0,0.0,0,0.0,0.0,0.0,0.0,0.0,0.0,0.0,0.0,0.0,0.0,0.0,0.0,0.0,0.0,0.0,0.0,1,0.0,0.0,0.0,0.0,0.0,0.0,0.0,0.0,0.0,0.0,295.0,295.0,345.0,345.0,0.0,0.0,0.0,0.0,1,20,20,12,12,5,5,3,3,6,6,5,5,0,0,1,1
47170430,47170,47,경상북도,170,안동시,430,녹전면,1,0.0,0.0,0.0,0.0,0.0,0.0,0.0,0.0,107.3,107.3,106.7,106.7,106.0,106.0,0.0,0.0,1,0.0,0.0,0.0,0.0,0.0,0.0,0.0,0.0,295.0,295.0,315.0,315.0,310.0,310.0,0.0,0.0,0,0.0,0.0,0.0,0.0,0.0,0.0,0.0,0.0,0.0,0.0,0.0,0.0,0.0,0.0,0.0,0.0,0.0,0.0,1,32,32,14,14,1,1,17,17,8,8,6,6,1,1,1,1
47190105,47190,47,경상북도,190,구미시,105,구포동,0,0.0,0.0,0.0,0.0,0.0,0.0,0.0,0.0,0.0,0.0,0.0,0.0,0.0,0.0,0.0,0.0,0,0.0,0.0,0.0,0.0,0.0,0.0,0.0,0.0,0.0,0.0,0.0,0.0,0.0,0.0,0.0,0.0,1,0.0,0.0,0.0,0.0,0.0,0.0,0.0,0.0,0.0,0.0,710.0,710.0,720.0,720.0,0.0,0.0,0.0,0.0,0,0,0,0,0,0,0,0,0,0,0,0,0,0,0,0,0
47190110,47190,47,경상북도,190,구미시,110,지산동,1,0.0,0.0,0.0,0.0,32.5,32.5,30.0,30.0,27.5,27.5,25.1,25.1,22.7,22.7,0.0,0.0,1,0.0,0.0,0.0,0.0,0.0,0.0,0.0,0.0,0.0,0.0,0.0,0.0,0.0,0.0,0.0,0.0,0,0.0,0.0,0.0,0.0,0.0,0.0,0.0,0.0,0.0,0.0,0.0,0.0,0.0,0.0,0.0,0.0,0.0,0.0,0,0,0,0,0,0,0,0,0,0,0,0,0,0,0,0,0
47190113,47190,47,경상북도,190,구미시,113,공단동,0,0.0,0.0,0.0,0.0,0.0,0.0,0.0,0.0,0.0,0.0,0.0,0.0,0.0,0.0,0.0,0.0,0,0.0,0.0,0.0,0.0,0.0,0.0,0.0,0.0,0.0,0.0,0.0,0.0,0.0,0.0,0.0,0.0,3,0.0,0.0,0.0,0.0,0.0,0.0,0.0,0.0,0.0,0.0,545.0,545.0,550.0,550.0,0.0,0.0,0.0,0.0,2,45,27,41,27,2,2,2,2,23,12,21,11,2,1,0,0
47190114,47190,47,경상북도,190,구미시,114,광평동,1,0.0,0.0,0.0,0.0,49.7,49.7,47.0,47.0,45.9,45.9,44.9,44.9,43.8,43.8,0.0,0.0,1,0.0,0.0,0.0,0.0,0.0,0.0,0.0,0.0,0.0,0.0,0.0,0.0,0.0,0.0,0.0,0.0,0,0.0,0.0,0.0,0.0,0.0,0.0,0.0,0.0,0.0,0.0,0.0,0.0,0.0,0.0,0.0,0.0,0.0,0.0,0,0,0,0,0,0,0,0,0,0,0,0,0,0,0,0,0
47190115,47190,47,경상북도,190,구미시,115,사곡동,0,0.0,0.0,0.0,0.0,0.0,0.0,0.0,0.0,0.0,0.0,0.0,0.0,0.0,0.0,0.0,0.0,0,0.0,0.0,0.0,0.0,0.0,0.0,0.0,0.0,0.0,0.0,0.0,0.0,0.0,0.0,0.0,0.0,1,0.0,0.0,0.0,0.0,0.0,0.0,0.0,0.0,0.0,0.0,625.0,625.0,670.0,670.0,0.0,0.0,0.0,0.0,1,0,0,0,0,0,0,0,0,24,24,16,16,4,4,4,4
47190120,47190,47,경상북도,190,구미시,120,구평동,1,20.2,20.2,16.9,16.9,14.0,14.0,11.2,11.2,8.4,8.4,5.7,5.7,3.0,3.0,20.2,20.2,1,395.0,395.0,400.0,400.0,405.0,405.0,395.0,395.0,390.0,390.0,395.0,395.0,380.0,380.0,395.0,395.0,0,0.0,0.0,0.0,0.0,0.0,0.0,0.0,0.0,0.0,0.0,0.0,0.0,0.0,0.0,0.0,0.0,0.0,0.0,0,0,0,0,0,0,0,0,0,0,0,0,0,0,0,0,0
47190125,47190,47,경상북도,190,구미시,125,임수동,1,82.0,82.0,80.2,80.2,78.5,78.5,76.5,76.5,74.7,74.7,72.9,72.9,71.3,71.3,82.0,82.0,1,200.0,200.0,200.0,200.0,200.0,200.0,195.0,195.0,200.0,200.0,205.0,205.0,200.0,200.0,200.0,200.0,0,0.0,0.0,0.0,0.0,0.0,0.0,0.0,0.0,0.0,0.0,0.0,0.0,0.0,0.0,0.0,0.0,0.0,0.0,0,0,0,0,0,0,0,0,0,0,0,0,0,0,0,0,0
47190130,47190,47,경상북도,190,구미시,130,금전동,0,0.0,0.0,0.0,0.0,0.0,0.0,0.0,0.0,0.0,0.0,0.0,0.0,0.0,0.0,0.0,0.0,0,0.0,0.0,0.0,0.0,0.0,0.0,0.0,0.0,0.0,0.0,0.0,0.0,0.0,0.0,0.0,0.0,1,0.0,0.0,0.0,0.0,0.0,0.0,0.0,0.0,0.0,0.0,0.0,0.0,0.0,0.0,0.0,0.0,0.0,0.0,1,23,23,18,18,0,0,5,5,14,14,8,8,6,6,0,0
47190253,47190,47,경상북도,190,구미시,253,고아읍,0,0.0,0.0,0.0,0.0,0.0,0.0,0.0,0.0,0.0,0.0,0.0,0.0,0.0,0.0,0.0,0.0,0,0.0,0.0,0.0,0.0,0.0,0.0,0.0,0.0,0.0,0.0,0.0,0.0,0.0,0.0,0.0,0.0,1,0.0,0.0,0.0,0.0,0.0,0.0,0.0,0.0,0.0,0.0,0.0,0.0,0.0,0.0,0.0,0.0,0.0,0.0,1,32,32,27,27,3,3,2,2,14,14,12,12,2,2,0,0
47190256,47190,47,경상북도,190,구미시,256,산동읍,1,0.0,0.0,0.0,0.0,0.0,0.0,0.0,0.0,0.0,0.0,42.1,42.1,29.8,29.8,0.0,0.0,1,0.0,0.0,0.0,0.0,0.0,0.0,0.0,0.0,0.0,0.0,210.0,210.0,205.0,205.0,0.0,0.0,1,0.0,0.0,0.0,0.0,0.0,0.0,0.0,0.0,0.0,0.0,135.0,135.0,150.0,150.0,0.0,0.0,20.0,20.0,1,14,14,5,5,6,6,3,3,8,8,5,5,1,1,2,2
47190330,47190,47,경상북도,190,구미시,330,도개면,0,0.0,0.0,0.0,0.0,0.0,0.0,0.0,0.0,0.0,0.0,0.0,0.0,0.0,0.0,0.0,0.0,0,0.0,0.0,0.0,0.0,0.0,0.0,0.0,0.0,0.0,0.0,0.0,0.0,0.0,0.0,0.0,0.0,1,0.0,0.0,0.0,0.0,0.0,0.0,0.0,0.0,0.0,0.0,755.0,755.0,755.0,755.0,0.0,0.0,0.0,0.0,1,23,23,16,16,1,1,6,6,8,8,6,6,0,0,2,2
47190340,47190,47,경상북도,190,구미시,340,해평면,1,0.0,0.0,0.0,0.0,0.0,0.0,0.0,0.0,0.0,0.0,42.7,42.7,39.3,39.3,0.0,0.0,1,0.0,0.0,0.0,0.0,0.0,0.0,0.0,0.0,0.0,0.0,120.0,120.0,95.0,95.0,0.0,0.0,0,0.0,0.0,0.0,0.0,0.0,0.0,0.0,0.0,0.0,0.0,0.0,0.0,0.0,0.0,0.0,0.0,0.0,0.0,0,0,0,0,0,0,0,0,0,0,0,0,0,0,0,0,0
47190360,47190,47,경상북도,190,구미시,360,장천면,1,0.0,0.0,0.0,0.0,0.0,0.0,0.0,0.0,0.0,0.0,75.0,75.0,74.1,74.1,0.0,0.0,1,0.0,0.0,0.0,0.0,0.0,0.0,0.0,0.0,0.0,0.0,0.0,0.0,0.0,0.0,0.0,0.0,0,0.0,0.0,0.0,0.0,0.0,0.0,0.0,0.0,0.0,0.0,0.0,0.0,0.0,0.0,0.0,0.0,0.0,0.0,0,0,0,0,0,0,0,0,0,0,0,0,0,0,0,0,0
47190370,47190,47,경상북도,190,구미시,370,산동면,1,0.0,0.0,0.0,0.0,0.0,0.0,0.0,0.0,0.0,0.0,44.4,44.4,42.7,42.7,0.0,0.0,1,0.0,0.0,0.0,0.0,0.0,0.0,0.0,0.0,0.0,0.0,245.0,245.0,245.0,245.0,0.0,0.0,1,0.0,0.0,0.0,0.0,0.0,0.0,0.0,0.0,0.0,0.0,100.0,100.0,110.0,110.0,0.0,0.0,0.0,0.0,1,23,23,13,13,0,0,10,10,11,11,5,5,4,4,2,2
47210105,47210,47,경상북도,210,영주시,105,,0,0.0,0.0,0.0,0.0,0.0,0.0,0.0,0.0,0.0,0.0,0.0,0.0,0.0,0.0,0.0,0.0,0,0.0,0.0,0.0,0.0,0.0,0.0,0.0,0.0,0.0,0.0,0.0,0.0,0.0,0.0,0.0,0.0,0,0.0,0.0,0.0,0.0,0.0,0.0,0.0,0.0,0.0,0.0,0.0,0.0,0.0,0.0,0.0,0.0,0.0,0.0,1,15,15,15,15,0,0,0,0,9,9,4,4,0,0,5,5
47210109,47210,47,경상북도,210,영주시,109,,0,0.0,0.0,0.0,0.0,0.0,0.0,0.0,0.0,0.0,0.0,0.0,0.0,0.0,0.0,0.0,0.0,0,0.0,0.0,0.0,0.0,0.0,0.0,0.0,0.0,0.0,0.0,0.0,0.0,0.0,0.0,0.0,0.0,0,0.0,0.0,0.0,0.0,0.0,0.0,0.0,0.0,0.0,0.0,0.0,0.0,0.0,0.0,0.0,0.0,0.0,0.0,1,21,21,12,12,2,2,7,7,8,8,6,6,1,1,1,1
47210310,47210,47,경상북도,210,영주시,310,이산면,0,0.0,0.0,0.0,0.0,0.0,0.0,0.0,0.0,0.0,0.0,0.0,0.0,0.0,0.0,0.0,0.0,0,0.0,0.0,0.0,0.0,0.0,0.0,0.0,0.0,0.0,0.0,0.0,0.0,0.0,0.0,0.0,0.0,1,0.0,0.0,0.0,0.0,0.0,0.0,0.0,0.0,0.0,0.0,260.0,260.0,665.0,665.0,0.0,0.0,0.0,0.0,0,0,0,0,0,0,0,0,0,0,0,0,0,0,0,0,0
47210340,47210,47,경상북도,210,영주시,340,장수면,1,0.0,0.0,0.0,0.0,0.0,0.0,0.0,0.0,0.0,0.0,0.0,0.0,0.0,0.0,0.0,0.0,1,0.0,0.0,0.0,0.0,0.0,0.0,0.0,0.0,0.0,0.0,0.0,0.0,0.0,0.0,0.0,0.0,1,0.0,0.0,0.0,0.0,0.0,0.0,0.0,0.0,0.0,0.0,0.0,0.0,0.0,0.0,0.0,0.0,0.0,0.0,1,13,13,12,12,1,1,0,0,13,13,11,11,2,2,0,0
47210360,47210,47,경상북도,210,영주시,360,봉현면,1,0.0,0.0,0.0,0.0,0.0,0.0,0.0,0.0,0.0,0.0,165.6,165.6,165.6,165.6,0.0,0.0,1,0.0,0.0,0.0,0.0,0.0,0.0,0.0,0.0,0.0,0.0,330.0,330.0,600.0,600.0,0.0,0.0,0,0.0,0.0,0.0,0.0,0.0,0.0,0.0,0.0,0.0,0.0,0.0,0.0,0.0,0.0,0.0,0.0,0.0,0.0,0,0,0,0,0,0,0,0,0,0,0,0,0,0,0,0,0
47210380,47210,47,경상북도,210,영주시,380,단산면,0,0.0,0.0,0.0,0.0,0.0,0.0,0.0,0.0,0.0,0.0,0.0,0.0,0.0,0.0,0.0,0.0,0,0.0,0.0,0.0,0.0,0.0,0.0,0.0,0.0,0.0,0.0,0.0,0.0,0.0,0.0,0.0,0.0,1,0.0,0.0,0.0,0.0,0.0,0.0,0.0,0.0,0.0,0.0,0.0,0.0,35.0,35.0,0.0,0.0,0.0,0.0,1,28,28,23,23,1,1,4,4,12,12,9,9,0,0,3,3
47230101,47230,47,경상북도,230,영천시,101,,0,0.0,0.0,0.0,0.0,0.0,0.0,0.0,0.0,0.0,0.0,0.0,0.0,0.0,0.0,0.0,0.0,0,0.0,0.0,0.0,0.0,0.0,0.0,0.0,0.0,0.0,0.0,0.0,0.0,0.0,0.0,0.0,0.0,0,0.0,0.0,0.0,0.0,0.0,0.0,0.0,0.0,0.0,0.0,0.0,0.0,0.0,0.0,0.0,0.0,0.0,0.0,1,33,33,28,28,0,0,5,5,11,11,11,11,0,0,0,0
47230118,47230,47,경상북도,230,영천시,118,채신동,1,128.2,128.2,127.6,127.6,127.0,127.0,126.3,126.3,125.7,125.7,125.1,125.1,124.5,124.5,128.2,128.2,1,355.0,355.0,330.0,330.0,360.0,360.0,365.0,365.0,365.0,365.0,365.0,365.0,365.0,365.0,355.0,355.0,0,0.0,0.0,0.0,0.0,0.0,0.0,0.0,0.0,0.0,0.0,0.0,0.0,0.0,0.0,0.0,0.0,0.0,0.0,0,0,0,0,0,0,0,0,0,0,0,0,0,0,0,0,0
47230119,47230,47,경상북도,230,영천시,119,괴연동,0,0.0,0.0,0.0,0.0,0.0,0.0,0.0,0.0,0.0,0.0,0.0,0.0,0.0,0.0,0.0,0.0,0,0.0,0.0,0.0,0.0,0.0,0.0,0.0,0.0,0.0,0.0,0.0,0.0,0.0,0.0,0.0,0.0,1,495.0,495.0,495.0,495.0,495.0,495.0,495.0,495.0,495.0,495.0,495.0,495.0,495.0,495.0,495.0,495.0,0.0,0.0,1,16,16,7,7,0,0,9,9,12,12,4,4,0,0,8,8
47230310,47230,47,경상북도,230,영천시,310,청통면,0,0.0,0.0,0.0,0.0,0.0,0.0,0.0,0.0,0.0,0.0,0.0,0.0,0.0,0.0,0.0,0.0,0,0.0,0.0,0.0,0.0,0.0,0.0,0.0,0.0,0.0,0.0,0.0,0.0,0.0,0.0,0.0,0.0,1,1220.0,1220.0,1220.0,1220.0,1220.0,1220.0,1220.0,1220.0,1220.0,1220.0,1220.0,1220.0,1220.0,1220.0,1220.0,1220.0,0.0,0.0,2,33,21,26,18,2,2,5,3,17,9,12,8,0,0,5,4
47230330,47230,47,경상북도,230,영천시,330,화산면,1,57.0,57.0,52.6,52.6,48.2,48.2,43.8,43.8,36.1,36.1,28.4,28.4,20.8,20.8,57.0,57.0,1,710.0,710.0,680.0,680.0,690.0,690.0,690.0,690.0,670.0,670.0,665.0,665.0,650.0,650.0,710.0,710.0,0,0.0,0.0,0.0,0.0,0.0,0.0,0.0,0.0,0.0,0.0,0.0,0.0,0.0,0.0,0.0,0.0,0.0,0.0,0,0,0,0,0,0,0,0,0,0,0,0,0,0,0,0,0
47230380,47230,47,경상북도,230,영천시,380,고경면,1,0.0,0.0,73.6,73.6,73.6,73.6,73.6,73.6,73.6,73.6,73.6,73.6,73.6,73.6,0.0,0.0,1,305.0,305.0,295.0,295.0,295.0,295.0,305.0,305.0,295.0,295.0,285.0,285.0,275.0,275.0,305.0,305.0,1,500.0,500.0,505.0,505.0,505.0,505.0,505.0,505.0,510.0,510.0,510.0,510.0,515.0,515.0,500.0,500.0,0.0,0.0,1,32,32,25,25,0,0,7,7,11,11,6,6,0,0,5,5
47230390,47230,47,경상북도,230,영천시,390,북안면,1,87.1,87.1,86.2,86.2,85.3,85.3,84.4,84.4,83.6,83.6,82.7,82.7,81.9,81.9,87.1,87.1,1,410.0,410.0,350.0,350.0,395.0,395.0,430.0,430.0,445.0,445.0,500.0,500.0,520.0,520.0,410.0,410.0,0,0.0,0.0,0.0,0.0,0.0,0.0,0.0,0.0,0.0,0.0,0.0,0.0,0.0,0.0,0.0,0.0,0.0,0.0,1,21,21,12,12,2,2,7,7,8,8,6,6,1,1,1,1
47250101,47250,47,경상북도,250,상주시,101,,0,0.0,0.0,0.0,0.0,0.0,0.0,0.0,0.0,0.0,0.0,0.0,0.0,0.0,0.0,0.0,0.0,0,0.0,0.0,0.0,0.0,0.0,0.0,0.0,0.0,0.0,0.0,0.0,0.0,0.0,0.0,0.0,0.0,0,0.0,0.0,0.0,0.0,0.0,0.0,0.0,0.0,0.0,0.0,0.0,0.0,0.0,0.0,0.0,0.0,0.0,0.0,1,0,0,0,0,0,0,0,0,24,24,16,16,4,4,4,4
47250106,47250,47,경상북도,250,상주시,106,가장동,0,0.0,0.0,0.0,0.0,0.0,0.0,0.0,0.0,0.0,0.0,0.0,0.0,0.0,0.0,0.0,0.0,0,0.0,0.0,0.0,0.0,0.0,0.0,0.0,0.0,0.0,0.0,0.0,0.0,0.0,0.0,0.0,0.0,1,0.0,0.0,0.0,0.0,0.0,0.0,0.0,0.0,0.0,0.0,265.0,265.0,265.0,265.0,0.0,0.0,0.0,0.0,1,27,27,23,23,1,1,3,3,12,12,6,6,4,4,2,2
47250109,47250,47,경상북도,250,상주시,109,무양동,1,0.0,0.0,0.0,0.0,56.0,56.0,41.6,41.6,37.7,37.7,34.0,34.0,28.2,28.2,0.0,0.0,1,0.0,0.0,0.0,0.0,0.0,0.0,0.0,0.0,0.0,0.0,330.0,330.0,295.0,295.0,0.0,0.0,1,0.0,0.0,0.0,0.0,0.0,0.0,0.0,0.0,0.0,0.0,185.0,185.0,355.0,355.0,0.0,0.0,0.0,0.0,0,0,0,0,0,0,0,0,0,0,0,0,0,0,0,0,0
47250117,47250,47,경상북도,250,상주시,117,흥각동,1,0.0,0.0,0.0,0.0,0.0,0.0,0.0,0.0,0.0,0.0,131.9,131.9,131.5,131.5,0.0,0.0,1,0.0,0.0,0.0,0.0,0.0,0.0,0.0,0.0,0.0,0.0,290.0,290.0,395.0,395.0,0.0,0.0,0,0.0,0.0,0.0,0.0,0.0,0.0,0.0,0.0,0.0,0.0,0.0,0.0,0.0,0.0,0.0,0.0,0.0,0.0,0,0,0,0,0,0,0,0,0,0,0,0,0,0,0,0,0
47250118,47250,47,경상북도,250,상주시,118,거동동,0,0.0,0.0,0.0,0.0,0.0,0.0,0.0,0.0,0.0,0.0,0.0,0.0,0.0,0.0,0.0,0.0,0,0.0,0.0,0.0,0.0,0.0,0.0,0.0,0.0,0.0,0.0,0.0,0.0,0.0,0.0,0.0,0.0,1,0.0,0.0,0.0,0.0,0.0,0.0,0.0,0.0,0.0,0.0,490.0,490.0,490.0,490.0,0.0,0.0,0.0,0.0,1,25,25,12,12,0,0,13,13,12,12,5,5,2,2,5,5
47250250,47250,47,경상북도,250,상주시,250,함창읍,1,0.0,0.0,0.0,0.0,50.0,50.0,0.0,0.0,0.0,0.0,92.8,92.8,91.7,91.7,0.0,0.0,1,0.0,0.0,0.0,0.0,50.0,50.0,0.0,0.0,0.0,0.0,235.0,235.0,415.0,415.0,0.0,0.0,0,0.0,0.0,0.0,0.0,0.0,0.0,0.0,0.0,0.0,0.0,0.0,0.0,0.0,0.0,0.0,0.0,0.0,0.0,0,0,0,0,0,0,0,0,0,0,0,0,0,0,0,0,0
47250310,47250,47,경상북도,250,상주시,310,,0,0.0,0.0,0.0,0.0,0.0,0.0,0.0,0.0,0.0,0.0,0.0,0.0,0.0,0.0,0.0,0.0,0,0.0,0.0,0.0,0.0,0.0,0.0,0.0,0.0,0.0,0.0,0.0,0.0,0.0,0.0,0.0,0.0,0,0.0,0.0,0.0,0.0,0.0,0.0,0.0,0.0,0.0,0.0,0.0,0.0,0.0,0.0,0.0,0.0,0.0,0.0,1,31,31,19,19,2,2,10,10,7,7,7,7,0,0,0,0
47250370,47250,47,경상북도,250,상주시,370,내서면,0,0.0,0.0,0.0,0.0,0.0,0.0,0.0,0.0,0.0,0.0,0.0,0.0,0.0,0.0,0.0,0.0,0,0.0,0.0,0.0,0.0,0.0,0.0,0.0,0.0,0.0,0.0,0.0,0.0,0.0,0.0,0.0,0.0,1,0.0,0.0,0.0,0.0,0.0,0.0,0.0,0.0,0.0,0.0,320.0,320.0,325.0,325.0,0.0,0.0,0.0,0.0,0,0,0,0,0,0,0,0,0,0,0,0,0,0,0,0,0
47250410,47250,47,경상북도,250,상주시,410,화서면,1,0.0,0.0,0.0,0.0,0.0,0.0,0.0,0.0,0.0,0.0,142.5,142.5,142.2,142.2,0.0,0.0,1,0.0,0.0,0.0,0.0,0.0,0.0,0.0,0.0,0.0,0.0,400.0,400.0,365.0,365.0,0.0,0.0,0,0.0,0.0,0.0,0.0,0.0,0.0,0.0,0.0,0.0,0.0,0.0,0.0,0.0,0.0,0.0,0.0,0.0,0.0,0,0,0,0,0,0,0,0,0,0,0,0,0,0,0,0,0
47280109,47280,47,경상북도,280,문경시,109,공평동,0,0.0,0.0,0.0,0.0,0.0,0.0,0.0,0.0,0.0,0.0,0.0,0.0,0.0,0.0,0.0,0.0,0,0.0,0.0,0.0,0.0,0.0,0.0,0.0,0.0,0.0,0.0,0.0,0.0,0.0,0.0,0.0,0.0,1,0.0,0.0,0.0,0.0,0.0,0.0,0.0,0.0,0.0,0.0,250.0,250.0,490.0,490.0,0.0,0.0,0.0,0.0,1,31,31,19,19,2,2,10,10,7,7,7,7,0,0,0,0
47280253,47280,47,경상북도,280,문경시,253,가은읍,0,0.0,0.0,0.0,0.0,0.0,0.0,0.0,0.0,0.0,0.0,0.0,0.0,0.0,0.0,0.0,0.0,0,0.0,0.0,0.0,0.0,0.0,0.0,0.0,0.0,0.0,0.0,0.0,0.0,0.0,0.0,0.0,0.0,1,0.0,0.0,0.0,0.0,0.0,0.0,0.0,0.0,0.0,0.0,405.0,405.0,415.0,415.0,0.0,0.0,0.0,0.0,1,24,24,6,6,0,0,18,18,10,10,2,2,8,8,0,0
47280320,47280,47,경상북도,280,문경시,320,산양면,1,0.0,0.0,0.0,0.0,60.0,60.0,0.0,0.0,0.0,0.0,99.6,99.6,99.0,99.0,0.0,0.0,1,0.0,0.0,0.0,0.0,60.0,60.0,0.0,0.0,0.0,0.0,280.0,280.0,285.0,285.0,0.0,0.0,0,0.0,0.0,0.0,0.0,0.0,0.0,0.0,0.0,0.0,0.0,0.0,0.0,0.0,0.0,0.0,0.0,0.0,0.0,0,0,0,0,0,0,0,0,0,0,0,0,0,0,0,0,0
47280370,47280,47,경상북도,280,문경시,370,유천면,0,0.0,0.0,0.0,0.0,0.0,0.0,0.0,0.0,0.0,0.0,0.0,0.0,0.0,0.0,0.0,0.0,0,0.0,0.0,0.0,0.0,0.0,0.0,0.0,0.0,0.0,0.0,0.0,0.0,0.0,0.0,0.0,0.0,1,0.0,0.0,0.0,0.0,0.0,0.0,0.0,0.0,0.0,0.0,270.0,270.0,620.0,620.0,0.0,0.0,0.0,0.0,1,26,26,14,14,1,1,11,11,8,8,4,4,0,0,4,4
47290101,47290,47,경상북도,290,경산시,101,삼남동,0,0.0,0.0,0.0,0.0,0.0,0.0,0.0,0.0,0.0,0.0,0.0,0.0,0.0,0.0,0.0,0.0,0,0.0,0.0,0.0,0.0,0.0,0.0,0.0,0.0,0.0,0.0,0.0,0.0,0.0,0.0,0.0,0.0,1,0.0,0.0,0.0,0.0,0.0,0.0,0.0,0.0,0.0,0.0,0.0,0.0,0.0,0.0,0.0,0.0,0.0,0.0,1,33,33,28,28,0,0,5,5,11,11,11,11,0,0,0,0
47290127,47290,47,경상북도,290,경산시,127,금강동,0,0.0,0.0,0.0,0.0,0.0,0.0,0.0,0.0,0.0,0.0,0.0,0.0,0.0,0.0,0.0,0.0,0,0.0,0.0,0.0,0.0,0.0,0.0,0.0,0.0,0.0,0.0,0.0,0.0,0.0,0.0,0.0,0.0,1,975.0,975.0,980.0,980.0,980.0,980.0,985.0,985.0,990.0,990.0,995.0,995.0,1005.0,1005.0,975.0,975.0,0.0,0.0,1,14,14,10,10,1,1,3,3,8,8,5,5,0,0,3,3
47290128,47290,47,경상북도,290,경산시,128,갑제동,0,0.0,0.0,0.0,0.0,0.0,0.0,0.0,0.0,0.0,0.0,0.0,0.0,0.0,0.0,0.0,0.0,0,0.0,0.0,0.0,0.0,0.0,0.0,0.0,0.0,0.0,0.0,0.0,0.0,0.0,0.0,0.0,0.0,1,310.0,310.0,310.0,310.0,570.0,570.0,570.0,570.0,570.0,570.0,570.0,570.0,570.0,570.0,310.0,310.0,0.0,0.0,1,22,22,16,16,1,1,5,5,7,7,4,4,2,2,1,1
47290250,47290,47,경상북도,290,경산시,250,하양읍,1,107.9,107.9,98.8,98.8,89.4,89.4,73.3,73.3,54.7,54.7,36.5,36.5,19.5,19.5,107.9,107.9,1,655.0,655.0,670.0,670.0,680.0,680.0,680.0,680.0,660.0,660.0,655.0,655.0,640.0,640.0,655.0,655.0,1,1835.0,1835.0,1880.0,1880.0,1920.0,1920.0,1920.0,1920.0,1935.0,1935.0,1950.0,1950.0,1970.0,1970.0,1835.0,1835.0,0.0,0.0,0,0,0,0,0,0,0,0,0,0,0,0,0,0,0,0,0
47290253,47290,47,경상북도,290,경산시,253,진량읍,2,93.9,62.6,90.5,60.8,87.3,59.1,84.0,57.4,80.80000000000001,55.7,77.5,53.9,73.80000000000001,52.2,93.9,62.6,2,0.0,0.0,0.0,0.0,0.0,0.0,0.0,0.0,0.0,0.0,0.0,0.0,0.0,0.0,0.0,0.0,0,0.0,0.0,0.0,0.0,0.0,0.0,0.0,0.0,0.0,0.0,0.0,0.0,0.0,0.0,0.0,0.0,0.0,0.0,0,0,0,0,0,0,0,0,0,0,0,0,0,0,0,0,0
47290256,47290,47,경상북도,290,경산시,256,압량읍,1,105.3,105.3,96.5,96.5,90.7,90.7,85.0,85.0,78.3,78.3,68.8,68.8,59.3,59.3,105.3,105.3,1,340.0,340.0,125.0,125.0,550.0,550.0,540.0,540.0,505.0,505.0,470.0,470.0,375.0,375.0,340.0,340.0,1,0.0,0.0,0.0,0.0,0.0,0.0,0.0,0.0,0.0,0.0,0.0,0.0,0.0,0.0,0.0,0.0,0.0,0.0,1,25,25,22,22,0,0,3,3,8,8,3,3,5,5,0,0
47290310,47290,47,경상북도,290,경산시,310,와촌면,0,0.0,0.0,0.0,0.0,0.0,0.0,0.0,0.0,0.0,0.0,0.0,0.0,0.0,0.0,0.0,0.0,0,0.0,0.0,0.0,0.0,0.0,0.0,0.0,0.0,0.0,0.0,0.0,0.0,0.0,0.0,0.0,0.0,1,1125.0,1125.0,1130.0,1130.0,1135.0,1135.0,1140.0,1140.0,1145.0,1145.0,1155.0,1155.0,1160.0,1160.0,1125.0,1125.0,0.0,0.0,1,12,12,8,8,2,2,2,2,8,8,4,4,0,0,4,4
47290330,47290,47,경상북도,290,경산시,330,자인면,1,0.0,0.0,81.1,81.1,78.8,78.8,71.4,71.4,66.3,66.3,60.9,60.9,51.7,51.7,0.0,0.0,1,0.0,0.0,130.0,130.0,640.0,640.0,620.0,620.0,575.0,575.0,520.0,520.0,335.0,335.0,0.0,0.0,0,0.0,0.0,0.0,0.0,0.0,0.0,0.0,0.0,0.0,0.0,0.0,0.0,0.0,0.0,0.0,0.0,0.0,0.0,0,0,0,0,0,0,0,0,0,0,0,0,0,0,0,0,0
47730250,47730,47,경상북도,730,의성군,250,,0,0.0,0.0,0.0,0.0,0.0,0.0,0.0,0.0,0.0,0.0,0.0,0.0,0.0,0.0,0.0,0.0,0,0.0,0.0,0.0,0.0,0.0,0.0,0.0,0.0,0.0,0.0,0.0,0.0,0.0,0.0,0.0,0.0,0,0.0,0.0,0.0,0.0,0.0,0.0,0.0,0.0,0.0,0.0,0.0,0.0,0.0,0.0,0.0,0.0,0.0,0.0,1,0,0,0,0,0,0,0,0,24,24,16,16,4,4,4,4
47730320,47730,47,경상북도,730,의성군,320,점곡면,1,0.0,0.0,0.0,0.0,0.0,0.0,0.0,0.0,78.4,78.4,77.0,77.0,75.6,75.6,0.0,0.0,1,0.0,0.0,0.0,0.0,0.0,0.0,0.0,0.0,685.0,685.0,690.0,690.0,570.0,570.0,0.0,0.0,0,0.0,0.0,0.0,0.0,0.0,0.0,0.0,0.0,0.0,0.0,0.0,0.0,0.0,0.0,0.0,0.0,0.0,0.0,1,20,20,12,12,5,5,3,3,6,6,5,5,0,0,1,1
47730360,47730,47,경상북도,730,의성군,360,가음면,0,0.0,0.0,0.0,0.0,0.0,0.0,0.0,0.0,0.0,0.0,0.0,0.0,0.0,0.0,0.0,0.0,0,0.0,0.0,0.0,0.0,0.0,0.0,0.0,0.0,0.0,0.0,0.0,0.0,0.0,0.0,0.0,0.0,1,0.0,0.0,0.0,0.0,0.0,0.0,0.0,0.0,0.0,0.0,25.0,25.0,25.0,25.0,0.0,0.0,0.0,0.0,0,0,0,0,0,0,0,0,0,0,0,0,0,0,0,0,0
47730400,47730,47,경상북도,730,의성군,400,구천면,0,0.0,0.0,0.0,0.0,0.0,0.0,0.0,0.0,0.0,0.0,0.0,0.0,0.0,0.0,0.0,0.0,0,0.0,0.0,0.0,0.0,0.0,0.0,0.0,0.0,0.0,0.0,0.0,0.0,0.0,0.0,0.0,0.0,1,0.0,0.0,0.0,0.0,0.0,0.0,0.0,0.0,0.0,0.0,25.0,25.0,25.0,25.0,0.0,0.0,0.0,0.0,1,33,33,13,13,2,2,18,18,8,8,4,4,0,0,4,4
47730460,47730,47,경상북도,730,의성군,460,안평면,1,0.0,0.0,165.6,165.6,165.6,165.6,165.6,165.6,165.6,165.6,165.6,165.6,165.6,165.6,0.0,0.0,1,0.0,0.0,285.0,285.0,350.0,350.0,345.0,345.0,370.0,370.0,370.0,370.0,370.0,370.0,0.0,0.0,0,0.0,0.0,0.0,0.0,0.0,0.0,0.0,0.0,0.0,0.0,0.0,0.0,0.0,0.0,0.0,0.0,0.0,0.0,0,0,0,0,0,0,0,0,0,0,0,0,0,0,0,0,0
47730470,47730,47,경상북도,730,의성군,470,안사면,1,132.5,132.5,131.9,131.9,131.3,131.3,130.7,130.7,130.1,130.1,129.5,129.5,129.0,129.0,132.5,132.5,1,280.0,280.0,230.0,230.0,250.0,250.0,265.0,265.0,270.0,270.0,265.0,265.0,270.0,270.0,280.0,280.0,0,0.0,0.0,0.0,0.0,0.0,0.0,0.0,0.0,0.0,0.0,0.0,0.0,0.0,0.0,0.0,0.0,0.0,0.0,0,0,0,0,0,0,0,0,0,0,0,0,0,0,0,0,0
47750340,47750,47,경상북도,750,청송군,340,현서면,1,0.0,0.0,0.0,0.0,109.5,109.5,40.0,40.0,107.6,107.6,106.7,106.7,105.8,105.8,0.0,0.0,1,0.0,0.0,0.0,0.0,0.0,0.0,0.0,0.0,0.0,0.0,0.0,0.0,0.0,0.0,0.0,0.0,0,0.0,0.0,0.0,0.0,0.0,0.0,0.0,0.0,0.0,0.0,0.0,0.0,0.0,0.0,0.0,0.0,0.0,0.0,0,0,0,0,0,0,0,0,0,0,0,0,0,0,0,0,0
47760250,47760,47,경상북도,760,영양군,250,영양읍,1,0.0,0.0,0.0,0.0,165.6,165.6,165.6,165.6,165.6,165.6,165.6,165.6,165.6,165.6,0.0,0.0,1,0.0,0.0,0.0,0.0,245.0,245.0,280.0,280.0,210.0,210.0,380.0,380.0,465.0,465.0,0.0,0.0,0,0.0,0.0,0.0,0.0,0.0,0.0,0.0,0.0,0.0,0.0,0.0,0.0,0.0,0.0,0.0,0.0,0.0,0.0,0,0,0,0,0,0,0,0,0,0,0,0,0,0,0,0,0
47760320,47760,47,경상북도,760,영양군,320,청기면,0,0.0,0.0,0.0,0.0,0.0,0.0,0.0,0.0,0.0,0.0,0.0,0.0,0.0,0.0,0.0,0.0,0,0.0,0.0,0.0,0.0,0.0,0.0,0.0,0.0,0.0,0.0,0.0,0.0,0.0,0.0,0.0,0.0,1,0.0,0.0,0.0,0.0,0.0,0.0,0.0,0.0,0.0,0.0,0.0,0.0,75.0,75.0,0.0,0.0,127.0123,127.0123,0,0,0,0,0,0,0,0,0,0,0,0,0,0,0,0,0
47760340,47760,47,경상북도,760,영양군,340,,0,0.0,0.0,0.0,0.0,0.0,0.0,0.0,0.0,0.0,0.0,0.0,0.0,0.0,0.0,0.0,0.0,0,0.0,0.0,0.0,0.0,0.0,0.0,0.0,0.0,0.0,0.0,0.0,0.0,0.0,0.0,0.0,0.0,0,0.0,0.0,0.0,0.0,0.0,0.0,0.0,0.0,0.0,0.0,0.0,0.0,0.0,0.0,0.0,0.0,0.0,0.0,1,25,25,16,16,0,0,9,9,8,8,7,7,1,1,0,0
47760350,47760,47,경상북도,760,영양군,350,석보면,0,0.0,0.0,0.0,0.0,0.0,0.0,0.0,0.0,0.0,0.0,0.0,0.0,0.0,0.0,0.0,0.0,0,0.0,0.0,0.0,0.0,0.0,0.0,0.0,0.0,0.0,0.0,0.0,0.0,0.0,0.0,0.0,0.0,1,0.0,0.0,0.0,0.0,0.0,0.0,0.0,0.0,0.0,0.0,0.0,0.0,0.0,0.0,0.0,0.0,56.1,56.1,0,0,0,0,0,0,0,0,0,0,0,0,0,0,0,0,0
47770310,47770,47,경상북도,770,영덕군,310,강구면,0,0.0,0.0,0.0,0.0,0.0,0.0,0.0,0.0,0.0,0.0,0.0,0.0,0.0,0.0,0.0,0.0,0,0.0,0.0,0.0,0.0,0.0,0.0,0.0,0.0,0.0,0.0,0.0,0.0,0.0,0.0,0.0,0.0,1,0.0,0.0,0.0,0.0,0.0,0.0,0.0,0.0,0.0,0.0,0.0,0.0,650.0,650.0,0.0,0.0,49.0,49.0,1,26,26,16,16,2,2,8,8,12,12,7,7,4,4,1,1
47770350,47770,47,경상북도,770,영덕군,350,축산면,1,0.0,0.0,0.0,0.0,97.5,97.5,91.3,91.3,90.3,90.3,89.4,89.4,88.5,88.5,0.0,0.0,1,0.0,0.0,0.0,0.0,0.0,0.0,0.0,0.0,1485.0,1485.0,1535.0,1535.0,1430.0,1430.0,0.0,0.0,0,0.0,0.0,0.0,0.0,0.0,0.0,0.0,0.0,0.0,0.0,0.0,0.0,0.0,0.0,0.0,0.0,0.0,0.0,0,0,0,0,0,0,0,0,0,0,0,0,0,0,0,0,0
47820250,47820,47,경상북도,820,청도군,250,화양읍,1,77.5,77.5,76.5,76.5,75.5,75.5,74.5,74.5,73.4,73.4,72.0,72.0,70.6,70.6,77.5,77.5,1,0.0,0.0,0.0,0.0,0.0,0.0,0.0,0.0,0.0,0.0,0.0,0.0,0.0,0.0,0.0,0.0,1,1490.0,1490.0,2205.0,2205.0,2320.0,2320.0,2320.0,2320.0,2335.0,2335.0,2370.0,2370.0,2400.0,2400.0,1490.0,1490.0,0.0,0.0,1,0,0,0,0,0,0,0,0,18,18,8,8,0,0,10,10
47820310,47820,47,경상북도,820,청도군,310,각남면,0,0.0,0.0,0.0,0.0,0.0,0.0,0.0,0.0,0.0,0.0,0.0,0.0,0.0,0.0,0.0,0.0,0,0.0,0.0,0.0,0.0,0.0,0.0,0.0,0.0,0.0,0.0,0.0,0.0,0.0,0.0,0.0,0.0,1,0.0,0.0,0.0,0.0,0.0,0.0,0.0,0.0,0.0,0.0,0.0,0.0,0.0,0.0,0.0,0.0,0.0,0.0,1,21,21,15,15,0,0,6,6,4,4,4,4,0,0,0,0
47830320,47830,47,경상북도,830,고령군,320,운수면,0,0.0,0.0,0.0,0.0,0.0,0.0,0.0,0.0,0.0,0.0,0.0,0.0,0.0,0.0,0.0,0.0,0,0.0,0.0,0.0,0.0,0.0,0.0,0.0,0.0,0.0,0.0,0.0,0.0,0.0,0.0,0.0,0.0,1,730.0,730.0,730.0,730.0,1205.0,1205.0,1210.0,1210.0,1210.0,1210.0,1210.0,1210.0,1210.0,1210.0,730.0,730.0,0.0,0.0,0,0,0,0,0,0,0,0,0,0,0,0,0,0,0,0,0
47830330,47830,47,경상북도,830,고령군,330,성산면,1,0.0,0.0,0.0,0.0,0.0,0.0,0.0,0.0,0.0,0.0,0.0,0.0,0.0,0.0,0.0,0.0,1,0.0,0.0,0.0,0.0,0.0,0.0,0.0,0.0,0.0,0.0,0.0,0.0,0.0,0.0,0.0,0.0,0,0.0,0.0,0.0,0.0,0.0,0.0,0.0,0.0,0.0,0.0,0.0,0.0,0.0,0.0,0.0,0.0,0.0,0.0,0,0,0,0,0,0,0,0,0,0,0,0,0,0,0,0,0
47830340,47830,47,경상북도,830,고령군,340,다산면,2,28.2,28.2,100.19999999999999,73.6,98.69999999999999,73.6,97.19999999999999,73.6,95.6,73.6,94.1,73.6,92.6,73.6,28.2,28.2,2,375.0,190.0,385.0,195.0,285.0,150.0,190.0,100.0,190.0,100.0,130.0,70.0,180.0,95.0,375.0,190.0,1,1175.0,1175.0,1175.0,1175.0,1175.0,1175.0,1175.0,1175.0,1175.0,1175.0,1175.0,1175.0,1180.0,1180.0,1175.0,1175.0,0.0,0.0,1,32,32,29,29,0,0,3,3,5,5,4,4,0,0,1,1
47830350,47830,47,경상북도,830,고령군,350,개진면,0,0.0,0.0,0.0,0.0,0.0,0.0,0.0,0.0,0.0,0.0,0.0,0.0,0.0,0.0,0.0,0.0,0,0.0,0.0,0.0,0.0,0.0,0.0,0.0,0.0,0.0,0.0,0.0,0.0,0.0,0.0,0.0,0.0,1,270.0,270.0,270.0,270.0,370.0,370.0,370.0,370.0,370.0,370.0,370.0,370.0,370.0,370.0,270.0,270.0,0.0,0.0,1,15,15,15,15,0,0,0,0,9,9,4,4,0,0,5,5
47830360,47830,47,경상북도,830,고령군,360,우곡면,0,0.0,0.0,0.0,0.0,0.0,0.0,0.0,0.0,0.0,0.0,0.0,0.0,0.0,0.0,0.0,0.0,0,0.0,0.0,0.0,0.0,0.0,0.0,0.0,0.0,0.0,0.0,0.0,0.0,0.0,0.0,0.0,0.0,1,970.0,970.0,990.0,990.0,1300.0,1300.0,1300.0,1300.0,1300.0,1300.0,1300.0,1300.0,1325.0,1325.0,970.0,970.0,0.0,0.0,2,24,14,19,10,0,0,5,4,26,18,19,13,5,4,2,1
47830370,47830,47,경상북도,830,고령군,370,쌍림면,1,108.5,108.5,107.9,107.9,107.3,107.3,106.7,106.7,106.1,106.1,105.5,105.5,104.9,104.9,108.5,108.5,1,270.0,270.0,290.0,290.0,300.0,300.0,320.0,320.0,315.0,315.0,325.0,325.0,410.0,410.0,270.0,270.0,0,0.0,0.0,0.0,0.0,0.0,0.0,0.0,0.0,0.0,0.0,0.0,0.0,0.0,0.0,0.0,0.0,0.0,0.0,0,0,0,0,0,0,0,0,0,0,0,0,0,0,0,0,0
47840250,47840,47,경상북도,840,성주군,250,성주읍,1,0.0,0.0,55.2,55.2,55.2,55.2,55.2,55.2,55.2,55.2,55.2,55.2,55.2,55.2,0.0,0.0,1,295.0,295.0,295.0,295.0,285.0,285.0,260.0,260.0,275.0,275.0,345.0,345.0,330.0,330.0,295.0,295.0,0,0.0,0.0,0.0,0.0,0.0,0.0,0.0,0.0,0.0,0.0,0.0,0.0,0.0,0.0,0.0,0.0,0.0,0.0,0,0,0,0,0,0,0,0,0,0,0,0,0,0,0,0,0
47840320,47840,47,경상북도,840,성주군,320,용암면,1,22.0,22.0,13.5,13.5,10.8,10.8,8.0,8.0,5.3,5.3,2.5,2.5,0.0,0.0,22.0,22.0,1,290.0,290.0,290.0,290.0,280.0,280.0,260.0,260.0,270.0,270.0,335.0,335.0,325.0,325.0,290.0,290.0,1,760.0,760.0,760.0,760.0,760.0,760.0,760.0,760.0,760.0,760.0,760.0,760.0,760.0,760.0,760.0,760.0,49.6,49.6,1,21,21,12,12,2,2,7,7,8,8,6,6,1,1,1,1
47840340,47840,47,경상북도,840,성주군,340,가천면,0,0.0,0.0,0.0,0.0,0.0,0.0,0.0,0.0,0.0,0.0,0.0,0.0,0.0,0.0,0.0,0.0,0,0.0,0.0,0.0,0.0,0.0,0.0,0.0,0.0,0.0,0.0,0.0,0.0,0.0,0.0,0.0,0.0,1,1135.0,1135.0,1135.0,1135.0,1135.0,1135.0,1135.0,1135.0,1135.0,1135.0,1135.0,1135.0,1145.0,1145.0,1135.0,1135.0,0.0,0.0,1,25,25,22,22,0,0,3,3,8,8,4,4,0,0,4,4
47840360,47840,47,경상북도,840,성주군,360,대가면,0,0.0,0.0,0.0,0.0,0.0,0.0,0.0,0.0,0.0,0.0,0.0,0.0,0.0,0.0,0.0,0.0,0,0.0,0.0,0.0,0.0,0.0,0.0,0.0,0.0,0.0,0.0,0.0,0.0,0.0,0.0,0.0,0.0,1,670.0,670.0,670.0,670.0,670.0,670.0,670.0,670.0,675.0,675.0,675.0,675.0,675.0,675.0,670.0,670.0,0.0,0.0,0,0,0,0,0,0,0,0,0,0,0,0,0,0,0,0,0
47850250,47850,47,경상북도,850,칠곡군,250,왜관읍,1,85.0,85.0,55.0,55.0,107.0,107.0,106.4,106.4,105.7,105.7,105.1,105.1,104.4,104.4,85.0,85.0,1,85.0,85.0,55.0,55.0,265.0,265.0,235.0,235.0,255.0,255.0,240.0,240.0,200.0,200.0,85.0,85.0,3,4830.0,2425.0,4830.0,2425.0,5305.0,2425.0,5310.0,2425.0,5335.0,2445.0,5360.0,2470.0,5425.0,2520.0,4830.0,2425.0,0.0,0.0,3,14,14,9,9,0,0,5,5,32,12,24,10,1,1,7,4
47850253,47850,47,경상북도,850,칠곡군,253,북삼읍,1,0.0,0.0,0.0,0.0,0.0,0.0,0.0,0.0,0.0,0.0,73.6,73.6,73.6,73.6,0.0,0.0,1,0.0,0.0,0.0,0.0,0.0,0.0,0.0,0.0,0.0,0.0,730.0,730.0,725.0,725.0,0.0,0.0,0,0.0,0.0,0.0,0.0,0.0,0.0,0.0,0.0,0.0,0.0,0.0,0.0,0.0,0.0,0.0,0.0,0.0,0.0,0,0,0,0,0,0,0,0,0,0,0,0,0,0,0,0,0
47850256,47850,47,경상북도,850,칠곡군,256,석적읍,0,0.0,0.0,0.0,0.0,0.0,0.0,0.0,0.0,0.0,0.0,0.0,0.0,0.0,0.0,0.0,0.0,0,0.0,0.0,0.0,0.0,0.0,0.0,0.0,0.0,0.0,0.0,0.0,0.0,0.0,0.0,0.0,0.0,1,0.0,0.0,0.0,0.0,0.0,0.0,0.0,0.0,0.0,0.0,980.0,980.0,985.0,985.0,0.0,0.0,0.0,0.0,0,0,0,0,0,0,0,0,0,0,0,0,0,0,0,0,0
47850310,47850,47,경상북도,850,칠곡군,310,지천면,1,4.7,4.7,2.9,2.9,1.2,1.2,16.2,16.2,13.8,13.8,11.5,11.5,9.1,9.1,4.7,4.7,1,255.0,255.0,255.0,255.0,260.0,260.0,260.0,260.0,265.0,265.0,265.0,265.0,260.0,260.0,255.0,255.0,0,0.0,0.0,0.0,0.0,0.0,0.0,0.0,0.0,0.0,0.0,0.0,0.0,0.0,0.0,0.0,0.0,0.0,0.0,0,0,0,0,0,0,0,0,0,0,0,0,0,0,0,0,0
47850330,47850,47,경상북도,850,칠곡군,330,가산면,0,0.0,0.0,0.0,0.0,0.0,0.0,0.0,0.0,0.0,0.0,0.0,0.0,0.0,0.0,0.0,0.0,0,0.0,0.0,0.0,0.0,0.0,0.0,0.0,0.0,0.0,0.0,0.0,0.0,0.0,0.0,0.0,0.0,1,555.0,555.0,555.0,555.0,555.0,555.0,555.0,555.0,555.0,555.0,555.0,555.0,560.0,560.0,555.0,555.0,0.0,0.0,1,28,28,25,25,0,0,3,3,9,9,5,5,1,1,3,3
47850360,47850,47,경상북도,850,칠곡군,360,약목면,1,0.0,0.0,0.0,0.0,0.0,0.0,0.0,0.0,0.0,0.0,0.0,0.0,0.0,0.0,0.0,0.0,1,0.0,0.0,0.0,0.0,0.0,0.0,0.0,0.0,0.0,0.0,0.0,0.0,0.0,0.0,0.0,0.0,0,0.0,0.0,0.0,0.0,0.0,0.0,0.0,0.0,0.0,0.0,0.0,0.0,0.0,0.0,0.0,0.0,0.0,0.0,1,27,27,27,27,0,0,0,0,12,12,11,11,1,1,0,0
47900310,47900,47,경상북도,900,예천군,310,용문면,0,0.0,0.0,0.0,0.0,0.0,0.0,0.0,0.0,0.0,0.0,0.0,0.0,0.0,0.0,0.0,0.0,0,0.0,0.0,0.0,0.0,0.0,0.0,0.0,0.0,0.0,0.0,0.0,0.0,0.0,0.0,0.0,0.0,1,0.0,0.0,0.0,0.0,0.0,0.0,0.0,0.0,0.0,0.0,265.0,265.0,265.0,265.0,0.0,0.0,0.0,0.0,0,0,0,0,0,0,0,0,0,0,0,0,0,0,0,0,0
47900350,47900,47,경상북도,900,예천군,350,,0,0.0,0.0,0.0,0.0,0.0,0.0,0.0,0.0,0.0,0.0,0.0,0.0,0.0,0.0,0.0,0.0,0,0.0,0.0,0.0,0.0,0.0,0.0,0.0,0.0,0.0,0.0,0.0,0.0,0.0,0.0,0.0,0.0,0,0.0,0.0,0.0,0.0,0.0,0.0,0.0,0.0,0.0,0.0,0.0,0.0,0.0,0.0,0.0,0.0,0.0,0.0,1,21,21,18,18,0,0,3,3,7,7,4,4,1,1,2,2
47900360,47900,47,경상북도,900,예천군,360,호명면,1,93.1,93.1,68.6,68.6,67.3,67.3,54.3,54.3,36.9,36.9,19.5,19.5,0.2,0.2,93.1,93.1,1,250.0,250.0,245.0,245.0,330.0,330.0,275.0,275.0,380.0,380.0,410.0,410.0,340.0,340.0,250.0,250.0,0,0.0,0.0,0.0,0.0,0.0,0.0,0.0,0.0,0.0,0.0,0.0,0.0,0.0,0.0,0.0,0.0,0.0,0.0,0,0,0,0,0,0,0,0,0,0,0,0,0,0,0,0,0
47900390,47900,47,경상북도,900,예천군,390,,0,0.0,0.0,0.0,0.0,0.0,0.0,0.0,0.0,0.0,0.0,0.0,0.0,0.0,0.0,0.0,0.0,0,0.0,0.0,0.0,0.0,0.0,0.0,0.0,0.0,0.0,0.0,0.0,0.0,0.0,0.0,0.0,0.0,0,0.0,0.0,0.0,0.0,0.0,0.0,0.0,0.0,0.0,0.0,0.0,0.0,0.0,0.0,0.0,0.0,0.0,0.0,1,26,26,14,14,1,1,11,11,8,8,4,4,0,0,4,4
47900420,47900,47,경상북도,900,예천군,420,효자면,1,0.0,0.0,0.0,0.0,0.0,0.0,0.0,0.0,0.0,0.0,105.0,105.0,104.1,104.1,0.0,0.0,1,0.0,0.0,0.0,0.0,0.0,0.0,0.0,0.0,0.0,0.0,335.0,335.0,600.0,600.0,0.0,0.0,0,0.0,0.0,0.0,0.0,0.0,0.0,0.0,0.0,0.0,0.0,0.0,0.0,0.0,0.0,0.0,0.0,0.0,0.0,0,0,0,0,0,0,0,0,0,0,0,0,0,0,0,0,0
47920250,47920,47,경상북도,920,봉화군,250,,0,0.0,0.0,0.0,0.0,0.0,0.0,0.0,0.0,0.0,0.0,0.0,0.0,0.0,0.0,0.0,0.0,0,0.0,0.0,0.0,0.0,0.0,0.0,0.0,0.0,0.0,0.0,0.0,0.0,0.0,0.0,0.0,0.0,0,0.0,0.0,0.0,0.0,0.0,0.0,0.0,0.0,0.0,0.0,0.0,0.0,0.0,0.0,0.0,0.0,0.0,0.0,1,28,28,23,23,1,1,4,4,12,12,9,9,0,0,3,3
47920310,47920,47,경상북도,920,봉화군,310,물야면,1,0.0,0.0,0.0,0.0,0.0,0.0,0.0,0.0,165.6,165.6,165.6,165.6,165.6,165.6,0.0,0.0,1,0.0,0.0,0.0,0.0,0.0,0.0,0.0,0.0,250.0,250.0,250.0,250.0,285.0,285.0,0.0,0.0,0,0.0,0.0,0.0,0.0,0.0,0.0,0.0,0.0,0.0,0.0,0.0,0.0,0.0,0.0,0.0,0.0,0.0,0.0,0,0,0,0,0,0,0,0,0,0,0,0,0,0,0,0,0
47920370,47920,47,경상북도,920,봉화군,370,명호면,0,0.0,0.0,0.0,0.0,0.0,0.0,0.0,0.0,0.0,0.0,0.0,0.0,0.0,0.0,0.0,0.0,0,0.0,0.0,0.0,0.0,0.0,0.0,0.0,0.0,0.0,0.0,0.0,0.0,0.0,0.0,0.0,0.0,1,0.0,0.0,0.0,0.0,0.0,0.0,0.0,0.0,0.0,0.0,0.0,0.0,40.0,40.0,0.0,0.0,0.0,0.0,1,32,32,14,14,1,1,17,17,8,8,6,6,1,1,1,1
47920380,47920,47,경상북도,920,봉화군,380,상운면,1,0.0,0.0,0.0,0.0,0.0,0.0,0.0,0.0,0.0,0.0,0.0,0.0,165.6,165.6,0.0,0.0,1,0.0,0.0,0.0,0.0,0.0,0.0,0.0,0.0,0.0,0.0,0.0,0.0,365.0,365.0,0.0,0.0,1,0.0,0.0,0.0,0.0,0.0,0.0,0.0,0.0,0.0,0.0,0.0,0.0,50.0,50.0,0.0,0.0,0.0,0.0,0,0,0,0,0,0,0,0,0,0,0,0,0,0,0,0,0
47920390,47920,47,경상북도,920,봉화군,390,석포면,0,0.0,0.0,0.0,0.0,0.0,0.0,0.0,0.0,0.0,0.0,0.0,0.0,0.0,0.0,0.0,0.0,0,0.0,0.0,0.0,0.0,0.0,0.0,0.0,0.0,0.0,0.0,0.0,0.0,0.0,0.0,0.0,0.0,1,0.0,0.0,0.0,0.0,0.0,0.0,0.0,0.0,0.0,0.0,610.0,610.0,610.0,610.0,0.0,0.0,0.0,0.0,0,0,0,0,0,0,0,0,0,0,0,0,0,0,0,0,0
47930320,47930,47,경상북도,930,울진군,320,근남면,0,0.0,0.0,0.0,0.0,0.0,0.0,0.0,0.0,0.0,0.0,0.0,0.0,0.0,0.0,0.0,0.0,0,0.0,0.0,0.0,0.0,0.0,0.0,0.0,0.0,0.0,0.0,0.0,0.0,0.0,0.0,0.0,0.0,2,0.0,0.0,0.0,0.0,0.0,0.0,0.0,0.0,0.0,0.0,0.0,0.0,0.0,0.0,0.0,0.0,205.9769,205.9769,1,17,17,13,13,4,4,0,0,11,11,6,6,1,1,4,4
47930370,47930,47,경상북도,930,울진군,370,죽변면,1,0.0,0.0,0.0,0.0,0.0,0.0,0.0,0.0,0.0,0.0,0.0,0.0,0.0,0.0,0.0,0.0,1,0.0,0.0,0.0,0.0,0.0,0.0,0.0,0.0,0.0,0.0,0.0,0.0,0.0,0.0,0.0,0.0,0,0.0,0.0,0.0,0.0,0.0,0.0,0.0,0.0,0.0,0.0,0.0,0.0,0.0,0.0,0.0,0.0,0.0,0.0,0,0,0,0,0,0,0,0,0,0,0,0,0,0,0,0,0
47930380,47930,47,경상북도,930,울진군,380,후포면,1,0.0,0.0,0.0,0.0,134.2,134.2,110.0,110.0,133.2,133.2,132.7,132.7,132.1,132.1,0.0,0.0,1,0.0,0.0,0.0,0.0,0.0,0.0,0.0,0.0,0.0,0.0,0.0,0.0,0.0,0.0,0.0,0.0,0,0.0,0.0,0.0,0.0,0.0,0.0,0.0,0.0,0.0,0.0,0.0,0.0,0.0,0.0,0.0,0.0,0.0,0.0,0,0,0,0,0,0,0,0,0,0,0,0,0,0,0,0,0
48121101,48121,48,경상남도,121,창원시의창구,101,,0,0.0,0.0,0.0,0.0,0.0,0.0,0.0,0.0,0.0,0.0,0.0,0.0,0.0,0.0,0.0,0.0,0,0.0,0.0,0.0,0.0,0.0,0.0,0.0,0.0,0.0,0.0,0.0,0.0,0.0,0.0,0.0,0.0,0,0.0,0.0,0.0,0.0,0.0,0.0,0.0,0.0,0.0,0.0,0.0,0.0,0.0,0.0,0.0,0.0,0.0,0.0,1,11,11,11,11,0,0,0,0,26,26,20,20,0,0,6,6
48121105,48121,48,경상남도,121,창원시의창구,105,도계동,0,0.0,0.0,0.0,0.0,0.0,0.0,0.0,0.0,0.0,0.0,0.0,0.0,0.0,0.0,0.0,0.0,1,0.0,0.0,0.0,0.0,0.0,0.0,0.0,0.0,0.0,0.0,0.0,0.0,0.0,0.0,0.0,0.0,1,330.0,330.0,850.0,850.0,850.0,850.0,850.0,850.0,870.0,870.0,870.0,870.0,880.0,880.0,330.0,330.0,0.0,0.0,1,14,14,5,5,0,0,9,9,8,8,4,4,0,0,4,4
48121106,48121,48,경상남도,121,창원시의창구,106,동정동,0,0.0,0.0,0.0,0.0,0.0,0.0,0.0,0.0,0.0,0.0,0.0,0.0,0.0,0.0,0.0,0.0,1,220.0,220.0,180.0,180.0,170.0,170.0,170.0,170.0,185.0,185.0,170.0,170.0,170.0,170.0,220.0,220.0,1,505.0,505.0,850.0,850.0,850.0,850.0,850.0,850.0,870.0,870.0,870.0,870.0,875.0,875.0,505.0,505.0,0.0,0.0,1,27,27,25,25,0,0,2,2,6,6,4,4,0,0,2,2
48121108,48121,48,경상남도,121,창원시의창구,108,중동,1,0.0,0.0,0.0,0.0,0.0,0.0,0.0,0.0,0.0,0.0,0.0,0.0,0.0,0.0,0.0,0.0,1,0.0,0.0,0.0,0.0,0.0,0.0,0.0,0.0,250.0,250.0,250.0,250.0,250.0,250.0,0.0,0.0,1,0.0,0.0,290.0,290.0,290.0,290.0,290.0,290.0,1105.0,1105.0,1110.0,1110.0,1110.0,1110.0,0.0,0.0,0.0,0.0,0,0,0,0,0,0,0,0,0,0,0,0,0,0,0,0,0
48121109,48121,48,경상남도,121,창원시의창구,109,,0,0.0,0.0,0.0,0.0,0.0,0.0,0.0,0.0,0.0,0.0,0.0,0.0,0.0,0.0,0.0,0.0,0,0.0,0.0,0.0,0.0,0.0,0.0,0.0,0.0,0.0,0.0,0.0,0.0,0.0,0.0,0.0,0.0,0,0.0,0.0,0.0,0.0,0.0,0.0,0.0,0.0,0.0,0.0,0.0,0.0,0.0,0.0,0.0,0.0,0.0,0.0,1,21,21,11,11,0,0,10,10,26,26,20,20,0,0,6,6
48121110,48121,48,경상남도,121,창원시의창구,110,삼동동,0,0.0,0.0,0.0,0.0,0.0,0.0,0.0,0.0,0.0,0.0,0.0,0.0,0.0,0.0,0.0,0.0,0,0.0,0.0,0.0,0.0,0.0,0.0,0.0,0.0,0.0,0.0,0.0,0.0,0.0,0.0,0.0,0.0,1,1450.0,1450.0,1450.0,1450.0,1815.0,1815.0,1890.0,1890.0,1890.0,1890.0,1910.0,1910.0,1975.0,1975.0,1450.0,1450.0,0.0,0.0,1,0,0,0,0,0,0,0,0,24,24,15,15,1,1,8,8
48121121,48121,48,경상남도,121,창원시의창구,121,차용동,1,19.4,19.4,18.5,18.5,17.6,17.6,16.8,16.8,16.1,16.1,15.3,15.3,14.0,14.0,19.4,19.4,0,0.0,0.0,0.0,0.0,0.0,0.0,0.0,0.0,0.0,0.0,0.0,0.0,0.0,0.0,0.0,0.0,0,0.0,0.0,0.0,0.0,0.0,0.0,0.0,0.0,0.0,0.0,0.0,0.0,0.0,0.0,0.0,0.0,0.0,0.0,0,0,0,0,0,0,0,0,0,0,0,0,0,0,0,0,0
48121122,48121,48,경상남도,121,창원시의창구,122,,0,0.0,0.0,0.0,0.0,0.0,0.0,0.0,0.0,0.0,0.0,0.0,0.0,0.0,0.0,0.0,0.0,0,0.0,0.0,0.0,0.0,0.0,0.0,0.0,0.0,0.0,0.0,0.0,0.0,0.0,0.0,0.0,0.0,0,0.0,0.0,0.0,0.0,0.0,0.0,0.0,0.0,0.0,0.0,0.0,0.0,0.0,0.0,0.0,0.0,0.0,0.0,1,24,24,22,22,0,0,2,2,12,12,8,8,0,0,4,4
48121125,48121,48,경상남도,121,창원시의창구,125,,0,0.0,0.0,0.0,0.0,0.0,0.0,0.0,0.0,0.0,0.0,0.0,0.0,0.0,0.0,0.0,0.0,0,0.0,0.0,0.0,0.0,0.0,0.0,0.0,0.0,0.0,0.0,0.0,0.0,0.0,0.0,0.0,0.0,0,0.0,0.0,0.0,0.0,0.0,0.0,0.0,0.0,0.0,0.0,0.0,0.0,0.0,0.0,0.0,0.0,0.0,0.0,1,23,23,23,23,0,0,0,0,7,7,4,4,0,0,3,3
48121129,48121,48,경상남도,121,창원시의창구,129,팔용동,1,0.0,0.0,0.0,0.0,0.0,0.0,0.0,0.0,0.0,0.0,0.0,0.0,0.0,0.0,0.0,0.0,0,0.0,0.0,0.0,0.0,0.0,0.0,0.0,0.0,0.0,0.0,0.0,0.0,0.0,0.0,0.0,0.0,0,0.0,0.0,0.0,0.0,0.0,0.0,0.0,0.0,0.0,0.0,0.0,0.0,0.0,0.0,0.0,0.0,0.0,0.0,0,0,0,0,0,0,0,0,0,0,0,0,0,0,0,0,0
48121141,48121,48,경상남도,121,창원시의창구,141,퇴촌동,1,0.0,0.0,0.0,0.0,0.0,0.0,0.0,0.0,0.0,0.0,0.0,0.0,0.0,0.0,0.0,0.0,0,0.0,0.0,0.0,0.0,0.0,0.0,0.0,0.0,0.0,0.0,0.0,0.0,0.0,0.0,0.0,0.0,0,0.0,0.0,0.0,0.0,0.0,0.0,0.0,0.0,0.0,0.0,0.0,0.0,0.0,0.0,0.0,0.0,0.0,0.0,0,0,0,0,0,0,0,0,0,0,0,0,0,0,0,0,0
48121250,48121,48,경상남도,121,창원시의창구,250,동읍,1,0.0,0.0,0.0,0.0,0.0,0.0,0.0,0.0,0.0,0.0,0.0,0.0,0.0,0.0,0.0,0.0,0,0.0,0.0,0.0,0.0,0.0,0.0,0.0,0.0,0.0,0.0,0.0,0.0,0.0,0.0,0.0,0.0,0,0.0,0.0,0.0,0.0,0.0,0.0,0.0,0.0,0.0,0.0,0.0,0.0,0.0,0.0,0.0,0.0,0.0,0.0,0,0,0,0,0,0,0,0,0,0,0,0,0,0,0,0,0
48121310,48121,48,경상남도,121,창원시의창구,310,북면,1,0.0,0.0,0.0,0.0,0.0,0.0,0.0,0.0,121.0,121.0,121.0,121.0,121.0,121.0,0.0,0.0,0,0.0,0.0,0.0,0.0,0.0,0.0,0.0,0.0,0.0,0.0,0.0,0.0,0.0,0.0,0.0,0.0,0,0.0,0.0,0.0,0.0,0.0,0.0,0.0,0.0,0.0,0.0,0.0,0.0,0.0,0.0,0.0,0.0,0.0,0.0,0,0,0,0,0,0,0,0,0,0,0,0,0,0,0,0,0
48121330,48121,48,경상남도,121,창원시의창구,330,북면,0,0.0,0.0,0.0,0.0,0.0,0.0,0.0,0.0,0.0,0.0,0.0,0.0,0.0,0.0,0.0,0.0,1,0.0,0.0,0.0,0.0,0.0,0.0,115.0,115.0,110.0,110.0,70.0,70.0,60.0,60.0,0.0,0.0,1,470.0,470.0,510.0,510.0,510.0,510.0,510.0,510.0,515.0,515.0,520.0,520.0,520.0,520.0,470.0,470.0,0.0,0.0,1,31,31,27,27,0,0,4,4,12,12,6,6,0,0,6,6
48123101,48123,48,경상남도,123,창원시성산구,101,,0,0.0,0.0,0.0,0.0,0.0,0.0,0.0,0.0,0.0,0.0,0.0,0.0,0.0,0.0,0.0,0.0,0,0.0,0.0,0.0,0.0,0.0,0.0,0.0,0.0,0.0,0.0,0.0,0.0,0.0,0.0,0.0,0.0,0,0.0,0.0,0.0,0.0,0.0,0.0,0.0,0.0,0.0,0.0,0.0,0.0,0.0,0.0,0.0,0.0,0.0,0.0,1,21,21,11,11,0,0,10,10,26,26,20,20,0,0,6,6
48123103,48123,48,경상남도,123,창원시성산구,103,,0,0.0,0.0,0.0,0.0,0.0,0.0,0.0,0.0,0.0,0.0,0.0,0.0,0.0,0.0,0.0,0.0,0,0.0,0.0,0.0,0.0,0.0,0.0,0.0,0.0,0.0,0.0,0.0,0.0,0.0,0.0,0.0,0.0,0,0.0,0.0,0.0,0.0,0.0,0.0,0.0,0.0,0.0,0.0,0.0,0.0,0.0,0.0,0.0,0.0,0.0,0.0,1,0,0,0,0,0,0,0,0,24,24,15,15,1,1,8,8
48123106,48123,48,경상남도,123,창원시성산구,106,남산동,0,0.0,0.0,0.0,0.0,0.0,0.0,0.0,0.0,0.0,0.0,0.0,0.0,0.0,0.0,0.0,0.0,1,0.0,0.0,0.0,0.0,0.0,0.0,40.0,40.0,85.0,85.0,50.0,50.0,40.0,40.0,0.0,0.0,1,830.0,830.0,835.0,835.0,1555.0,1555.0,1555.0,1555.0,1560.0,1560.0,1565.0,1565.0,1570.0,1570.0,830.0,830.0,0.0,0.0,0,0,0,0,0,0,0,0,0,0,0,0,0,0,0,0,0
48123108,48123,48,경상남도,123,창원시성산구,108,천선동,2,0.0,0.0,0.0,0.0,0.0,0.0,14.9,14.9,14.1,14.1,13.3,13.3,12.0,12.0,0.0,0.0,0,0.0,0.0,0.0,0.0,0.0,0.0,0.0,0.0,0.0,0.0,0.0,0.0,0.0,0.0,0.0,0.0,1,820.0,820.0,1000.0,1000.0,1630.0,1630.0,1650.0,1650.0,1650.0,1650.0,1680.0,1680.0,1720.0,1720.0,820.0,820.0,0.0,0.0,0,0,0,0,0,0,0,0,0,0,0,0,0,0,0,0,0
48123110,48123,48,경상남도,123,창원시성산구,110,안민동,1,23.6,23.6,0.0,0.0,0.0,0.0,0.0,0.0,0.0,0.0,0.0,0.0,0.0,0.0,23.6,23.6,0,0.0,0.0,0.0,0.0,0.0,0.0,0.0,0.0,0.0,0.0,0.0,0.0,0.0,0.0,0.0,0.0,0,0.0,0.0,0.0,0.0,0.0,0.0,0.0,0.0,0.0,0.0,0.0,0.0,0.0,0.0,0.0,0.0,0.0,0.0,0,0,0,0,0,0,0,0,0,0,0,0,0,0,0,0,0
48123114,48123,48,경상남도,123,창원시성산구,114,완암동,0,0.0,0.0,0.0,0.0,0.0,0.0,0.0,0.0,0.0,0.0,0.0,0.0,0.0,0.0,0.0,0.0,1,0.0,0.0,0.0,0.0,0.0,0.0,0.0,0.0,0.0,0.0,0.0,0.0,0.0,0.0,0.0,0.0,1,0.0,0.0,0.0,0.0,0.0,0.0,0.0,0.0,0.0,0.0,0.0,0.0,0.0,0.0,0.0,0.0,0.0,0.0,1,25,25,21,21,0,0,4,4,8,8,8,8,0,0,0,0
48123120,48123,48,경상남도,123,창원시성산구,120,귀산동,0,0.0,0.0,0.0,0.0,0.0,0.0,0.0,0.0,0.0,0.0,0.0,0.0,0.0,0.0,0.0,0.0,1,0.0,0.0,0.0,0.0,0.0,0.0,0.0,0.0,0.0,0.0,0.0,0.0,0.0,0.0,0.0,0.0,1,0.0,0.0,0.0,0.0,0.0,0.0,0.0,0.0,0.0,0.0,0.0,0.0,0.0,0.0,0.0,0.0,0.0,0.0,1,19,19,14,14,0,0,5,5,12,12,7,7,2,2,3,3
48123122,48123,48,경상남도,123,창원시성산구,122,내동,0,0.0,0.0,0.0,0.0,0.0,0.0,0.0,0.0,0.0,0.0,0.0,0.0,0.0,0.0,0.0,0.0,1,0.0,0.0,0.0,0.0,0.0,0.0,0.0,0.0,0.0,0.0,0.0,0.0,0.0,0.0,0.0,0.0,1,850.0,850.0,870.0,870.0,870.0,870.0,870.0,870.0,870.0,870.0,870.0,870.0,875.0,875.0,850.0,850.0,0.0,0.0,1,24,24,22,22,0,0,2,2,12,12,8,8,0,0,4,4
48123130,48123,48,경상남도,123,창원시성산구,130,귀곡동,1,98.4,98.4,97.7,97.7,96.9,96.9,96.2,96.2,95.5,95.5,94.8,94.8,94.0,94.0,98.4,98.4,1,0.0,0.0,0.0,0.0,0.0,0.0,0.0,0.0,0.0,0.0,0.0,0.0,0.0,0.0,0.0,0.0,1,495.0,495.0,495.0,495.0,515.0,515.0,515.0,515.0,515.0,515.0,515.0,515.0,515.0,515.0,495.0,495.0,0.0,0.0,1,23,23,23,23,0,0,0,0,7,7,4,4,0,0,3,3
48123131,48123,48,경상남도,123,창원시성산구,131,가음동,0,0.0,0.0,0.0,0.0,0.0,0.0,0.0,0.0,0.0,0.0,0.0,0.0,0.0,0.0,0.0,0.0,1,245.0,245.0,0.0,0.0,0.0,0.0,0.0,0.0,0.0,0.0,0.0,0.0,0.0,0.0,245.0,245.0,1,945.0,945.0,1015.0,1015.0,1015.0,1015.0,1015.0,1015.0,1015.0,1015.0,1015.0,1015.0,1015.0,1015.0,945.0,945.0,0.0,0.0,1,25,25,22,22,0,0,3,3,12,12,6,6,0,0,6,6
48125108,48125,48,경상남도,125,창원시마산합포구,108,대외동,0,0.0,0.0,0.0,0.0,0.0,0.0,0.0,0.0,0.0,0.0,0.0,0.0,0.0,0.0,0.0,0.0,1,0.0,0.0,0.0,0.0,0.0,0.0,0.0,0.0,0.0,0.0,0.0,0.0,0.0,0.0,0.0,0.0,1,0.0,0.0,0.0,0.0,0.0,0.0,850.0,850.0,1280.0,1280.0,1280.0,1280.0,1280.0,1280.0,0.0,0.0,0.0,0.0,1,11,11,11,11,0,0,0,0,26,26,20,20,0,0,6,6
48125135,48125,48,경상남도,125,창원시마산합포구,135,월포동,0,0.0,0.0,0.0,0.0,0.0,0.0,0.0,0.0,0.0,0.0,0.0,0.0,0.0,0.0,0.0,0.0,1,0.0,0.0,0.0,0.0,0.0,0.0,0.0,0.0,0.0,0.0,0.0,0.0,0.0,0.0,0.0,0.0,1,0.0,0.0,0.0,0.0,0.0,0.0,390.0,390.0,390.0,390.0,390.0,390.0,630.0,630.0,0.0,0.0,0.0,0.0,1,24,24,23,23,0,0,1,1,7,7,2,2,2,2,3,3
48125159,48125,48,경상남도,125,창원시마산합포구,159,현동,1,10.3,10.3,9.4,9.4,8.6,8.6,7.8,7.8,7.1,7.1,6.3,6.3,5.0,5.0,10.3,10.3,0,0.0,0.0,0.0,0.0,0.0,0.0,0.0,0.0,0.0,0.0,0.0,0.0,0.0,0.0,0.0,0.0,0,0.0,0.0,0.0,0.0,0.0,0.0,0.0,0.0,0.0,0.0,0.0,0.0,0.0,0.0,0.0,0.0,0.0,0.0,0,0,0,0,0,0,0,0,0,0,0,0,0,0,0,0,0
48125330,48125,48,경상남도,125,창원시마산합포구,330,진북면,1,103.6,103.6,102.3,102.3,101.1,101.1,99.8,99.8,98.6,98.6,97.4,97.4,96.4,96.4,103.6,103.6,0,0.0,0.0,0.0,0.0,0.0,0.0,0.0,0.0,0.0,0.0,0.0,0.0,0.0,0.0,0.0,0.0,0,0.0,0.0,0.0,0.0,0.0,0.0,0.0,0.0,0.0,0.0,0.0,0.0,0.0,0.0,0.0,0.0,0.0,0.0,0,0,0,0,0,0,0,0,0,0,0,0,0,0,0,0,0
48125340,48125,48,경상남도,125,창원시마산합포구,340,진전면,0,0.0,0.0,0.0,0.0,0.0,0.0,0.0,0.0,0.0,0.0,0.0,0.0,0.0,0.0,0.0,0.0,1,0.0,0.0,0.0,0.0,0.0,0.0,0.0,0.0,0.0,0.0,0.0,0.0,0.0,0.0,0.0,0.0,1,0.0,0.0,0.0,0.0,0.0,0.0,0.0,0.0,0.0,0.0,0.0,0.0,0.0,0.0,0.0,0.0,0.0,0.0,0,0,0,0,0,0,0,0,0,0,0,0,0,0,0,0,0
48127101,48127,48,경상남도,127,창원시마산회원구,101,구암동,0,0.0,0.0,0.0,0.0,0.0,0.0,0.0,0.0,0.0,0.0,0.0,0.0,0.0,0.0,0.0,0.0,1,0.0,0.0,0.0,0.0,0.0,0.0,0.0,0.0,0.0,0.0,0.0,0.0,0.0,0.0,0.0,0.0,1,345.0,345.0,785.0,785.0,790.0,790.0,830.0,830.0,830.0,830.0,830.0,830.0,830.0,830.0,345.0,345.0,0.0,0.0,2,42,31,37,26,0,0,5,5,35,26,24,20,0,0,11,6
48127103,48127,48,경상남도,127,창원시마산회원구,103,봉암동,0,0.0,0.0,0.0,0.0,0.0,0.0,0.0,0.0,0.0,0.0,0.0,0.0,0.0,0.0,0.0,0.0,1,0.0,0.0,0.0,0.0,0.0,0.0,0.0,0.0,0.0,0.0,0.0,0.0,0.0,0.0,0.0,0.0,1,320.0,320.0,785.0,785.0,790.0,790.0,790.0,790.0,795.0,795.0,795.0,795.0,795.0,795.0,320.0,320.0,0.0,0.0,1,22,22,12,12,0,0,10,10,8,8,4,4,0,0,4,4
48127105,48127,48,경상남도,127,창원시마산회원구,105,양덕동,1,0.0,0.0,0.0,0.0,0.0,0.0,0.0,0.0,0.0,0.0,0.0,0.0,0.0,0.0,0.0,0.0,0,0.0,0.0,0.0,0.0,0.0,0.0,0.0,0.0,0.0,0.0,0.0,0.0,0.0,0.0,0.0,0.0,0,0.0,0.0,0.0,0.0,0.0,0.0,0.0,0.0,0.0,0.0,0.0,0.0,0.0,0.0,0.0,0.0,0.0,0.0,0,0,0,0,0,0,0,0,0,0,0,0,0,0,0,0,0
48127108,48127,48,경상남도,127,창원시마산회원구,108,회원동,1,0.0,0.0,0.0,0.0,0.0,0.0,0.0,0.0,0.0,0.0,0.0,0.0,0.0,0.0,0.0,0.0,0,0.0,0.0,0.0,0.0,0.0,0.0,0.0,0.0,0.0,0.0,0.0,0.0,0.0,0.0,0.0,0.0,0,0.0,0.0,0.0,0.0,0.0,0.0,0.0,0.0,0.0,0.0,0.0,0.0,0.0,0.0,0.0,0.0,0.0,0.0,0,0,0,0,0,0,0,0,0,0,0,0,0,0,0,0,0
48127250,48127,48,경상남도,127,창원시마산회원구,250,내서읍,0,0.0,0.0,0.0,0.0,0.0,0.0,0.0,0.0,0.0,0.0,0.0,0.0,0.0,0.0,0.0,0.0,1,0.0,0.0,0.0,0.0,65.0,65.0,215.0,215.0,250.0,250.0,205.0,205.0,250.0,250.0,0.0,0.0,1,0.0,0.0,0.0,0.0,0.0,0.0,525.0,525.0,525.0,525.0,525.0,525.0,525.0,525.0,0.0,0.0,0.0,0.0,1,15,15,10,10,0,0,5,5,11,11,4,4,0,0,7,7
48129139,48129,48,경상남도,129,창원시진해구,139,경화동,0,0.0,0.0,0.0,0.0,0.0,0.0,0.0,0.0,0.0,0.0,0.0,0.0,0.0,0.0,0.0,0.0,1,0.0,0.0,0.0,0.0,0.0,0.0,165.0,165.0,180.0,180.0,120.0,120.0,90.0,90.0,0.0,0.0,1,920.0,920.0,1010.0,1010.0,1010.0,1010.0,1010.0,1010.0,1010.0,1010.0,1010.0,1010.0,1010.0,1010.0,920.0,920.0,0.0,0.0,1,14,14,14,14,0,0,0,0,8,8,7,7,0,0,1,1
48129140,48129,48,경상남도,129,창원시진해구,140,석동,0,0.0,0.0,0.0,0.0,0.0,0.0,0.0,0.0,0.0,0.0,0.0,0.0,0.0,0.0,0.0,0.0,1,0.0,0.0,0.0,0.0,0.0,0.0,40.0,40.0,90.0,90.0,0.0,0.0,0.0,0.0,0.0,0.0,1,0.0,0.0,0.0,0.0,0.0,0.0,0.0,0.0,0.0,0.0,0.0,0.0,0.0,0.0,0.0,0.0,0.0,0.0,1,21,21,11,11,0,0,10,10,26,26,20,20,0,0,6,6
48129150,48129,48,경상남도,129,창원시진해구,150,남문동,0,0.0,0.0,0.0,0.0,0.0,0.0,0.0,0.0,0.0,0.0,0.0,0.0,0.0,0.0,0.0,0.0,0,0.0,0.0,0.0,0.0,0.0,0.0,0.0,0.0,0.0,0.0,0.0,0.0,0.0,0.0,0.0,0.0,1,370.0,370.0,370.0,370.0,370.0,370.0,370.0,370.0,370.0,370.0,480.0,480.0,555.0,555.0,370.0,370.0,0.0,0.0,1,0,0,0,0,0,0,0,0,10,10,10,10,0,0,0,0
48129152,48129,48,경상남도,129,창원시진해구,152,수도동,0,0.0,0.0,0.0,0.0,0.0,0.0,0.0,0.0,0.0,0.0,0.0,0.0,0.0,0.0,0.0,0.0,1,0.0,0.0,0.0,0.0,0.0,0.0,0.0,0.0,0.0,0.0,0.0,0.0,0.0,0.0,0.0,0.0,1,985.0,985.0,985.0,985.0,985.0,985.0,985.0,985.0,990.0,990.0,995.0,995.0,1000.0,1000.0,985.0,985.0,0.0,0.0,1,26,26,16,16,1,1,9,9,6,6,6,6,0,0,0,0
48129155,48129,48,경상남도,129,창원시진해구,155,죽곡동,1,27.2,27.2,18.1,18.1,8.6,8.6,0.0,0.0,0.0,0.0,0.0,0.0,0.0,0.0,27.2,27.2,0,0.0,0.0,0.0,0.0,0.0,0.0,0.0,0.0,0.0,0.0,0.0,0.0,0.0,0.0,0.0,0.0,0,0.0,0.0,0.0,0.0,0.0,0.0,0.0,0.0,0.0,0.0,0.0,0.0,0.0,0.0,0.0,0.0,0.0,0.0,0,0,0,0,0,0,0,0,0,0,0,0,0,0,0,0,0
48129159,48129,48,경상남도,129,창원시진해구,159,현동,1,0.0,0.0,0.0,0.0,0.0,0.0,46.8,46.8,46.3,46.3,45.7,45.7,45.0,45.0,0.0,0.0,0,0.0,0.0,0.0,0.0,0.0,0.0,0.0,0.0,0.0,0.0,0.0,0.0,0.0,0.0,0.0,0.0,0,0.0,0.0,0.0,0.0,0.0,0.0,0.0,0.0,0.0,0.0,0.0,0.0,0.0,0.0,0.0,0.0,0.0,0.0,0,0,0,0,0,0,0,0,0,0,0,0,0,0,0,0,0
48129162,48129,48,경상남도,129,창원시진해구,162,청안동,1,0.0,0.0,0.0,0.0,0.0,0.0,0.0,0.0,0.0,0.0,0.0,0.0,0.0,0.0,0.0,0.0,0,0.0,0.0,0.0,0.0,0.0,0.0,0.0,0.0,0.0,0.0,0.0,0.0,0.0,0.0,0.0,0.0,0,0.0,0.0,0.0,0.0,0.0,0.0,0.0,0.0,0.0,0.0,0.0,0.0,0.0,0.0,0.0,0.0,0.0,0.0,0,0,0,0,0,0,0,0,0,0,0,0,0,0,0,0,0
48129165,48129,48,경상남도,129,창원시진해구,165,가주동,0,0.0,0.0,0.0,0.0,0.0,0.0,0.0,0.0,0.0,0.0,0.0,0.0,0.0,0.0,0.0,0.0,1,0.0,0.0,0.0,0.0,0.0,0.0,0.0,0.0,0.0,0.0,0.0,0.0,0.0,0.0,0.0,0.0,1,0.0,0.0,0.0,0.0,0.0,0.0,0.0,0.0,0.0,0.0,0.0,0.0,0.0,0.0,0.0,0.0,0.0,0.0,1,29,29,25,25,4,4,0,0,9,9,6,6,3,3,0,0
48170101,48170,48,경상남도,170,진주시,101,,0,0.0,0.0,0.0,0.0,0.0,0.0,0.0,0.0,0.0,0.0,0.0,0.0,0.0,0.0,0.0,0.0,0,0.0,0.0,0.0,0.0,0.0,0.0,0.0,0.0,0.0,0.0,0.0,0.0,0.0,0.0,0.0,0.0,0,0.0,0.0,0.0,0.0,0.0,0.0,0.0,0.0,0.0,0.0,0.0,0.0,0.0,0.0,0.0,0.0,0.0,0.0,1,8,8,7,7,0,0,1,1,22,22,12,12,0,0,10,10
48170102,48170,48,경상남도,170,진주시,102,,0,0.0,0.0,0.0,0.0,0.0,0.0,0.0,0.0,0.0,0.0,0.0,0.0,0.0,0.0,0.0,0.0,0,0.0,0.0,0.0,0.0,0.0,0.0,0.0,0.0,0.0,0.0,0.0,0.0,0.0,0.0,0.0,0.0,0,0.0,0.0,0.0,0.0,0.0,0.0,0.0,0.0,0.0,0.0,0.0,0.0,0.0,0.0,0.0,0.0,0.0,0.0,1,0,0,0,0,0,0,0,0,25,25,14,14,0,0,11,11
48170120,48170,48,경상남도,170,진주시,120,하대동,1,0.0,0.0,0.0,0.0,0.0,0.0,0.0,0.0,0.0,0.0,0.0,0.0,0.0,0.0,0.0,0.0,0,0.0,0.0,0.0,0.0,0.0,0.0,0.0,0.0,0.0,0.0,0.0,0.0,0.0,0.0,0.0,0.0,0,0.0,0.0,0.0,0.0,0.0,0.0,0.0,0.0,0.0,0.0,0.0,0.0,0.0,0.0,0.0,0.0,0.0,0.0,0,0,0,0,0,0,0,0,0,0,0,0,0,0,0,0,0
48170124,48170,48,경상남도,170,진주시,124,하촌동,1,0.0,0.0,0.0,0.0,40.0,40.0,35.0,35.0,30.0,30.0,25.0,25.0,20.0,20.0,0.0,0.0,0,0.0,0.0,0.0,0.0,0.0,0.0,0.0,0.0,0.0,0.0,0.0,0.0,0.0,0.0,0.0,0.0,0,0.0,0.0,0.0,0.0,0.0,0.0,0.0,0.0,0.0,0.0,0.0,0.0,0.0,0.0,0.0,0.0,0.0,0.0,0,0,0,0,0,0,0,0,0,0,0,0,0,0,0,0,0
48170130,48170,48,경상남도,170,진주시,130,귀곡동,0,0.0,0.0,0.0,0.0,0.0,0.0,0.0,0.0,0.0,0.0,0.0,0.0,0.0,0.0,0.0,0.0,1,0.0,0.0,0.0,0.0,0.0,0.0,0.0,0.0,0.0,0.0,0.0,0.0,0.0,0.0,0.0,0.0,1,0.0,0.0,0.0,0.0,0.0,0.0,0.0,0.0,670.0,670.0,670.0,670.0,670.0,670.0,0.0,0.0,0.0,0.0,1,21,21,19,19,0,0,2,2,8,8,2,2,2,2,4,4
48170132,48170,48,경상남도,170,진주시,132,호탄동,1,0.0,0.0,0.0,0.0,0.0,0.0,0.0,0.0,0.0,0.0,0.0,0.0,0.0,0.0,0.0,0.0,0,0.0,0.0,0.0,0.0,0.0,0.0,0.0,0.0,0.0,0.0,0.0,0.0,0.0,0.0,0.0,0.0,0,0.0,0.0,0.0,0.0,0.0,0.0,0.0,0.0,0.0,0.0,0.0,0.0,0.0,0.0,0.0,0.0,0.0,0.0,0,0,0,0,0,0,0,0,0,0,0,0,0,0,0,0,0
48170137,48170,48,경상남도,170,진주시,137,충무공동,1,73.9,73.9,72.0,72.0,70.2,70.2,68.4,68.4,66.6,66.6,64.8,64.8,63.0,63.0,73.9,73.9,0,0.0,0.0,0.0,0.0,0.0,0.0,0.0,0.0,0.0,0.0,0.0,0.0,0.0,0.0,0.0,0.0,0,0.0,0.0,0.0,0.0,0.0,0.0,0.0,0.0,0.0,0.0,0.0,0.0,0.0,0.0,0.0,0.0,0.0,0.0,0,0,0,0,0,0,0,0,0,0,0,0,0,0,0,0,0
48170320,48170,48,경상남도,170,진주시,320,정촌면,0,0.0,0.0,0.0,0.0,0.0,0.0,0.0,0.0,0.0,0.0,0.0,0.0,0.0,0.0,0.0,0.0,1,0.0,0.0,0.0,0.0,0.0,0.0,80.0,80.0,0.0,0.0,85.0,85.0,90.0,90.0,0.0,0.0,1,0.0,0.0,0.0,0.0,0.0,0.0,0.0,0.0,0.0,0.0,0.0,0.0,595.0,595.0,0.0,0.0,0.0,0.0,1,31,31,28,28,0,0,3,3,12,12,9,9,0,0,3,3
48170350,48170,48,경상남도,170,진주시,350,진성면,1,0.0,0.0,0.0,0.0,0.0,0.0,46.8,46.8,44.6,44.6,42.4,42.4,40.0,40.0,0.0,0.0,0,0.0,0.0,0.0,0.0,0.0,0.0,0.0,0.0,0.0,0.0,0.0,0.0,0.0,0.0,0.0,0.0,0,0.0,0.0,0.0,0.0,0.0,0.0,0.0,0.0,0.0,0.0,0.0,0.0,0.0,0.0,0.0,0.0,0.0,0.0,0,0,0,0,0,0,0,0,0,0,0,0,0,0,0,0,0
48170380,48170,48,경상남도,170,진주시,380,사봉면,0,0.0,0.0,0.0,0.0,0.0,0.0,0.0,0.0,0.0,0.0,0.0,0.0,0.0,0.0,0.0,0.0,1,0.0,0.0,0.0,0.0,0.0,0.0,245.0,245.0,255.0,255.0,255.0,255.0,255.0,255.0,0.0,0.0,1,0.0,0.0,0.0,0.0,0.0,0.0,495.0,495.0,495.0,495.0,495.0,495.0,495.0,495.0,0.0,0.0,0.0,0.0,1,21,21,17,17,0,0,4,4,10,10,4,4,0,0,6,6
48170400,48170,48,경상남도,170,진주시,400,대곡면,0,0.0,0.0,0.0,0.0,0.0,0.0,0.0,0.0,0.0,0.0,0.0,0.0,0.0,0.0,0.0,0.0,1,100.0,100.0,75.0,75.0,0.0,0.0,35.0,35.0,50.0,50.0,45.0,45.0,45.0,45.0,100.0,100.0,1,0.0,0.0,0.0,0.0,0.0,0.0,800.0,800.0,900.0,900.0,900.0,900.0,960.0,960.0,0.0,0.0,0.0,0.0,1,30,30,25,25,0,0,5,5,8,8,5,5,3,3,0,0
48170410,48170,48,경상남도,170,진주시,410,금산면,0,0.0,0.0,0.0,0.0,0.0,0.0,0.0,0.0,0.0,0.0,0.0,0.0,0.0,0.0,0.0,0.0,1,0.0,0.0,0.0,0.0,0.0,0.0,0.0,0.0,0.0,0.0,0.0,0.0,0.0,0.0,0.0,0.0,1,0.0,0.0,0.0,0.0,0.0,0.0,490.0,490.0,490.0,490.0,490.0,490.0,490.0,490.0,0.0,0.0,0.0,0.0,1,21,21,14,14,0,0,7,7,8,8,4,4,0,0,4,4
48220117,48220,48,경상남도,220,통영시,117,도남동,0,0.0,0.0,0.0,0.0,0.0,0.0,0.0,0.0,0.0,0.0,0.0,0.0,0.0,0.0,0.0,0.0,1,0.0,0.0,0.0,0.0,0.0,0.0,0.0,0.0,0.0,0.0,0.0,0.0,0.0,0.0,0.0,0.0,1,0.0,0.0,0.0,0.0,0.0,0.0,0.0,0.0,0.0,0.0,0.0,0.0,315.0,315.0,0.0,0.0,0.0,0.0,1,31,31,25,25,0,0,6,6,8,8,4,4,0,0,4,4
48220340,48220,48,경상남도,220,통영시,340,광도면,1,133.5,133.5,132.8,132.8,132.1,132.1,131.4,131.4,130.7,130.7,130.0,130.0,129.0,129.0,133.5,133.5,1,0.0,0.0,0.0,0.0,0.0,0.0,0.0,0.0,0.0,0.0,0.0,0.0,0.0,0.0,0.0,0.0,1,0.0,0.0,0.0,0.0,0.0,0.0,0.0,0.0,0.0,0.0,0.0,0.0,0.0,0.0,0.0,0.0,1.866,1.866,1,13,13,11,11,0,0,2,2,8,8,8,8,0,0,0,0
48220360,48220,48,경상남도,220,통영시,360,한산면,1,0.0,0.0,0.0,0.0,0.0,0.0,0.0,0.0,0.0,0.0,0.0,0.0,0.0,0.0,0.0,0.0,0,0.0,0.0,0.0,0.0,0.0,0.0,0.0,0.0,0.0,0.0,0.0,0.0,0.0,0.0,0.0,0.0,1,0.0,0.0,0.0,0.0,0.0,0.0,0.0,0.0,0.0,0.0,0.0,0.0,1000.0,1000.0,0.0,0.0,0.0,0.0,1,0,0,0,0,0,0,0,0,25,25,14,14,0,0,11,11
48220370,48220,48,경상남도,220,통영시,370,사량면,1,109.8,109.8,108.6,108.6,107.4,107.4,106.2,106.2,105.1,105.1,103.9,103.9,103.2,103.2,109.8,109.8,0,0.0,0.0,0.0,0.0,0.0,0.0,0.0,0.0,0.0,0.0,0.0,0.0,0.0,0.0,0.0,0.0,0,0.0,0.0,0.0,0.0,0.0,0.0,0.0,0.0,0.0,0.0,0.0,0.0,0.0,0.0,0.0,0.0,0.0,0.0,0,0,0,0,0,0,0,0,0,0,0,0,0,0,0,0,0
48240101,48240,48,경상남도,240,사천시,101,,0,0.0,0.0,0.0,0.0,0.0,0.0,0.0,0.0,0.0,0.0,0.0,0.0,0.0,0.0,0.0,0.0,0,0.0,0.0,0.0,0.0,0.0,0.0,0.0,0.0,0.0,0.0,0.0,0.0,0.0,0.0,0.0,0.0,0,0.0,0.0,0.0,0.0,0.0,0.0,0.0,0.0,0.0,0.0,0.0,0.0,0.0,0.0,0.0,0.0,0.0,0.0,1,0,0,0,0,0,0,0,0,25,25,14,14,0,0,11,11
48240114,48240,48,경상남도,240,사천시,114,궁지동,0,0.0,0.0,0.0,0.0,0.0,0.0,0.0,0.0,0.0,0.0,0.0,0.0,0.0,0.0,0.0,0.0,1,0.0,0.0,0.0,0.0,0.0,0.0,0.0,0.0,0.0,0.0,0.0,0.0,0.0,0.0,0.0,0.0,1,0.0,0.0,0.0,0.0,0.0,0.0,0.0,0.0,0.0,0.0,0.0,0.0,0.0,0.0,0.0,0.0,0.0,0.0,0,0,0,0,0,0,0,0,0,0,0,0,0,0,0,0,0
48240310,48240,48,경상남도,240,사천시,310,내동면,0,0.0,0.0,0.0,0.0,0.0,0.0,0.0,0.0,0.0,0.0,0.0,0.0,0.0,0.0,0.0,0.0,1,0.0,0.0,0.0,0.0,105.0,105.0,105.0,105.0,100.0,100.0,100.0,100.0,120.0,120.0,0.0,0.0,1,0.0,0.0,0.0,0.0,0.0,0.0,0.0,0.0,0.0,0.0,0.0,0.0,575.0,575.0,0.0,0.0,0.0,0.0,1,14,14,13,13,0,0,1,1,10,10,3,3,3,3,4,4
48240340,48240,48,경상남도,240,사천시,340,축동면,1,0.0,0.0,0.0,0.0,0.0,0.0,0.0,0.0,0.0,0.0,0.0,0.0,0.0,0.0,0.0,0.0,0,0.0,0.0,0.0,0.0,0.0,0.0,0.0,0.0,0.0,0.0,0.0,0.0,0.0,0.0,0.0,0.0,0,0.0,0.0,0.0,0.0,0.0,0.0,0.0,0.0,0.0,0.0,0.0,0.0,0.0,0.0,0.0,0.0,0.0,0.0,0,0,0,0,0,0,0,0,0,0,0,0,0,0,0,0,0
48240350,48240,48,경상남도,240,사천시,350,곤양면,0,0.0,0.0,0.0,0.0,0.0,0.0,0.0,0.0,0.0,0.0,0.0,0.0,0.0,0.0,0.0,0.0,1,0.0,0.0,0.0,0.0,0.0,0.0,0.0,0.0,0.0,0.0,0.0,0.0,0.0,0.0,0.0,0.0,1,0.0,0.0,0.0,0.0,0.0,0.0,0.0,0.0,0.0,0.0,0.0,0.0,0.0,0.0,0.0,0.0,0.0,0.0,1,28,28,24,24,0,0,4,4,8,8,8,8,0,0,0,0
48240360,48240,48,경상남도,240,사천시,360,곤명면,0,0.0,0.0,0.0,0.0,0.0,0.0,0.0,0.0,0.0,0.0,0.0,0.0,0.0,0.0,0.0,0.0,1,0.0,0.0,0.0,0.0,0.0,0.0,0.0,0.0,0.0,0.0,0.0,0.0,0.0,0.0,0.0,0.0,1,0.0,0.0,0.0,0.0,0.0,0.0,0.0,0.0,0.0,0.0,0.0,0.0,460.0,460.0,0.0,0.0,0.0,0.0,1,27,27,18,18,0,0,9,9,8,8,8,8,0,0,0,0
48240370,48240,48,경상남도,240,사천시,370,서포면,1,0.0,0.0,0.0,0.0,100.3,100.3,99.1,99.1,97.8,97.8,96.6,96.6,95.0,95.0,0.0,0.0,0,0.0,0.0,0.0,0.0,0.0,0.0,0.0,0.0,0.0,0.0,0.0,0.0,0.0,0.0,0.0,0.0,0,0.0,0.0,0.0,0.0,0.0,0.0,0.0,0.0,0.0,0.0,0.0,0.0,0.0,0.0,0.0,0.0,0.0,0.0,0,0,0,0,0,0,0,0,0,0,0,0,0,0,0,0,0
48250101,48250,48,경상남도,250,김해시,101,,0,0.0,0.0,0.0,0.0,0.0,0.0,0.0,0.0,0.0,0.0,0.0,0.0,0.0,0.0,0.0,0.0,0,0.0,0.0,0.0,0.0,0.0,0.0,0.0,0.0,0.0,0.0,0.0,0.0,0.0,0.0,0.0,0.0,0,0.0,0.0,0.0,0.0,0.0,0.0,0.0,0.0,0.0,0.0,0.0,0.0,0.0,0.0,0.0,0.0,0.0,0.0,1,21,21,11,11,0,0,10,10,26,26,20,20,0,0,6,6
48250103,48250,48,경상남도,250,김해시,103,부원동,1,4.2,4.2,0.9,0.9,0.0,0.0,0.0,0.0,0.0,0.0,0.0,0.0,0.0,0.0,4.2,4.2,0,0.0,0.0,0.0,0.0,0.0,0.0,0.0,0.0,0.0,0.0,0.0,0.0,0.0,0.0,0.0,0.0,0,0.0,0.0,0.0,0.0,0.0,0.0,0.0,0.0,0.0,0.0,0.0,0.0,0.0,0.0,0.0,0.0,0.0,0.0,0,0,0,0,0,0,0,0,0,0,0,0,0,0,0,0,0
48250107,48250,48,경상남도,250,김해시,107,삼계동,0,0.0,0.0,0.0,0.0,0.0,0.0,0.0,0.0,0.0,0.0,0.0,0.0,0.0,0.0,0.0,0.0,1,0.0,0.0,0.0,0.0,0.0,0.0,0.0,0.0,0.0,0.0,0.0,0.0,0.0,0.0,0.0,0.0,1,0.0,0.0,0.0,0.0,0.0,0.0,0.0,0.0,0.0,0.0,0.0,0.0,0.0,0.0,0.0,0.0,0.0,0.0,0,0,0,0,0,0,0,0,0,0,0,0,0,0,0,0,0
48250112,48250,48,경상남도,250,김해시,112,명법동,0,0.0,0.0,0.0,0.0,0.0,0.0,0.0,0.0,0.0,0.0,0.0,0.0,0.0,0.0,0.0,0.0,1,0.0,0.0,0.0,0.0,0.0,0.0,0.0,0.0,0.0,0.0,0.0,0.0,0.0,0.0,0.0,0.0,1,620.0,620.0,620.0,620.0,620.0,620.0,620.0,620.0,640.0,640.0,640.0,640.0,670.0,670.0,620.0,620.0,0.0,0.0,0,0,0,0,0,0,0,0,0,0,0,0,0,0,0,0,0
48250114,48250,48,경상남도,250,김해시,114,화목동,1,3.3,3.3,0.0,0.0,0.0,0.0,0.0,0.0,0.0,0.0,0.0,0.0,0.0,0.0,3.3,3.3,0,0.0,0.0,0.0,0.0,0.0,0.0,0.0,0.0,0.0,0.0,0.0,0.0,0.0,0.0,0.0,0.0,0,0.0,0.0,0.0,0.0,0.0,0.0,0.0,0.0,0.0,0.0,0.0,0.0,0.0,0.0,0.0,0.0,0.0,0.0,0,0,0,0,0,0,0,0,0,0,0,0,0,0,0,0,0
48250116,48250,48,경상남도,250,김해시,116,강동,0,0.0,0.0,0.0,0.0,0.0,0.0,0.0,0.0,0.0,0.0,0.0,0.0,0.0,0.0,0.0,0.0,1,0.0,0.0,0.0,0.0,0.0,0.0,0.0,0.0,0.0,0.0,0.0,0.0,0.0,0.0,0.0,0.0,1,550.0,550.0,550.0,550.0,550.0,550.0,550.0,550.0,550.0,550.0,550.0,550.0,550.0,550.0,550.0,550.0,0.0,0.0,0,0,0,0,0,0,0,0,0,0,0,0,0,0,0,0,0
48250118,48250,48,경상남도,250,김해시,118,어방동,1,0.0,0.0,0.0,0.0,0.0,0.0,0.0,0.0,0.0,0.0,0.0,0.0,0.0,0.0,0.0,0.0,0,0.0,0.0,0.0,0.0,0.0,0.0,0.0,0.0,0.0,0.0,0.0,0.0,0.0,0.0,0.0,0.0,0,0.0,0.0,0.0,0.0,0.0,0.0,0.0,0.0,0.0,0.0,0.0,0.0,0.0,0.0,0.0,0.0,0.0,0.0,0,0,0,0,0,0,0,0,0,0,0,0,0,0,0,0,0
48250123,48250,48,경상남도,250,김해시,123,유하동,1,0.0,0.0,0.0,0.0,0.0,0.0,0.0,0.0,0.0,0.0,0.0,0.0,0.0,0.0,0.0,0.0,0,0.0,0.0,0.0,0.0,0.0,0.0,0.0,0.0,0.0,0.0,0.0,0.0,0.0,0.0,0.0,0.0,0,0.0,0.0,0.0,0.0,0.0,0.0,0.0,0.0,0.0,0.0,0.0,0.0,0.0,0.0,0.0,0.0,0.0,0.0,0,0,0,0,0,0,0,0,0,0,0,0,0,0,0,0,0
48250127,48250,48,경상남도,250,김해시,127,신문동,0,0.0,0.0,0.0,0.0,0.0,0.0,0.0,0.0,0.0,0.0,0.0,0.0,0.0,0.0,0.0,0.0,1,0.0,0.0,0.0,0.0,0.0,0.0,30.0,30.0,30.0,30.0,0.0,0.0,0.0,0.0,0.0,0.0,1,665.0,665.0,1015.0,1015.0,1210.0,1210.0,1210.0,1210.0,1225.0,1225.0,1225.0,1225.0,1225.0,1225.0,665.0,665.0,0.0,0.0,1,26,26,24,24,0,0,2,2,8,8,4,4,0,0,4,4
48250130,48250,48,경상남도,250,김해시,130,관동동,0,0.0,0.0,0.0,0.0,0.0,0.0,0.0,0.0,0.0,0.0,0.0,0.0,0.0,0.0,0.0,0.0,1,0.0,0.0,0.0,0.0,0.0,0.0,0.0,0.0,0.0,0.0,0.0,0.0,0.0,0.0,0.0,0.0,1,905.0,905.0,905.0,905.0,905.0,905.0,905.0,905.0,905.0,905.0,905.0,905.0,905.0,905.0,905.0,905.0,0.0,0.0,1,27,27,20,20,0,0,7,7,8,8,4,4,0,0,4,4
48250250,48250,48,경상남도,250,김해시,250,진영읍,1,26.1,26.1,23.4,23.4,20.6,20.6,17.9,17.9,15.2,15.2,12.5,12.5,12.0,12.0,26.1,26.1,1,0.0,0.0,0.0,0.0,0.0,0.0,0.0,0.0,0.0,0.0,0.0,0.0,0.0,0.0,0.0,0.0,1,1010.0,1010.0,1090.0,1090.0,1095.0,1095.0,1195.0,1195.0,1195.0,1195.0,1205.0,1205.0,1210.0,1210.0,1010.0,1010.0,0.0,0.0,2,57,31,53,27,0,0,4,4,23,12,15,9,0,0,8,6
48250320,48250,48,경상남도,250,김해시,320,주촌면,1,16.9,16.9,13.8,13.8,10.7,10.7,7.7,7.7,4.8,4.8,1.8,1.8,0.0,0.0,16.9,16.9,0,0.0,0.0,0.0,0.0,0.0,0.0,0.0,0.0,0.0,0.0,0.0,0.0,0.0,0.0,0.0,0.0,0,0.0,0.0,0.0,0.0,0.0,0.0,0.0,0.0,0.0,0.0,0.0,0.0,0.0,0.0,0.0,0.0,0.0,0.0,0,0,0,0,0,0,0,0,0,0,0,0,0,0,0,0,0
48250330,48250,48,경상남도,250,김해시,330,진례면,2,0.0,0.0,0.0,0.0,0.0,0.0,48.4,30.0,81.8,65.0,40.0,40.0,30.0,30.0,0.0,0.0,1,0.0,0.0,0.0,0.0,0.0,0.0,30.0,30.0,65.0,65.0,40.0,40.0,30.0,30.0,0.0,0.0,1,1000.0,1000.0,1110.0,1110.0,1115.0,1115.0,1125.0,1125.0,1125.0,1125.0,1125.0,1125.0,1130.0,1130.0,1000.0,1000.0,0.0,0.0,1,14,14,8,8,0,0,6,6,8,8,4,4,0,0,4,4
48250340,48250,48,경상남도,250,김해시,340,한림면,1,0.0,0.0,0.0,0.0,0.0,0.0,0.0,0.0,0.0,0.0,0.0,0.0,0.0,0.0,0.0,0.0,1,0.0,0.0,0.0,0.0,0.0,0.0,30.0,30.0,65.0,65.0,0.0,0.0,0.0,0.0,0.0,0.0,1,570.0,570.0,570.0,570.0,570.0,570.0,570.0,570.0,575.0,575.0,575.0,575.0,590.0,590.0,570.0,570.0,0.0,0.0,1,23,23,18,18,2,2,3,3,12,12,4,4,0,0,8,8
48250360,48250,48,경상남도,250,김해시,360,상동면,0,0.0,0.0,0.0,0.0,0.0,0.0,0.0,0.0,0.0,0.0,0.0,0.0,0.0,0.0,0.0,0.0,1,55.0,55.0,0.0,0.0,45.0,45.0,0.0,0.0,0.0,0.0,95.0,95.0,45.0,45.0,55.0,55.0,1,0.0,0.0,0.0,0.0,0.0,0.0,0.0,0.0,0.0,0.0,0.0,0.0,0.0,0.0,0.0,0.0,0.0,0.0,0,0,0,0,0,0,0,0,0,0,0,0,0,0,0,0,0
48250370,48250,48,경상남도,250,김해시,370,대동면,1,55.0,55.0,0.0,0.0,45.0,45.0,0.0,0.0,0.0,0.0,57.4,57.4,45.0,45.0,55.0,55.0,0,0.0,0.0,0.0,0.0,0.0,0.0,0.0,0.0,0.0,0.0,0.0,0.0,0.0,0.0,0.0,0.0,0,0.0,0.0,0.0,0.0,0.0,0.0,0.0,0.0,0.0,0.0,0.0,0.0,0.0,0.0,0.0,0.0,0.0,0.0,0,0,0,0,0,0,0,0,0,0,0,0,0,0,0,0,0
48270101,48270,48,경상남도,270,밀양시,101,,0,0.0,0.0,0.0,0.0,0.0,0.0,0.0,0.0,0.0,0.0,0.0,0.0,0.0,0.0,0.0,0.0,0,0.0,0.0,0.0,0.0,0.0,0.0,0.0,0.0,0.0,0.0,0.0,0.0,0.0,0.0,0.0,0.0,0,0.0,0.0,0.0,0.0,0.0,0.0,0.0,0.0,0.0,0.0,0.0,0.0,0.0,0.0,0.0,0.0,0.0,0.0,1,11,11,11,11,0,0,0,0,26,26,20,20,0,0,6,6
48270107,48270,48,경상남도,270,밀양시,107,활성동,1,0.0,0.0,0.0,0.0,0.0,0.0,0.0,0.0,0.0,0.0,0.0,0.0,0.0,0.0,0.0,0.0,0,0.0,0.0,0.0,0.0,0.0,0.0,0.0,0.0,0.0,0.0,0.0,0.0,0.0,0.0,0.0,0.0,0,0.0,0.0,0.0,0.0,0.0,0.0,0.0,0.0,0.0,0.0,0.0,0.0,0.0,0.0,0.0,0.0,0.0,0.0,0,0,0,0,0,0,0,0,0,0,0,0,0,0,0,0,0
48270250,48270,48,경상남도,270,밀양시,250,삼랑진읍,0,0.0,0.0,0.0,0.0,0.0,0.0,0.0,0.0,0.0,0.0,0.0,0.0,0.0,0.0,0.0,0.0,1,0.0,0.0,0.0,0.0,0.0,0.0,30.0,30.0,30.0,30.0,0.0,0.0,0.0,0.0,0.0,0.0,1,310.0,310.0,310.0,310.0,500.0,500.0,500.0,500.0,505.0,505.0,505.0,505.0,505.0,505.0,310.0,310.0,0.0,0.0,1,16,16,8,8,0,0,8,8,12,12,4,4,0,0,8,8
48270253,48270,48,경상남도,270,밀양시,253,하남읍,1,0.0,0.0,0.0,0.0,35.0,35.0,30.0,30.0,30.0,30.0,35.0,35.0,30.0,30.0,0.0,0.0,0,0.0,0.0,0.0,0.0,0.0,0.0,0.0,0.0,0.0,0.0,0.0,0.0,0.0,0.0,0.0,0.0,0,0.0,0.0,0.0,0.0,0.0,0.0,0.0,0.0,0.0,0.0,0.0,0.0,0.0,0.0,0.0,0.0,0.0,0.0,1,21,21,11,11,0,0,10,10,26,26,20,20,0,0,6,6
48270310,48270,48,경상남도,270,밀양시,310,부북면,0,0.0,0.0,0.0,0.0,0.0,0.0,0.0,0.0,0.0,0.0,0.0,0.0,0.0,0.0,0.0,0.0,1,0.0,0.0,0.0,0.0,0.0,0.0,0.0,0.0,0.0,0.0,0.0,0.0,0.0,0.0,0.0,0.0,1,250.0,250.0,250.0,250.0,490.0,490.0,490.0,490.0,500.0,500.0,510.0,510.0,525.0,525.0,250.0,250.0,0.0,0.0,1,26,26,23,23,0,0,3,3,8,8,4,4,0,0,4,4
48270370,48270,48,경상남도,270,밀양시,370,초동면,1,40.4,40.4,37.9,37.9,35.4,35.4,33.0,33.0,30.6,30.6,28.2,28.2,26.0,26.0,40.4,40.4,1,0.0,0.0,0.0,0.0,0.0,0.0,0.0,0.0,0.0,0.0,0.0,0.0,0.0,0.0,0.0,0.0,1,0.0,0.0,0.0,0.0,0.0,0.0,0.0,0.0,0.0,0.0,0.0,0.0,0.0,0.0,0.0,0.0,0.0,0.0,1,22,22,17,17,0,0,5,5,8,8,8,8,0,0,0,0
48310101,48310,48,경상남도,310,거제시,101,,0,0.0,0.0,0.0,0.0,0.0,0.0,0.0,0.0,0.0,0.0,0.0,0.0,0.0,0.0,0.0,0.0,0,0.0,0.0,0.0,0.0,0.0,0.0,0.0,0.0,0.0,0.0,0.0,0.0,0.0,0.0,0.0,0.0,0,0.0,0.0,0.0,0.0,0.0,0.0,0.0,0.0,0.0,0.0,0.0,0.0,0.0,0.0,0.0,0.0,0.0,0.0,1,0,0,0,0,0,0,0,0,25,25,14,14,0,0,11,11
48310103,48310,48,경상남도,310,거제시,103,두모동,0,0.0,0.0,0.0,0.0,0.0,0.0,0.0,0.0,0.0,0.0,0.0,0.0,0.0,0.0,0.0,0.0,1,0.0,0.0,0.0,0.0,0.0,0.0,0.0,0.0,0.0,0.0,0.0,0.0,0.0,0.0,0.0,0.0,1,0.0,0.0,0.0,0.0,0.0,0.0,0.0,0.0,0.0,0.0,0.0,0.0,315.0,315.0,0.0,0.0,0.0,0.0,1,20,20,16,16,2,2,2,2,8,8,4,4,2,2,2,2
48310107,48310,48,경상남도,310,거제시,107,덕포동,1,30.6,30.6,26.6,26.6,21.1,21.1,15.6,15.6,13.3,13.3,11.0,11.0,9.0,9.0,30.6,30.6,0,0.0,0.0,0.0,0.0,0.0,0.0,0.0,0.0,0.0,0.0,0.0,0.0,0.0,0.0,0.0,0.0,0,0.0,0.0,0.0,0.0,0.0,0.0,0.0,0.0,0.0,0.0,0.0,0.0,0.0,0.0,0.0,0.0,0.0,0.0,0,0,0,0,0,0,0,0,0,0,0,0,0,0,0,0,0
48310360,48310,48,경상남도,310,거제시,360,사등면,1,0.0,0.0,0.0,0.0,0.0,0.0,0.0,0.0,0.0,0.0,0.0,0.0,45.0,45.0,0.0,0.0,1,0.0,0.0,0.0,0.0,0.0,0.0,0.0,0.0,0.0,0.0,0.0,0.0,0.0,0.0,0.0,0.0,1,0.0,0.0,0.0,0.0,0.0,0.0,0.0,0.0,0.0,0.0,0.0,0.0,315.0,315.0,0.0,0.0,0.0,0.0,1,31,31,27,27,0,0,4,4,12,12,10,10,0,0,2,2
48310370,48310,48,경상남도,310,거제시,370,연초면,0,0.0,0.0,0.0,0.0,0.0,0.0,0.0,0.0,0.0,0.0,0.0,0.0,0.0,0.0,0.0,0.0,1,0.0,0.0,0.0,0.0,0.0,0.0,0.0,0.0,0.0,0.0,0.0,0.0,45.0,45.0,0.0,0.0,1,0.0,0.0,0.0,0.0,0.0,0.0,0.0,0.0,0.0,0.0,0.0,0.0,315.0,315.0,0.0,0.0,0.0,0.0,0,0,0,0,0,0,0,0,0,0,0,0,0,0,0,0,0
48310380,48310,48,경상남도,310,거제시,380,하청면,1,0.0,0.0,0.0,0.0,0.0,0.0,0.0,0.0,0.0,0.0,0.0,0.0,0.0,0.0,0.0,0.0,0,0.0,0.0,0.0,0.0,0.0,0.0,0.0,0.0,0.0,0.0,0.0,0.0,0.0,0.0,0.0,0.0,0,0.0,0.0,0.0,0.0,0.0,0.0,0.0,0.0,0.0,0.0,0.0,0.0,0.0,0.0,0.0,0.0,0.0,0.0,0,0,0,0,0,0,0,0,0,0,0,0,0,0,0,0,0
48330101,48330,48,경상남도,330,양산시,101,다방동,0,0.0,0.0,0.0,0.0,0.0,0.0,0.0,0.0,0.0,0.0,0.0,0.0,0.0,0.0,0.0,0.0,1,0.0,0.0,0.0,0.0,0.0,0.0,0.0,0.0,0.0,0.0,0.0,0.0,0.0,0.0,0.0,0.0,1,860.0,860.0,860.0,860.0,895.0,895.0,945.0,945.0,965.0,965.0,970.0,970.0,975.0,975.0,860.0,860.0,0.0,0.0,1,17,17,11,11,0,0,6,6,17,17,9,9,2,2,6,6
48330103,48330,48,경상남도,330,양산시,103,중부동,1,0.0,0.0,0.0,0.0,0.0,0.0,0.0,0.0,0.0,0.0,0.0,0.0,0.0,0.0,0.0,0.0,0,0.0,0.0,0.0,0.0,0.0,0.0,0.0,0.0,0.0,0.0,0.0,0.0,0.0,0.0,0.0,0.0,0,0.0,0.0,0.0,0.0,0.0,0.0,0.0,0.0,0.0,0.0,0.0,0.0,0.0,0.0,0.0,0.0,0.0,0.0,0,0,0,0,0,0,0,0,0,0,0,0,0,0,0,0,0
48330104,48330,48,경상남도,330,양산시,104,호계동,1,0.0,0.0,0.0,0.0,0.0,0.0,0.0,0.0,0.0,0.0,18.9,18.9,0.0,0.0,0.0,0.0,0,0.0,0.0,0.0,0.0,0.0,0.0,0.0,0.0,0.0,0.0,0.0,0.0,0.0,0.0,0.0,0.0,0,0.0,0.0,0.0,0.0,0.0,0.0,0.0,0.0,0.0,0.0,0.0,0.0,0.0,0.0,0.0,0.0,0.0,0.0,0,0,0,0,0,0,0,0,0,0,0,0,0,0,0,0,0
48330110,48330,48,경상남도,330,양산시,110,교동,0,0.0,0.0,0.0,0.0,0.0,0.0,0.0,0.0,0.0,0.0,0.0,0.0,0.0,0.0,0.0,0.0,2,0.0,0.0,0.0,0.0,0.0,0.0,0.0,0.0,0.0,0.0,100.0,65.0,0.0,0.0,0.0,0.0,2,1340.0,810.0,1465.0,840.0,1465.0,840.0,1505.0,840.0,1505.0,840.0,1540.0,840.0,1540.0,840.0,1340.0,810.0,0.0,0.0,1,26,26,26,26,0,0,0,0,8,8,6,6,0,0,2,2
48330116,48330,48,경상남도,330,양산시,116,덕계동,0,0.0,0.0,0.0,0.0,0.0,0.0,0.0,0.0,0.0,0.0,0.0,0.0,0.0,0.0,0.0,0.0,2,0.0,0.0,0.0,0.0,0.0,0.0,0.0,0.0,115.0,115.0,175.0,110.0,105.0,105.0,0.0,0.0,2,845.0,845.0,845.0,845.0,845.0,845.0,845.0,845.0,845.0,845.0,850.0,845.0,1375.0,845.0,845.0,845.0,19.8,19.8,2,48,24,42,23,4,4,2,1,20,11,12,7,2,1,6,5
48330119,48330,48,경상남도,330,양산시,119,평산동,1,0.0,0.0,0.0,0.0,0.0,0.0,0.0,0.0,14.0,14.0,12.9,12.9,11.9,11.9,0.0,0.0,0,0.0,0.0,0.0,0.0,0.0,0.0,0.0,0.0,0.0,0.0,0.0,0.0,0.0,0.0,0.0,0.0,0,0.0,0.0,0.0,0.0,0.0,0.0,0.0,0.0,0.0,0.0,0.0,0.0,0.0,0.0,0.0,0.0,0.0,0.0,0,0,0,0,0,0,0,0,0,0,0,0,0,0,0,0,0
48330320,48330,48,경상남도,330,양산시,320,동면,1,0.0,0.0,0.0,0.0,0.0,0.0,0.0,0.0,0.0,0.0,35.0,35.0,0.0,0.0,0.0,0.0,1,0.0,0.0,0.0,0.0,0.0,0.0,0.0,0.0,0.0,0.0,35.0,35.0,0.0,0.0,0.0,0.0,1,755.0,755.0,755.0,755.0,755.0,755.0,1035.0,1035.0,1035.0,1035.0,1035.0,1035.0,1035.0,1035.0,755.0,755.0,0.0,0.0,1,19,19,15,15,1,1,3,3,8,8,5,5,1,1,2,2
48330330,48330,48,경상남도,330,양산시,330,상북면,0,0.0,0.0,0.0,0.0,0.0,0.0,0.0,0.0,0.0,0.0,0.0,0.0,0.0,0.0,0.0,0.0,1,0.0,0.0,0.0,0.0,0.0,0.0,0.0,0.0,300.0,300.0,335.0,335.0,400.0,400.0,0.0,0.0,1,510.0,510.0,510.0,510.0,510.0,510.0,510.0,510.0,510.0,510.0,510.0,510.0,510.0,510.0,510.0,510.0,0.0,0.0,0,0,0,0,0,0,0,0,0,0,0,0,0,0,0,0,0
48330340,48330,48,경상남도,330,양산시,340,하북면,3,0.0,0.0,0.0,0.0,0.0,0.0,0.0,0.0,144.3,144.3,142.4,142.4,140.6,140.6,0.0,0.0,1,0.0,0.0,0.0,0.0,0.0,0.0,0.0,0.0,310.0,310.0,265.0,265.0,265.0,265.0,0.0,0.0,1,0.0,0.0,0.0,0.0,0.0,0.0,0.0,0.0,0.0,0.0,60.0,60.0,940.0,940.0,0.0,0.0,0.0,0.0,1,18,18,18,18,0,0,0,0,10,10,8,8,0,0,2,2
48330350,48330,48,경상남도,330,양산시,350,원동면,1,0.0,0.0,0.0,0.0,0.0,0.0,0.0,0.0,0.0,0.0,0.0,0.0,0.0,0.0,0.0,0.0,0,0.0,0.0,0.0,0.0,0.0,0.0,0.0,0.0,0.0,0.0,0.0,0.0,0.0,0.0,0.0,0.0,0,0.0,0.0,0.0,0.0,0.0,0.0,0.0,0.0,0.0,0.0,0.0,0.0,0.0,0.0,0.0,0.0,0.0,0.0,0,0,0,0,0,0,0,0,0,0,0,0,0,0,0,0,0
48720250,48720,48,경상남도,720,의령군,250,의령읍,1,0.0,0.0,0.0,0.0,0.0,0.0,0.0,0.0,0.0,0.0,0.0,0.0,0.0,0.0,0.0,0.0,1,255.0,255.0,315.0,315.0,0.0,0.0,240.0,240.0,255.0,255.0,245.0,245.0,250.0,250.0,255.0,255.0,1,0.0,0.0,0.0,0.0,0.0,0.0,0.0,0.0,0.0,0.0,0.0,0.0,0.0,0.0,0.0,0.0,0.0,0.0,1,8,8,7,7,0,0,1,1,22,22,12,12,0,0,10,10
48730250,48730,48,경상남도,730,함안군,250,,0,0.0,0.0,0.0,0.0,0.0,0.0,0.0,0.0,0.0,0.0,0.0,0.0,0.0,0.0,0.0,0.0,0,0.0,0.0,0.0,0.0,0.0,0.0,0.0,0.0,0.0,0.0,0.0,0.0,0.0,0.0,0.0,0.0,0,0.0,0.0,0.0,0.0,0.0,0.0,0.0,0.0,0.0,0.0,0.0,0.0,0.0,0.0,0.0,0.0,0.0,0.0,1,11,11,11,11,0,0,0,0,26,26,20,20,0,0,6,6
48730253,48730,48,경상남도,730,함안군,253,칠원읍,2,28.4,28.4,26.9,26.9,23.9,23.9,21.9,21.9,18.9,18.9,16.0,16.0,14.0,14.0,28.4,28.4,0,0.0,0.0,0.0,0.0,0.0,0.0,0.0,0.0,0.0,0.0,0.0,0.0,0.0,0.0,0.0,0.0,0,0.0,0.0,0.0,0.0,0.0,0.0,0.0,0.0,0.0,0.0,0.0,0.0,0.0,0.0,0.0,0.0,0.0,0.0,0,0,0,0,0,0,0,0,0,0,0,0,0,0,0,0,0
48730310,48730,48,경상남도,730,함안군,310,함안면,1,0.0,0.0,0.0,0.0,0.0,0.0,0.0,0.0,0.0,0.0,0.0,0.0,0.0,0.0,0.0,0.0,0,0.0,0.0,0.0,0.0,0.0,0.0,0.0,0.0,0.0,0.0,0.0,0.0,0.0,0.0,0.0,0.0,0,0.0,0.0,0.0,0.0,0.0,0.0,0.0,0.0,0.0,0.0,0.0,0.0,0.0,0.0,0.0,0.0,0.0,0.0,0,0,0,0,0,0,0,0,0,0,0,0,0,0,0,0,0
48730320,48730,48,경상남도,730,함안군,320,군북면,1,0.0,0.0,0.0,0.0,0.0,0.0,80.0,80.0,80.0,80.0,80.0,80.0,80.0,80.0,0.0,0.0,2,0.0,0.0,0.0,0.0,195.0,195.0,180.0,180.0,160.0,160.0,135.0,135.0,150.0,150.0,0.0,0.0,2,0.0,0.0,0.0,0.0,0.0,0.0,750.0,750.0,770.0,770.0,785.0,785.0,785.0,785.0,0.0,0.0,0.0,0.0,1,20,20,16,16,4,4,0,0,10,10,8,8,2,2,0,0
48730340,48730,48,경상남도,730,함안군,340,대산면,0,0.0,0.0,0.0,0.0,0.0,0.0,0.0,0.0,0.0,0.0,0.0,0.0,0.0,0.0,0.0,0.0,1,0.0,0.0,0.0,0.0,0.0,0.0,0.0,0.0,0.0,0.0,0.0,0.0,0.0,0.0,0.0,0.0,1,0.0,0.0,0.0,0.0,0.0,0.0,500.0,500.0,500.0,500.0,515.0,515.0,540.0,540.0,0.0,0.0,0.0,0.0,0,0,0,0,0,0,0,0,0,0,0,0,0,0,0,0,0
48730380,48730,48,경상남도,730,함안군,380,산인면,1,0.0,0.0,0.0,0.0,65.0,65.0,93.7,93.7,91.6,91.6,89.5,89.5,88.0,88.0,0.0,0.0,0,0.0,0.0,0.0,0.0,0.0,0.0,0.0,0.0,0.0,0.0,0.0,0.0,0.0,0.0,0.0,0.0,0,0.0,0.0,0.0,0.0,0.0,0.0,0.0,0.0,0.0,0.0,0.0,0.0,0.0,0.0,0.0,0.0,0.0,0.0,1,15,15,10,10,0,0,5,5,11,11,4,4,0,0,7,7
48740250,48740,48,경상남도,740,창녕군,250,창녕읍,2,0.0,0.0,0.0,0.0,0.0,0.0,0.0,0.0,121.0,121.0,121.0,121.0,121.0,121.0,0.0,0.0,0,0.0,0.0,0.0,0.0,0.0,0.0,0.0,0.0,0.0,0.0,0.0,0.0,0.0,0.0,0.0,0.0,0,0.0,0.0,0.0,0.0,0.0,0.0,0.0,0.0,0.0,0.0,0.0,0.0,0.0,0.0,0.0,0.0,0.0,0.0,0,0,0,0,0,0,0,0,0,0,0,0,0,0,0,0,0
48740330,48740,48,경상남도,740,창녕군,330,대합면,0,0.0,0.0,0.0,0.0,0.0,0.0,0.0,0.0,0.0,0.0,0.0,0.0,0.0,0.0,0.0,0.0,1,605.0,605.0,570.0,570.0,880.0,880.0,605.0,605.0,615.0,615.0,415.0,415.0,585.0,585.0,605.0,605.0,1,1180.0,1180.0,1180.0,1180.0,1760.0,1760.0,1825.0,1825.0,1840.0,1840.0,1865.0,1865.0,1885.0,1885.0,1180.0,1180.0,0.0,0.0,1,27,27,27,27,0,0,0,0,8,8,5,5,0,0,3,3
48740370,48740,48,경상남도,740,창녕군,370,계성면,0,0.0,0.0,0.0,0.0,0.0,0.0,0.0,0.0,0.0,0.0,0.0,0.0,0.0,0.0,0.0,0.0,1,230.0,230.0,170.0,170.0,250.0,250.0,240.0,240.0,230.0,230.0,200.0,200.0,220.0,220.0,230.0,230.0,1,620.0,620.0,650.0,650.0,840.0,840.0,920.0,920.0,955.0,955.0,1255.0,1255.0,1295.0,1295.0,620.0,620.0,0.0,0.0,1,23,23,18,18,0,0,5,5,6,6,6,6,0,0,0,0
48740380,48740,48,경상남도,740,창녕군,380,영산면,1,26.8,26.8,24.0,24.0,21.2,21.2,18.5,18.5,15.8,15.8,13.2,13.2,11.0,11.0,26.8,26.8,0,0.0,0.0,0.0,0.0,0.0,0.0,0.0,0.0,0.0,0.0,0.0,0.0,0.0,0.0,0.0,0.0,0,0.0,0.0,0.0,0.0,0.0,0.0,0.0,0.0,0.0,0.0,0.0,0.0,0.0,0.0,0.0,0.0,0.0,0.0,0,0,0,0,0,0,0,0,0,0,0,0,0,0,0,0,0
48740400,48740,48,경상남도,740,창녕군,400,도천면,0,0.0,0.0,0.0,0.0,0.0,0.0,0.0,0.0,0.0,0.0,0.0,0.0,0.0,0.0,0.0,0.0,1,0.0,0.0,0.0,0.0,0.0,0.0,0.0,0.0,210.0,210.0,170.0,170.0,220.0,220.0,0.0,0.0,1,0.0,0.0,900.0,900.0,900.0,900.0,900.0,900.0,900.0,900.0,1135.0,1135.0,1140.0,1140.0,0.0,0.0,0.0,0.0,0,0,0,0,0,0,0,0,0,0,0,0,0,0,0,0,0
48740420,48740,48,경상남도,740,창녕군,420,,0,0.0,0.0,0.0,0.0,0.0,0.0,0.0,0.0,0.0,0.0,0.0,0.0,0.0,0.0,0.0,0.0,0,0.0,0.0,0.0,0.0,0.0,0.0,0.0,0.0,0.0,0.0,0.0,0.0,0.0,0.0,0.0,0.0,0,0.0,0.0,0.0,0.0,0.0,0.0,0.0,0.0,0.0,0.0,0.0,0.0,0.0,0.0,0.0,0.0,0.0,0.0,1,11,11,11,11,0,0,0,0,26,26,20,20,0,0,6,6
48820250,48820,48,경상남도,820,고성군,250,,0,0.0,0.0,0.0,0.0,0.0,0.0,0.0,0.0,0.0,0.0,0.0,0.0,0.0,0.0,0.0,0.0,0,0.0,0.0,0.0,0.0,0.0,0.0,0.0,0.0,0.0,0.0,0.0,0.0,0.0,0.0,0.0,0.0,0,0.0,0.0,0.0,0.0,0.0,0.0,0.0,0.0,0.0,0.0,0.0,0.0,0.0,0.0,0.0,0.0,0.0,0.0,1,0,0,0,0,0,0,0,0,25,25,14,14,0,0,11,11
48820380,48820,48,경상남도,820,고성군,380,개천면,0,0.0,0.0,0.0,0.0,0.0,0.0,0.0,0.0,0.0,0.0,0.0,0.0,0.0,0.0,0.0,0.0,1,0.0,0.0,0.0,0.0,0.0,0.0,0.0,0.0,0.0,0.0,0.0,0.0,0.0,0.0,0.0,0.0,1,0.0,0.0,0.0,0.0,0.0,0.0,0.0,0.0,0.0,0.0,0.0,0.0,65.0,65.0,0.0,0.0,0.0,0.0,1,21,21,18,18,0,0,3,3,8,8,4,4,0,0,4,4
48820400,48820,48,경상남도,820,고성군,400,회화면,1,61.5,61.5,59.4,59.4,57.3,57.3,55.2,55.2,53.2,53.2,51.1,51.1,50.2,50.2,61.5,61.5,0,0.0,0.0,0.0,0.0,0.0,0.0,0.0,0.0,0.0,0.0,0.0,0.0,0.0,0.0,0.0,0.0,0,0.0,0.0,0.0,0.0,0.0,0.0,0.0,0.0,0.0,0.0,0.0,0.0,0.0,0.0,0.0,0.0,0.0,0.0,0,0,0,0,0,0,0,0,0,0,0,0,0,0,0,0,0
48840250,48840,48,경상남도,840,남해군,250,남해읍,0,0.0,0.0,0.0,0.0,0.0,0.0,0.0,0.0,0.0,0.0,0.0,0.0,0.0,0.0,0.0,0.0,1,0.0,0.0,0.0,0.0,0.0,0.0,0.0,0.0,0.0,0.0,0.0,0.0,0.0,0.0,0.0,0.0,1,0.0,0.0,0.0,0.0,0.0,0.0,0.0,0.0,0.0,0.0,0.0,0.0,0.0,0.0,0.0,0.0,2565.5,2565.5,1,13,13,10,10,3,3,0,0,18,18,8,8,6,6,4,4
48840370,48840,48,경상남도,840,남해군,370,고현면,0,0.0,0.0,0.0,0.0,0.0,0.0,0.0,0.0,0.0,0.0,0.0,0.0,0.0,0.0,0.0,0.0,1,0.0,0.0,0.0,0.0,0.0,0.0,0.0,0.0,150.0,150.0,210.0,210.0,180.0,180.0,0.0,0.0,1,0.0,0.0,0.0,0.0,0.0,0.0,0.0,0.0,0.0,0.0,0.0,0.0,265.0,265.0,0.0,0.0,0.0,0.0,1,20,20,9,9,2,2,9,9,6,6,2,2,2,2,2,2
48840390,48840,48,경상남도,840,남해군,390,창선면,1,0.0,0.0,0.0,0.0,0.0,0.0,0.0,0.0,88.2,88.2,86.7,86.7,86.0,86.0,0.0,0.0,0,0.0,0.0,0.0,0.0,0.0,0.0,0.0,0.0,0.0,0.0,0.0,0.0,0.0,0.0,0.0,0.0,0,0.0,0.0,0.0,0.0,0.0,0.0,0.0,0.0,0.0,0.0,0.0,0.0,0.0,0.0,0.0,0.0,0.0,0.0,0,0,0,0,0,0,0,0,0,0,0,0,0,0,0,0,0
48850250,48850,48,경상남도,850,하동군,250,,0,0.0,0.0,0.0,0.0,0.0,0.0,0.0,0.0,0.0,0.0,0.0,0.0,0.0,0.0,0.0,0.0,0,0.0,0.0,0.0,0.0,0.0,0.0,0.0,0.0,0.0,0.0,0.0,0.0,0.0,0.0,0.0,0.0,0,0.0,0.0,0.0,0.0,0.0,0.0,0.0,0.0,0.0,0.0,0.0,0.0,0.0,0.0,0.0,0.0,0.0,0.0,1,13,13,10,10,3,3,0,0,18,18,8,8,6,6,4,4
48850360,48850,48,경상남도,850,하동군,360,금남면,1,0.0,0.0,0.0,0.0,0.0,0.0,0.0,0.0,133.7,133.7,133.7,133.7,133.7,133.7,0.0,0.0,0,0.0,0.0,0.0,0.0,0.0,0.0,0.0,0.0,0.0,0.0,0.0,0.0,0.0,0.0,0.0,0.0,0,0.0,0.0,0.0,0.0,0.0,0.0,0.0,0.0,0.0,0.0,0.0,0.0,0.0,0.0,0.0,0.0,0.0,0.0,0,0,0,0,0,0,0,0,0,0,0,0,0,0,0,0,0
48850370,48850,48,경상남도,850,하동군,370,진교면,0,0.0,0.0,0.0,0.0,0.0,0.0,0.0,0.0,0.0,0.0,0.0,0.0,0.0,0.0,0.0,0.0,1,0.0,0.0,0.0,0.0,0.0,0.0,0.0,0.0,150.0,150.0,210.0,210.0,180.0,180.0,0.0,0.0,1,0.0,0.0,0.0,0.0,0.0,0.0,0.0,0.0,0.0,0.0,0.0,0.0,260.0,260.0,0.0,0.0,21.105,21.105,0,0,0,0,0,0,0,0,0,0,0,0,0,0,0,0,0
48850390,48850,48,경상남도,850,하동군,390,,0,0.0,0.0,0.0,0.0,0.0,0.0,0.0,0.0,0.0,0.0,0.0,0.0,0.0,0.0,0.0,0.0,0,0.0,0.0,0.0,0.0,0.0,0.0,0.0,0.0,0.0,0.0,0.0,0.0,0.0,0.0,0.0,0.0,0,0.0,0.0,0.0,0.0,0.0,0.0,0.0,0.0,0.0,0.0,0.0,0.0,0.0,0.0,0.0,0.0,0.0,0.0,1,27,27,18,18,0,0,9,9,8,8,8,8,0,0,0,0
48850420,48850,48,경상남도,850,하동군,420,금성면,2,84.3,84.3,82.7,82.7,81.1,81.1,79.5,79.5,77.9,77.9,76.3,76.3,74.0,74.0,84.3,84.3,0,0.0,0.0,0.0,0.0,0.0,0.0,0.0,0.0,0.0,0.0,0.0,0.0,0.0,0.0,0.0,0.0,0,0.0,0.0,0.0,0.0,0.0,0.0,0.0,0.0,0.0,0.0,0.0,0.0,0.0,0.0,0.0,0.0,0.0,0.0,0,0,0,0,0,0,0,0,0,0,0,0,0,0,0,0,0
48860250,48860,48,경상남도,860,산청군,250,산청읍,0,0.0,0.0,0.0,0.0,0.0,0.0,0.0,0.0,0.0,0.0,0.0,0.0,0.0,0.0,0.0,0.0,0,0.0,0.0,0.0,0.0,0.0,0.0,0.0,0.0,0.0,0.0,0.0,0.0,0.0,0.0,0.0,0.0,1,0.0,0.0,0.0,0.0,0.0,0.0,915.0,915.0,1495.0,1495.0,1495.0,1495.0,1495.0,1495.0,0.0,0.0,0.0,0.0,1,8,8,7,7,0,0,1,1,22,22,12,12,0,0,10,10
48860340,48860,48,경상남도,860,산청군,340,금서면,0,0.0,0.0,0.0,0.0,0.0,0.0,0.0,0.0,0.0,0.0,0.0,0.0,0.0,0.0,0.0,0.0,1,0.0,0.0,0.0,0.0,0.0,0.0,0.0,0.0,0.0,0.0,0.0,0.0,0.0,0.0,0.0,0.0,1,0.0,0.0,0.0,0.0,0.0,0.0,115.0,115.0,115.0,115.0,115.0,115.0,215.0,215.0,0.0,0.0,0.0,0.0,1,28,28,14,14,2,2,12,12,8,8,2,2,2,2,4,4
48870250,48870,48,경상남도,870,함양군,250,,0,0.0,0.0,0.0,0.0,0.0,0.0,0.0,0.0,0.0,0.0,0.0,0.0,0.0,0.0,0.0,0.0,0,0.0,0.0,0.0,0.0,0.0,0.0,0.0,0.0,0.0,0.0,0.0,0.0,0.0,0.0,0.0,0.0,0,0.0,0.0,0.0,0.0,0.0,0.0,0.0,0.0,0.0,0.0,0.0,0.0,0.0,0.0,0.0,0.0,0.0,0.0,1,8,8,7,7,0,0,1,1,22,22,12,12,0,0,10,10
48870310,48870,48,경상남도,870,함양군,310,마천면,0,0.0,0.0,0.0,0.0,0.0,0.0,0.0,0.0,0.0,0.0,0.0,0.0,0.0,0.0,0.0,0.0,1,225.0,225.0,240.0,240.0,0.0,0.0,265.0,265.0,230.0,230.0,235.0,235.0,240.0,240.0,225.0,225.0,1,0.0,0.0,0.0,0.0,105.0,105.0,110.0,110.0,115.0,115.0,115.0,115.0,340.0,340.0,0.0,0.0,0.0,0.0,0,0,0,0,0,0,0,0,0,0,0,0,0,0,0,0,0
48870320,48870,48,경상남도,870,함양군,320,휴천면,1,54.0,54.0,52.7,52.7,51.5,51.5,50.2,50.2,49.0,49.0,47.8,47.8,47.0,47.0,54.0,54.0,0,0.0,0.0,0.0,0.0,0.0,0.0,0.0,0.0,0.0,0.0,0.0,0.0,0.0,0.0,0.0,0.0,0,0.0,0.0,0.0,0.0,0.0,0.0,0.0,0.0,0.0,0.0,0.0,0.0,0.0,0.0,0.0,0.0,0.0,0.0,0,0,0,0,0,0,0,0,0,0,0,0,0,0,0,0,0
48880250,48880,48,경상남도,880,거창군,250,,0,0.0,0.0,0.0,0.0,0.0,0.0,0.0,0.0,0.0,0.0,0.0,0.0,0.0,0.0,0.0,0.0,0,0.0,0.0,0.0,0.0,0.0,0.0,0.0,0.0,0.0,0.0,0.0,0.0,0.0,0.0,0.0,0.0,0,0.0,0.0,0.0,0.0,0.0,0.0,0.0,0.0,0.0,0.0,0.0,0.0,0.0,0.0,0.0,0.0,0.0,0.0,1,8,8,7,7,0,0,1,1,22,22,12,12,0,0,10,10
48880310,48880,48,경상남도,880,거창군,310,주상면,1,84.2,84.2,82.4,82.4,80.6,80.6,78.8,78.8,77.0,77.0,75.3,75.3,72.0,72.0,84.2,84.2,0,0.0,0.0,0.0,0.0,0.0,0.0,0.0,0.0,0.0,0.0,0.0,0.0,0.0,0.0,0.0,0.0,0,0.0,0.0,0.0,0.0,0.0,0.0,0.0,0.0,0.0,0.0,0.0,0.0,0.0,0.0,0.0,0.0,0.0,0.0,0,0,0,0,0,0,0,0,0,0,0,0,0,0,0,0,0
48880410,48880,48,경상남도,880,거창군,410,가북면,0,0.0,0.0,0.0,0.0,0.0,0.0,0.0,0.0,0.0,0.0,0.0,0.0,0.0,0.0,0.0,0.0,1,0.0,0.0,0.0,0.0,0.0,0.0,0.0,0.0,0.0,0.0,0.0,0.0,0.0,0.0,0.0,0.0,1,0.0,0.0,0.0,0.0,110.0,110.0,110.0,110.0,110.0,110.0,115.0,115.0,265.0,265.0,0.0,0.0,0.0,0.0,1,20,20,19,19,0,0,1,1,8,8,4,4,0,0,4,4
48890250,48890,48,경상남도,890,합천군,250,합천읍,1,54.4,54.4,53.3,53.3,52.1,52.1,51.0,51.0,49.9,49.9,48.8,48.8,47.0,47.0,54.4,54.4,0,0.0,0.0,0.0,0.0,0.0,0.0,0.0,0.0,0.0,0.0,0.0,0.0,0.0,0.0,0.0,0.0,0,0.0,0.0,0.0,0.0,0.0,0.0,0.0,0.0,0.0,0.0,0.0,0.0,0.0,0.0,0.0,0.0,0.0,0.0,1,8,8,7,7,0,0,1,1,22,22,12,12,0,0,10,10
48890330,48890,48,경상남도,890,합천군,330,가야면,0,0.0,0.0,0.0,0.0,0.0,0.0,0.0,0.0,0.0,0.0,0.0,0.0,0.0,0.0,0.0,0.0,1,255.0,255.0,315.0,315.0,0.0,0.0,240.0,240.0,255.0,255.0,245.0,245.0,260.0,260.0,255.0,255.0,1,0.0,0.0,0.0,0.0,115.0,115.0,115.0,115.0,115.0,115.0,115.0,115.0,370.0,370.0,0.0,0.0,0.0,0.0,1,15,15,10,10,0,0,5,5,8,8,6,6,0,0,2,2
48890380,48890,48,경상남도,890,합천군,380,덕곡면,0,0.0,0.0,0.0,0.0,0.0,0.0,0.0,0.0,0.0,0.0,0.0,0.0,0.0,0.0,0.0,0.0,1,270.0,270.0,290.0,290.0,300.0,300.0,320.0,320.0,315.0,315.0,325.0,325.0,410.0,410.0,270.0,270.0,1,270.0,270.0,270.0,270.0,370.0,370.0,370.0,370.0,370.0,370.0,370.0,370.0,370.0,370.0,270.0,270.0,0.0,0.0,1,15,15,15,15,0,0,0,0,9,9,4,4,0,0,5,5
48890390,48890,48,경상남도,890,합천군,390,청덕면,1,108.5,108.5,107.9,107.9,107.3,107.3,106.7,106.7,106.1,106.1,105.5,105.5,104.9,104.9,108.5,108.5,0,0.0,0.0,0.0,0.0,0.0,0.0,0.0,0.0,0.0,0.0,0.0,0.0,0.0,0.0,0.0,0.0,0,0.0,0.0,0.0,0.0,0.0,0.0,0.0,0.0,0.0,0.0,0.0,0.0,0.0,0.0,0.0,0.0,0.0,0.0,0,0,0,0,0,0,0,0,0,0,0,0,0,0,0,0,0
48890440,48890,48,경상남도,890,합천군,440,가회면,1,26.6,26.6,24.9,24.9,23.2,23.2,21.5,21.5,19.9,19.9,18.3,18.3,16.0,16.0,26.6,26.6,0,0.0,0.0,0.0,0.0,0.0,0.0,0.0,0.0,0.0,0.0,0.0,0.0,0.0,0.0,0.0,0.0,0,0.0,0.0,0.0,0.0,0.0,0.0,0.0,0.0,0.0,0.0,0.0,0.0,0.0,0.0,0.0,0.0,0.0,0.0,1,28,28,14,14,2,2,12,12,8,8,2,2,2,2,4,4
50110101,50110,50,제주특별자치도,110,제주시,101,,0,0.0,0.0,0.0,0.0,0.0,0.0,0.0,0.0,0.0,0.0,0.0,0.0,0.0,0.0,0.0,0.0,0,0.0,0.0,0.0,0.0,0.0,0.0,0.0,0.0,0.0,0.0,0.0,0.0,0.0,0.0,0.0,0.0,0,0.0,0.0,0.0,0.0,0.0,0.0,0.0,0.0,0.0,0.0,0.0,0.0,0.0,0.0,0.0,0.0,0.0,0.0,1,20,20,16,16,0,0,4,4,5,5,2,2,1,1,2,2
50110113,50110,50,제주특별자치도,110,제주시,113,,0,0.0,0.0,0.0,0.0,0.0,0.0,0.0,0.0,0.0,0.0,0.0,0.0,0.0,0.0,0.0,0.0,0,0.0,0.0,0.0,0.0,0.0,0.0,0.0,0.0,0.0,0.0,0.0,0.0,0.0,0.0,0.0,0.0,0,0.0,0.0,0.0,0.0,0.0,0.0,0.0,0.0,0.0,0.0,0.0,0.0,0.0,0.0,0.0,0.0,0.0,0.0,1,24,24,16,16,1,1,7,7,12,12,4,4,8,8,0,0
50110122,50110,50,제주특별자치도,110,제주시,122,,0,0.0,0.0,0.0,0.0,0.0,0.0,0.0,0.0,0.0,0.0,0.0,0.0,0.0,0.0,0.0,0.0,0,0.0,0.0,0.0,0.0,0.0,0.0,0.0,0.0,0.0,0.0,0.0,0.0,0.0,0.0,0.0,0.0,0,0.0,0.0,0.0,0.0,0.0,0.0,0.0,0.0,0.0,0.0,0.0,0.0,0.0,0.0,0.0,0.0,0.0,0.0,1,18,18,15,15,1,1,2,2,8,8,7,7,1,1,0,0
50110123,50110,50,제주특별자치도,110,제주시,123,,0,0.0,0.0,0.0,0.0,0.0,0.0,0.0,0.0,0.0,0.0,0.0,0.0,0.0,0.0,0.0,0.0,0,0.0,0.0,0.0,0.0,0.0,0.0,0.0,0.0,0.0,0.0,0.0,0.0,0.0,0.0,0.0,0.0,0,0.0,0.0,0.0,0.0,0.0,0.0,0.0,0.0,0.0,0.0,0.0,0.0,0.0,0.0,0.0,0.0,0.0,0.0,1,12,12,6,6,2,2,4,4,8,8,3,3,2,2,3,3
50110250,50110,50,제주특별자치도,110,제주시,250,,0,0.0,0.0,0.0,0.0,0.0,0.0,0.0,0.0,0.0,0.0,0.0,0.0,0.0,0.0,0.0,0.0,0,0.0,0.0,0.0,0.0,0.0,0.0,0.0,0.0,0.0,0.0,0.0,0.0,0.0,0.0,0.0,0.0,0,0.0,0.0,0.0,0.0,0.0,0.0,0.0,0.0,0.0,0.0,0.0,0.0,0.0,0.0,0.0,0.0,0.0,0.0,1,20,20,20,20,0,0,0,0,7,7,7,7,0,0,0,0
50110256,50110,50,제주특별자치도,110,제주시,256,,0,0.0,0.0,0.0,0.0,0.0,0.0,0.0,0.0,0.0,0.0,0.0,0.0,0.0,0.0,0.0,0.0,0,0.0,0.0,0.0,0.0,0.0,0.0,0.0,0.0,0.0,0.0,0.0,0.0,0.0,0.0,0.0,0.0,0,0.0,0.0,0.0,0.0,0.0,0.0,0.0,0.0,0.0,0.0,0.0,0.0,0.0,0.0,0.0,0.0,0.0,0.0,1,31,31,19,19,1,1,11,11,6,6,5,5,1,1,0,0
50130101,50130,50,제주특별자치도,130,서귀포시,101,,0,0.0,0.0,0.0,0.0,0.0,0.0,0.0,0.0,0.0,0.0,0.0,0.0,0.0,0.0,0.0,0.0,0,0.0,0.0,0.0,0.0,0.0,0.0,0.0,0.0,0.0,0.0,0.0,0.0,0.0,0.0,0.0,0.0,0,0.0,0.0,0.0,0.0,0.0,0.0,0.0,0.0,0.0,0.0,0.0,0.0,0.0,0.0,0.0,0.0,0.0,0.0,2,46,26,36,20,0,0,10,6,11,7,9,5,1,1,1,1
50130112,50130,50,제주특별자치도,130,서귀포시,112,,0,0.0,0.0,0.0,0.0,0.0,0.0,0.0,0.0,0.0,0.0,0.0,0.0,0.0,0.0,0.0,0.0,0,0.0,0.0,0.0,0.0,0.0,0.0,0.0,0.0,0.0,0.0,0.0,0.0,0.0,0.0,0.0,0.0,0,0.0,0.0,0.0,0.0,0.0,0.0,0.0,0.0,0.0,0.0,0.0,0.0,0.0,0.0,0.0,0.0,0.0,0.0,1,20,20,20,20,0,0,0,0,7,7,7,7,0,0,0,0
50130115,50130,50,제주특별자치도,130,서귀포시,115,,0,0.0,0.0,0.0,0.0,0.0,0.0,0.0,0.0,0.0,0.0,0.0,0.0,0.0,0.0,0.0,0.0,0,0.0,0.0,0.0,0.0,0.0,0.0,0.0,0.0,0.0,0.0,0.0,0.0,0.0,0.0,0.0,0.0,0,0.0,0.0,0.0,0.0,0.0,0.0,0.0,0.0,0.0,0.0,0.0,0.0,0.0,0.0,0.0,0.0,0.0,0.0,1,24,24,16,16,1,1,7,7,12,12,4,4,8,8,0,0
50130119,50130,50,제주특별자치도,130,서귀포시,119,,0,0.0,0.0,0.0,0.0,0.0,0.0,0.0,0.0,0.0,0.0,0.0,0.0,0.0,0.0,0.0,0.0,0,0.0,0.0,0.0,0.0,0.0,0.0,0.0,0.0,0.0,0.0,0.0,0.0,0.0,0.0,0.0,0.0,0,0.0,0.0,0.0,0.0,0.0,0.0,0.0,0.0,0.0,0.0,0.0,0.0,0.0,0.0,0.0,0.0,0.0,0.0,1,20,20,17,17,1,1,2,2,12,12,5,5,5,5,2,2
50130259,50130,50,제주특별자치도,130,서귀포시,259,,0,0.0,0.0,0.0,0.0,0.0,0.0,0.0,0.0,0.0,0.0,0.0,0.0,0.0,0.0,0.0,0.0,0,0.0,0.0,0.0,0.0,0.0,0.0,0.0,0.0,0.0,0.0,0.0,0.0,0.0,0.0,0.0,0.0,0,0.0,0.0,0.0,0.0,0.0,0.0,0.0,0.0,0.0,0.0,0.0,0.0,0.0,0.0,0.0,0.0,0.0,0.0,1,31,31,19,19,1,1,11,11,6,6,5,5,1,1,0,0
50130310,50130,50,제주특별자치도,130,서귀포시,310,,0,0.0,0.0,0.0,0.0,0.0,0.0,0.0,0.0,0.0,0.0,0.0,0.0,0.0,0.0,0.0,0.0,0,0.0,0.0,0.0,0.0,0.0,0.0,0.0,0.0,0.0,0.0,0.0,0.0,0.0,0.0,0.0,0.0,0,0.0,0.0,0.0,0.0,0.0,0.0,0.0,0.0,0.0,0.0,0.0,0.0,0.0,0.0,0.0,0.0,0.0,0.0,1,18,18,15,15,1,1,2,2,8,8,7,7,1,1,0,0
51110101,51110,51,강원특별자치도,110,춘천시,101,,0,0.0,0.0,0.0,0.0,0.0,0.0,0.0,0.0,0.0,0.0,0.0,0.0,0.0,0.0,0.0,0.0,0,0.0,0.0,0.0,0.0,0.0,0.0,0.0,0.0,0.0,0.0,0.0,0.0,0.0,0.0,0.0,0.0,0,0.0,0.0,0.0,0.0,0.0,0.0,0.0,0.0,0.0,0.0,0.0,0.0,0.0,0.0,0.0,0.0,0.0,0.0,1,0,0,0,0,0,0,0,0,10,10,8,8,0,0,2,2
51110110,51110,51,강원특별자치도,110,춘천시,110,교동,0,0.0,0.0,0.0,0.0,0.0,0.0,0.0,0.0,0.0,0.0,0.0,0.0,0.0,0.0,0.0,0.0,0,0.0,0.0,0.0,0.0,0.0,0.0,0.0,0.0,0.0,0.0,0.0,0.0,0.0,0.0,0.0,0.0,1,0.0,0.0,0.0,0.0,0.0,0.0,0.0,0.0,0.0,0.0,0.0,0.0,0.0,0.0,0.0,0.0,0.0,0.0,1,28,28,26,26,0,0,2,2,10,10,4,4,2,2,4,4
51110118,51110,51,강원특별자치도,110,춘천시,118,우두동,1,0.0,0.0,92.8,92.8,91.8,91.8,90.8,90.8,89.8,89.8,88.8,88.8,87.7,87.7,0.0,0.0,1,0.0,0.0,120.0,120.0,135.0,135.0,135.0,135.0,150.0,150.0,155.0,155.0,160.0,160.0,0.0,0.0,0,0.0,0.0,0.0,0.0,0.0,0.0,0.0,0.0,0.0,0.0,0.0,0.0,0.0,0.0,0.0,0.0,0.0,0.0,0,0,0,0,0,0,0,0,0,0,0,0,0,0,0,0,0
51110120,51110,51,강원특별자치도,110,춘천시,120,후평동,1,0.0,0.0,1.9,1.9,0.0,0.0,0.0,0.0,0.0,0.0,0.0,0.0,0.0,0.0,0.0,0.0,1,40.0,40.0,50.0,50.0,105.0,105.0,105.0,105.0,70.0,70.0,5.0,5.0,80.0,80.0,40.0,40.0,0,0.0,0.0,0.0,0.0,0.0,0.0,0.0,0.0,0.0,0.0,0.0,0.0,0.0,0.0,0.0,0.0,0.0,0.0,0,0,0,0,0,0,0,0,0,0,0,0,0,0,0,0,0
51110123,51110,51,강원특별자치도,110,춘천시,123,퇴계동,0,0.0,0.0,0.0,0.0,0.0,0.0,0.0,0.0,0.0,0.0,0.0,0.0,0.0,0.0,0.0,0.0,0,0.0,0.0,0.0,0.0,0.0,0.0,0.0,0.0,0.0,0.0,0.0,0.0,0.0,0.0,0.0,0.0,1,0.0,0.0,0.0,0.0,0.0,0.0,0.0,0.0,0.0,0.0,0.0,0.0,320.0,320.0,0.0,0.0,0.0,0.0,0,0,0,0,0,0,0,0,0,0,0,0,0,0,0,0,0
51110250,51110,51,강원특별자치도,110,춘천시,250,신북읍,0,0.0,0.0,0.0,0.0,0.0,0.0,0.0,0.0,0.0,0.0,0.0,0.0,0.0,0.0,0.0,0.0,0,0.0,0.0,0.0,0.0,0.0,0.0,0.0,0.0,0.0,0.0,0.0,0.0,0.0,0.0,0.0,0.0,2,0.0,0.0,0.0,0.0,0.0,0.0,0.0,0.0,0.0,0.0,0.0,0.0,0.0,0.0,0.0,0.0,0.0,0.0,0,0,0,0,0,0,0,0,0,0,0,0,0,0,0,0,0
51110310,51110,51,강원특별자치도,110,춘천시,310,동면,2,165.6,165.6,331.2,165.6,331.2,165.6,331.2,165.6,331.2,165.6,331.2,165.6,331.2,165.6,165.6,165.6,2,0.0,0.0,355.0,250.0,390.0,285.0,415.0,295.0,435.0,300.0,430.0,300.0,450.0,300.0,0.0,0.0,1,0.0,0.0,0.0,0.0,0.0,0.0,0.0,0.0,0.0,0.0,0.0,0.0,0.0,0.0,0.0,0.0,0.0,0.0,0,0,0,0,0,0,0,0,0,0,0,0,0,0,0,0,0
51110320,51110,51,강원특별자치도,110,춘천시,320,동산면,1,0.0,0.0,0.0,0.0,0.0,0.0,0.0,0.0,0.0,0.0,0.0,0.0,0.0,0.0,0.0,0.0,1,0.0,0.0,0.0,0.0,0.0,0.0,0.0,0.0,0.0,0.0,0.0,0.0,0.0,0.0,0.0,0.0,1,0.0,0.0,0.0,0.0,0.0,0.0,0.0,0.0,0.0,0.0,0.0,0.0,0.0,0.0,0.0,0.0,0.0,0.0,0,0,0,0,0,0,0,0,0,0,0,0,0,0,0,0,0
51110330,51110,51,강원특별자치도,110,춘천시,330,신동면,0,0.0,0.0,0.0,0.0,0.0,0.0,0.0,0.0,0.0,0.0,0.0,0.0,0.0,0.0,0.0,0.0,0,0.0,0.0,0.0,0.0,0.0,0.0,0.0,0.0,0.0,0.0,0.0,0.0,0.0,0.0,0.0,0.0,1,0.0,0.0,0.0,0.0,0.0,0.0,0.0,0.0,0.0,0.0,0.0,0.0,0.0,0.0,0.0,0.0,0.0,0.0,0,0,0,0,0,0,0,0,0,0,0,0,0,0,0,0,0
51110340,51110,51,강원특별자치도,110,춘천시,340,남면,0,0.0,0.0,0.0,0.0,0.0,0.0,0.0,0.0,0.0,0.0,0.0,0.0,0.0,0.0,0.0,0.0,0,0.0,0.0,0.0,0.0,0.0,0.0,0.0,0.0,0.0,0.0,0.0,0.0,0.0,0.0,0.0,0.0,1,0.0,0.0,0.0,0.0,0.0,0.0,0.0,0.0,0.0,0.0,0.0,0.0,0.0,0.0,0.0,0.0,0.0,0.0,1,26,26,9,9,0,0,17,17,12,12,2,2,2,2,8,8
51110350,51110,51,강원특별자치도,110,춘천시,350,서면,0,0.0,0.0,0.0,0.0,0.0,0.0,0.0,0.0,0.0,0.0,0.0,0.0,0.0,0.0,0.0,0.0,0,0.0,0.0,0.0,0.0,0.0,0.0,0.0,0.0,0.0,0.0,0.0,0.0,0.0,0.0,0.0,0.0,1,0.0,0.0,0.0,0.0,0.0,0.0,0.0,0.0,0.0,0.0,0.0,0.0,445.0,445.0,0.0,0.0,0.0,0.0,0,0,0,0,0,0,0,0,0,0,0,0,0,0,0,0,0
51110380,51110,51,강원특별자치도,110,춘천시,380,북산면,0,0.0,0.0,0.0,0.0,0.0,0.0,0.0,0.0,0.0,0.0,0.0,0.0,0.0,0.0,0.0,0.0,0,0.0,0.0,0.0,0.0,0.0,0.0,0.0,0.0,0.0,0.0,0.0,0.0,0.0,0.0,0.0,0.0,1,0.0,0.0,0.0,0.0,0.0,0.0,0.0,0.0,0.0,0.0,0.0,0.0,700.0,700.0,0.0,0.0,0.0,0.0,1,30,30,17,17,2,2,11,11,12,12,4,4,4,4,4,4
51110390,51110,51,강원특별자치도,110,춘천시,390,동내면,0,0.0,0.0,0.0,0.0,0.0,0.0,0.0,0.0,0.0,0.0,0.0,0.0,0.0,0.0,0.0,0.0,0,0.0,0.0,0.0,0.0,0.0,0.0,0.0,0.0,0.0,0.0,0.0,0.0,0.0,0.0,0.0,0.0,1,0.0,0.0,0.0,0.0,0.0,0.0,0.0,0.0,0.0,0.0,0.0,0.0,0.0,0.0,0.0,0.0,0.0,0.0,1,29,29,26,26,0,0,3,3,8,8,6,6,2,2,0,0
51110400,51110,51,강원특별자치도,110,춘천시,400,남산면,1,0.0,0.0,0.0,0.0,0.0,0.0,165.6,165.6,165.6,165.6,165.6,165.6,165.6,165.6,0.0,0.0,1,0.0,0.0,0.0,0.0,0.0,0.0,570.0,570.0,475.0,475.0,530.0,530.0,445.0,445.0,0.0,0.0,0,0.0,0.0,0.0,0.0,0.0,0.0,0.0,0.0,0.0,0.0,0.0,0.0,0.0,0.0,0.0,0.0,0.0,0.0,0,0,0,0,0,0,0,0,0,0,0,0,0,0,0,0,0
51130101,51130,51,강원특별자치도,130,원주시,101,,0,0.0,0.0,0.0,0.0,0.0,0.0,0.0,0.0,0.0,0.0,0.0,0.0,0.0,0.0,0.0,0.0,0,0.0,0.0,0.0,0.0,0.0,0.0,0.0,0.0,0.0,0.0,0.0,0.0,0.0,0.0,0.0,0.0,0,0.0,0.0,0.0,0.0,0.0,0.0,0.0,0.0,0.0,0.0,0.0,0.0,0.0,0.0,0.0,0.0,0.0,0.0,1,0,0,0,0,0,0,0,0,20,20,18,18,2,2,0,0
51130105,51130,51,강원특별자치도,130,원주시,105,개운동,0,0.0,0.0,0.0,0.0,0.0,0.0,0.0,0.0,0.0,0.0,0.0,0.0,0.0,0.0,0.0,0.0,0,0.0,0.0,0.0,0.0,0.0,0.0,0.0,0.0,0.0,0.0,0.0,0.0,0.0,0.0,0.0,0.0,1,0.0,0.0,0.0,0.0,0.0,0.0,0.0,0.0,570.0,570.0,580.0,580.0,580.0,580.0,0.0,0.0,39.0,39.0,1,28,28,24,24,0,0,4,4,7,7,6,6,1,1,0,0
51130114,51130,51,강원특별자치도,130,원주시,114,행구동,1,72.4,72.4,70.8,70.8,69.1,69.1,67.4,67.4,65.8,65.8,64.1,64.1,62.4,62.4,72.4,72.4,1,95.0,95.0,230.0,230.0,230.0,230.0,225.0,225.0,210.0,210.0,210.0,210.0,210.0,210.0,95.0,95.0,0,0.0,0.0,0.0,0.0,0.0,0.0,0.0,0.0,0.0,0.0,0.0,0.0,0.0,0.0,0.0,0.0,0.0,0.0,0,0,0,0,0,0,0,0,0,0,0,0,0,0,0,0,0
51130117,51130,51,강원특별자치도,130,원주시,117,반곡동,0,0.0,0.0,0.0,0.0,0.0,0.0,0.0,0.0,0.0,0.0,0.0,0.0,0.0,0.0,0.0,0.0,0,0.0,0.0,0.0,0.0,0.0,0.0,0.0,0.0,0.0,0.0,0.0,0.0,0.0,0.0,0.0,0.0,1,0.0,0.0,0.0,0.0,0.0,0.0,0.0,0.0,365.0,365.0,365.0,365.0,365.0,365.0,0.0,0.0,0.0,0.0,1,28,28,11,11,0,0,17,17,8,8,2,2,4,4,2,2
51130118,51130,51,강원특별자치도,130,원주시,118,가현동,0,0.0,0.0,0.0,0.0,0.0,0.0,0.0,0.0,0.0,0.0,0.0,0.0,0.0,0.0,0.0,0.0,0,0.0,0.0,0.0,0.0,0.0,0.0,0.0,0.0,0.0,0.0,0.0,0.0,0.0,0.0,0.0,0.0,1,0.0,0.0,0.0,0.0,0.0,0.0,0.0,0.0,260.0,260.0,260.0,260.0,280.0,280.0,0.0,0.0,0.0,0.0,1,28,28,20,20,3,3,5,5,10,10,6,6,3,3,1,1
51130250,51130,51,강원특별자치도,130,원주시,250,문막읍,0,0.0,0.0,0.0,0.0,0.0,0.0,0.0,0.0,0.0,0.0,0.0,0.0,0.0,0.0,0.0,0.0,0,0.0,0.0,0.0,0.0,0.0,0.0,0.0,0.0,0.0,0.0,0.0,0.0,0.0,0.0,0.0,0.0,2,0.0,0.0,0.0,0.0,0.0,0.0,0.0,0.0,570.0,570.0,1320.0,1320.0,1320.0,1320.0,0.0,0.0,0.0,0.0,1,24,24,13,13,0,0,11,11,11,11,9,9,0,0,2,2
51130320,51130,51,강원특별자치도,130,원주시,320,호저면,2,88.69999999999999,51.3,74.7,49.5,71.5,47.6,47.400000000000006,45.7,104.39999999999999,72.6,90.8,71.8,76.0,70.9,88.69999999999999,51.3,2,270.0,190.0,595.0,390.0,565.0,325.0,525.0,305.0,595.0,305.0,745.0,420.0,610.0,345.0,270.0,190.0,0,0.0,0.0,0.0,0.0,0.0,0.0,0.0,0.0,0.0,0.0,0.0,0.0,0.0,0.0,0.0,0.0,0.0,0.0,0,0,0,0,0,0,0,0,0,0,0,0,0,0,0,0,0
51130330,51130,51,강원특별자치도,130,원주시,330,지정면,0,0.0,0.0,0.0,0.0,0.0,0.0,0.0,0.0,0.0,0.0,0.0,0.0,0.0,0.0,0.0,0.0,0,0.0,0.0,0.0,0.0,0.0,0.0,0.0,0.0,0.0,0.0,0.0,0.0,0.0,0.0,0.0,0.0,1,0.0,0.0,740.0,740.0,740.0,740.0,740.0,740.0,740.0,740.0,790.0,790.0,955.0,955.0,0.0,0.0,0.0,0.0,1,26,26,11,11,0,0,15,15,8,8,4,4,2,2,2,2
51130350,51130,51,강원특별자치도,130,원주시,350,부론면,2,46.8,46.8,45.2,45.2,43.5,43.5,207.5,165.6,205.8,165.6,204.1,165.6,202.5,165.6,46.8,46.8,2,0.0,0.0,0.0,0.0,0.0,0.0,0.0,0.0,0.0,0.0,680.0,680.0,770.0,770.0,0.0,0.0,1,0.0,0.0,0.0,0.0,0.0,0.0,0.0,0.0,0.0,0.0,1220.0,1220.0,1220.0,1220.0,0.0,0.0,0.0,0.0,0,0,0,0,0,0,0,0,0,0,0,0,0,0,0,0,0
51130360,51130,51,강원특별자치도,130,원주시,360,귀래면,0,0.0,0.0,0.0,0.0,0.0,0.0,0.0,0.0,0.0,0.0,0.0,0.0,0.0,0.0,0.0,0.0,0,0.0,0.0,0.0,0.0,0.0,0.0,0.0,0.0,0.0,0.0,0.0,0.0,0.0,0.0,0.0,0.0,1,0.0,0.0,0.0,0.0,0.0,0.0,0.0,0.0,555.0,555.0,725.0,725.0,1030.0,1030.0,0.0,0.0,0.0,0.0,0,0,0,0,0,0,0,0,0,0,0,0,0,0,0,0,0
51130370,51130,51,강원특별자치도,130,원주시,370,흥업면,1,55.7,55.7,54.0,54.0,52.3,52.3,50.6,50.6,48.9,48.9,47.1,47.1,45.4,45.4,55.7,55.7,1,95.0,95.0,245.0,245.0,280.0,280.0,260.0,260.0,260.0,260.0,330.0,330.0,270.0,270.0,95.0,95.0,0,0.0,0.0,0.0,0.0,0.0,0.0,0.0,0.0,0.0,0.0,0.0,0.0,0.0,0.0,0.0,0.0,0.0,0.0,0,0,0,0,0,0,0,0,0,0,0,0,0,0,0,0,0
51130380,51130,51,강원특별자치도,130,원주시,380,판부면,1,6.2,6.2,2.9,2.9,19.9,19.9,17.7,17.7,15.3,15.3,13.0,13.0,10.7,10.7,6.2,6.2,1,0.0,0.0,0.0,0.0,0.0,0.0,0.0,0.0,0.0,0.0,0.0,0.0,0.0,0.0,0.0,0.0,0,0.0,0.0,0.0,0.0,0.0,0.0,0.0,0.0,0.0,0.0,0.0,0.0,0.0,0.0,0.0,0.0,0.0,0.0,0,0,0,0,0,0,0,0,0,0,0,0,0,0,0,0,0
51150113,51150,51,강원특별자치도,150,강릉시,113,강문동,0,0.0,0.0,0.0,0.0,0.0,0.0,0.0,0.0,0.0,0.0,0.0,0.0,0.0,0.0,0.0,0.0,0,0.0,0.0,0.0,0.0,0.0,0.0,0.0,0.0,0.0,0.0,0.0,0.0,0.0,0.0,0.0,0.0,1,0.0,0.0,0.0,0.0,0.0,0.0,0.0,0.0,305.0,305.0,1075.0,1075.0,1075.0,1075.0,0.0,0.0,0.0,0.0,0,0,0,0,0,0,0,0,0,0,0,0,0,0,0,0,0
51150117,51150,51,강원특별자치도,150,강릉시,117,회산동,1,0.0,0.0,3.3,3.3,1.9,1.9,0.5,0.5,0.0,0.0,0.0,0.0,0.0,0.0,0.0,0.0,1,495.0,495.0,480.0,480.0,300.0,300.0,395.0,395.0,580.0,580.0,570.0,570.0,515.0,515.0,495.0,495.0,0,0.0,0.0,0.0,0.0,0.0,0.0,0.0,0.0,0.0,0.0,0.0,0.0,0.0,0.0,0.0,0.0,0.0,0.0,0,0,0,0,0,0,0,0,0,0,0,0,0,0,0,0,0
51150125,51150,51,강원특별자치도,150,강릉시,125,입암동,0,0.0,0.0,0.0,0.0,0.0,0.0,0.0,0.0,0.0,0.0,0.0,0.0,0.0,0.0,0.0,0.0,0,0.0,0.0,0.0,0.0,0.0,0.0,0.0,0.0,0.0,0.0,0.0,0.0,0.0,0.0,0.0,0.0,1,0.0,0.0,0.0,0.0,0.0,0.0,0.0,0.0,0.0,0.0,980.0,980.0,980.0,980.0,0.0,0.0,0.0,0.0,0,0,0,0,0,0,0,0,0,0,0,0,0,0,0,0,0
51150128,51150,51,강원특별자치도,150,강릉시,128,학동,1,68.6,68.6,66.2,66.2,65.4,65.4,64.7,64.7,63.9,63.9,63.2,63.2,62.5,62.5,68.6,68.6,1,200.0,200.0,200.0,200.0,215.0,215.0,250.0,250.0,220.0,220.0,230.0,230.0,230.0,230.0,200.0,200.0,0,0.0,0.0,0.0,0.0,0.0,0.0,0.0,0.0,0.0,0.0,0.0,0.0,0.0,0.0,0.0,0.0,0.0,0.0,0,0,0,0,0,0,0,0,0,0,0,0,0,0,0,0,0
51150136,51150,51,강원특별자치도,150,강릉시,136,난곡동,0,0.0,0.0,0.0,0.0,0.0,0.0,0.0,0.0,0.0,0.0,0.0,0.0,0.0,0.0,0.0,0.0,0,0.0,0.0,0.0,0.0,0.0,0.0,0.0,0.0,0.0,0.0,0.0,0.0,0.0,0.0,0.0,0.0,1,0.0,0.0,0.0,0.0,0.0,0.0,0.0,0.0,640.0,640.0,640.0,640.0,640.0,640.0,0.0,0.0,0.0,0.0,1,26,26,10,10,1,1,15,15,8,8,4,4,1,1,3,3
51150250,51150,51,강원특별자치도,150,강릉시,250,주문진읍,1,118.2,118.2,117.5,117.5,117.0,117.0,116.4,116.4,115.7,115.7,115.1,115.1,114.6,114.6,118.2,118.2,1,0.0,0.0,0.0,0.0,0.0,0.0,0.0,0.0,0.0,0.0,0.0,0.0,0.0,0.0,0.0,0.0,0,0.0,0.0,0.0,0.0,0.0,0.0,0.0,0.0,0.0,0.0,0.0,0.0,0.0,0.0,0.0,0.0,0.0,0.0,0,0,0,0,0,0,0,0,0,0,0,0,0,0,0,0,0
51150310,51150,51,강원특별자치도,150,강릉시,310,성산면,0,0.0,0.0,0.0,0.0,0.0,0.0,0.0,0.0,0.0,0.0,0.0,0.0,0.0,0.0,0.0,0.0,0,0.0,0.0,0.0,0.0,0.0,0.0,0.0,0.0,0.0,0.0,0.0,0.0,0.0,0.0,0.0,0.0,1,0.0,0.0,0.0,0.0,0.0,0.0,0.0,0.0,825.0,825.0,1330.0,1330.0,1330.0,1330.0,0.0,0.0,0.0,0.0,0,0,0,0,0,0,0,0,0,0,0,0,0,0,0,0,0
51150320,51150,51,강원특별자치도,150,강릉시,320,왕산면,0,0.0,0.0,0.0,0.0,0.0,0.0,0.0,0.0,0.0,0.0,0.0,0.0,0.0,0.0,0.0,0.0,0,0.0,0.0,0.0,0.0,0.0,0.0,0.0,0.0,0.0,0.0,0.0,0.0,0.0,0.0,0.0,0.0,1,0.0,0.0,0.0,0.0,0.0,0.0,0.0,0.0,165.0,165.0,220.0,220.0,225.0,225.0,0.0,0.0,9.68,9.68,1,28,28,16,16,5,5,7,7,8,8,6,6,1,1,1,1
51150340,51150,51,강원특별자치도,150,강릉시,340,강동면,1,0.0,0.0,0.0,0.0,0.0,0.0,0.0,0.0,0.0,0.0,0.0,0.0,0.0,0.0,0.0,0.0,1,0.0,0.0,0.0,0.0,0.0,0.0,0.0,0.0,0.0,0.0,0.0,0.0,0.0,0.0,0.0,0.0,1,0.0,0.0,0.0,0.0,0.0,0.0,0.0,0.0,0.0,0.0,0.0,0.0,0.0,0.0,0.0,0.0,0.0,0.0,1,11,11,9,9,0,0,2,2,4,4,4,4,0,0,0,0
51150350,51150,51,강원특별자치도,150,강릉시,350,옥계면,2,202.7,165.6,176.6,165.6,175.4,165.6,174.1,165.6,172.79999999999998,165.6,171.6,165.6,170.29999999999998,165.6,202.7,165.6,2,600.0,400.0,550.0,400.0,490.0,400.0,515.0,400.0,630.0,400.0,630.0,400.0,555.0,400.0,600.0,400.0,0,0.0,0.0,0.0,0.0,0.0,0.0,0.0,0.0,0.0,0.0,0.0,0.0,0.0,0.0,0.0,0.0,0.0,0.0,1,24,24,15,15,8,8,1,1,11,11,7,7,0,0,4,4
51150360,51150,51,강원특별자치도,150,강릉시,360,사천면,0,0.0,0.0,0.0,0.0,0.0,0.0,0.0,0.0,0.0,0.0,0.0,0.0,0.0,0.0,0.0,0.0,0,0.0,0.0,0.0,0.0,0.0,0.0,0.0,0.0,0.0,0.0,0.0,0.0,0.0,0.0,0.0,0.0,1,0.0,0.0,0.0,0.0,0.0,0.0,0.0,0.0,0.0,0.0,0.0,0.0,0.0,0.0,0.0,0.0,0.0,0.0,1,28,28,11,11,0,0,17,17,8,8,5,5,3,3,0,0
51170115,51170,51,강원특별자치도,170,동해시,115,구호동,0,0.0,0.0,0.0,0.0,0.0,0.0,0.0,0.0,0.0,0.0,0.0,0.0,0.0,0.0,0.0,0.0,0,0.0,0.0,0.0,0.0,0.0,0.0,0.0,0.0,0.0,0.0,0.0,0.0,0.0,0.0,0.0,0.0,1,0.0,0.0,25.0,25.0,25.0,25.0,25.0,25.0,25.0,25.0,25.0,25.0,425.0,425.0,0.0,0.0,0.0,0.0,0,0,0,0,0,0,0,0,0,0,0,0,0,0,0,0,0
51170119,51170,51,강원특별자치도,170,동해시,119,귀운동,0,0.0,0.0,0.0,0.0,0.0,0.0,0.0,0.0,0.0,0.0,0.0,0.0,0.0,0.0,0.0,0.0,0,0.0,0.0,0.0,0.0,0.0,0.0,0.0,0.0,0.0,0.0,0.0,0.0,0.0,0.0,0.0,0.0,1,0.0,0.0,0.0,0.0,0.0,0.0,0.0,0.0,0.0,0.0,0.0,0.0,0.0,0.0,0.0,0.0,0.0,0.0,0,0,0,0,0,0,0,0,0,0,0,0,0,0,0,0,0
51170132,51170,51,강원특별자치도,170,동해시,132,괴란동,0,0.0,0.0,0.0,0.0,0.0,0.0,0.0,0.0,0.0,0.0,0.0,0.0,0.0,0.0,0.0,0.0,0,0.0,0.0,0.0,0.0,0.0,0.0,0.0,0.0,0.0,0.0,0.0,0.0,0.0,0.0,0.0,0.0,1,0.0,0.0,0.0,0.0,0.0,0.0,0.0,0.0,610.0,610.0,615.0,615.0,615.0,615.0,0.0,0.0,0.0,0.0,1,24,24,15,15,8,8,1,1,11,11,7,7,0,0,4,4
51190101,51190,51,강원특별자치도,190,태백시,101,황지동,1,89.2,89.2,88.6,88.6,83.3,83.3,82.7,82.7,82.1,82.1,81.5,81.5,80.9,80.9,89.2,89.2,1,0.0,0.0,0.0,0.0,0.0,0.0,0.0,0.0,0.0,0.0,0.0,0.0,0.0,0.0,0.0,0.0,1,0.0,0.0,0.0,0.0,0.0,0.0,0.0,0.0,0.0,0.0,610.0,610.0,610.0,610.0,0.0,0.0,0.0,0.0,0,0,0,0,0,0,0,0,0,0,0,0,0,0,0,0,0
51190103,51190,51,강원특별자치도,190,태백시,103,,0,0.0,0.0,0.0,0.0,0.0,0.0,0.0,0.0,0.0,0.0,0.0,0.0,0.0,0.0,0.0,0.0,0,0.0,0.0,0.0,0.0,0.0,0.0,0.0,0.0,0.0,0.0,0.0,0.0,0.0,0.0,0.0,0.0,0,0.0,0.0,0.0,0.0,0.0,0.0,0.0,0.0,0.0,0.0,0.0,0.0,0.0,0.0,0.0,0.0,0.0,0.0,1,27,27,14,14,6,6,7,7,11,11,9,9,2,2,0,0
51210101,51210,51,강원특별자치도,210,속초시,101,영랑동,0,0.0,0.0,0.0,0.0,0.0,0.0,0.0,0.0,0.0,0.0,0.0,0.0,0.0,0.0,0.0,0.0,0,0.0,0.0,0.0,0.0,0.0,0.0,0.0,0.0,0.0,0.0,0.0,0.0,0.0,0.0,0.0,0.0,1,0.0,0.0,0.0,0.0,0.0,0.0,0.0,0.0,0.0,0.0,0.0,0.0,1500.0,1500.0,0.0,0.0,0.0,0.0,1,0,0,0,0,0,0,0,0,10,10,8,8,0,0,2,2
51210109,51210,51,강원특별자치도,210,속초시,109,청호동,1,0.0,0.0,5.2,5.2,3.6,3.6,2.1,2.1,0.5,0.5,0.0,0.0,0.0,0.0,0.0,0.0,1,0.0,0.0,0.0,0.0,0.0,0.0,0.0,0.0,0.0,0.0,0.0,0.0,0.0,0.0,0.0,0.0,0,0.0,0.0,0.0,0.0,0.0,0.0,0.0,0.0,0.0,0.0,0.0,0.0,0.0,0.0,0.0,0.0,0.0,0.0,0,0,0,0,0,0,0,0,0,0,0,0,0,0,0,0,0
51210110,51210,51,강원특별자치도,210,속초시,110,,0,0.0,0.0,0.0,0.0,0.0,0.0,0.0,0.0,0.0,0.0,0.0,0.0,0.0,0.0,0.0,0.0,0,0.0,0.0,0.0,0.0,0.0,0.0,0.0,0.0,0.0,0.0,0.0,0.0,0.0,0.0,0.0,0.0,0,0.0,0.0,0.0,0.0,0.0,0.0,0.0,0.0,0.0,0.0,0.0,0.0,0.0,0.0,0.0,0.0,0.0,0.0,1,27,27,18,18,1,1,8,8,8,8,4,4,4,4,0,0
51230107,51230,51,강원특별자치도,230,삼척시,107,갈천동,0,0.0,0.0,0.0,0.0,0.0,0.0,0.0,0.0,0.0,0.0,0.0,0.0,0.0,0.0,0.0,0.0,0,0.0,0.0,0.0,0.0,0.0,0.0,0.0,0.0,0.0,0.0,0.0,0.0,0.0,0.0,0.0,0.0,1,0.0,0.0,40.0,40.0,40.0,40.0,40.0,40.0,40.0,40.0,475.0,475.0,475.0,475.0,0.0,0.0,0.0,0.0,1,24,24,12,12,2,2,10,10,11,11,4,4,2,2,5,5
51230112,51230,51,강원특별자치도,230,삼척시,112,평전동,1,93.7,93.7,92.8,92.8,92.0,92.0,80.0,80.0,90.4,90.4,89.5,89.5,88.7,88.7,93.7,93.7,1,355.0,355.0,215.0,215.0,400.0,400.0,80.0,80.0,175.0,175.0,125.0,125.0,135.0,135.0,355.0,355.0,0,0.0,0.0,0.0,0.0,0.0,0.0,0.0,0.0,0.0,0.0,0.0,0.0,0.0,0.0,0.0,0.0,0.0,0.0,0,0,0,0,0,0,0,0,0,0,0,0,0,0,0,0,0
51230116,51230,51,강원특별자치도,230,삼척시,116,하사미동,0,0.0,0.0,0.0,0.0,0.0,0.0,0.0,0.0,0.0,0.0,0.0,0.0,0.0,0.0,0.0,0.0,0,0.0,0.0,0.0,0.0,0.0,0.0,0.0,0.0,0.0,0.0,0.0,0.0,0.0,0.0,0.0,0.0,1,0.0,0.0,0.0,0.0,0.0,0.0,0.0,0.0,0.0,0.0,0.0,0.0,0.0,0.0,0.0,0.0,147.6,147.6,1,27,27,14,14,6,6,7,7,11,11,9,9,2,2,0,0
51230250,51230,51,강원특별자치도,230,삼척시,250,도계읍,2,86.9,86.9,86.7,86.7,86.5,86.5,86.3,86.3,86.1,86.1,251.5,165.6,251.3,165.6,86.9,86.9,2,0.0,0.0,0.0,0.0,0.0,0.0,0.0,0.0,0.0,0.0,325.0,325.0,335.0,335.0,0.0,0.0,2,0.0,0.0,0.0,0.0,0.0,0.0,0.0,0.0,0.0,0.0,1715.0,1250.0,2115.0,1650.0,0.0,0.0,138.6,138.6,0,0,0,0,0,0,0,0,0,0,0,0,0,0,0,0,0
51230350,51230,51,강원특별자치도,230,삼척시,350,가곡면,0,0.0,0.0,0.0,0.0,0.0,0.0,0.0,0.0,0.0,0.0,0.0,0.0,0.0,0.0,0.0,0.0,0,0.0,0.0,0.0,0.0,0.0,0.0,0.0,0.0,0.0,0.0,0.0,0.0,0.0,0.0,0.0,0.0,1,0.0,0.0,0.0,0.0,0.0,0.0,0.0,0.0,0.0,0.0,0.0,0.0,0.0,0.0,0.0,0.0,113.4,113.4,1,13,13,10,10,2,2,1,1,11,11,8,8,3,3,0,0
51720250,51720,51,강원특별자치도,720,홍천군,250,홍천읍,2,38.4,38.4,36.3,36.3,34.1,34.1,32.0,32.0,29.9,29.9,27.8,27.8,191.2,165.6,38.4,38.4,2,0.0,0.0,0.0,0.0,0.0,0.0,0.0,0.0,0.0,0.0,0.0,0.0,430.0,430.0,0.0,0.0,1,0.0,0.0,0.0,0.0,0.0,0.0,0.0,0.0,0.0,0.0,0.0,0.0,0.0,0.0,0.0,0.0,0.0,0.0,1,0,0,0,0,0,0,0,0,10,10,8,8,0,0,2,2
51720310,51720,51,강원특별자치도,720,홍천군,310,서면,1,30.6,30.6,29.4,29.4,28.3,28.3,27.2,27.2,26.1,26.1,24.9,24.9,23.8,23.8,30.6,30.6,1,80.0,80.0,235.0,235.0,245.0,245.0,310.0,310.0,325.0,325.0,330.0,330.0,325.0,325.0,80.0,80.0,0,0.0,0.0,0.0,0.0,0.0,0.0,0.0,0.0,0.0,0.0,0.0,0.0,0.0,0.0,0.0,0.0,0.0,0.0,1,26,26,9,9,0,0,17,17,12,12,2,2,2,2,8,8
51720340,51720,51,강원특별자치도,720,홍천군,340,서석면,1,96.5,96.5,95.6,95.6,94.6,94.6,93.7,93.7,92.7,92.7,91.8,91.8,90.9,90.9,96.5,96.5,1,0.0,0.0,0.0,0.0,0.0,0.0,0.0,0.0,0.0,0.0,0.0,0.0,0.0,0.0,0.0,0.0,1,0.0,0.0,0.0,0.0,0.0,0.0,0.0,0.0,0.0,0.0,0.0,0.0,0.0,0.0,0.0,0.0,0.0,0.0,1,26,26,20,20,0,0,6,6,8,8,8,8,0,0,0,0
51720390,51720,51,강원특별자치도,720,홍천군,390,내면,0,0.0,0.0,0.0,0.0,0.0,0.0,0.0,0.0,0.0,0.0,0.0,0.0,0.0,0.0,0.0,0.0,0,0.0,0.0,0.0,0.0,0.0,0.0,0.0,0.0,0.0,0.0,0.0,0.0,0.0,0.0,0.0,0.0,1,0.0,0.0,0.0,0.0,0.0,0.0,0.0,0.0,0.0,0.0,0.0,0.0,0.0,0.0,0.0,0.0,0.0,0.0,1,23,23,10,10,2,2,11,11,8,8,6,6,0,0,2,2
51730250,51730,51,강원특별자치도,730,횡성군,250,횡성읍,1,47.2,47.2,45.1,45.1,43.1,43.1,41.1,41.1,39.1,39.1,37.0,37.0,35.0,35.0,47.2,47.2,1,0.0,0.0,0.0,0.0,0.0,0.0,0.0,0.0,0.0,0.0,0.0,0.0,0.0,0.0,0.0,0.0,1,0.0,0.0,0.0,0.0,0.0,0.0,0.0,0.0,0.0,0.0,1690.0,1690.0,1845.0,1845.0,0.0,0.0,0.0,0.0,1,0,0,0,0,0,0,0,0,20,20,18,18,2,2,0,0
51730320,51730,51,강원특별자치도,730,횡성군,320,안흥면,1,130.7,130.7,130.1,130.1,129.5,129.5,128.9,128.9,128.3,128.3,127.6,127.6,127.0,127.0,130.7,130.7,1,195.0,195.0,405.0,405.0,295.0,295.0,305.0,305.0,510.0,510.0,505.0,505.0,455.0,455.0,195.0,195.0,0,0.0,0.0,0.0,0.0,0.0,0.0,0.0,0.0,0.0,0.0,0.0,0.0,0.0,0.0,0.0,0.0,0.0,0.0,0,0,0,0,0,0,0,0,0,0,0,0,0,0,0,0,0
51730330,51730,51,강원특별자치도,730,횡성군,330,둔내면,0,0.0,0.0,0.0,0.0,0.0,0.0,0.0,0.0,0.0,0.0,0.0,0.0,0.0,0.0,0.0,0.0,0,0.0,0.0,0.0,0.0,0.0,0.0,0.0,0.0,0.0,0.0,0.0,0.0,0.0,0.0,0.0,0.0,1,0.0,0.0,0.0,0.0,0.0,0.0,0.0,0.0,260.0,260.0,360.0,360.0,370.0,370.0,0.0,0.0,99.0,99.0,1,26,26,7,7,1,1,18,18,12,12,4,4,4,4,4,4
51750250,51750,51,강원특별자치도,750,영월군,250,영월읍,0,0.0,0.0,0.0,0.0,0.0,0.0,0.0,0.0,0.0,0.0,0.0,0.0,0.0,0.0,0.0,0.0,0,0.0,0.0,0.0,0.0,0.0,0.0,0.0,0.0,0.0,0.0,0.0,0.0,0.0,0.0,0.0,0.0,1,0.0,0.0,0.0,0.0,0.0,0.0,0.0,0.0,0.0,0.0,210.0,210.0,245.0,245.0,0.0,0.0,39.0,39.0,1,0,0,0,0,0,0,0,0,20,20,18,18,2,2,0,0
51750253,51750,51,강원특별자치도,750,영월군,253,상동읍,0,0.0,0.0,0.0,0.0,0.0,0.0,0.0,0.0,0.0,0.0,0.0,0.0,0.0,0.0,0.0,0.0,0,0.0,0.0,0.0,0.0,0.0,0.0,0.0,0.0,0.0,0.0,0.0,0.0,0.0,0.0,0.0,0.0,2,0.0,0.0,0.0,0.0,0.0,0.0,0.0,0.0,0.0,0.0,680.0,380.0,810.0,405.0,0.0,0.0,118.8,60.0,1,28,28,7,7,6,6,15,15,10,10,2,2,5,5,3,3
51750325,51750,51,강원특별자치도,750,영월군,325,김삿갓면,0,0.0,0.0,0.0,0.0,0.0,0.0,0.0,0.0,0.0,0.0,0.0,0.0,0.0,0.0,0.0,0.0,0,0.0,0.0,0.0,0.0,0.0,0.0,0.0,0.0,0.0,0.0,0.0,0.0,0.0,0.0,0.0,0.0,1,0.0,0.0,0.0,0.0,0.0,0.0,0.0,0.0,175.0,175.0,270.0,270.0,285.0,285.0,0.0,0.0,0.0,0.0,0,0,0,0,0,0,0,0,0,0,0,0,0,0,0,0,0
51750340,51750,51,강원특별자치도,750,영월군,340,남면,0,0.0,0.0,0.0,0.0,0.0,0.0,0.0,0.0,0.0,0.0,0.0,0.0,0.0,0.0,0.0,0.0,0,0.0,0.0,0.0,0.0,0.0,0.0,0.0,0.0,0.0,0.0,0.0,0.0,0.0,0.0,0.0,0.0,1,0.0,0.0,0.0,0.0,0.0,0.0,0.0,0.0,0.0,0.0,0.0,0.0,0.0,0.0,0.0,0.0,23.106,23.106,1,28,28,14,14,3,3,11,11,11,11,9,9,2,2,0,0
51760250,51760,51,강원특별자치도,760,평창군,250,정선읍,2,65.5,65.5,64.9,64.9,64.3,64.3,63.7,63.7,63.1,63.1,62.5,62.5,61.9,61.9,65.5,65.5,2,325.0,325.0,240.0,240.0,145.0,145.0,190.0,190.0,275.0,275.0,290.0,290.0,275.0,275.0,325.0,325.0,0,0.0,0.0,0.0,0.0,0.0,0.0,0.0,0.0,0.0,0.0,0.0,0.0,0.0,0.0,0.0,0.0,0.0,0.0,1,16,16,11,11,5,5,0,0,11,11,7,7,3,3,1,1
51760310,51760,51,강원특별자치도,760,평창군,310,미탄면,1,0.0,0.0,0.0,0.0,0.0,0.0,0.0,0.0,0.0,0.0,165.6,165.6,165.6,165.6,0.0,0.0,1,0.0,0.0,0.0,0.0,0.0,0.0,0.0,0.0,0.0,0.0,470.0,470.0,580.0,580.0,0.0,0.0,1,0.0,0.0,0.0,0.0,0.0,0.0,0.0,0.0,0.0,0.0,260.0,260.0,325.0,325.0,0.0,0.0,0.0,0.0,0,0,0,0,0,0,0,0,0,0,0,0,0,0,0,0,0
51760330,51760,51,강원특별자치도,760,평창군,330,대화면,0,0.0,0.0,0.0,0.0,0.0,0.0,0.0,0.0,0.0,0.0,0.0,0.0,0.0,0.0,0.0,0.0,0,0.0,0.0,0.0,0.0,0.0,0.0,0.0,0.0,0.0,0.0,0.0,0.0,0.0,0.0,0.0,0.0,1,0.0,0.0,0.0,0.0,0.0,0.0,0.0,0.0,0.0,0.0,0.0,0.0,0.0,0.0,0.0,0.0,0.0,0.0,1,26,26,10,10,0,0,16,16,6,6,6,6,0,0,0,0
51760340,51760,51,강원특별자치도,760,평창군,340,봉평면,0,0.0,0.0,0.0,0.0,0.0,0.0,0.0,0.0,0.0,0.0,0.0,0.0,0.0,0.0,0.0,0.0,0,0.0,0.0,0.0,0.0,0.0,0.0,0.0,0.0,0.0,0.0,0.0,0.0,0.0,0.0,0.0,0.0,1,0.0,0.0,0.0,0.0,0.0,0.0,0.0,0.0,0.0,0.0,0.0,0.0,0.0,0.0,0.0,0.0,237.6,237.6,1,27,27,16,16,4,4,7,7,7,7,7,7,0,0,0,0
51760350,51760,51,강원특별자치도,760,평창군,350,용평면,1,107.3,107.3,106.5,106.5,105.7,105.7,104.9,104.9,104.1,104.1,103.3,103.3,102.6,102.6,107.3,107.3,1,0.0,0.0,0.0,0.0,0.0,0.0,0.0,0.0,0.0,0.0,0.0,0.0,0.0,0.0,0.0,0.0,0,0.0,0.0,0.0,0.0,0.0,0.0,0.0,0.0,0.0,0.0,0.0,0.0,0.0,0.0,0.0,0.0,0.0,0.0,0,0,0,0,0,0,0,0,0,0,0,0,0,0,0,0,0
51760360,51760,51,강원특별자치도,760,평창군,360,진부면,2,218.0,113.0,277.9,165.6,271.7,160.0,271.0,160.0,276.0,165.6,275.3,165.6,274.7,165.6,218.0,113.0,2,325.0,220.0,520.0,305.0,430.0,270.0,425.0,265.0,625.0,345.0,720.0,400.0,665.0,350.0,325.0,220.0,0,0.0,0.0,0.0,0.0,0.0,0.0,0.0,0.0,0.0,0.0,0.0,0.0,0.0,0.0,0.0,0.0,0.0,0.0,0,0,0,0,0,0,0,0,0,0,0,0,0,0,0,0,0
51760380,51760,51,강원특별자치도,760,평창군,380,무릉도원면,1,116.0,116.0,115.3,115.3,114.7,114.7,114.1,114.1,113.4,113.4,112.8,112.8,112.1,112.1,116.0,116.0,1,0.0,0.0,0.0,0.0,0.0,0.0,0.0,0.0,0.0,0.0,0.0,0.0,0.0,0.0,0.0,0.0,1,0.0,0.0,0.0,0.0,0.0,0.0,0.0,0.0,0.0,0.0,0.0,0.0,0.0,0.0,0.0,0.0,0.0,0.0,2,56,28,30,16,8,5,18,11,19,11,15,9,3,2,1,1
51770250,51770,51,강원특별자치도,770,정선군,250,,0,0.0,0.0,0.0,0.0,0.0,0.0,0.0,0.0,0.0,0.0,0.0,0.0,0.0,0.0,0.0,0.0,0,0.0,0.0,0.0,0.0,0.0,0.0,0.0,0.0,0.0,0.0,0.0,0.0,0.0,0.0,0.0,0.0,0,0.0,0.0,0.0,0.0,0.0,0.0,0.0,0.0,0.0,0.0,0.0,0.0,0.0,0.0,0.0,0.0,0.0,0.0,1,0,0,0,0,0,0,0,0,20,20,18,18,2,2,0,0
51770253,51770,51,강원특별자치도,770,정선군,253,고한읍,0,0.0,0.0,0.0,0.0,0.0,0.0,0.0,0.0,0.0,0.0,0.0,0.0,0.0,0.0,0.0,0.0,0,0.0,0.0,0.0,0.0,0.0,0.0,0.0,0.0,0.0,0.0,0.0,0.0,0.0,0.0,0.0,0.0,1,0.0,0.0,0.0,0.0,0.0,0.0,0.0,0.0,0.0,0.0,0.0,0.0,0.0,0.0,0.0,0.0,0.0,0.0,1,25,25,9,9,5,5,11,11,6,6,0,0,4,4,0,0
51770256,51770,51,강원특별자치도,770,정선군,256,사북읍,1,59.9,59.9,59.2,59.2,58.5,58.5,57.8,57.8,57.1,57.1,56.4,56.4,55.7,55.7,59.9,59.9,1,0.0,0.0,0.0,0.0,0.0,0.0,0.0,0.0,0.0,0.0,0.0,0.0,0.0,0.0,0.0,0.0,0,0.0,0.0,0.0,0.0,0.0,0.0,0.0,0.0,0.0,0.0,0.0,0.0,0.0,0.0,0.0,0.0,0.0,0.0,0,0,0,0,0,0,0,0,0,0,0,0,0,0,0,0,0
51770310,51770,51,강원특별자치도,770,정선군,310,중동면,1,140.7,140.7,140.4,140.4,140.0,140.0,139.7,139.7,139.4,139.4,139.0,139.0,138.7,138.7,140.7,140.7,1,265.0,265.0,245.0,245.0,200.0,200.0,250.0,250.0,265.0,265.0,275.0,275.0,270.0,270.0,265.0,265.0,0,0.0,0.0,0.0,0.0,0.0,0.0,0.0,0.0,0.0,0.0,0.0,0.0,0.0,0.0,0.0,0.0,0.0,0.0,1,28,28,7,7,6,6,15,15,10,10,2,2,5,5,3,3
51770350,51770,51,강원특별자치도,770,정선군,350,임계면,2,0.0,0.0,331.2,165.6,331.2,165.6,331.2,165.6,331.2,165.6,331.2,165.6,331.2,165.6,0.0,0.0,2,0.0,0.0,570.0,285.0,470.0,235.0,520.0,260.0,810.0,405.0,790.0,395.0,650.0,325.0,0.0,0.0,2,0.0,0.0,0.0,0.0,0.0,0.0,0.0,0.0,0.0,0.0,810.0,405.0,1840.0,920.0,0.0,0.0,592.4,296.2,0,0,0,0,0,0,0,0,0,0,0,0,0,0,0,0,0
51770370,51770,51,강원특별자치도,770,정선군,370,여량면,0,0.0,0.0,0.0,0.0,0.0,0.0,0.0,0.0,0.0,0.0,0.0,0.0,0.0,0.0,0.0,0.0,0,0.0,0.0,0.0,0.0,0.0,0.0,0.0,0.0,0.0,0.0,0.0,0.0,0.0,0.0,0.0,0.0,1,0.0,0.0,0.0,0.0,0.0,0.0,0.0,0.0,0.0,0.0,300.0,300.0,415.0,415.0,0.0,0.0,45.3906,45.3906,1,16,16,11,11,5,5,0,0,11,11,7,7,3,3,1,1
51780250,51780,51,강원특별자치도,780,철원군,250,철원읍,1,26.0,26.0,23.8,23.8,21.7,21.7,19.6,19.6,17.4,17.4,15.3,15.3,13.1,13.1,26.0,26.0,1,370.0,370.0,375.0,375.0,365.0,365.0,385.0,385.0,825.0,825.0,830.0,830.0,820.0,820.0,370.0,370.0,0,0.0,0.0,0.0,0.0,0.0,0.0,0.0,0.0,0.0,0.0,0.0,0.0,0.0,0.0,0.0,0.0,0.0,0.0,1,0,0,0,0,0,0,0,0,10,10,8,8,0,0,2,2
51780256,51780,51,강원특별자치도,780,철원군,256,갈말읍,0,0.0,0.0,0.0,0.0,0.0,0.0,0.0,0.0,0.0,0.0,0.0,0.0,0.0,0.0,0.0,0.0,0,0.0,0.0,0.0,0.0,0.0,0.0,0.0,0.0,0.0,0.0,0.0,0.0,0.0,0.0,0.0,0.0,1,0.0,0.0,0.0,0.0,0.0,0.0,0.0,0.0,0.0,0.0,0.0,0.0,0.0,0.0,0.0,0.0,0.0,0.0,1,25,25,19,19,0,0,6,6,9,9,7,7,0,0,2,2
51780259,51780,51,강원특별자치도,780,철원군,259,동송읍,1,165.6,165.6,165.6,165.6,165.6,165.6,165.6,165.6,165.6,165.6,165.6,165.6,165.6,165.6,165.6,165.6,1,480.0,480.0,560.0,560.0,455.0,455.0,570.0,570.0,845.0,845.0,850.0,850.0,835.0,835.0,480.0,480.0,0,0.0,0.0,0.0,0.0,0.0,0.0,0.0,0.0,0.0,0.0,0.0,0.0,0.0,0.0,0.0,0.0,0.0,0.0,0,0,0,0,0,0,0,0,0,0,0,0,0,0,0,0,0
51780360,51780,51,강원특별자치도,780,철원군,360,원남면,0,0.0,0.0,0.0,0.0,0.0,0.0,0.0,0.0,0.0,0.0,0.0,0.0,0.0,0.0,0.0,0.0,0,0.0,0.0,0.0,0.0,0.0,0.0,0.0,0.0,0.0,0.0,0.0,0.0,0.0,0.0,0.0,0.0,1,175.0,175.0,175.0,175.0,175.0,175.0,175.0,175.0,175.0,175.0,175.0,175.0,300.0,300.0,175.0,175.0,0.0,0.0,0,0,0,0,0,0,0,0,0,0,0,0,0,0,0,0,0
51790250,51790,51,강원특별자치도,790,화천군,250,화천읍,1,49.8,49.8,48.7,48.7,47.6,47.6,46.5,46.5,45.5,45.5,44.4,44.4,43.3,43.3,49.8,49.8,1,225.0,225.0,250.0,250.0,255.0,255.0,255.0,255.0,270.0,270.0,275.0,275.0,290.0,290.0,225.0,225.0,0,0.0,0.0,0.0,0.0,0.0,0.0,0.0,0.0,0.0,0.0,0.0,0.0,0.0,0.0,0.0,0.0,0.0,0.0,1,0,0,0,0,0,0,0,0,10,10,8,8,0,0,2,2
51790310,51790,51,강원특별자치도,790,화천군,310,간동면,0,0.0,0.0,0.0,0.0,0.0,0.0,0.0,0.0,0.0,0.0,0.0,0.0,0.0,0.0,0.0,0.0,0,0.0,0.0,0.0,0.0,0.0,0.0,0.0,0.0,0.0,0.0,0.0,0.0,0.0,0.0,0.0,0.0,2,0.0,0.0,0.0,0.0,0.0,0.0,0.0,0.0,225.0,225.0,610.0,610.0,890.0,890.0,0.0,0.0,0.0,0.0,1,23,23,10,10,0,0,13,13,6,6,4,4,2,2,0,0
51790330,51790,51,강원특별자치도,790,화천군,330,상서면,1,0.0,0.0,0.0,0.0,0.0,0.0,0.0,0.0,0.0,0.0,165.6,165.6,165.6,165.6,0.0,0.0,1,0.0,0.0,0.0,0.0,0.0,0.0,0.0,0.0,0.0,0.0,875.0,875.0,855.0,855.0,0.0,0.0,1,0.0,0.0,0.0,0.0,0.0,0.0,0.0,0.0,0.0,0.0,295.0,295.0,500.0,500.0,0.0,0.0,0.0,0.0,0,0,0,0,0,0,0,0,0,0,0,0,0,0,0,0,0
51800250,51800,51,강원특별자치도,800,양구군,250,,0,0.0,0.0,0.0,0.0,0.0,0.0,0.0,0.0,0.0,0.0,0.0,0.0,0.0,0.0,0.0,0.0,0,0.0,0.0,0.0,0.0,0.0,0.0,0.0,0.0,0.0,0.0,0.0,0.0,0.0,0.0,0.0,0.0,0,0.0,0.0,0.0,0.0,0.0,0.0,0.0,0.0,0.0,0.0,0.0,0.0,0.0,0.0,0.0,0.0,0.0,0.0,1,0,0,0,0,0,0,0,0,10,10,8,8,0,0,2,2
51800340,51800,51,강원특별자치도,800,양구군,340,해안면,1,64.6,64.6,64.0,64.0,63.4,63.4,62.8,62.8,62.1,62.1,61.5,61.5,60.9,60.9,64.6,64.6,1,0.0,0.0,0.0,0.0,0.0,0.0,0.0,0.0,0.0,0.0,0.0,0.0,0.0,0.0,0.0,0.0,1,0.0,0.0,0.0,0.0,0.0,0.0,0.0,0.0,0.0,0.0,0.0,0.0,0.0,0.0,0.0,0.0,90.0,90.0,1,22,22,9,9,0,0,13,13,6,6,4,4,2,2,0,0
51810250,51810,51,강원특별자치도,810,인제군,250,인제읍,1,108.0,108.0,107.2,107.2,106.4,106.4,105.6,105.6,104.8,104.8,104.0,104.0,103.2,103.2,108.0,108.0,1,0.0,0.0,0.0,0.0,0.0,0.0,0.0,0.0,0.0,0.0,0.0,0.0,0.0,0.0,0.0,0.0,0,0.0,0.0,0.0,0.0,0.0,0.0,0.0,0.0,0.0,0.0,0.0,0.0,0.0,0.0,0.0,0.0,0.0,0.0,1,0,0,0,0,0,0,0,0,10,10,8,8,0,0,2,2
51810330,51810,51,강원특별자치도,810,인제군,330,기린면,0,0.0,0.0,0.0,0.0,0.0,0.0,0.0,0.0,0.0,0.0,0.0,0.0,0.0,0.0,0.0,0.0,0,0.0,0.0,0.0,0.0,0.0,0.0,0.0,0.0,0.0,0.0,0.0,0.0,0.0,0.0,0.0,0.0,1,0.0,0.0,0.0,0.0,0.0,0.0,0.0,0.0,0.0,0.0,0.0,0.0,0.0,0.0,0.0,0.0,0.0,0.0,1,28,28,13,13,0,0,15,15,8,8,8,8,0,0,0,0
51820250,51820,51,강원특별자치도,820,고성군,250,간성읍,0,0.0,0.0,0.0,0.0,0.0,0.0,0.0,0.0,0.0,0.0,0.0,0.0,0.0,0.0,0.0,0.0,0,0.0,0.0,0.0,0.0,0.0,0.0,0.0,0.0,0.0,0.0,0.0,0.0,0.0,0.0,0.0,0.0,2,0.0,0.0,0.0,0.0,0.0,0.0,0.0,0.0,0.0,0.0,0.0,0.0,0.0,0.0,0.0,0.0,42.0,42.0,1,0,0,0,0,0,0,0,0,10,10,8,8,0,0,2,2
51820310,51820,51,강원특별자치도,820,고성군,310,현내면,1,118.2,118.2,117.7,117.7,117.2,117.2,116.7,116.7,116.1,116.1,115.6,115.6,115.1,115.1,118.2,118.2,1,0.0,0.0,0.0,0.0,0.0,0.0,0.0,0.0,0.0,0.0,0.0,0.0,0.0,0.0,0.0,0.0,0,0.0,0.0,0.0,0.0,0.0,0.0,0.0,0.0,0.0,0.0,0.0,0.0,0.0,0.0,0.0,0.0,0.0,0.0,0,0,0,0,0,0,0,0,0,0,0,0,0,0,0,0,0
51820330,51820,51,강원특별자치도,820,고성군,330,토성면,0,0.0,0.0,0.0,0.0,0.0,0.0,0.0,0.0,0.0,0.0,0.0,0.0,0.0,0.0,0.0,0.0,0,0.0,0.0,0.0,0.0,0.0,0.0,0.0,0.0,0.0,0.0,0.0,0.0,0.0,0.0,0.0,0.0,1,0.0,0.0,0.0,0.0,0.0,0.0,0.0,0.0,0.0,0.0,0.0,0.0,0.0,0.0,0.0,0.0,0.0,0.0,1,27,27,18,18,1,1,8,8,8,8,4,4,4,4,0,0
51830250,51830,51,강원특별자치도,830,양양군,250,,0,0.0,0.0,0.0,0.0,0.0,0.0,0.0,0.0,0.0,0.0,0.0,0.0,0.0,0.0,0.0,0.0,0,0.0,0.0,0.0,0.0,0.0,0.0,0.0,0.0,0.0,0.0,0.0,0.0,0.0,0.0,0.0,0.0,0,0.0,0.0,0.0,0.0,0.0,0.0,0.0,0.0,0.0,0.0,0.0,0.0,0.0,0.0,0.0,0.0,0.0,0.0,1,0,0,0,0,0,0,0,0,10,10,8,8,0,0,2,2
51830330,51830,51,강원특별자치도,830,양양군,330,현북면,1,93.8,93.8,91.6,91.6,90.9,90.9,90.1,90.1,89.4,89.4,88.6,88.6,87.8,87.8,93.8,93.8,1,270.0,270.0,270.0,270.0,265.0,265.0,320.0,320.0,290.0,290.0,300.0,300.0,300.0,300.0,270.0,270.0,0,0.0,0.0,0.0,0.0,0.0,0.0,0.0,0.0,0.0,0.0,0.0,0.0,0.0,0.0,0.0,0.0,0.0,0.0,0,0,0,0,0,0,0,0,0,0,0,0,0,0,0,0,0
51830350,51830,51,강원특별자치도,830,양양군,350,강현면,0,0.0,0.0,0.0,0.0,0.0,0.0,0.0,0.0,0.0,0.0,0.0,0.0,0.0,0.0,0.0,0.0,0,0.0,0.0,0.0,0.0,0.0,0.0,0.0,0.0,0.0,0.0,0.0,0.0,0.0,0.0,0.0,0.0,1,0.0,0.0,0.0,0.0,0.0,0.0,0.0,0.0,560.0,560.0,560.0,560.0,560.0,560.0,0.0,0.0,99.6,99.6,1,28,28,14,14,2,2,12,12,8,8,4,4,3,3,1,1
52111101,52111,52,전북특별자치도,111,전주시완산구,101,,0,0.0,0.0,0.0,0.0,0.0,0.0,0.0,0.0,0.0,0.0,0.0,0.0,0.0,0.0,0.0,0.0,0,0.0,0.0,0.0,0.0,0.0,0.0,0.0,0.0,0.0,0.0,0.0,0.0,0.0,0.0,0.0,0.0,0,0.0,0.0,0.0,0.0,0.0,0.0,0.0,0.0,0.0,0.0,0.0,0.0,0.0,0.0,0.0,0.0,0.0,0.0,1,15,15,11,11,0,0,4,4,15,15,12,12,2,2,1,1
52111108,52111,52,전북특별자치도,111,전주시완산구,108,중동,1,0.0,0.0,0.0,0.0,0.0,0.0,0.0,0.0,0.0,0.0,0.0,0.0,0.0,0.0,0.0,0.0,1,400.0,400.0,250.0,250.0,380.0,380.0,290.0,290.0,400.0,400.0,400.0,400.0,280.0,280.0,400.0,400.0,0,0.0,0.0,0.0,0.0,0.0,0.0,0.0,0.0,0.0,0.0,0.0,0.0,0.0,0.0,0.0,0.0,0.0,0.0,1,31,31,31,31,0,0,0,0,11,11,6,6,4,4,1,1
52111112,52111,52,전북특별자치도,111,전주시완산구,112,,0,0.0,0.0,0.0,0.0,0.0,0.0,0.0,0.0,0.0,0.0,0.0,0.0,0.0,0.0,0.0,0.0,0,0.0,0.0,0.0,0.0,0.0,0.0,0.0,0.0,0.0,0.0,0.0,0.0,0.0,0.0,0.0,0.0,0,0.0,0.0,0.0,0.0,0.0,0.0,0.0,0.0,0.0,0.0,0.0,0.0,0.0,0.0,0.0,0.0,0.0,0.0,1,24,24,17,17,1,1,6,6,6,6,4,4,0,0,2,2
52111119,52111,52,전북특별자치도,111,전주시완산구,119,태평동,1,0.0,0.0,0.0,0.0,0.0,0.0,0.0,0.0,5.6,5.6,3.8,3.8,1.9,1.9,0.0,0.0,1,0.0,0.0,0.0,0.0,0.0,0.0,0.0,0.0,250.0,250.0,300.0,300.0,255.0,255.0,0.0,0.0,0,0.0,0.0,0.0,0.0,0.0,0.0,0.0,0.0,0.0,0.0,0.0,0.0,0.0,0.0,0.0,0.0,0.0,0.0,0,0,0,0,0,0,0,0,0,0,0,0,0,0,0,0,0
52111125,52111,52,전북특별자치도,111,전주시완산구,125,동서학동,0,0.0,0.0,0.0,0.0,0.0,0.0,0.0,0.0,0.0,0.0,0.0,0.0,0.0,0.0,0.0,0.0,0,0.0,0.0,0.0,0.0,0.0,0.0,0.0,0.0,0.0,0.0,0.0,0.0,0.0,0.0,0.0,0.0,1,0.0,0.0,0.0,0.0,0.0,0.0,0.0,0.0,0.0,0.0,0.0,0.0,735.0,735.0,0.0,0.0,0.0,0.0,0,0,0,0,0,0,0,0,0,0,0,0,0,0,0,0,0
52111130,52111,52,전북특별자치도,111,전주시완산구,130,석구동,1,0.0,0.0,0.0,0.0,0.0,0.0,0.0,0.0,82.6,82.6,72.9,72.9,68.0,68.0,0.0,0.0,1,0.0,0.0,0.0,0.0,0.0,0.0,0.0,0.0,0.0,0.0,0.0,0.0,0.0,0.0,0.0,0.0,0,0.0,0.0,0.0,0.0,0.0,0.0,0.0,0.0,0.0,0.0,0.0,0.0,0.0,0.0,0.0,0.0,0.0,0.0,1,28,28,27,27,0,0,1,1,7,7,5,5,2,2,0,0
52111142,52111,52,전북특별자치도,111,전주시완산구,142,효자동3가,1,0.0,0.0,0.0,0.0,0.0,0.0,0.0,0.0,10.7,10.7,7.9,7.9,5.2,5.2,0.0,0.0,1,0.0,0.0,0.0,0.0,0.0,0.0,0.0,0.0,0.0,0.0,0.0,0.0,0.0,0.0,0.0,0.0,0,0.0,0.0,0.0,0.0,0.0,0.0,0.0,0.0,0.0,0.0,0.0,0.0,0.0,0.0,0.0,0.0,0.0,0.0,0,0,0,0,0,0,0,0,0,0,0,0,0,0,0,0,0
52113102,52113,52,전북특별자치도,113,전주시덕진구,102,진북동,0,0.0,0.0,0.0,0.0,0.0,0.0,0.0,0.0,0.0,0.0,0.0,0.0,0.0,0.0,0.0,0.0,0,0.0,0.0,0.0,0.0,0.0,0.0,0.0,0.0,0.0,0.0,0.0,0.0,0.0,0.0,0.0,0.0,1,0.0,0.0,0.0,0.0,0.0,0.0,0.0,0.0,0.0,0.0,0.0,0.0,825.0,825.0,0.0,0.0,0.0,0.0,2,39,24,28,17,1,1,10,6,21,15,16,12,2,2,3,2
52113104,52113,52,전북특별자치도,113,전주시덕진구,104,인후동2가,1,0.0,0.0,0.0,0.0,0.0,0.0,0.0,0.0,13.0,13.0,10.3,10.3,7.6,7.6,0.0,0.0,1,0.0,0.0,0.0,0.0,0.0,0.0,0.0,0.0,300.0,300.0,350.0,350.0,280.0,280.0,0.0,0.0,0,0.0,0.0,0.0,0.0,0.0,0.0,0.0,0.0,0.0,0.0,0.0,0.0,0.0,0.0,0.0,0.0,0.0,0.0,0,0,0,0,0,0,0,0,0,0,0,0,0,0,0,0,0
52113108,52113,52,전북특별자치도,113,전주시덕진구,108,팔복동1가,0,0.0,0.0,0.0,0.0,0.0,0.0,0.0,0.0,0.0,0.0,0.0,0.0,0.0,0.0,0.0,0.0,0,0.0,0.0,0.0,0.0,0.0,0.0,0.0,0.0,0.0,0.0,0.0,0.0,0.0,0.0,0.0,0.0,1,0.0,0.0,0.0,0.0,0.0,0.0,0.0,0.0,0.0,0.0,0.0,0.0,70.0,70.0,0.0,0.0,0.0,0.0,1,31,31,27,27,3,3,1,1,8,8,7,7,0,0,1,1
52113120,52113,52,전북특별자치도,113,전주시덕진구,120,전미동2가,0,0.0,0.0,0.0,0.0,0.0,0.0,0.0,0.0,0.0,0.0,0.0,0.0,0.0,0.0,0.0,0.0,0,0.0,0.0,0.0,0.0,0.0,0.0,0.0,0.0,0.0,0.0,0.0,0.0,0.0,0.0,0.0,0.0,1,0.0,0.0,0.0,0.0,0.0,0.0,0.0,0.0,0.0,0.0,0.0,0.0,780.0,780.0,0.0,0.0,0.0,0.0,0,0,0,0,0,0,0,0,0,0,0,0,0,0,0,0,0
52113130,52113,52,전북특별자치도,113,전주시덕진구,130,여의동,1,118.6,118.6,117.9,117.9,117.2,117.2,116.6,116.6,115.9,115.9,115.3,115.3,114.6,114.6,118.6,118.6,1,264.0,264.0,225.0,225.0,345.0,345.0,270.0,270.0,535.0,535.0,470.0,470.0,260.0,260.0,264.0,264.0,1,0.0,0.0,0.0,0.0,0.0,0.0,0.0,0.0,0.0,0.0,0.0,0.0,180.0,180.0,0.0,0.0,0.0,0.0,1,14,14,6,6,0,0,8,8,8,8,4,4,0,0,4,4
52113133,52113,52,전북특별자치도,113,전주시덕진구,133,팔복동4가,1,0.0,0.0,0.0,0.0,0.0,0.0,0.0,0.0,0.0,0.0,15.8,15.8,13.2,13.2,0.0,0.0,1,0.0,0.0,0.0,0.0,0.0,0.0,0.0,0.0,190.0,190.0,225.0,225.0,190.0,190.0,0.0,0.0,0,0.0,0.0,0.0,0.0,0.0,0.0,0.0,0.0,0.0,0.0,0.0,0.0,0.0,0.0,0.0,0.0,0.0,0.0,0,0,0,0,0,0,0,0,0,0,0,0,0,0,0,0,0
52113135,52113,52,전북특별자치도,113,전주시덕진구,135,강흥동,0,0.0,0.0,0.0,0.0,0.0,0.0,0.0,0.0,0.0,0.0,0.0,0.0,0.0,0.0,0.0,0.0,0,0.0,0.0,0.0,0.0,0.0,0.0,0.0,0.0,0.0,0.0,0.0,0.0,0.0,0.0,0.0,0.0,1,0.0,0.0,0.0,0.0,0.0,0.0,0.0,0.0,0.0,0.0,0.0,0.0,65.0,65.0,0.0,0.0,0.0,0.0,1,31,31,31,31,0,0,0,0,11,11,6,6,4,4,1,1
52113420,52113,52,전북특별자치도,113,전주시덕진구,420,춘포면,1,42.9,42.9,41.2,41.2,39.4,39.4,37.7,37.7,36.0,36.0,34.3,34.3,32.6,32.6,42.9,42.9,1,0.0,0.0,0.0,0.0,0.0,0.0,0.0,0.0,0.0,0.0,0.0,0.0,0.0,0.0,0.0,0.0,0,0.0,0.0,0.0,0.0,0.0,0.0,0.0,0.0,0.0,0.0,0.0,0.0,0.0,0.0,0.0,0.0,0.0,0.0,1,32,32,31,31,0,0,1,1,8,8,8,8,0,0,0,0
52130106,52130,52,전북특별자치도,130,군산시,106,지곡동,1,67.2,67.2,65.8,65.8,64.5,64.5,63.1,63.1,61.7,61.7,60.4,60.4,59.0,59.0,67.2,67.2,1,265.0,265.0,300.0,300.0,370.0,370.0,445.0,445.0,575.0,575.0,170.0,170.0,150.0,150.0,265.0,265.0,0,0.0,0.0,0.0,0.0,0.0,0.0,0.0,0.0,0.0,0.0,0.0,0.0,0.0,0.0,0.0,0.0,0.0,0.0,0,0,0,0,0,0,0,0,0,0,0,0,0,0,0,0,0
52130120,52130,52,전북특별자치도,130,군산시,120,장미동,1,25.9,25.9,21.4,21.4,19.6,19.6,17.7,17.7,15.9,15.9,14.1,14.1,12.3,12.3,25.9,25.9,1,400.0,400.0,400.0,400.0,400.0,400.0,400.0,400.0,400.0,400.0,400.0,400.0,400.0,400.0,400.0,400.0,0,0.0,0.0,0.0,0.0,0.0,0.0,0.0,0.0,0.0,0.0,0.0,0.0,0.0,0.0,0.0,0.0,0.0,0.0,0,0,0,0,0,0,0,0,0,0,0,0,0,0,0,0,0
52130146,52130,52,전북특별자치도,130,군산시,146,소룡동,2,40.6,40.6,38.8,38.8,37.0,37.0,35.3,35.3,33.5,33.5,31.8,31.8,29.9,29.9,40.6,40.6,2,0.0,0.0,0.0,0.0,0.0,0.0,0.0,0.0,0.0,0.0,0.0,0.0,0.0,0.0,0.0,0.0,1,0.0,0.0,0.0,0.0,0.0,0.0,0.0,0.0,0.0,0.0,0.0,0.0,0.0,0.0,0.0,0.0,0.0,0.0,1,0,0,0,0,0,0,0,0,12,12,12,12,0,0,0,0
52130147,52130,52,전북특별자치도,130,군산시,147,오식도동,4,185.3,102.2,514.9,165.6,488.4,165.6,477.0,165.6,465.6,165.6,435.7,165.6,420.2,165.6,185.3,102.2,4,725.0,725.0,1015.0,660.0,2060.0,775.0,1940.0,740.0,1840.0,730.0,1755.0,705.0,1705.0,690.0,725.0,725.0,1,0.0,0.0,0.0,0.0,0.0,0.0,0.0,0.0,0.0,0.0,0.0,0.0,1060.0,1060.0,0.0,0.0,0.0,0.0,0,0,0,0,0,0,0,0,0,0,0,0,0,0,0,0,0
52130148,52130,52,전북특별자치도,130,군산시,148,비응도동,1,0.0,0.0,0.0,0.0,0.0,0.0,0.0,0.0,0.0,0.0,0.0,0.0,0.0,0.0,0.0,0.0,1,0.0,0.0,0.0,0.0,0.0,0.0,0.0,0.0,0.0,0.0,0.0,0.0,0.0,0.0,0.0,0.0,2,0.0,0.0,0.0,0.0,0.0,0.0,0.0,0.0,0.0,0.0,0.0,0.0,0.0,0.0,0.0,0.0,219.98,219.98,2,62,34,32,19,8,8,22,21,20,12,15,9,7,4,-2,0
52130149,52130,52,전북특별자치도,130,군산시,149,신관동,1,23.2,23.2,20.6,20.6,18.0,18.0,15.4,15.4,12.9,12.9,10.3,10.3,7.8,7.8,23.2,23.2,1,0.0,0.0,0.0,0.0,0.0,0.0,0.0,0.0,0.0,0.0,0.0,0.0,0.0,0.0,0.0,0.0,0,0.0,0.0,0.0,0.0,0.0,0.0,0.0,0.0,0.0,0.0,0.0,0.0,0.0,0.0,0.0,0.0,0.0,0.0,0,0,0,0,0,0,0,0,0,0,0,0,0,0,0,0,0
52130150,52130,52,전북특별자치도,130,군산시,150,개사동,0,0.0,0.0,0.0,0.0,0.0,0.0,0.0,0.0,0.0,0.0,0.0,0.0,0.0,0.0,0.0,0.0,0,0.0,0.0,0.0,0.0,0.0,0.0,0.0,0.0,0.0,0.0,0.0,0.0,0.0,0.0,0.0,0.0,1,0.0,0.0,0.0,0.0,0.0,0.0,0.0,0.0,0.0,0.0,0.0,0.0,0.0,0.0,0.0,0.0,0.0,0.0,0,0,0,0,0,0,0,0,0,0,0,0,0,0,0,0,0
52130151,52130,52,전북특별자치도,130,군산시,151,산북동,0,0.0,0.0,0.0,0.0,0.0,0.0,0.0,0.0,0.0,0.0,0.0,0.0,0.0,0.0,0.0,0.0,0,0.0,0.0,0.0,0.0,0.0,0.0,0.0,0.0,0.0,0.0,0.0,0.0,0.0,0.0,0.0,0.0,1,0.0,0.0,0.0,0.0,0.0,0.0,0.0,0.0,0.0,0.0,0.0,0.0,1125.0,1125.0,0.0,0.0,90.0,90.0,1,0,0,0,0,0,0,0,0,15,15,5,5,7,7,3,3
52130250,52130,52,전북특별자치도,130,군산시,250,옥구읍,0,0.0,0.0,0.0,0.0,0.0,0.0,0.0,0.0,0.0,0.0,0.0,0.0,0.0,0.0,0.0,0.0,0,0.0,0.0,0.0,0.0,0.0,0.0,0.0,0.0,0.0,0.0,0.0,0.0,0.0,0.0,0.0,0.0,1,0.0,0.0,0.0,0.0,0.0,0.0,0.0,0.0,0.0,0.0,0.0,0.0,0.0,0.0,0.0,0.0,0.0,0.0,1,32,32,29,29,1,1,2,2,12,12,11,11,1,1,0,0
52130320,52130,52,전북특별자치도,130,군산시,320,회현면,0,0.0,0.0,0.0,0.0,0.0,0.0,0.0,0.0,0.0,0.0,0.0,0.0,0.0,0.0,0.0,0.0,0,0.0,0.0,0.0,0.0,0.0,0.0,0.0,0.0,0.0,0.0,0.0,0.0,0.0,0.0,0.0,0.0,3,0.0,0.0,0.0,0.0,0.0,0.0,0.0,0.0,0.0,0.0,0.0,0.0,2655.0,1160.0,0.0,0.0,300.0,300.0,1,22,22,13,13,1,1,8,8,9,9,4,4,0,0,5,5
52130330,52130,52,전북특별자치도,130,군산시,330,임피면,3,164.1,89.7,159.8,87.5,156.8,86.5,151.6,83.3,146.1,80.0,140.9,76.8,133.5,71.4,164.1,89.7,3,0.0,0.0,0.0,0.0,0.0,0.0,0.0,0.0,0.0,0.0,0.0,0.0,0.0,0.0,0.0,0.0,1,0.0,0.0,0.0,0.0,0.0,0.0,0.0,0.0,0.0,0.0,0.0,0.0,0.0,0.0,0.0,0.0,0.0,0.0,1,12,12,9,9,1,1,2,2,13,13,11,11,2,2,0,0
52130350,52130,52,전북특별자치도,130,군산시,350,,0,0.0,0.0,0.0,0.0,0.0,0.0,0.0,0.0,0.0,0.0,0.0,0.0,0.0,0.0,0.0,0.0,0,0.0,0.0,0.0,0.0,0.0,0.0,0.0,0.0,0.0,0.0,0.0,0.0,0.0,0.0,0.0,0.0,0,0.0,0.0,0.0,0.0,0.0,0.0,0.0,0.0,0.0,0.0,0.0,0.0,0.0,0.0,0.0,0.0,0.0,0.0,1,32,32,21,21,5,5,6,6,12,12,10,10,2,2,0,0
52130360,52130,52,전북특별자치도,130,군산시,360,개정면,0,0.0,0.0,0.0,0.0,0.0,0.0,0.0,0.0,0.0,0.0,0.0,0.0,0.0,0.0,0.0,0.0,0,0.0,0.0,0.0,0.0,0.0,0.0,0.0,0.0,0.0,0.0,0.0,0.0,0.0,0.0,0.0,0.0,1,0.0,0.0,0.0,0.0,0.0,0.0,0.0,0.0,0.0,0.0,0.0,0.0,830.0,830.0,0.0,0.0,0.0,0.0,1,31,31,22,22,3,3,6,6,9,9,8,8,0,0,1,1
52130390,52130,52,전북특별자치도,130,군산시,390,옥도면,1,0.0,0.0,0.0,0.0,0.0,0.0,0.0,0.0,0.0,0.0,115.1,115.1,98.3,98.3,0.0,0.0,1,0.0,0.0,0.0,0.0,0.0,0.0,0.0,0.0,0.0,0.0,415.0,415.0,450.0,450.0,0.0,0.0,1,0.0,0.0,0.0,0.0,0.0,0.0,0.0,0.0,0.0,0.0,0.0,0.0,2115.0,2115.0,0.0,0.0,0.0,0.0,0,0,0,0,0,0,0,0,0,0,0,0,0,0,0,0,0
52130410,52130,52,전북특별자치도,130,군산시,410,진봉면,1,84.8,84.8,0.0,0.0,0.0,0.0,0.0,0.0,79.3,79.3,78.0,78.0,76.7,76.7,84.8,84.8,1,400.0,400.0,0.0,0.0,0.0,0.0,0.0,0.0,400.0,400.0,400.0,400.0,400.0,400.0,400.0,400.0,0,0.0,0.0,0.0,0.0,0.0,0.0,0.0,0.0,0.0,0.0,0.0,0.0,0.0,0.0,0.0,0.0,0.0,0.0,1,28,28,20,20,1,1,7,7,8,8,4,4,3,3,1,1
52140113,52140,52,전북특별자치도,140,익산시,113,남중동,0,0.0,0.0,0.0,0.0,0.0,0.0,0.0,0.0,0.0,0.0,0.0,0.0,0.0,0.0,0.0,0.0,0,0.0,0.0,0.0,0.0,0.0,0.0,0.0,0.0,0.0,0.0,0.0,0.0,0.0,0.0,0.0,0.0,1,0.0,0.0,0.0,0.0,0.0,0.0,0.0,0.0,0.0,0.0,0.0,0.0,0.0,0.0,0.0,0.0,0.0,0.0,1,28,28,21,21,0,0,7,7,8,8,8,8,0,0,0,0
52140127,52140,52,전북특별자치도,140,익산시,127,금강동,0,0.0,0.0,0.0,0.0,0.0,0.0,0.0,0.0,0.0,0.0,0.0,0.0,0.0,0.0,0.0,0.0,0,0.0,0.0,0.0,0.0,0.0,0.0,0.0,0.0,0.0,0.0,0.0,0.0,0.0,0.0,0.0,0.0,1,0.0,0.0,0.0,0.0,0.0,0.0,0.0,0.0,0.0,0.0,0.0,0.0,0.0,0.0,0.0,0.0,0.0,0.0,1,32,32,21,21,5,5,6,6,12,12,10,10,2,2,0,0
52140320,52140,52,전북특별자치도,140,익산시,320,황등면,2,177.6,136.6,173.5,136.0,171.3,135.5,167.60000000000002,134.9,165.3,134.3,163.20000000000002,133.8,160.89999999999998,133.2,177.6,136.6,2,0.0,0.0,0.0,0.0,0.0,0.0,0.0,0.0,695.0,695.0,685.0,685.0,685.0,685.0,0.0,0.0,0,0.0,0.0,0.0,0.0,0.0,0.0,0.0,0.0,0.0,0.0,0.0,0.0,0.0,0.0,0.0,0.0,0.0,0.0,0,0,0,0,0,0,0,0,0,0,0,0,0,0,0,0,0
52140370,52140,52,전북특별자치도,140,익산시,370,낭산면,0,0.0,0.0,0.0,0.0,0.0,0.0,0.0,0.0,0.0,0.0,0.0,0.0,0.0,0.0,0.0,0.0,0,0.0,0.0,0.0,0.0,0.0,0.0,0.0,0.0,0.0,0.0,0.0,0.0,0.0,0.0,0.0,0.0,1,0.0,0.0,0.0,0.0,0.0,0.0,0.0,0.0,0.0,0.0,0.0,0.0,1055.0,1055.0,0.0,0.0,0.0,0.0,1,22,22,12,12,0,0,10,10,8,8,4,4,0,0,4,4
52140380,52140,52,전북특별자치도,140,익산시,380,망성면,0,0.0,0.0,0.0,0.0,0.0,0.0,0.0,0.0,0.0,0.0,0.0,0.0,0.0,0.0,0.0,0.0,0,0.0,0.0,0.0,0.0,0.0,0.0,0.0,0.0,0.0,0.0,0.0,0.0,0.0,0.0,0.0,0.0,1,0.0,0.0,0.0,0.0,0.0,0.0,0.0,0.0,0.0,0.0,0.0,0.0,0.0,0.0,0.0,0.0,0.0,0.0,0,0,0,0,0,0,0,0,0,0,0,0,0,0,0,0,0
52140400,52140,52,전북특별자치도,140,익산시,400,금마면,0,0.0,0.0,0.0,0.0,0.0,0.0,0.0,0.0,0.0,0.0,0.0,0.0,0.0,0.0,0.0,0.0,0,0.0,0.0,0.0,0.0,0.0,0.0,0.0,0.0,0.0,0.0,0.0,0.0,0.0,0.0,0.0,0.0,1,0.0,0.0,0.0,0.0,0.0,0.0,0.0,0.0,0.0,0.0,0.0,0.0,0.0,0.0,0.0,0.0,0.0,0.0,1,32,32,31,31,0,0,1,1,8,8,8,8,0,0,0,0
52180101,52180,52,전북특별자치도,180,정읍시,101,삼산동,0,0.0,0.0,0.0,0.0,0.0,0.0,0.0,0.0,0.0,0.0,0.0,0.0,0.0,0.0,0.0,0.0,0,0.0,0.0,0.0,0.0,0.0,0.0,0.0,0.0,0.0,0.0,0.0,0.0,0.0,0.0,0.0,0.0,1,0.0,0.0,0.0,0.0,0.0,0.0,0.0,0.0,0.0,0.0,0.0,0.0,320.0,320.0,0.0,0.0,0.0,0.0,1,26,26,25,25,0,0,1,1,11,11,7,7,1,1,3,3
52180121,52180,52,전북특별자치도,180,정읍시,121,하북동,1,0.0,0.0,0.0,0.0,0.0,0.0,0.0,0.0,165.6,165.6,165.6,165.6,165.6,165.6,0.0,0.0,1,0.0,0.0,0.0,0.0,0.0,0.0,0.0,0.0,210.0,210.0,215.0,215.0,560.0,560.0,0.0,0.0,0,0.0,0.0,0.0,0.0,0.0,0.0,0.0,0.0,0.0,0.0,0.0,0.0,0.0,0.0,0.0,0.0,0.0,0.0,0,0,0,0,0,0,0,0,0,0,0,0,0,0,0,0,0
52180124,52180,52,전북특별자치도,180,정읍시,124,용계동,0,0.0,0.0,0.0,0.0,0.0,0.0,0.0,0.0,0.0,0.0,0.0,0.0,0.0,0.0,0.0,0.0,0,0.0,0.0,0.0,0.0,0.0,0.0,0.0,0.0,0.0,0.0,0.0,0.0,0.0,0.0,0.0,0.0,1,0.0,0.0,0.0,0.0,0.0,0.0,0.0,0.0,0.0,0.0,0.0,0.0,1685.0,1685.0,0.0,0.0,1410.0,1410.0,0,0,0,0,0,0,0,0,0,0,0,0,0,0,0,0,0
52180330,52180,52,전북특별자치도,180,정읍시,330,소성면,1,133.2,133.2,0.0,0.0,0.0,0.0,0.0,0.0,131.0,131.0,130.4,130.4,129.9,129.9,133.2,133.2,1,605.0,605.0,540.0,540.0,600.0,600.0,595.0,595.0,385.0,385.0,395.0,395.0,390.0,390.0,605.0,605.0,2,0.0,0.0,0.0,0.0,0.0,0.0,0.0,0.0,0.0,0.0,0.0,0.0,1795.0,1025.0,0.0,0.0,0.0,0.0,1,15,15,11,11,0,0,4,4,15,15,12,12,2,2,1,1
52180390,52180,52,전북특별자치도,180,정읍시,390,태인면,1,20.0,20.0,0.0,0.0,0.0,0.0,0.0,0.0,20.0,20.0,20.0,20.0,20.0,20.0,20.0,20.0,1,400.0,400.0,0.0,0.0,0.0,0.0,0.0,0.0,400.0,400.0,400.0,400.0,400.0,400.0,400.0,400.0,0,0.0,0.0,0.0,0.0,0.0,0.0,0.0,0.0,0.0,0.0,0.0,0.0,0.0,0.0,0.0,0.0,0.0,0.0,0,0,0,0,0,0,0,0,0,0,0,0,0,0,0,0,0
52190101,52190,52,전북특별자치도,190,남원시,101,동충동,0,0.0,0.0,0.0,0.0,0.0,0.0,0.0,0.0,0.0,0.0,0.0,0.0,0.0,0.0,0.0,0.0,0,0.0,0.0,0.0,0.0,0.0,0.0,0.0,0.0,0.0,0.0,0.0,0.0,0.0,0.0,0.0,0.0,1,0.0,0.0,0.0,0.0,0.0,0.0,0.0,0.0,0.0,0.0,0.0,0.0,0.0,0.0,0.0,0.0,0.0,0.0,1,26,26,15,15,0,0,11,11,11,11,11,11,0,0,0,0
52190340,52190,52,전북특별자치도,190,남원시,340,산내면,0,0.0,0.0,0.0,0.0,0.0,0.0,0.0,0.0,0.0,0.0,0.0,0.0,0.0,0.0,0.0,0.0,0,0.0,0.0,0.0,0.0,0.0,0.0,0.0,0.0,0.0,0.0,0.0,0.0,0.0,0.0,0.0,0.0,1,0.0,0.0,0.0,0.0,0.0,0.0,0.0,0.0,0.0,0.0,0.0,0.0,0.0,0.0,0.0,0.0,0.0,0.0,0,0,0,0,0,0,0,0,0,0,0,0,0,0,0,0,0
52190420,52190,52,전북특별자치도,190,남원시,420,이백면,1,124.3,124.3,123.6,123.6,122.9,122.9,122.2,122.2,121.5,121.5,120.8,120.8,120.2,120.2,124.3,124.3,1,0.0,0.0,0.0,0.0,0.0,0.0,0.0,0.0,0.0,0.0,0.0,0.0,0.0,0.0,0.0,0.0,0,0.0,0.0,0.0,0.0,0.0,0.0,0.0,0.0,0.0,0.0,0.0,0.0,0.0,0.0,0.0,0.0,0.0,0.0,0,0,0,0,0,0,0,0,0,0,0,0,0,0,0,0,0
52210104,52210,52,전북특별자치도,210,김제시,104,검산동,1,0.0,0.0,0.0,0.0,0.0,0.0,0.0,0.0,0.0,0.0,0.0,0.0,0.0,0.0,0.0,0.0,1,510.0,510.0,0.0,0.0,0.0,0.0,0.0,0.0,385.0,385.0,440.0,440.0,615.0,615.0,510.0,510.0,0,0.0,0.0,0.0,0.0,0.0,0.0,0.0,0.0,0.0,0.0,0.0,0.0,0.0,0.0,0.0,0.0,0.0,0.0,0,0,0,0,0,0,0,0,0,0,0,0,0,0,0,0,0
52210111,52210,52,전북특별자치도,210,김제시,111,갈공동,0,0.0,0.0,0.0,0.0,0.0,0.0,0.0,0.0,0.0,0.0,0.0,0.0,0.0,0.0,0.0,0.0,0,0.0,0.0,0.0,0.0,0.0,0.0,0.0,0.0,0.0,0.0,0.0,0.0,0.0,0.0,0.0,0.0,1,0.0,0.0,0.0,0.0,0.0,0.0,0.0,0.0,0.0,0.0,0.0,0.0,215.0,215.0,0.0,0.0,0.0,0.0,1,28,28,27,27,1,1,0,0,8,8,6,6,0,0,2,2
52210124,52210,52,전북특별자치도,210,김제시,124,신월동,0,0.0,0.0,0.0,0.0,0.0,0.0,0.0,0.0,0.0,0.0,0.0,0.0,0.0,0.0,0.0,0.0,0,0.0,0.0,0.0,0.0,0.0,0.0,0.0,0.0,0.0,0.0,0.0,0.0,0.0,0.0,0.0,0.0,1,0.0,0.0,0.0,0.0,0.0,0.0,0.0,0.0,0.0,0.0,0.0,0.0,1480.0,1480.0,0.0,0.0,1410.0,1410.0,1,15,15,11,11,0,0,4,4,15,15,12,12,2,2,1,1
52210350,52210,52,전북특별자치도,210,김제시,350,백구면,1,0.0,0.0,165.6,165.6,165.6,165.6,165.6,165.6,165.6,165.6,165.6,165.6,165.6,165.6,0.0,0.0,1,0.0,0.0,310.0,310.0,415.0,415.0,335.0,335.0,575.0,575.0,450.0,450.0,250.0,250.0,0.0,0.0,0,0.0,0.0,0.0,0.0,0.0,0.0,0.0,0.0,0.0,0.0,0.0,0.0,0.0,0.0,0.0,0.0,0.0,0.0,0,0,0,0,0,0,0,0,0,0,0,0,0,0,0,0,0
52210380,52210,52,전북특별자치도,210,김제시,380,공덕면,0,0.0,0.0,0.0,0.0,0.0,0.0,0.0,0.0,0.0,0.0,0.0,0.0,0.0,0.0,0.0,0.0,0,0.0,0.0,0.0,0.0,0.0,0.0,0.0,0.0,0.0,0.0,0.0,0.0,0.0,0.0,0.0,0.0,1,0.0,0.0,0.0,0.0,0.0,0.0,0.0,0.0,0.0,0.0,0.0,0.0,725.0,725.0,0.0,0.0,0.0,0.0,1,28,28,20,20,1,1,7,7,8,8,4,4,3,3,1,1
52210420,52210,52,전북특별자치도,210,김제시,420,금구면,1,55.2,55.2,0.0,0.0,0.0,0.0,0.0,0.0,55.2,55.2,55.2,55.2,55.2,55.2,55.2,55.2,1,400.0,400.0,0.0,0.0,0.0,0.0,0.0,0.0,350.0,350.0,400.0,400.0,400.0,400.0,400.0,400.0,0,0.0,0.0,0.0,0.0,0.0,0.0,0.0,0.0,0.0,0.0,0.0,0.0,0.0,0.0,0.0,0.0,0.0,0.0,1,26,26,25,25,0,0,1,1,11,11,7,7,1,1,3,3
52710253,52710,52,전북특별자치도,710,완주군,253,봉동읍,0,0.0,0.0,0.0,0.0,0.0,0.0,0.0,0.0,0.0,0.0,0.0,0.0,0.0,0.0,0.0,0.0,0,0.0,0.0,0.0,0.0,0.0,0.0,0.0,0.0,0.0,0.0,0.0,0.0,0.0,0.0,0.0,0.0,2,0.0,0.0,0.0,0.0,0.0,0.0,0.0,0.0,0.0,0.0,0.0,0.0,355.0,355.0,0.0,0.0,0.0,0.0,1,31,31,28,28,1,1,2,2,9,9,8,8,0,0,1,1
52710256,52710,52,전북특별자치도,710,완주군,256,용진읍,1,0.0,0.0,0.0,0.0,0.0,0.0,0.0,0.0,1.9,1.9,13.0,13.0,10.3,10.3,0.0,0.0,1,0.0,0.0,0.0,0.0,0.0,0.0,0.0,0.0,400.0,400.0,400.0,400.0,210.0,210.0,0.0,0.0,0,0.0,0.0,0.0,0.0,0.0,0.0,0.0,0.0,0.0,0.0,0.0,0.0,0.0,0.0,0.0,0.0,0.0,0.0,0,0,0,0,0,0,0,0,0,0,0,0,0,0,0,0,0
52710320,52710,52,전북특별자치도,710,완주군,320,,0,0.0,0.0,0.0,0.0,0.0,0.0,0.0,0.0,0.0,0.0,0.0,0.0,0.0,0.0,0.0,0.0,0,0.0,0.0,0.0,0.0,0.0,0.0,0.0,0.0,0.0,0.0,0.0,0.0,0.0,0.0,0.0,0.0,0,0.0,0.0,0.0,0.0,0.0,0.0,0.0,0.0,0.0,0.0,0.0,0.0,0.0,0.0,0.0,0.0,0.0,0.0,1,26,26,21,21,0,0,5,5,5,5,5,5,0,0,0,0
52710330,52710,52,전북특별자치도,710,완주군,330,화산면,1,0.0,0.0,0.0,0.0,0.0,0.0,0.0,0.0,69.0,69.0,65.9,65.9,65.3,65.3,0.0,0.0,1,0.0,0.0,0.0,0.0,0.0,0.0,0.0,0.0,450.0,450.0,300.0,300.0,170.0,170.0,0.0,0.0,0,0.0,0.0,0.0,0.0,0.0,0.0,0.0,0.0,0.0,0.0,0.0,0.0,0.0,0.0,0.0,0.0,0.0,0.0,0,0,0,0,0,0,0,0,0,0,0,0,0,0,0,0,0
52710350,52710,52,전북특별자치도,710,완주군,350,구이면,0,0.0,0.0,0.0,0.0,0.0,0.0,0.0,0.0,0.0,0.0,0.0,0.0,0.0,0.0,0.0,0.0,0,0.0,0.0,0.0,0.0,0.0,0.0,0.0,0.0,0.0,0.0,0.0,0.0,0.0,0.0,0.0,0.0,1,0.0,0.0,0.0,0.0,0.0,0.0,0.0,0.0,0.0,0.0,0.0,0.0,0.0,0.0,0.0,0.0,0.0,0.0,1,28,28,27,27,0,0,1,1,7,7,5,5,2,2,0,0
52710380,52710,52,전북특별자치도,710,완주군,380,운주면,1,0.0,0.0,0.0,0.0,0.0,0.0,0.0,0.0,19.3,19.3,2.4,2.4,0.0,0.0,0.0,0.0,1,0.0,0.0,0.0,0.0,0.0,0.0,0.0,0.0,345.0,345.0,340.0,340.0,190.0,190.0,0.0,0.0,0,0.0,0.0,0.0,0.0,0.0,0.0,0.0,0.0,0.0,0.0,0.0,0.0,0.0,0.0,0.0,0.0,0.0,0.0,0,0,0,0,0,0,0,0,0,0,0,0,0,0,0,0,0
52710400,52710,52,전북특별자치도,710,완주군,400,동상면,0,0.0,0.0,0.0,0.0,0.0,0.0,0.0,0.0,0.0,0.0,0.0,0.0,0.0,0.0,0.0,0.0,0,0.0,0.0,0.0,0.0,0.0,0.0,0.0,0.0,0.0,0.0,0.0,0.0,0.0,0.0,0.0,0.0,1,0.0,0.0,0.0,0.0,0.0,0.0,0.0,0.0,0.0,0.0,0.0,0.0,0.0,0.0,0.0,0.0,0.0,0.0,0,0,0,0,0,0,0,0,0,0,0,0,0,0,0,0,0
52710410,52710,52,전북특별자치도,710,완주군,410,경천면,0,0.0,0.0,0.0,0.0,0.0,0.0,0.0,0.0,0.0,0.0,0.0,0.0,0.0,0.0,0.0,0.0,0,0.0,0.0,0.0,0.0,0.0,0.0,0.0,0.0,0.0,0.0,0.0,0.0,0.0,0.0,0.0,0.0,1,0.0,0.0,0.0,0.0,0.0,0.0,0.0,0.0,0.0,0.0,0.0,0.0,0.0,0.0,0.0,0.0,0.0,0.0,1,26,26,19,19,3,3,4,4,8,8,4,4,0,0,4,4
52720250,52720,52,전북특별자치도,720,진안군,250,진안읍,1,0.0,0.0,0.0,0.0,0.0,0.0,0.0,0.0,111.5,111.5,110.7,110.7,110.0,110.0,0.0,0.0,1,0.0,0.0,0.0,0.0,0.0,0.0,0.0,0.0,680.0,680.0,560.0,560.0,575.0,575.0,0.0,0.0,0,0.0,0.0,0.0,0.0,0.0,0.0,0.0,0.0,0.0,0.0,0.0,0.0,0.0,0.0,0.0,0.0,0.0,0.0,1,15,15,11,11,0,0,4,4,15,15,12,12,2,2,1,1
52720330,52720,52,전북특별자치도,720,진안군,330,동향면,0,0.0,0.0,0.0,0.0,0.0,0.0,0.0,0.0,0.0,0.0,0.0,0.0,0.0,0.0,0.0,0.0,0,0.0,0.0,0.0,0.0,0.0,0.0,0.0,0.0,0.0,0.0,0.0,0.0,0.0,0.0,0.0,0.0,1,0.0,0.0,0.0,0.0,0.0,0.0,0.0,0.0,0.0,0.0,0.0,0.0,245.0,245.0,0.0,0.0,0.0,0.0,1,25,25,15,15,0,0,10,10,6,6,4,4,0,0,2,2
52720350,52720,52,전북특별자치도,720,진안군,350,,0,0.0,0.0,0.0,0.0,0.0,0.0,0.0,0.0,0.0,0.0,0.0,0.0,0.0,0.0,0.0,0.0,0,0.0,0.0,0.0,0.0,0.0,0.0,0.0,0.0,0.0,0.0,0.0,0.0,0.0,0.0,0.0,0.0,0,0.0,0.0,0.0,0.0,0.0,0.0,0.0,0.0,0.0,0.0,0.0,0.0,0.0,0.0,0.0,0.0,0.0,0.0,1,26,26,20,20,0,0,6,6,12,12,2,2,6,6,4,4
52730250,52730,52,전북특별자치도,730,무주군,250,무주읍,0,0.0,0.0,0.0,0.0,0.0,0.0,0.0,0.0,0.0,0.0,0.0,0.0,0.0,0.0,0.0,0.0,0,0.0,0.0,0.0,0.0,0.0,0.0,0.0,0.0,0.0,0.0,0.0,0.0,0.0,0.0,0.0,0.0,1,0.0,0.0,0.0,0.0,0.0,0.0,0.0,0.0,0.0,0.0,0.0,0.0,845.0,845.0,0.0,0.0,0.0,0.0,1,15,15,11,11,0,0,4,4,15,15,12,12,2,2,1,1
52730330,52730,52,전북특별자치도,730,무주군,330,적상면,1,0.0,0.0,0.0,0.0,0.0,0.0,0.0,0.0,110.5,110.5,109.7,109.7,108.8,108.8,0.0,0.0,1,0.0,0.0,0.0,0.0,0.0,0.0,0.0,0.0,400.0,400.0,400.0,400.0,400.0,400.0,0.0,0.0,0,0.0,0.0,0.0,0.0,0.0,0.0,0.0,0.0,0.0,0.0,0.0,0.0,0.0,0.0,0.0,0.0,0.0,0.0,0,0,0,0,0,0,0,0,0,0,0,0,0,0,0,0,0
52740250,52740,52,전북특별자치도,740,장수군,250,장수읍,1,0.0,0.0,0.0,0.0,0.0,0.0,0.0,0.0,110.9,110.9,109.4,109.4,108.0,108.0,0.0,0.0,1,0.0,0.0,0.0,0.0,0.0,0.0,0.0,0.0,590.0,590.0,475.0,475.0,485.0,485.0,0.0,0.0,1,0.0,0.0,0.0,0.0,0.0,0.0,0.0,0.0,0.0,0.0,0.0,0.0,795.0,795.0,0.0,0.0,0.0,0.0,1,15,15,11,11,0,0,4,4,15,15,12,12,2,2,1,1
52740310,52740,52,전북특별자치도,740,장수군,310,산서면,1,0.0,0.0,0.0,0.0,0.0,0.0,0.0,0.0,110.4,110.4,110.4,110.4,110.4,110.4,0.0,0.0,1,0.0,0.0,0.0,0.0,0.0,0.0,0.0,0.0,560.0,560.0,530.0,530.0,545.0,545.0,0.0,0.0,0,0.0,0.0,0.0,0.0,0.0,0.0,0.0,0.0,0.0,0.0,0.0,0.0,0.0,0.0,0.0,0.0,0.0,0.0,0,0,0,0,0,0,0,0,0,0,0,0,0,0,0,0,0
52740350,52740,52,전북특별자치도,740,장수군,350,계남면,0,0.0,0.0,0.0,0.0,0.0,0.0,0.0,0.0,0.0,0.0,0.0,0.0,0.0,0.0,0.0,0.0,0,0.0,0.0,0.0,0.0,0.0,0.0,0.0,0.0,0.0,0.0,0.0,0.0,0.0,0.0,0.0,0.0,1,0.0,0.0,0.0,0.0,0.0,0.0,0.0,0.0,0.0,0.0,0.0,0.0,245.0,245.0,0.0,0.0,0.0,0.0,1,26,26,20,20,0,0,6,6,12,12,2,2,6,6,4,4
52750250,52750,52,전북특별자치도,750,임실군,250,,0,0.0,0.0,0.0,0.0,0.0,0.0,0.0,0.0,0.0,0.0,0.0,0.0,0.0,0.0,0.0,0.0,0,0.0,0.0,0.0,0.0,0.0,0.0,0.0,0.0,0.0,0.0,0.0,0.0,0.0,0.0,0.0,0.0,0,0.0,0.0,0.0,0.0,0.0,0.0,0.0,0.0,0.0,0.0,0.0,0.0,0.0,0.0,0.0,0.0,0.0,0.0,1,26,26,15,15,0,0,11,11,11,11,11,11,0,0,0,0
52750350,52750,52,전북특별자치도,750,임실군,350,삼계면,0,0.0,0.0,0.0,0.0,0.0,0.0,0.0,0.0,0.0,0.0,0.0,0.0,0.0,0.0,0.0,0.0,0,0.0,0.0,0.0,0.0,0.0,0.0,0.0,0.0,0.0,0.0,0.0,0.0,0.0,0.0,0.0,0.0,1,0.0,0.0,0.0,0.0,0.0,0.0,0.0,0.0,0.0,0.0,0.0,0.0,0.0,0.0,0.0,0.0,0.0,0.0,1,26,26,21,21,0,0,5,5,5,5,5,5,0,0,0,0
52750360,52750,52,전북특별자치도,750,임실군,360,신덕면,1,165.6,165.6,0.0,0.0,0.0,0.0,0.0,0.0,165.6,165.6,165.6,165.6,165.6,165.6,165.6,165.6,1,180.0,180.0,0.0,0.0,0.0,0.0,0.0,0.0,540.0,540.0,800.0,800.0,680.0,680.0,180.0,180.0,1,0.0,0.0,0.0,0.0,0.0,0.0,0.0,0.0,0.0,0.0,0.0,0.0,905.0,905.0,0.0,0.0,0.0,0.0,0,0,0,0,0,0,0,0,0,0,0,0,0,0,0,0,0
52750380,52750,52,전북특별자치도,750,임실군,380,사매면,2,223.4,119.9,99.8,99.8,98.4,98.4,88.6,88.6,199.39999999999998,116.8,192.8,116.1,181.39999999999998,115.3,223.4,119.9,2,0.0,0.0,0.0,0.0,0.0,0.0,0.0,0.0,0.0,0.0,0.0,0.0,0.0,0.0,0.0,0.0,0,0.0,0.0,0.0,0.0,0.0,0.0,0.0,0.0,0.0,0.0,0.0,0.0,0.0,0.0,0.0,0.0,0.0,0.0,0,0,0,0,0,0,0,0,0,0,0,0,0,0,0,0,0
52770250,52770,52,전북특별자치도,770,순창군,250,순창읍,0,0.0,0.0,0.0,0.0,0.0,0.0,0.0,0.0,0.0,0.0,0.0,0.0,0.0,0.0,0.0,0.0,0,0.0,0.0,0.0,0.0,0.0,0.0,0.0,0.0,0.0,0.0,0.0,0.0,0.0,0.0,0.0,0.0,1,0.0,0.0,0.0,0.0,0.0,0.0,0.0,0.0,0.0,0.0,0.0,0.0,0.0,0.0,0.0,0.0,510.0,510.0,1,0,0,0,0,0,0,0,0,18,18,11,11,1,1,6,6
52770330,52770,52,전북특별자치도,770,순창군,330,풍산면,1,123.8,123.8,123.1,123.1,122.2,122.2,121.2,121.2,120.3,120.3,119.5,119.5,118.6,118.6,123.8,123.8,1,610.0,610.0,690.0,690.0,715.0,715.0,550.0,550.0,565.0,565.0,460.0,460.0,450.0,450.0,610.0,610.0,0,0.0,0.0,0.0,0.0,0.0,0.0,0.0,0.0,0.0,0.0,0.0,0.0,0.0,0.0,0.0,0.0,0.0,0.0,0,0,0,0,0,0,0,0,0,0,0,0,0,0,0,0,0
52770400,52770,52,전북특별자치도,770,순창군,400,구림면,0,0.0,0.0,0.0,0.0,0.0,0.0,0.0,0.0,0.0,0.0,0.0,0.0,0.0,0.0,0.0,0.0,0,0.0,0.0,0.0,0.0,0.0,0.0,0.0,0.0,0.0,0.0,0.0,0.0,0.0,0.0,0.0,0.0,1,0.0,0.0,0.0,0.0,0.0,0.0,0.0,0.0,0.0,0.0,0.0,0.0,510.0,510.0,0.0,0.0,0.0,0.0,1,14,14,8,8,0,0,6,6,8,8,4,4,0,0,4,4
52790250,52790,52,전북특별자치도,790,고창군,250,,0,0.0,0.0,0.0,0.0,0.0,0.0,0.0,0.0,0.0,0.0,0.0,0.0,0.0,0.0,0.0,0.0,0,0.0,0.0,0.0,0.0,0.0,0.0,0.0,0.0,0.0,0.0,0.0,0.0,0.0,0.0,0.0,0.0,0,0.0,0.0,0.0,0.0,0.0,0.0,0.0,0.0,0.0,0.0,0.0,0.0,0.0,0.0,0.0,0.0,0.0,0.0,1,15,15,11,11,0,0,4,4,15,15,12,12,2,2,1,1
52790310,52790,52,전북특별자치도,790,고창군,310,고수면,1,0.0,0.0,0.0,0.0,165.6,165.6,165.6,165.6,165.6,165.6,165.6,165.6,165.6,165.6,0.0,0.0,1,0.0,0.0,0.0,0.0,0.0,0.0,0.0,0.0,0.0,0.0,0.0,0.0,0.0,0.0,0.0,0.0,0,0.0,0.0,0.0,0.0,0.0,0.0,0.0,0.0,0.0,0.0,0.0,0.0,0.0,0.0,0.0,0.0,0.0,0.0,0,0,0,0,0,0,0,0,0,0,0,0,0,0,0,0,0
52790320,52790,52,전북특별자치도,790,고창군,320,아산면,0,0.0,0.0,0.0,0.0,0.0,0.0,0.0,0.0,0.0,0.0,0.0,0.0,0.0,0.0,0.0,0.0,0,0.0,0.0,0.0,0.0,0.0,0.0,0.0,0.0,0.0,0.0,0.0,0.0,0.0,0.0,0.0,0.0,1,0.0,0.0,0.0,0.0,0.0,0.0,0.0,0.0,0.0,0.0,0.0,0.0,0.0,0.0,0.0,0.0,12.9,12.9,1,26,26,20,20,1,1,5,5,6,6,6,6,4,4,-4,-4
52790330,52790,52,전북특별자치도,790,고창군,330,무장면,1,0.0,0.0,0.0,0.0,220.8,220.8,220.8,220.8,220.8,220.8,220.8,220.8,220.8,220.8,0.0,0.0,1,0.0,0.0,0.0,0.0,575.0,575.0,685.0,685.0,720.0,720.0,800.0,800.0,800.0,800.0,0.0,0.0,1,0.0,0.0,0.0,0.0,0.0,0.0,0.0,0.0,0.0,0.0,0.0,0.0,775.0,775.0,0.0,0.0,5.999,5.999,0,0,0,0,0,0,0,0,0,0,0,0,0,0,0,0,0
52790350,52790,52,전북특별자치도,790,고창군,350,상하면,0,0.0,0.0,0.0,0.0,0.0,0.0,0.0,0.0,0.0,0.0,0.0,0.0,0.0,0.0,0.0,0.0,0,0.0,0.0,0.0,0.0,0.0,0.0,0.0,0.0,0.0,0.0,0.0,0.0,0.0,0.0,0.0,0.0,1,0.0,0.0,0.0,0.0,0.0,0.0,0.0,0.0,0.0,0.0,0.0,0.0,0.0,0.0,0.0,0.0,0.0,0.0,1,9,9,9,9,0,0,0,0,7,7,6,6,3,3,-2,-2
52790360,52790,52,전북특별자치도,790,고창군,360,해리면,1,0.0,0.0,0.0,0.0,0.0,0.0,0.0,0.0,0.0,0.0,0.0,0.0,0.0,0.0,0.0,0.0,1,0.0,0.0,0.0,0.0,0.0,0.0,0.0,0.0,0.0,0.0,0.0,0.0,0.0,0.0,0.0,0.0,0,0.0,0.0,0.0,0.0,0.0,0.0,0.0,0.0,0.0,0.0,0.0,0.0,0.0,0.0,0.0,0.0,0.0,0.0,0,0,0,0,0,0,0,0,0,0,0,0,0,0,0,0,0
52790370,52790,52,전북특별자치도,790,고창군,370,성송면,0,0.0,0.0,0.0,0.0,0.0,0.0,0.0,0.0,0.0,0.0,0.0,0.0,0.0,0.0,0.0,0.0,0,0.0,0.0,0.0,0.0,0.0,0.0,0.0,0.0,0.0,0.0,0.0,0.0,0.0,0.0,0.0,0.0,1,0.0,0.0,0.0,0.0,0.0,0.0,0.0,0.0,0.0,0.0,0.0,0.0,0.0,0.0,0.0,0.0,0.0,0.0,0,0,0,0,0,0,0,0,0,0,0,0,0,0,0,0,0
52790430,52790,52,전북특별자치도,790,고창군,430,,1,68.5,68.5,66.8,66.8,65.1,65.1,63.5,63.5,61.6,61.6,59.6,59.6,57.6,57.6,68.5,68.5,1,0.0,0.0,0.0,0.0,0.0,0.0,0.0,0.0,0.0,0.0,0.0,0.0,0.0,0.0,0.0,0.0,0,0.0,0.0,0.0,0.0,0.0,0.0,0.0,0.0,0.0,0.0,0.0,0.0,0.0,0.0,0.0,0.0,0.0,0.0,0,0,0,0,0,0,0,0,0,0,0,0,0,0,0,0,0
52800250,52800,52,전북특별자치도,800,부안군,250,,0,0.0,0.0,0.0,0.0,0.0,0.0,0.0,0.0,0.0,0.0,0.0,0.0,0.0,0.0,0.0,0.0,0,0.0,0.0,0.0,0.0,0.0,0.0,0.0,0.0,0.0,0.0,0.0,0.0,0.0,0.0,0.0,0.0,0,0.0,0.0,0.0,0.0,0.0,0.0,0.0,0.0,0.0,0.0,0.0,0.0,0.0,0.0,0.0,0.0,0.0,0.0,1,15,15,11,11,0,0,4,4,15,15,12,12,2,2,1,1
52800340,52800,52,전북특별자치도,800,부안군,340,계화면,0,0.0,0.0,0.0,0.0,0.0,0.0,0.0,0.0,0.0,0.0,0.0,0.0,0.0,0.0,0.0,0.0,0,0.0,0.0,0.0,0.0,0.0,0.0,0.0,0.0,0.0,0.0,0.0,0.0,0.0,0.0,0.0,0.0,1,0.0,0.0,0.0,0.0,0.0,0.0,0.0,0.0,0.0,0.0,0.0,0.0,390.0,390.0,0.0,0.0,0.0,0.0,0,0,0,0,0,0,0,0,0,0,0,0,0,0,0,0,0
52800410,52800,52,전북특별자치도,800,부안군,410,진서면,1,91.4,91.4,0.0,0.0,0.0,0.0,0.0,0.0,84.7,84.7,83.1,83.1,81.6,81.6,91.4,91.4,1,400.0,400.0,0.0,0.0,0.0,0.0,0.0,0.0,370.0,370.0,400.0,400.0,400.0,400.0,400.0,400.0,0,0.0,0.0,0.0,0.0,0.0,0.0,0.0,0.0,0.0,0.0,0.0,0.0,0.0,0.0,0.0,0.0,0.0,0.0,0,0,0,0,0,0,0,0,0,0,0,0,0,0,0,0,0
