지역코드,시도명,시군구명,전력공급229kV_변전소수,전력공급229kV_2026년_합계,전력공급229kV_2027년_합계,전력공급229kV_2028년_합계,전력공급229kV_2029년_합계,전력공급229kV_2030년_합계,전력공급229kV_2031년_합계,전력공급229kV_2032년_합계,전력공급229kV_최소여유용량_합계,전력공급154kV_변전소수,전력공급154kV_2026년_합계,전력공급154kV_2027년_합계,전력공급154kV_2028년_합계,전력공급154kV_2029년_합계,전력공급154kV_2030년_합계,전력공급154kV_2031년_합계,전력공급154kV_2032년_합계,전력공급154kV_최소여유용량_합계,재생e연계_변전소수,재생e연계_2026년_합계,재생e연계_2027년_합계,재생e연계_2028년_합계,재생e연계_2029년_합계,재생e연계_2030년_합계,재생e연계_2031년_합계,재생e연계_2032년_합계,재생e연계_최소여유용량_합계,재생e연계_6년후검토용량_합계,차단기_변전소기준_변전소수,차단기_변전소기준_22.9kV전체_합계,차단기_변전소기준_22.9kV사용중_합계,차단기_변전소기준_22.9kV사용예정_합계,차단기_변전소기준_22.9kV여유_합계,차단기_변전소기준_154kV전체_합계,차단기_변전소기준_154kV사용중_합계,차단기_변전소기준_154kV사용예정_합계,차단기_변전소기준_154kV여유_합계,전력공급229kV_데이터있음,전력공급154kV_데이터있음,재생e연계_데이터있음,차단기_변전소기준_데이터있음,전력공급229kV_2026년_최대,전력공급229kV_2027년_최대,전력공급229kV_2028년_최대,전력공급229kV_2029년_최대,전력공급229kV_2030년_최대,전력공급229kV_2031년_최대,전력공급229kV_2032년_최대,전력공급229kV_최소여유용량_최대,전력공급154kV_2026년_최대,전력공급154kV_2027년_최대,전력공급154kV_2028년_최대,전력공급154kV_2029년_최대,전력공급154kV_2030년_최대,전력공급154kV_2031년_최대,전력공급154kV_2032년_최대,전력공급154kV_최소여유용량_최대,재생e연계_2026년_최대,재생e연계_2027년_최대,재생e연계_2028년_최대,재생e연계_2029년_최대,재생e연계_2030년_최대,재생e연계_2031년_최대,재생e연계_2032년_최대,재생e연계_최소여유용량_최대,재생e연계_6년후검토용량_최대,차단기_변전소기준_22.9kV전체_최대,차단기_변전소기준_22.9kV사용중_최대,차단기_변전소기준_22.9kV사용예정_최대,차단기_변전소기준_22.9kV여유_최대,차단기_변전소기준_154kV전체_최대,차단기_변전소기준_154kV사용중_최대,차단기_변전소기준_154kV사용예정_최대,차단기_변전소기준_154kV여유_최대,차단기_공급지역기준_변전소수,차단기_공급지역기준_345kV전체_합계,차단기_공급지역기준_345kV전체_최대,차단기_공급지역기준_345kV사용중_합계,차단기_공급지역기준_345kV사용중_최대,차단기_공급지역기준_345kV사용예정_합계,차단기_공급지역기준_345kV사용예정_최대,차단기_공급지역기준_345kV여유_합계,차단기_공급지역기준_345kV여유_최대,차단기_공급지역기준_154kV전체_합계,차단기_공급지역기준_154kV전체_최대,차단기_공급지역기준_154kV사용중_합계,차단기_공급지역기준_154kV사용중_최대,차단기_공급지역기준_154kV사용예정_합계,차단기_공급지역기준_154kV사용예정_최대,차단기_공급지역기준_154kV여유_합계,차단기_공급지역기준_154kV여유_최대,시도코드,시군구코드,345kV_상위지역공유,변전소응답없음
11110,서울특별시,종로구,8.0,0.0,0.0,20.0,17.0,22.0,11.0,11.0,0.0,8.0,10.0,10.0,255.0,205.0,205.0,60.0,65.0,10.0,9.0,6340.0,6340.0,6340.0,6395.0,6400.0,7215.0,7635.0,6340.0,0.0,10.0,199.0,175.0,0.0,24.0,84.0,62.0,-5.0,27.0,1.0,1.0,1.0,1.0,0.0,0.0,11.0,10.0,10.0,6.0,6.0,0.0,6.0,6.0,95.0,70.0,70.0,60.0,65.0,6.0,2250.0,2250.0,2250.0,2305.0,2305.0,2325.0,2325.0,2250.0,0.0,32.0,28.0,0.0,6.0,18.0,14.0,0.0,9.0,1,4,4,4,4,0,0,0,0,16,16,10,10,0,0,6,6,11,110,False,False
11140,서울특별시,중구,8.0,0.0,0.0,184.0,161.0,171.0,10.0,5.0,0.0,8.0,4.0,4.0,435.0,320.0,315.0,0.0,0.0,4.0,9.0,6515.0,6530.0,6530.0,6585.0,6590.0,10145.0,10570.0,6515.0,0.0,7.0,144.0,111.0,2.0,31.0,66.0,45.0,0.0,21.0,1.0,1.0,1.0,1.0,0.0,0.0,80.0,60.0,65.0,5.0,5.0,0.0,4.0,4.0,95.0,70.0,70.0,0.0,0.0,4.0,2250.0,2250.0,2250.0,2305.0,2305.0,2325.0,2325.0,2250.0,0.0,30.0,24.0,1.0,17.0,18.0,14.0,1.0,9.0,0,0,0,0,0,0,0,0,0,0,0,0,0,0,0,0,0,11,140,False,False
11170,서울특별시,용산구,7.0,0.0,0.0,1.0,1.0,6.0,5.0,5.0,0.0,7.0,4.0,4.0,95.0,70.0,70.0,0.0,0.0,4.0,8.0,5070.0,5145.0,5195.0,5260.0,5345.0,6785.0,8310.0,5070.0,0.0,7.0,136.0,103.0,5.0,28.0,70.0,41.0,7.0,22.0,1.0,1.0,1.0,1.0,0.0,0.0,1.0,1.0,6.0,5.0,5.0,0.0,4.0,4.0,95.0,70.0,70.0,0.0,0.0,4.0,2250.0,2250.0,2250.0,2305.0,2305.0,2325.0,2325.0,2250.0,0.0,31.0,28.0,3.0,10.0,18.0,14.0,3.0,9.0,1,4,4,4,4,0,0,0,0,16,16,10,10,0,0,6,6,11,170,False,False
11200,서울특별시,성동구,7.0,0.0,0.0,198.0,171.0,179.0,86.0,85.0,0.0,7.0,15.0,15.0,450.0,345.0,525.0,285.0,315.0,15.0,8.0,5015.0,5015.0,5840.0,5915.0,6085.0,7600.0,7605.0,5015.0,0.0,5.0,123.0,84.0,4.0,35.0,48.0,27.0,6.0,15.0,1.0,1.0,1.0,1.0,0.0,0.0,84.0,71.0,70.0,70.0,69.0,0.0,9.0,9.0,130.0,110.0,210.0,210.0,240.0,9.0,2250.0,2250.0,2250.0,2305.0,2305.0,2325.0,2325.0,2250.0,0.0,34.0,29.0,4.0,13.0,18.0,14.0,4.0,4.0,1,4,4,4,4,0,0,0,0,18,18,12,12,0,0,6,6,11,200,False,False
11215,서울특별시,광진구,5.0,0.0,0.0,20.0,19.0,27.0,19.0,19.0,0.0,5.0,14.0,14.0,0.0,0.0,210.0,210.0,240.0,14.0,6.0,3355.0,5110.0,5910.0,5995.0,6330.0,7110.0,7120.0,3355.0,0.0,5.0,101.0,71.0,0.0,30.0,53.0,41.0,0.0,12.0,1.0,1.0,1.0,1.0,0.0,0.0,20.0,19.0,18.0,10.0,10.0,0.0,9.0,9.0,0.0,0.0,210.0,210.0,240.0,9.0,2250.0,2250.0,2250.0,2305.0,2305.0,2325.0,2325.0,2250.0,0.0,30.0,28.0,0.0,14.0,18.0,14.0,0.0,4.0,1,4,4,4,4,0,0,0,0,18,18,12,12,0,0,6,6,11,215,False,False
11230,서울특별시,동대문구,3.0,0.0,0.0,90.0,69.0,68.0,5.0,0.0,0.0,3.0,0.0,0.0,285.0,210.0,210.0,0.0,0.0,0.0,5.0,3255.0,3255.0,3255.0,3310.0,3310.0,3755.0,3935.0,3255.0,0.0,5.0,77.0,51.0,1.0,25.0,50.0,35.0,4.0,11.0,1.0,1.0,1.0,1.0,0.0,0.0,80.0,65.0,65.0,5.0,0.0,0.0,0.0,0.0,95.0,70.0,70.0,0.0,0.0,0.0,2250.0,2250.0,2250.0,2305.0,2305.0,2325.0,2325.0,2250.0,0.0,30.0,25.0,1.0,21.0,18.0,14.0,4.0,4.0,1,4,4,4,4,0,0,0,0,18,18,12,12,0,0,6,6,11,230,False,False
11260,서울특별시,중랑구,3.0,0.0,0.0,105.0,97.0,104.0,102.0,101.0,0.0,3.0,99.0,91.0,425.0,335.0,735.0,690.0,730.0,99.0,3.0,890.0,890.0,1690.0,1710.0,1880.0,3555.0,3560.0,890.0,0.0,2.0,57.0,38.0,0.0,19.0,16.0,13.0,1.0,2.0,1.0,1.0,1.0,1.0,0.0,0.0,92.0,91.0,91.0,90.0,90.0,0.0,89.0,82.0,215.0,170.0,280.0,255.0,260.0,89.0,890.0,890.0,890.0,890.0,990.0,1300.0,1300.0,890.0,0.0,30.0,28.0,0.0,17.0,8.0,7.0,1.0,1.0,1,4,4,4,4,0,0,0,0,18,18,12,12,0,0,6,6,11,260,False,False
11290,서울특별시,성북구,6.0,0.0,0.0,66.0,144.0,106.0,101.0,100.0,0.0,6.0,9.0,9.0,295.0,360.0,480.0,390.0,430.0,9.0,8.0,2570.0,2570.0,3370.0,3445.0,3615.0,3635.0,3820.0,2570.0,0.0,6.0,102.0,76.0,0.0,26.0,58.0,40.0,4.0,14.0,1.0,1.0,1.0,1.0,0.0,0.0,64.0,80.0,62.0,62.0,61.0,0.0,9.0,9.0,135.0,145.0,210.0,210.0,240.0,9.0,2250.0,2250.0,2250.0,2305.0,2305.0,2325.0,2325.0,2250.0,0.0,31.0,23.0,0.0,14.0,18.0,14.0,4.0,5.0,1,4,4,4,4,0,0,0,0,18,18,12,12,0,0,6,6,11,290,False,False
11305,서울특별시,강북구,3.0,0.0,0.0,155.0,154.0,153.0,140.0,152.0,0.0,3.0,0.0,0.0,325.0,320.0,270.0,230.0,250.0,0.0,4.0,0.0,0.0,0.0,0.0,0.0,0.0,180.0,0.0,0.0,4.0,75.0,44.0,1.0,30.0,34.0,19.0,6.0,9.0,1.0,1.0,1.0,1.0,0.0,0.0,153.0,153.0,153.0,140.0,152.0,0.0,0.0,0.0,175.0,175.0,170.0,140.0,155.0,0.0,0.0,0.0,0.0,0.0,0.0,0.0,180.0,0.0,0.0,30.0,23.0,1.0,25.0,12.0,8.0,4.0,4.0,1,4,4,4,4,0,0,0,0,18,18,12,12,0,0,6,6,11,305,False,False
11320,서울특별시,도봉구,3.0,0.0,0.0,143.0,139.0,135.0,98.0,133.0,0.0,3.0,6.0,0.0,1005.0,975.0,1000.0,335.0,485.0,6.0,4.0,0.0,0.0,0.0,0.0,0.0,0.0,180.0,0.0,0.0,4.0,87.0,53.0,0.0,34.0,36.0,25.0,4.0,7.0,1.0,1.0,1.0,1.0,0.0,0.0,127.0,127.0,126.0,90.0,126.0,0.0,6.0,0.0,440.0,410.0,425.0,140.0,175.0,6.0,0.0,0.0,0.0,0.0,0.0,0.0,180.0,0.0,0.0,31.0,26.0,0.0,23.0,12.0,8.0,4.0,4.0,1,4,4,4,4,0,0,0,0,18,18,12,12,0,0,6,6,11,320,False,False
11350,서울특별시,노원구,4.0,0.0,0.0,76.0,0.0,9.0,9.0,9.0,0.0,4.0,9.0,9.0,460.0,430.0,710.0,600.0,775.0,9.0,5.0,425.0,425.0,1225.0,1245.0,1415.0,1545.0,1730.0,425.0,0.0,4.0,74.0,57.0,1.0,16.0,34.0,22.0,5.0,7.0,1.0,1.0,1.0,1.0,0.0,0.0,76.0,0.0,9.0,9.0,9.0,0.0,9.0,9.0,235.0,225.0,275.0,255.0,315.0,9.0,425.0,425.0,800.0,820.0,990.0,990.0,995.0,425.0,0.0,31.0,28.0,1.0,10.0,12.0,8.0,4.0,5.0,1,4,4,4,4,0,0,0,0,18,18,12,12,0,0,6,6,11,350,False,False
11380,서울특별시,은평구,4.0,0.0,0.0,1.0,0.0,6.0,5.0,5.0,0.0,4.0,4.0,4.0,0.0,0.0,0.0,0.0,0.0,4.0,4.0,1395.0,1400.0,1400.0,1405.0,1420.0,2715.0,3135.0,1395.0,0.0,4.0,100.0,79.0,0.0,21.0,40.0,27.0,3.0,10.0,1.0,1.0,1.0,1.0,0.0,0.0,1.0,0.0,6.0,5.0,5.0,0.0,4.0,4.0,0.0,0.0,0.0,0.0,0.0,4.0,455.0,455.0,455.0,455.0,455.0,1155.0,1575.0,455.0,0.0,31.0,25.0,0.0,13.0,18.0,10.0,4.0,9.0,2,13,9,10,6,3,3,0,0,30,16,22,12,0,0,8,6,11,380,False,False
11410,서울특별시,서대문구,5.0,0.0,0.0,1.0,0.0,6.0,5.0,5.0,0.0,5.0,4.0,4.0,0.0,0.0,0.0,0.0,0.0,4.0,5.0,1365.0,1365.0,2135.0,2465.0,2470.0,3725.0,4160.0,1365.0,0.0,6.0,151.0,134.0,0.0,17.0,52.0,35.0,4.0,13.0,1.0,1.0,1.0,1.0,0.0,0.0,1.0,0.0,6.0,5.0,5.0,0.0,4.0,4.0,0.0,0.0,0.0,0.0,0.0,4.0,455.0,455.0,525.0,675.0,675.0,1155.0,1575.0,455.0,0.0,31.0,25.0,0.0,6.0,18.0,10.0,5.0,9.0,1,4,4,4,4,0,0,0,0,16,16,10,10,0,0,6,6,11,410,False,False
11440,서울특별시,마포구,11.0,0.0,0.0,15.0,10.0,12.0,12.0,9.0,0.0,11.0,8.0,8.0,25.0,45.0,45.0,85.0,85.0,8.0,11.0,4145.0,4370.0,4665.0,5005.0,5090.0,6475.0,7745.0,4145.0,19.8,11.0,283.0,224.0,11.0,48.0,88.0,58.0,14.0,16.0,1.0,1.0,1.0,1.0,0.0,0.0,12.0,9.0,6.0,5.0,5.0,0.0,4.0,4.0,25.0,45.0,45.0,45.0,45.0,4.0,675.0,675.0,675.0,675.0,675.0,1155.0,1575.0,675.0,19.8,30.0,29.0,4.0,12.0,18.0,10.0,5.0,9.0,2,10,6,4,4,6,6,0,0,24,16,10,10,6,6,8,6,11,440,False,False
11470,서울특별시,양천구,4.0,0.0,0.0,0.0,0.0,0.0,0.0,0.0,0.0,4.0,26.0,26.0,0.0,0.0,0.0,0.0,0.0,26.0,5.0,3230.0,3330.0,3330.0,3330.0,3355.0,3355.0,4415.0,3230.0,0.0,4.0,85.0,64.0,8.0,13.0,41.0,26.0,4.0,11.0,1.0,1.0,1.0,1.0,0.0,0.0,0.0,0.0,0.0,0.0,0.0,0.0,26.0,26.0,0.0,0.0,0.0,0.0,0.0,26.0,2185.0,2285.0,2285.0,2285.0,2285.0,2285.0,2305.0,2185.0,0.0,30.0,30.0,8.0,10.0,18.0,9.0,2.0,7.0,3,26,12,16,8,8,4,2,2,34,18,17,10,11,5,6,6,11,470,False,False
11500,서울특별시,강서구,4.0,0.0,0.0,14.0,9.0,6.0,3.0,0.0,0.0,4.0,0.0,0.0,0.0,0.0,25.0,65.0,65.0,0.0,4.0,3385.0,3385.0,3385.0,3385.0,3385.0,3385.0,3385.0,3385.0,19.8,4.0,107.0,100.0,1.0,6.0,43.0,29.0,7.0,7.0,1.0,1.0,1.0,1.0,0.0,0.0,12.0,9.0,6.0,3.0,0.0,0.0,0.0,0.0,0.0,0.0,25.0,40.0,40.0,0.0,2085.0,2085.0,2085.0,2085.0,2085.0,2085.0,2085.0,2085.0,19.8,29.0,29.0,1.0,4.0,18.0,10.0,3.0,6.0,1,12,12,8,8,2,2,2,2,18,18,10,10,2,2,6,6,11,500,False,False
11530,서울특별시,구로구,6.0,0.0,0.0,0.0,0.0,0.0,0.0,0.0,0.0,6.0,52.0,52.0,0.0,0.0,0.0,0.0,0.0,52.0,7.0,5875.0,5980.0,6475.0,6475.0,7800.0,8180.0,8570.0,5875.0,0.0,6.0,120.0,83.0,11.0,26.0,70.0,42.0,5.0,23.0,1.0,1.0,1.0,1.0,0.0,0.0,0.0,0.0,0.0,0.0,0.0,0.0,26.0,26.0,0.0,0.0,0.0,0.0,0.0,26.0,2185.0,2285.0,2285.0,2285.0,2285.0,2285.0,2305.0,2185.0,0.0,31.0,28.0,4.0,13.0,19.0,12.0,3.0,7.0,2,22,14,13,13,4,4,1,1,31,19,12,12,9,9,10,7,11,530,False,False
11545,서울특별시,금천구,6.0,0.0,0.0,0.0,0.0,0.0,0.0,0.0,0.0,6.0,73.0,73.0,0.0,0.0,0.0,0.0,0.0,73.0,6.0,4830.0,4845.0,5230.0,5230.0,5260.0,5260.0,5260.0,4830.0,0.0,6.0,134.0,109.0,9.0,16.0,49.0,38.0,0.0,11.0,1.0,1.0,1.0,1.0,0.0,0.0,0.0,0.0,0.0,0.0,0.0,0.0,40.0,40.0,0.0,0.0,0.0,0.0,0.0,40.0,1830.0,1830.0,2210.0,2210.0,2210.0,2210.0,2210.0,1830.0,0.0,28.0,25.0,4.0,8.0,19.0,12.0,0.0,7.0,1,14,14,13,13,0,0,1,1,19,19,12,12,0,0,7,7,11,545,False,False
11560,서울특별시,영등포구,11.0,0.0,0.0,0.0,0.0,0.0,0.0,0.0,0.0,11.0,169.0,166.0,0.0,0.0,0.0,0.0,0.0,169.0,13.0,9035.0,9200.0,9715.0,9715.0,12425.0,12575.0,12630.0,9035.0,0.0,11.0,245.0,211.0,13.0,21.0,88.0,55.0,7.0,26.0,1.0,1.0,1.0,1.0,0.0,0.0,0.0,0.0,0.0,0.0,0.0,0.0,42.0,42.0,0.0,0.0,0.0,0.0,0.0,42.0,2185.0,2285.0,2285.0,2285.0,2285.0,2285.0,2305.0,2185.0,0.0,36.0,35.0,6.0,9.0,19.0,12.0,3.0,7.0,2,8,4,3,3,4,4,1,1,23,18,9,9,7,5,7,7,11,560,False,False
11590,서울특별시,동작구,4.0,0.0,0.0,0.0,26.0,24.0,21.0,0.0,0.0,4.0,48.0,47.0,0.0,0.0,0.0,0.0,0.0,48.0,5.0,4670.0,4770.0,5150.0,5150.0,5150.0,5155.0,6525.0,4670.0,0.0,5.0,96.0,82.0,0.0,14.0,54.0,35.0,2.0,17.0,1.0,1.0,1.0,1.0,0.0,0.0,0.0,26.0,24.0,21.0,0.0,0.0,26.0,26.0,0.0,0.0,0.0,0.0,0.0,26.0,2185.0,2285.0,2285.0,2285.0,2285.0,2285.0,2305.0,2185.0,0.0,34.0,25.0,0.0,9.0,19.0,12.0,2.0,7.0,1,4,4,3,3,0,0,1,1,18,18,9,9,2,2,7,7,11,590,False,False
11620,서울특별시,관악구,4.0,0.0,0.0,0.0,48.0,45.0,42.0,0.0,0.0,4.0,22.0,79.0,0.0,0.0,0.0,0.0,0.0,22.0,5.0,3090.0,3190.0,3190.0,3190.0,3275.0,3280.0,4765.0,3090.0,0.0,5.0,116.0,78.0,3.0,35.0,45.0,27.0,4.0,14.0,1.0,1.0,1.0,1.0,0.0,0.0,0.0,26.0,24.0,21.0,0.0,0.0,22.0,58.0,0.0,0.0,0.0,0.0,0.0,22.0,2185.0,2285.0,2285.0,2285.0,2285.0,2285.0,2305.0,2185.0,0.0,34.0,25.0,3.0,14.0,18.0,9.0,2.0,7.0,1,14,14,13,13,0,0,1,1,19,19,12,12,0,0,7,7,11,620,False,False
11650,서울특별시,서초구,10.0,0.0,0.0,11.0,37.0,35.0,32.0,11.0,0.0,10.0,11.0,166.0,0.0,0.0,0.0,0.0,0.0,11.0,11.0,5780.0,5890.0,5895.0,5910.0,6040.0,6040.0,7570.0,5780.0,0.0,12.0,293.0,234.0,14.0,45.0,95.0,68.0,6.0,21.0,1.0,1.0,1.0,1.0,0.0,0.0,11.0,26.0,24.0,21.0,11.0,0.0,11.0,58.0,0.0,0.0,0.0,0.0,0.0,11.0,1265.0,1265.0,1265.0,1265.0,1265.0,1265.0,1345.0,1265.0,0.0,32.0,30.0,3.0,14.0,18.0,15.0,4.0,5.0,2,8,4,2,2,6,4,0,0,22,18,15,15,4,4,3,3,11,650,False,False
11680,서울특별시,강남구,9.0,0.0,0.0,20.0,30.0,28.0,26.0,25.0,0.0,9.0,24.0,116.0,0.0,80.0,80.0,80.0,80.0,24.0,9.0,5435.0,7965.0,7965.0,7970.0,8145.0,8155.0,8795.0,5435.0,0.0,9.0,250.0,175.0,3.0,72.0,74.0,53.0,4.0,17.0,1.0,1.0,1.0,1.0,0.0,0.0,11.0,11.0,11.0,11.0,11.0,0.0,11.0,92.0,0.0,40.0,40.0,40.0,40.0,11.0,910.0,2105.0,2105.0,2105.0,2265.0,2275.0,2280.0,910.0,0.0,35.0,26.0,2.0,18.0,13.0,9.0,2.0,5.0,2,8,4,2,2,6,4,0,0,22,18,15,15,4,4,3,3,11,680,False,False
11710,서울특별시,송파구,9.0,0.0,0.0,12.0,12.0,12.0,12.0,12.0,0.0,9.0,12.0,12.0,10.0,10.0,10.0,10.0,10.0,12.0,9.0,3640.0,6255.0,6400.0,6415.0,6695.0,6720.0,6725.0,3640.0,0.0,9.0,268.0,218.0,8.0,42.0,77.0,60.0,1.0,16.0,1.0,1.0,1.0,1.0,0.0,0.0,11.0,11.0,11.0,11.0,11.0,0.0,11.0,11.0,10.0,10.0,10.0,10.0,10.0,11.0,805.0,2105.0,2105.0,2105.0,2265.0,2275.0,2280.0,805.0,0.0,36.0,34.0,6.0,14.0,13.0,9.0,1.0,5.0,3,22,10,6,4,10,10,6,4,38,15,17,9,11,9,10,6,11,710,False,False
11740,서울특별시,강동구,3.0,0.0,0.0,0.0,0.0,0.0,0.0,0.0,0.0,3.0,0.0,0.0,0.0,0.0,0.0,0.0,0.0,0.0,3.0,945.0,3565.0,3565.0,3565.0,3725.0,3735.0,3740.0,945.0,0.0,3.0,83.0,63.0,0.0,20.0,30.0,21.0,0.0,9.0,1.0,1.0,1.0,1.0,0.0,0.0,0.0,0.0,0.0,0.0,0.0,0.0,0.0,0.0,0.0,0.0,0.0,0.0,0.0,0.0,355.0,2105.0,2105.0,2105.0,2265.0,2275.0,2280.0,355.0,0.0,35.0,34.0,0.0,12.0,13.0,9.0,0.0,4.0,3,22,10,6,4,10,10,6,4,38,15,17,9,11,9,10,6,11,740,False,False
12110,전남광주통합특별시,목포시,2.0,0.0,0.0,82.0,74.0,66.0,54.0,43.0,0.0,2.0,38.0,34.0,560.0,565.0,565.0,575.0,500.0,38.0,4.0,0.0,0.0,0.0,0.0,0.0,0.0,0.0,0.0,254.6574,4.0,47.0,39.0,3.0,5.0,55.0,26.0,22.0,7.0,1.0,1.0,1.0,1.0,0.0,0.0,50.0,44.0,38.0,29.0,23.0,0.0,21.0,19.0,560.0,565.0,565.0,575.0,500.0,21.0,0.0,0.0,0.0,0.0,0.0,0.0,0.0,0.0,155.0,26.0,20.0,2.0,5.0,20.0,10.0,10.0,4.0,1,10,10,4,4,6,6,0,0,18,18,7,7,2,2,9,9,12,110,False,False
12130,전남광주통합특별시,여수시,5.0,0.0,0.0,166.0,166.0,166.0,166.0,166.0,0.0,5.0,166.0,166.0,0.0,0.0,0.0,0.0,0.0,166.0,10.0,0.0,0.0,0.0,0.0,0.0,0.0,0.0,0.0,2526.1558999999997,6.0,126.0,110.0,11.0,5.0,83.0,72.0,5.0,6.0,1.0,1.0,1.0,1.0,0.0,0.0,166.0,166.0,166.0,166.0,166.0,0.0,166.0,166.0,0.0,0.0,0.0,0.0,0.0,166.0,0.0,0.0,0.0,0.0,0.0,0.0,0.0,0.0,669.0,29.0,29.0,6.0,3.0,20.0,20.0,2.0,3.0,1,15,15,12,12,3,3,0,0,18,18,8,8,5,5,5,5,12,130,False,False
12150,전남광주통합특별시,순천시,0.0,0.0,0.0,0.0,0.0,0.0,0.0,0.0,0.0,0.0,0.0,0.0,0.0,0.0,0.0,0.0,0.0,0.0,8.0,0.0,0.0,0.0,0.0,0.0,0.0,0.0,0.0,758.0,8.0,117.0,97.0,7.0,13.0,84.0,55.0,16.0,13.0,1.0,1.0,1.0,1.0,0.0,0.0,0.0,0.0,0.0,0.0,0.0,0.0,0.0,0.0,0.0,0.0,0.0,0.0,0.0,0.0,0.0,0.0,0.0,0.0,0.0,0.0,0.0,0.0,495.0,26.0,20.0,4.0,6.0,18.0,15.0,6.0,5.0,2,25,15,17,12,7,4,1,1,36,18,19,11,15,10,2,5,12,150,False,False
12170,전남광주통합특별시,나주시,4.0,0.0,0.0,184.0,232.0,227.0,220.0,379.0,0.0,4.0,374.0,364.0,435.0,435.0,435.0,435.0,3220.0,374.0,5.0,0.0,0.0,0.0,0.0,0.0,0.0,0.0,0.0,480.43870000000004,5.0,103.0,80.0,7.0,16.0,56.0,36.0,19.0,1.0,1.0,1.0,1.0,1.0,0.0,0.0,109.0,100.0,100.0,99.0,166.0,0.0,166.0,166.0,335.0,335.0,335.0,335.0,2785.0,166.0,0.0,0.0,0.0,0.0,0.0,0.0,0.0,0.0,320.2311,31.0,28.0,5.0,13.0,20.0,11.0,10.0,1.0,2,20,10,5,5,14,10,1,1,36,18,11,11,26,16,-1,2,12,170,False,False
12190,전남광주통합특별시,광양시,1.0,0.0,0.0,0.0,0.0,0.0,0.0,0.0,0.0,1.0,0.0,0.0,0.0,0.0,0.0,0.0,0.0,0.0,6.0,0.0,0.0,0.0,0.0,0.0,355.0,430.0,0.0,548.7221,5.0,71.0,58.0,4.0,9.0,51.0,32.0,11.0,8.0,1.0,1.0,1.0,1.0,0.0,0.0,0.0,0.0,0.0,0.0,0.0,0.0,0.0,0.0,0.0,0.0,0.0,0.0,0.0,0.0,0.0,0.0,0.0,0.0,0.0,355.0,430.0,0.0,495.0,27.0,18.0,3.0,9.0,18.0,8.0,6.0,4.0,1,15,15,12,12,3,3,0,0,18,18,8,8,5,5,5,5,12,190,False,False
12210,전남광주통합특별시,동구,3.0,0.0,0.0,106.0,105.0,112.0,109.0,106.0,0.0,3.0,103.0,100.0,120.0,120.0,120.0,120.0,305.0,103.0,5.0,0.0,0.0,0.0,0.0,0.0,0.0,0.0,0.0,46.0,5.0,66.0,57.0,0.0,9.0,69.0,40.0,21.0,8.0,1.0,1.0,1.0,1.0,0.0,0.0,106.0,105.0,104.0,103.0,102.0,0.0,101.0,100.0,120.0,120.0,120.0,120.0,185.0,101.0,0.0,0.0,0.0,0.0,0.0,0.0,0.0,0.0,46.0,26.0,26.0,0.0,5.0,20.0,11.0,10.0,6.0,1,11,11,7,7,4,4,0,0,18,18,11,11,0,0,7,7,12,210,False,False
12240,전남광주통합특별시,서구,4.0,0.0,0.0,0.0,8.0,5.0,3.0,1.0,0.0,4.0,0.0,0.0,0.0,0.0,0.0,0.0,230.0,0.0,6.0,0.0,0.0,0.0,0.0,0.0,0.0,0.0,0.0,73.5466,7.0,123.0,91.0,0.0,32.0,78.0,45.0,14.0,19.0,1.0,1.0,1.0,1.0,0.0,0.0,0.0,8.0,5.0,3.0,1.0,0.0,0.0,0.0,0.0,0.0,0.0,0.0,185.0,0.0,0.0,0.0,0.0,0.0,0.0,0.0,0.0,0.0,73.5466,26.0,26.0,0.0,12.0,20.0,11.0,10.0,6.0,2,21,11,12,7,8,4,1,1,36,18,22,11,10,10,4,7,12,240,False,False
12270,전남광주통합특별시,남구,5.0,0.0,0.0,225.0,200.0,196.0,192.0,188.0,0.0,5.0,184.0,179.0,320.0,320.0,320.0,320.0,505.0,184.0,6.0,0.0,0.0,0.0,0.0,0.0,0.0,0.0,0.0,171.54579999999999,6.0,112.0,85.0,5.0,22.0,60.0,32.0,22.0,6.0,1.0,1.0,1.0,1.0,0.0,0.0,106.0,105.0,104.0,103.0,102.0,0.0,101.0,100.0,120.0,120.0,120.0,120.0,185.0,101.0,0.0,0.0,0.0,0.0,0.0,0.0,0.0,0.0,97.9992,26.0,26.0,5.0,12.0,20.0,10.0,10.0,4.0,2,21,11,12,7,8,4,1,1,36,18,22,11,10,10,4,7,12,270,False,False
12300,전남광주통합특별시,북구,7.0,0.0,0.0,70.0,142.0,145.0,139.0,191.0,0.0,7.0,72.0,54.0,70.0,160.0,165.0,160.0,395.0,72.0,9.0,0.0,0.0,0.0,0.0,0.0,0.0,0.0,0.0,46.0,9.0,170.0,138.0,1.0,31.0,107.0,68.0,20.0,19.0,1.0,1.0,1.0,1.0,0.0,0.0,60.0,74.0,72.0,70.0,69.0,0.0,60.0,46.0,60.0,100.0,105.0,100.0,185.0,60.0,0.0,0.0,0.0,0.0,0.0,0.0,0.0,0.0,46.0,28.0,26.0,1.0,10.0,20.0,11.0,10.0,6.0,3,31,11,12,7,18,10,1,1,54,18,22,11,26,16,6,7,12,300,False,False
12330,전남광주통합특별시,광산구,7.0,0.0,0.0,284.0,273.0,258.0,229.0,201.0,0.0,7.0,201.0,180.0,1045.0,860.0,1025.0,1310.0,1645.0,201.0,9.0,0.0,0.0,0.0,0.0,0.0,0.0,0.0,0.0,150.1378,10.0,208.0,170.0,6.0,32.0,112.0,72.0,23.0,17.0,1.0,1.0,1.0,1.0,0.0,0.0,88.0,85.0,84.0,83.0,82.0,0.0,81.0,80.0,415.0,400.0,400.0,425.0,415.0,81.0,0.0,0.0,0.0,0.0,0.0,0.0,0.0,0.0,150.1378,29.0,29.0,3.0,13.0,20.0,11.0,10.0,6.0,2,21,11,7,7,14,10,0,0,36,18,11,11,16,16,9,7,12,330,False,False
12710,전남광주통합특별시,담양군,2.0,0.0,0.0,10.0,74.0,80.0,76.0,73.0,0.0,2.0,2.0,0.0,10.0,100.0,105.0,100.0,105.0,2.0,3.0,0.0,0.0,0.0,0.0,0.0,0.0,0.0,0.0,46.0,3.0,44.0,37.0,0.0,7.0,45.0,27.0,6.0,12.0,1.0,1.0,1.0,1.0,0.0,0.0,10.0,74.0,72.0,70.0,69.0,0.0,2.0,0.0,10.0,100.0,105.0,100.0,105.0,2.0,0.0,0.0,0.0,0.0,0.0,0.0,0.0,0.0,46.0,26.0,22.0,0.0,4.0,18.0,11.0,4.0,6.0,2,21,11,7,7,14,10,0,0,36,18,11,11,16,16,9,7,12,710,False,False
12720,전남광주통합특별시,곡성군,2.0,0.0,0.0,120.0,135.0,222.0,120.0,221.0,0.0,2.0,120.0,119.0,610.0,705.0,830.0,550.0,1000.0,120.0,5.0,0.0,0.0,0.0,0.0,0.0,0.0,0.0,0.0,162.0,5.0,55.0,33.0,1.0,21.0,67.0,41.0,16.0,10.0,1.0,1.0,1.0,1.0,0.0,0.0,120.0,120.0,120.0,120.0,120.0,0.0,120.0,119.0,610.0,690.0,715.0,550.0,565.0,120.0,0.0,0.0,0.0,0.0,0.0,0.0,0.0,0.0,162.0,25.0,14.0,1.0,10.0,20.0,11.0,10.0,6.0,1,11,11,7,7,4,4,0,0,18,18,11,11,0,0,7,7,12,720,False,False
12730,전남광주통합특별시,구례군,0.0,0.0,0.0,0.0,0.0,0.0,0.0,0.0,0.0,0.0,0.0,0.0,0.0,0.0,0.0,0.0,0.0,0.0,2.0,0.0,0.0,0.0,0.0,0.0,0.0,0.0,0.0,0.0,2.0,13.0,10.0,0.0,3.0,26.0,13.0,2.0,11.0,1.0,1.0,1.0,1.0,0.0,0.0,0.0,0.0,0.0,0.0,0.0,0.0,0.0,0.0,0.0,0.0,0.0,0.0,0.0,0.0,0.0,0.0,0.0,0.0,0.0,0.0,0.0,0.0,0.0,13.0,10.0,0.0,3.0,18.0,11.0,1.0,6.0,1,11,11,7,7,4,4,0,0,18,18,11,11,0,0,7,7,12,730,False,False
12740,전남광주통합특별시,고흥군,2.0,0.0,0.0,332.0,332.0,332.0,332.0,332.0,0.0,2.0,332.0,332.0,0.0,0.0,0.0,0.0,0.0,332.0,6.0,0.0,0.0,0.0,0.0,0.0,0.0,0.0,0.0,1355.643,4.0,76.0,52.0,4.0,20.0,40.0,24.0,12.0,4.0,1.0,1.0,1.0,1.0,0.0,0.0,166.0,166.0,166.0,166.0,166.0,0.0,166.0,166.0,0.0,0.0,0.0,0.0,0.0,166.0,0.0,0.0,0.0,0.0,0.0,0.0,0.0,0.0,495.0,26.0,21.0,3.0,9.0,18.0,8.0,6.0,4.0,1,15,15,12,12,3,3,0,0,18,18,8,8,5,5,5,5,12,740,False,False
12750,전남광주통합특별시,보성군,2.0,0.0,0.0,288.0,287.0,286.0,285.0,285.0,0.0,2.0,284.0,283.0,435.0,430.0,435.0,435.0,910.0,284.0,4.0,0.0,0.0,0.0,0.0,0.0,0.0,0.0,0.0,754.1389,3.0,60.0,37.0,7.0,16.0,34.0,17.0,13.0,4.0,1.0,1.0,1.0,1.0,0.0,0.0,166.0,166.0,166.0,166.0,166.0,0.0,166.0,166.0,435.0,430.0,435.0,435.0,910.0,166.0,0.0,0.0,0.0,0.0,0.0,0.0,0.0,0.0,495.0,26.0,14.0,3.0,10.0,18.0,8.0,6.0,4.0,3,35,15,21,12,13,6,1,1,54,18,26,11,17,10,11,9,12,750,False,False
12760,전남광주통합특별시,화순군,1.0,0.0,0.0,84.0,82.0,81.0,79.0,78.0,0.0,1.0,77.0,75.0,100.0,100.0,100.0,100.0,100.0,77.0,2.0,0.0,0.0,0.0,0.0,0.0,0.0,0.0,0.0,2.997,2.0,26.0,20.0,0.0,6.0,32.0,16.0,15.0,1.0,1.0,1.0,1.0,1.0,0.0,0.0,84.0,82.0,81.0,79.0,78.0,0.0,77.0,75.0,100.0,100.0,100.0,100.0,100.0,77.0,0.0,0.0,0.0,0.0,0.0,0.0,0.0,0.0,2.997,26.0,20.0,0.0,6.0,20.0,10.0,10.0,1.0,2,21,11,12,7,8,4,1,1,36,18,22,11,10,10,4,7,12,760,False,False
12770,전남광주통합특별시,장흥군,1.0,0.0,0.0,122.0,121.0,120.0,119.0,119.0,0.0,1.0,118.0,117.0,435.0,430.0,435.0,435.0,910.0,118.0,2.0,0.0,0.0,0.0,0.0,0.0,0.0,0.0,0.0,282.4957,3.0,52.0,30.0,3.0,19.0,38.0,16.0,16.0,6.0,1.0,1.0,1.0,1.0,0.0,0.0,122.0,121.0,120.0,119.0,119.0,0.0,118.0,117.0,435.0,430.0,435.0,435.0,910.0,118.0,0.0,0.0,0.0,0.0,0.0,0.0,0.0,0.0,155.0,26.0,17.0,3.0,10.0,18.0,7.0,7.0,4.0,2,20,10,9,5,10,6,1,1,36,18,18,11,12,10,6,9,12,770,False,False
12780,전남광주통합특별시,강진군,0.0,0.0,0.0,0.0,0.0,0.0,0.0,0.0,0.0,0.0,0.0,0.0,0.0,0.0,0.0,0.0,0.0,0.0,1.0,0.0,0.0,0.0,0.0,0.0,0.0,0.0,0.0,155.0,2.0,27.0,20.0,0.0,7.0,30.0,16.0,10.0,4.0,1.0,1.0,1.0,1.0,0.0,0.0,0.0,0.0,0.0,0.0,0.0,0.0,0.0,0.0,0.0,0.0,0.0,0.0,0.0,0.0,0.0,0.0,0.0,0.0,0.0,0.0,0.0,0.0,155.0,27.0,20.0,0.0,7.0,18.0,9.0,7.0,4.0,1,10,10,4,4,6,6,0,0,18,18,7,7,2,2,9,9,12,780,False,False
12790,전남광주통합특별시,해남군,3.0,0.0,0.0,241.0,221.0,203.0,183.0,164.0,0.0,3.0,145.0,140.0,0.0,0.0,0.0,0.0,0.0,145.0,4.0,0.0,0.0,0.0,0.0,0.0,0.0,0.0,0.0,1402.7588999999998,4.0,64.0,49.0,1.0,14.0,55.0,30.0,21.0,4.0,1.0,1.0,1.0,1.0,0.0,0.0,92.0,91.0,89.0,88.0,87.0,0.0,86.0,85.0,0.0,0.0,0.0,0.0,0.0,86.0,0.0,0.0,0.0,0.0,0.0,0.0,0.0,0.0,573.7461,26.0,19.0,1.0,6.0,18.0,10.0,7.0,4.0,1,10,10,4,4,6,6,0,0,18,18,7,7,2,2,9,9,12,790,False,False
12800,전남광주통합특별시,영암군,5.0,0.0,0.0,569.0,565.0,535.0,529.0,526.0,0.0,5.0,521.0,518.0,915.0,915.0,870.0,1085.0,1665.0,521.0,7.0,0.0,0.0,0.0,0.0,0.0,0.0,0.0,0.0,655.5237999999999,5.0,80.0,60.0,8.0,12.0,58.0,33.0,17.0,8.0,1.0,1.0,1.0,1.0,0.0,0.0,166.0,166.0,166.0,166.0,166.0,0.0,166.0,166.0,500.0,500.0,500.0,585.0,1165.0,166.0,0.0,0.0,0.0,0.0,0.0,0.0,0.0,0.0,298.1559,28.0,28.0,8.0,8.0,18.0,10.0,7.0,4.0,2,20,10,9,5,10,6,1,1,36,18,18,11,12,10,6,9,12,800,False,False
12810,전남광주통합특별시,무안군,4.0,0.0,0.0,226.0,278.0,270.0,259.0,249.0,0.0,4.0,240.0,227.0,1060.0,1065.0,1065.0,1075.0,1000.0,240.0,6.0,0.0,0.0,0.0,0.0,0.0,0.0,0.0,0.0,1286.5498,5.0,84.0,71.0,1.0,12.0,54.0,30.0,21.0,3.0,1.0,1.0,1.0,1.0,0.0,0.0,106.0,104.0,103.0,101.0,99.0,0.0,97.0,94.0,560.0,565.0,565.0,575.0,500.0,97.0,0.0,0.0,0.0,0.0,0.0,0.0,0.0,0.0,468.8247,26.0,24.0,1.0,5.0,20.0,10.0,10.0,3.0,2,20,10,4,4,16,10,0,0,36,18,7,7,18,16,11,9,12,810,False,False
12820,전남광주통합특별시,함평군,2.0,0.0,0.0,71.0,117.0,103.0,75.0,46.0,0.0,2.0,46.0,34.0,290.0,400.0,400.0,400.0,400.0,46.0,3.0,0.0,0.0,0.0,0.0,0.0,0.0,0.0,0.0,470.36890000000005,3.0,51.0,36.0,0.0,15.0,36.0,20.0,16.0,0.0,1.0,1.0,1.0,1.0,0.0,0.0,71.0,59.0,54.0,50.0,45.0,0.0,41.0,34.0,290.0,400.0,400.0,400.0,400.0,41.0,0.0,0.0,0.0,0.0,0.0,0.0,0.0,0.0,320.2311,26.0,24.0,0.0,13.0,20.0,10.0,10.0,0.0,1,10,10,0,0,10,10,0,0,18,18,0,0,16,16,2,2,12,820,False,False
12830,전남광주통합특별시,영광군,4.0,0.0,0.0,129.0,304.0,588.0,515.0,581.0,0.0,4.0,387.0,387.0,0.0,0.0,575.0,685.0,690.0,387.0,5.0,0.0,0.0,0.0,0.0,0.0,0.0,0.0,0.0,597.8645,3.0,34.0,28.0,2.0,4.0,32.0,23.0,3.0,6.0,1.0,1.0,1.0,1.0,0.0,0.0,129.0,166.0,221.0,221.0,221.0,0.0,221.0,221.0,0.0,0.0,575.0,685.0,690.0,221.0,0.0,0.0,0.0,0.0,0.0,0.0,0.0,0.0,252.764,26.0,21.0,1.0,4.0,18.0,11.0,2.0,6.0,1,10,10,0,0,10,10,0,0,18,18,0,0,16,16,2,2,12,830,False,False
12840,전남광주통합특별시,장성군,3.0,0.0,0.0,131.0,119.0,109.0,85.0,106.0,0.0,3.0,65.0,46.0,350.0,460.0,460.0,460.0,460.0,65.0,5.0,0.0,0.0,0.0,0.0,0.0,0.0,0.0,0.0,150.1378,3.0,44.0,26.0,0.0,18.0,34.0,21.0,7.0,6.0,1.0,1.0,1.0,1.0,0.0,0.0,71.0,60.0,60.0,60.0,60.0,0.0,60.0,46.0,290.0,400.0,400.0,400.0,400.0,60.0,0.0,0.0,0.0,0.0,0.0,0.0,0.0,0.0,150.1378,25.0,14.0,0.0,13.0,18.0,11.0,4.0,6.0,2,21,11,7,7,14,10,0,0,36,18,11,11,16,16,9,7,12,840,False,False
12850,전남광주통합특별시,완도군,1.0,0.0,0.0,47.0,44.0,42.0,39.0,37.0,0.0,1.0,34.0,32.0,0.0,0.0,0.0,0.0,0.0,34.0,3.0,0.0,0.0,0.0,0.0,0.0,0.0,0.0,0.0,1268.51,3.0,45.0,40.0,0.0,5.0,34.0,15.0,15.0,4.0,1.0,1.0,1.0,1.0,0.0,0.0,47.0,44.0,42.0,39.0,37.0,0.0,34.0,32.0,0.0,0.0,0.0,0.0,0.0,34.0,0.0,0.0,0.0,0.0,0.0,0.0,0.0,0.0,748.5,26.0,21.0,0.0,5.0,18.0,7.0,7.0,4.0,1,10,10,4,4,6,6,0,0,18,18,7,7,2,2,9,9,12,850,False,False
12860,전남광주통합특별시,진도군,1.0,0.0,0.0,31.0,28.0,25.0,21.0,16.0,0.0,1.0,15.0,14.0,0.0,0.0,0.0,0.0,0.0,15.0,2.0,0.0,0.0,0.0,0.0,0.0,0.0,0.0,0.0,1264.9179,2.0,21.0,13.0,3.0,5.0,27.0,13.0,10.0,4.0,1.0,1.0,1.0,1.0,0.0,0.0,31.0,28.0,25.0,21.0,16.0,0.0,15.0,14.0,0.0,0.0,0.0,0.0,0.0,15.0,0.0,0.0,0.0,0.0,0.0,0.0,0.0,0.0,1109.9179,21.0,13.0,3.0,5.0,18.0,7.0,7.0,4.0,1,10,10,4,4,6,6,0,0,18,18,7,7,2,2,9,9,12,860,False,False
12870,전남광주통합특별시,신안군,4.0,0.0,0.0,461.0,452.0,445.0,433.0,422.0,0.0,4.0,416.0,411.0,415.0,895.0,920.0,1105.0,1075.0,416.0,8.0,0.0,0.0,0.0,0.0,0.0,0.0,0.0,0.0,1499.8042,5.0,60.0,49.0,2.0,9.0,67.0,36.0,27.0,4.0,1.0,1.0,1.0,1.0,0.0,0.0,166.0,166.0,166.0,166.0,166.0,0.0,166.0,166.0,415.0,895.0,920.0,1105.0,1075.0,166.0,0.0,0.0,0.0,0.0,0.0,0.0,0.0,0.0,468.8247,21.0,19.0,2.0,6.0,20.0,10.0,10.0,4.0,1,10,10,4,4,6,6,0,0,18,18,7,7,2,2,9,9,12,870,False,False
26110,부산광역시,중구,0.0,0.0,0.0,0.0,0.0,0.0,0.0,0.0,0.0,0.0,0.0,0.0,0.0,0.0,0.0,0.0,0.0,0.0,1.0,0.0,0.0,0.0,0.0,540.0,550.0,560.0,0.0,0.0,1.0,20.0,17.0,1.0,2.0,22.0,15.0,5.0,2.0,0.0,0.0,1.0,1.0,0.0,0.0,0.0,0.0,0.0,0.0,0.0,0.0,0.0,0.0,0.0,0.0,0.0,0.0,0.0,0.0,0.0,0.0,0.0,0.0,540.0,550.0,560.0,0.0,0.0,20.0,17.0,1.0,2.0,22.0,15.0,5.0,2.0,1,7,7,7,7,0,0,0,0,22,22,14,14,3,3,5,5,26,110,False,False
26140,부산광역시,서구,0.0,0.0,0.0,0.0,0.0,0.0,0.0,0.0,0.0,0.0,0.0,0.0,0.0,0.0,0.0,0.0,0.0,0.0,3.0,0.0,0.0,0.0,0.0,1140.0,1160.0,1175.0,0.0,0.0,3.0,58.0,49.0,3.0,6.0,35.0,26.0,7.0,2.0,0.0,0.0,1.0,1.0,0.0,0.0,0.0,0.0,0.0,0.0,0.0,0.0,0.0,0.0,0.0,0.0,0.0,0.0,0.0,0.0,0.0,0.0,0.0,0.0,600.0,610.0,615.0,0.0,0.0,21.0,19.0,2.0,4.0,22.0,15.0,5.0,2.0,1,7,7,7,7,0,0,0,0,22,22,14,14,3,3,5,5,26,140,False,False
26170,부산광역시,동구,0.0,0.0,0.0,0.0,0.0,0.0,0.0,0.0,0.0,0.0,0.0,0.0,0.0,0.0,0.0,0.0,0.0,0.0,6.0,355.0,365.0,365.0,750.0,1930.0,1960.0,1985.0,355.0,0.0,5.0,97.0,75.0,8.0,14.0,49.0,36.0,8.0,5.0,0.0,0.0,1.0,1.0,0.0,0.0,0.0,0.0,0.0,0.0,0.0,0.0,0.0,0.0,0.0,0.0,0.0,0.0,0.0,0.0,355.0,365.0,365.0,375.0,600.0,610.0,615.0,355.0,0.0,21.0,19.0,3.0,8.0,22.0,15.0,5.0,3.0,2,10,7,9,7,0,0,1,1,32,22,21,14,3,3,8,5,26,170,False,False
26200,부산광역시,영도구,0.0,0.0,0.0,0.0,0.0,0.0,0.0,0.0,0.0,0.0,0.0,0.0,0.0,0.0,0.0,0.0,0.0,0.0,2.0,0.0,0.0,0.0,0.0,1330.0,1340.0,1350.0,0.0,0.0,2.0,38.0,33.0,1.0,4.0,28.0,18.0,7.0,3.0,0.0,0.0,1.0,1.0,0.0,0.0,0.0,0.0,0.0,0.0,0.0,0.0,0.0,0.0,0.0,0.0,0.0,0.0,0.0,0.0,0.0,0.0,0.0,0.0,790.0,790.0,790.0,0.0,0.0,20.0,17.0,1.0,2.0,22.0,15.0,5.0,2.0,1,7,7,7,7,0,0,0,0,22,22,14,14,3,3,5,5,26,200,False,False
26230,부산광역시,부산진구,0.0,0.0,0.0,0.0,0.0,0.0,0.0,0.0,0.0,0.0,0.0,0.0,0.0,0.0,0.0,0.0,0.0,0.0,7.0,2495.0,2565.0,2575.0,2610.0,3635.0,3640.0,3645.0,2495.0,0.0,6.0,106.0,87.0,5.0,14.0,51.0,38.0,3.0,10.0,0.0,0.0,1.0,1.0,0.0,0.0,0.0,0.0,0.0,0.0,0.0,0.0,0.0,0.0,0.0,0.0,0.0,0.0,0.0,0.0,815.0,815.0,815.0,825.0,830.0,830.0,830.0,815.0,0.0,26.0,23.0,3.0,8.0,12.0,8.0,1.0,5.0,2,10,7,9,7,0,0,1,1,32,22,21,14,3,3,8,5,26,230,False,False
26260,부산광역시,동래구,0.0,0.0,0.0,0.0,0.0,0.0,0.0,0.0,0.0,0.0,0.0,0.0,0.0,0.0,0.0,0.0,0.0,0.0,5.0,5075.0,5145.0,5165.0,5850.0,5855.0,5855.0,5855.0,5075.0,19.8,5.0,98.0,81.0,7.0,10.0,46.0,32.0,1.0,13.0,0.0,0.0,1.0,1.0,0.0,0.0,0.0,0.0,0.0,0.0,0.0,0.0,0.0,0.0,0.0,0.0,0.0,0.0,0.0,0.0,1615.0,1615.0,1615.0,1790.0,1790.0,1790.0,1790.0,1615.0,19.8,26.0,22.0,4.0,4.0,12.0,10.0,1.0,8.0,2,23,15,20,13,0,0,3,2,27,17,17,9,2,2,8,6,26,260,False,False
26290,부산광역시,남구,0.0,0.0,0.0,0.0,0.0,0.0,0.0,0.0,0.0,0.0,0.0,0.0,0.0,0.0,0.0,0.0,0.0,0.0,4.0,2145.0,2185.0,2190.0,2205.0,2245.0,2255.0,2260.0,2145.0,0.0,4.0,65.0,47.0,4.0,14.0,36.0,24.0,2.0,10.0,0.0,0.0,1.0,1.0,0.0,0.0,0.0,0.0,0.0,0.0,0.0,0.0,0.0,0.0,0.0,0.0,0.0,0.0,0.0,0.0,770.0,770.0,770.0,770.0,770.0,775.0,775.0,770.0,0.0,24.0,19.0,3.0,8.0,12.0,8.0,1.0,5.0,1,3,3,2,2,0,0,1,1,10,10,7,7,0,0,3,3,26,290,False,False
26320,부산광역시,북구,0.0,0.0,0.0,0.0,0.0,0.0,0.0,0.0,0.0,0.0,0.0,0.0,0.0,0.0,0.0,0.0,0.0,0.0,4.0,2855.0,3610.0,3645.0,4340.0,4345.0,4345.0,4360.0,2855.0,0.0,4.0,73.0,61.0,1.0,11.0,41.0,29.0,4.0,8.0,0.0,0.0,1.0,1.0,0.0,0.0,0.0,0.0,0.0,0.0,0.0,0.0,0.0,0.0,0.0,0.0,0.0,0.0,0.0,0.0,1155.0,1155.0,1155.0,1490.0,1490.0,1490.0,1490.0,1155.0,0.0,19.0,18.0,1.0,6.0,17.0,9.0,2.0,6.0,1,15,15,13,13,0,0,2,2,17,17,9,9,2,2,6,6,26,320,False,False
26350,부산광역시,해운대구,0.0,0.0,0.0,0.0,0.0,0.0,0.0,0.0,0.0,0.0,0.0,0.0,0.0,0.0,0.0,0.0,0.0,0.0,9.0,5595.0,6055.0,6230.0,9120.0,9130.0,9135.0,9155.0,5595.0,19.8,8.0,163.0,126.0,12.0,25.0,72.0,41.0,6.0,25.0,0.0,0.0,1.0,1.0,0.0,0.0,0.0,0.0,0.0,0.0,0.0,0.0,0.0,0.0,0.0,0.0,0.0,0.0,0.0,0.0,1615.0,1615.0,1615.0,1790.0,1790.0,1790.0,1790.0,1615.0,19.8,26.0,22.0,4.0,10.0,12.0,10.0,4.0,9.0,2,11,8,9,7,0,0,2,1,20,10,15,8,0,0,5,3,26,350,False,False
26380,부산광역시,사하구,0.0,0.0,0.0,0.0,0.0,0.0,0.0,0.0,0.0,0.0,0.0,0.0,0.0,0.0,0.0,0.0,0.0,0.0,5.0,0.0,0.0,0.0,0.0,3365.0,3385.0,3400.0,0.0,306.0,5.0,101.0,84.0,7.0,10.0,55.0,34.0,14.0,7.0,0.0,0.0,1.0,1.0,0.0,0.0,0.0,0.0,0.0,0.0,0.0,0.0,0.0,0.0,0.0,0.0,0.0,0.0,0.0,0.0,0.0,0.0,0.0,0.0,810.0,810.0,810.0,0.0,306.0,24.0,24.0,3.0,4.0,22.0,15.0,5.0,3.0,1,7,7,7,7,0,0,0,0,22,22,14,14,3,3,5,5,26,380,False,False
26410,부산광역시,금정구,0.0,0.0,0.0,0.0,0.0,0.0,0.0,0.0,0.0,0.0,0.0,0.0,0.0,0.0,0.0,0.0,0.0,0.0,5.0,4540.0,4680.0,4735.0,5440.0,5440.0,5440.0,5440.0,4540.0,19.8,5.0,99.0,72.0,11.0,16.0,45.0,34.0,2.0,9.0,0.0,0.0,1.0,1.0,0.0,0.0,0.0,0.0,0.0,0.0,0.0,0.0,0.0,0.0,0.0,0.0,0.0,0.0,0.0,0.0,1615.0,1615.0,1615.0,1790.0,1790.0,1790.0,1790.0,1615.0,19.8,26.0,22.0,4.0,5.0,12.0,10.0,2.0,3.0,1,8,8,7,7,0,0,1,1,10,10,8,8,0,0,2,2,26,410,False,False
26440,부산광역시,강서구,0.0,0.0,0.0,0.0,0.0,0.0,0.0,0.0,0.0,0.0,0.0,0.0,0.0,0.0,0.0,0.0,0.0,0.0,13.0,7125.0,8720.0,8905.0,8930.0,10890.0,11325.0,12570.0,7125.0,120.7,10.0,192.0,124.0,30.0,38.0,91.0,58.0,22.0,11.0,0.0,0.0,1.0,1.0,0.0,0.0,0.0,0.0,0.0,0.0,0.0,0.0,0.0,0.0,0.0,0.0,0.0,0.0,0.0,0.0,1250.0,1405.0,1430.0,1430.0,1670.0,1780.0,1855.0,1250.0,59.4,31.0,26.0,6.0,8.0,12.0,10.0,5.0,3.0,3,28,15,23,13,0,0,5,2,41,17,31,12,2,2,8,6,26,440,False,False
26470,부산광역시,연제구,0.0,0.0,0.0,0.0,0.0,0.0,0.0,0.0,0.0,0.0,0.0,0.0,0.0,0.0,0.0,0.0,0.0,0.0,3.0,2390.0,2420.0,2425.0,2445.0,2470.0,2470.0,2470.0,2390.0,0.0,3.0,38.0,31.0,2.0,5.0,32.0,19.0,0.0,13.0,0.0,0.0,1.0,1.0,0.0,0.0,0.0,0.0,0.0,0.0,0.0,0.0,0.0,0.0,0.0,0.0,0.0,0.0,0.0,0.0,960.0,960.0,960.0,965.0,965.0,965.0,965.0,960.0,0.0,19.0,18.0,2.0,4.0,12.0,8.0,0.0,8.0,2,11,8,9,7,0,0,2,1,20,10,15,8,0,0,5,3,26,470,False,False
26500,부산광역시,수영구,0.0,0.0,0.0,0.0,0.0,0.0,0.0,0.0,0.0,0.0,0.0,0.0,0.0,0.0,0.0,0.0,0.0,0.0,3.0,1950.0,2220.0,2300.0,2960.0,2960.0,2965.0,2965.0,1950.0,0.0,3.0,58.0,45.0,5.0,8.0,27.0,23.0,1.0,3.0,0.0,0.0,1.0,1.0,0.0,0.0,0.0,0.0,0.0,0.0,0.0,0.0,0.0,0.0,0.0,0.0,0.0,0.0,0.0,0.0,1040.0,1110.0,1130.0,1790.0,1790.0,1790.0,1790.0,1040.0,0.0,24.0,19.0,4.0,6.0,12.0,10.0,1.0,2.0,2,11,8,9,7,0,0,2,1,20,10,15,8,0,0,5,3,26,500,False,False
26530,부산광역시,사상구,0.0,0.0,0.0,0.0,0.0,0.0,0.0,0.0,0.0,0.0,0.0,0.0,0.0,0.0,0.0,0.0,0.0,0.0,6.0,1390.0,1390.0,1425.0,1515.0,3955.0,3980.0,4000.0,1390.0,0.0,6.0,115.0,97.0,13.0,5.0,57.0,34.0,6.0,17.0,0.0,0.0,1.0,1.0,0.0,0.0,0.0,0.0,0.0,0.0,0.0,0.0,0.0,0.0,0.0,0.0,0.0,0.0,0.0,0.0,885.0,885.0,920.0,975.0,975.0,975.0,990.0,885.0,0.0,26.0,21.0,5.0,6.0,17.0,9.0,2.0,6.0,2,22,15,20,13,0,0,2,2,39,22,23,14,5,3,11,6,26,530,False,False
26710,부산광역시,기장군,0.0,0.0,0.0,0.0,0.0,0.0,0.0,0.0,0.0,0.0,0.0,0.0,0.0,0.0,0.0,0.0,0.0,0.0,6.0,3865.0,3940.0,3960.0,4625.0,4635.0,4650.0,4655.0,3865.0,227.8,5.0,76.0,40.0,6.0,30.0,45.0,32.0,3.0,10.0,0.0,0.0,1.0,1.0,0.0,0.0,0.0,0.0,0.0,0.0,0.0,0.0,0.0,0.0,0.0,0.0,0.0,0.0,0.0,0.0,1040.0,1110.0,1130.0,1790.0,1790.0,1790.0,1790.0,1040.0,208.0,20.0,12.0,4.0,10.0,12.0,10.0,3.0,6.0,1,8,8,7,7,0,0,1,1,10,10,8,8,0,0,2,2,26,710,False,False
27110,대구광역시,중구,0.0,0.0,0.0,0.0,0.0,0.0,0.0,0.0,0.0,0.0,0.0,0.0,0.0,0.0,0.0,0.0,0.0,0.0,4.0,2895.0,3825.0,3910.0,3940.0,3950.0,4015.0,4035.0,2895.0,0.0,4.0,62.0,53.0,0.0,9.0,36.0,22.0,2.0,12.0,0.0,0.0,1.0,1.0,0.0,0.0,0.0,0.0,0.0,0.0,0.0,0.0,0.0,0.0,0.0,0.0,0.0,0.0,0.0,0.0,1505.0,2220.0,2305.0,2335.0,2345.0,2380.0,2395.0,1505.0,0.0,22.0,20.0,0.0,5.0,18.0,8.0,2.0,10.0,1,12,12,11,11,1,1,0,0,18,18,8,8,0,0,10,10,27,110,False,False
27140,대구광역시,동구,0.0,0.0,0.0,0.0,0.0,0.0,0.0,0.0,0.0,0.0,0.0,0.0,0.0,0.0,0.0,0.0,0.0,0.0,11.0,9850.0,11105.0,11840.0,11920.0,11970.0,12010.0,12070.0,9850.0,0.0,9.0,172.0,132.0,3.0,37.0,92.0,53.0,4.0,35.0,0.0,0.0,1.0,1.0,0.0,0.0,0.0,0.0,0.0,0.0,0.0,0.0,0.0,0.0,0.0,0.0,0.0,0.0,0.0,0.0,2100.0,2385.0,2385.0,2410.0,2440.0,2440.0,2465.0,2100.0,0.0,33.0,28.0,2.0,14.0,18.0,11.0,4.0,10.0,1,14,14,8,8,2,2,4,4,19,19,19,19,0,0,0,0,27,140,False,False
27170,대구광역시,서구,0.0,0.0,0.0,0.0,0.0,0.0,0.0,0.0,0.0,0.0,0.0,0.0,0.0,0.0,0.0,0.0,0.0,0.0,4.0,3025.0,3885.0,3970.0,4000.0,4010.0,4075.0,4100.0,3025.0,0.0,3.0,43.0,37.0,0.0,6.0,30.0,18.0,0.0,12.0,0.0,0.0,1.0,1.0,0.0,0.0,0.0,0.0,0.0,0.0,0.0,0.0,0.0,0.0,0.0,0.0,0.0,0.0,0.0,0.0,1505.0,2220.0,2305.0,2335.0,2345.0,2380.0,2395.0,1505.0,0.0,22.0,19.0,0.0,4.0,18.0,8.0,0.0,10.0,1,10,10,9,9,1,1,0,0,12,12,10,10,0,0,2,2,27,170,False,False
27200,대구광역시,남구,0.0,0.0,0.0,0.0,0.0,0.0,0.0,0.0,0.0,0.0,0.0,0.0,0.0,0.0,0.0,0.0,0.0,0.0,2.0,1820.0,2535.0,2620.0,2660.0,2670.0,2725.0,2745.0,1820.0,0.0,2.0,24.0,17.0,0.0,7.0,25.0,14.0,1.0,10.0,0.0,0.0,1.0,1.0,0.0,0.0,0.0,0.0,0.0,0.0,0.0,0.0,0.0,0.0,0.0,0.0,0.0,0.0,0.0,0.0,1505.0,2220.0,2305.0,2335.0,2345.0,2380.0,2395.0,1505.0,0.0,24.0,17.0,0.0,7.0,18.0,8.0,1.0,10.0,1,12,12,11,11,1,1,0,0,18,18,8,8,0,0,10,10,27,200,False,False
27230,대구광역시,북구,0.0,0.0,0.0,0.0,0.0,0.0,0.0,0.0,0.0,0.0,0.0,0.0,0.0,0.0,0.0,0.0,0.0,0.0,9.0,7735.0,8735.0,9640.0,9725.0,9775.0,9825.0,9895.0,7735.0,0.0,7.0,135.0,112.0,1.0,22.0,63.0,42.0,2.0,19.0,0.0,0.0,1.0,1.0,0.0,0.0,0.0,0.0,0.0,0.0,0.0,0.0,0.0,0.0,0.0,0.0,0.0,0.0,0.0,0.0,2100.0,2385.0,2385.0,2410.0,2440.0,2440.0,2465.0,2100.0,0.0,33.0,28.0,1.0,5.0,18.0,11.0,2.0,10.0,1,10,10,9,9,1,1,0,0,12,12,10,10,0,0,2,2,27,230,False,False
27260,대구광역시,수성구,0.0,0.0,0.0,0.0,0.0,0.0,0.0,0.0,0.0,0.0,0.0,0.0,0.0,0.0,0.0,0.0,0.0,0.0,9.0,6890.0,8800.0,9500.0,9565.0,9605.0,9720.0,9775.0,6890.0,0.0,9.0,190.0,158.0,4.0,28.0,87.0,55.0,9.0,23.0,0.0,0.0,1.0,1.0,0.0,0.0,0.0,0.0,0.0,0.0,0.0,0.0,0.0,0.0,0.0,0.0,0.0,0.0,0.0,0.0,2100.0,2385.0,2385.0,2410.0,2440.0,2440.0,2465.0,2100.0,0.0,33.0,28.0,2.0,9.0,18.0,11.0,4.0,10.0,1,12,12,11,11,1,1,0,0,18,18,8,8,0,0,10,10,27,260,False,False
27290,대구광역시,달서구,0.0,0.0,0.0,0.0,0.0,0.0,0.0,0.0,0.0,0.0,0.0,0.0,0.0,0.0,0.0,0.0,0.0,0.0,10.0,6675.0,7510.0,8505.0,8550.0,8570.0,8640.0,8690.0,6675.0,19.8,9.0,176.0,151.0,2.0,23.0,96.0,61.0,7.0,28.0,0.0,0.0,1.0,1.0,0.0,0.0,0.0,0.0,0.0,0.0,0.0,0.0,0.0,0.0,0.0,0.0,0.0,0.0,0.0,0.0,1505.0,2220.0,2305.0,2335.0,2345.0,2380.0,2395.0,1505.0,19.8,33.0,31.0,1.0,8.0,18.0,13.0,4.0,10.0,2,26,16,21,12,1,1,4,4,30,18,23,13,2,2,5,3,27,290,False,False
27710,대구광역시,달성군,0.0,0.0,0.0,0.0,0.0,0.0,0.0,0.0,0.0,0.0,0.0,0.0,0.0,0.0,0.0,0.0,0.0,0.0,11.0,8690.0,10110.0,13920.0,14165.0,14270.0,14480.0,14565.0,8690.0,39.6,10.0,206.0,170.0,2.0,34.0,108.0,69.0,13.0,26.0,0.0,0.0,1.0,1.0,0.0,0.0,0.0,0.0,0.0,0.0,0.0,0.0,0.0,0.0,0.0,0.0,0.0,0.0,0.0,0.0,1505.0,2220.0,2305.0,2335.0,2345.0,2380.0,2395.0,1505.0,39.6,33.0,31.0,2.0,9.0,18.0,13.0,5.0,10.0,2,28,16,23,12,1,1,4,4,36,18,21,13,2,2,13,10,27,710,False,False
27720,대구광역시,군위군,0.0,0.0,0.0,0.0,0.0,0.0,0.0,0.0,0.0,0.0,0.0,0.0,0.0,0.0,0.0,0.0,0.0,0.0,3.0,0.0,0.0,0.0,0.0,0.0,490.0,525.0,0.0,0.0,3.0,54.0,31.0,1.0,22.0,43.0,25.0,12.0,6.0,0.0,0.0,1.0,1.0,0.0,0.0,0.0,0.0,0.0,0.0,0.0,0.0,0.0,0.0,0.0,0.0,0.0,0.0,0.0,0.0,0.0,0.0,0.0,0.0,0.0,370.0,370.0,0.0,0.0,31.0,18.0,1.0,12.0,24.0,16.0,4.0,4.0,1,14,14,4,4,2,2,8,8,38,38,18,18,7,7,13,13,27,720,False,False
28125,인천광역시,제물포구,5.0,0.0,0.0,0.0,0.0,0.0,0.0,0.0,0.0,5.0,0.0,101.0,0.0,0.0,0.0,0.0,0.0,0.0,0.0,0.0,0.0,0.0,0.0,0.0,0.0,0.0,0.0,0.0,0.0,0.0,0.0,0.0,0.0,0.0,0.0,0.0,0.0,1.0,1.0,1.0,1.0,0.0,0.0,0.0,0.0,0.0,0.0,0.0,0.0,0.0,70.0,0.0,0.0,0.0,0.0,0.0,0.0,0.0,0.0,0.0,0.0,0.0,0.0,0.0,0.0,0.0,0.0,0.0,0.0,0.0,0.0,0.0,0.0,0.0,2,17,9,10,6,7,4,0,0,18,14,16,12,2,2,0,0,28,125,False,False
28155,인천광역시,영종구,0.0,0.0,0.0,0.0,0.0,0.0,0.0,0.0,0.0,0.0,0.0,0.0,0.0,0.0,0.0,0.0,0.0,0.0,3.0,0.0,600.0,600.0,680.0,680.0,795.0,885.0,0.0,0.0,3.0,46.0,40.0,2.0,4.0,25.0,13.0,7.0,5.0,1.0,1.0,1.0,1.0,0.0,0.0,0.0,0.0,0.0,0.0,0.0,0.0,0.0,0.0,0.0,0.0,0.0,0.0,0.0,0.0,0.0,370.0,370.0,450.0,450.0,480.0,550.0,0.0,0.0,19.0,19.0,2.0,4.0,9.0,8.0,3.0,3.0,2,17,10,15,9,0,0,2,1,29,16,20,12,6,5,3,3,28,155,False,False
28177,인천광역시,미추홀구,6.0,0.0,0.0,0.0,0.0,0.0,0.0,0.0,0.0,6.0,0.0,47.0,0.0,0.0,0.0,0.0,0.0,0.0,6.0,1615.0,1845.0,1845.0,1845.0,1855.0,1860.0,1865.0,1615.0,0.0,6.0,128.0,126.0,4.0,-2.0,53.0,38.0,7.0,8.0,1.0,1.0,1.0,1.0,0.0,0.0,0.0,0.0,0.0,0.0,0.0,0.0,0.0,31.0,0.0,0.0,0.0,0.0,0.0,0.0,695.0,925.0,925.0,925.0,925.0,925.0,925.0,695.0,0.0,27.0,27.0,2.0,0.0,14.0,12.0,2.0,4.0,2,17,9,10,6,7,4,0,0,18,14,16,12,2,2,0,0,28,177,False,False
28185,인천광역시,연수구,10.0,0.0,0.0,0.0,0.0,0.0,0.0,0.0,0.0,10.0,0.0,0.0,0.0,0.0,0.0,0.0,0.0,0.0,12.0,5650.0,6965.0,7185.0,7840.0,7950.0,9655.0,9780.0,5650.0,600.3199999999999,7.0,147.0,149.0,13.0,-15.0,62.0,49.0,11.0,2.0,1.0,1.0,1.0,1.0,0.0,0.0,0.0,0.0,0.0,0.0,0.0,0.0,0.0,0.0,0.0,0.0,0.0,0.0,0.0,0.0,1415.0,1415.0,1430.0,1430.0,1430.0,1845.0,1880.0,1415.0,500.0,30.0,45.0,10.0,0.0,14.0,12.0,4.0,2.0,2,19,10,6,6,13,10,0,0,12,8,4,4,8,8,0,0,28,185,False,False
28200,인천광역시,남동구,11.0,0.0,0.0,0.0,0.0,0.0,0.0,0.0,0.0,11.0,0.0,5.0,0.0,0.0,0.0,0.0,0.0,0.0,12.0,7375.0,7645.0,8525.0,8525.0,8525.0,9520.0,10560.0,7375.0,0.0,11.0,232.0,219.0,4.0,9.0,99.0,70.0,6.0,23.0,1.0,1.0,1.0,1.0,0.0,0.0,0.0,0.0,0.0,0.0,0.0,0.0,0.0,5.0,0.0,0.0,0.0,0.0,0.0,0.0,1415.0,1415.0,1415.0,1415.0,1415.0,1415.0,1640.0,1415.0,0.0,28.0,28.0,4.0,7.0,14.0,12.0,2.0,6.0,3,29,10,14,8,15,10,0,0,23,11,11,7,12,8,0,0,28,200,False,False
28237,인천광역시,부평구,7.0,0.0,0.0,0.0,0.0,0.0,0.0,0.0,0.0,7.0,0.0,5.0,0.0,0.0,25.0,25.0,25.0,0.0,6.0,5140.0,5810.0,5820.0,5820.0,5820.0,5820.0,5825.0,5140.0,0.0,7.0,125.0,123.0,0.0,2.0,72.0,50.0,9.0,13.0,1.0,1.0,1.0,1.0,0.0,0.0,0.0,0.0,0.0,0.0,0.0,0.0,0.0,5.0,0.0,0.0,25.0,25.0,25.0,0.0,2085.0,2085.0,2085.0,2085.0,2085.0,2085.0,2085.0,2085.0,0.0,27.0,25.0,0.0,2.0,18.0,12.0,4.0,6.0,3,30,12,20,8,8,4,2,2,43,18,29,12,8,4,6,6,28,237,False,False
28245,인천광역시,계양구,6.0,0.0,0.0,0.0,0.0,0.0,15.0,15.0,0.0,6.0,15.0,15.0,0.0,0.0,25.0,50.0,50.0,15.0,6.0,2905.0,3395.0,3515.0,3515.0,3515.0,3515.0,3520.0,2905.0,0.0,4.0,97.0,93.0,1.0,3.0,45.0,34.0,3.0,8.0,1.0,1.0,1.0,1.0,0.0,0.0,0.0,0.0,0.0,15.0,15.0,0.0,15.0,15.0,0.0,0.0,25.0,25.0,25.0,15.0,2085.0,2085.0,2085.0,2085.0,2085.0,2085.0,2085.0,2085.0,0.0,32.0,32.0,1.0,2.0,18.0,14.0,2.0,6.0,3,30,12,20,8,8,4,2,2,43,18,29,12,8,4,6,6,28,245,False,False
28275,인천광역시,서해구,9.0,0.0,0.0,0.0,0.0,0.0,0.0,0.0,0.0,9.0,0.0,11.0,0.0,0.0,0.0,0.0,0.0,0.0,4.0,0.0,1350.0,2190.0,3190.0,3215.0,3255.0,3335.0,0.0,0.0,2.0,15.0,15.0,0.0,0.0,27.0,24.0,3.0,0.0,1.0,1.0,1.0,1.0,0.0,0.0,0.0,0.0,0.0,0.0,0.0,0.0,0.0,11.0,0.0,0.0,0.0,0.0,0.0,0.0,0.0,1350.0,1390.0,1430.0,1455.0,1495.0,1575.0,0.0,0.0,15.0,15.0,0.0,0.0,14.0,12.0,2.0,0.0,6,59,12,45,10,10,4,4,2,72,18,49,12,14,5,9,6,28,275,False,False
28290,인천광역시,검단구,5.0,0.0,0.0,0.0,0.0,0.0,0.0,0.0,0.0,5.0,0.0,0.0,0.0,0.0,0.0,0.0,0.0,0.0,1.0,0.0,0.0,0.0,735.0,740.0,750.0,760.0,0.0,0.0,0.0,0.0,0.0,0.0,0.0,0.0,0.0,0.0,0.0,1.0,1.0,1.0,1.0,0.0,0.0,0.0,0.0,0.0,0.0,0.0,0.0,0.0,0.0,0.0,0.0,0.0,0.0,0.0,0.0,0.0,0.0,0.0,735.0,740.0,750.0,760.0,0.0,0.0,0.0,0.0,0.0,0.0,0.0,0.0,0.0,0.0,1,10,10,9,9,0,0,1,1,16,16,8,8,5,5,3,3,28,290,False,False
28710,인천광역시,강화군,2.0,0.0,0.0,0.0,0.0,0.0,0.0,0.0,0.0,2.0,0.0,0.0,0.0,0.0,0.0,0.0,0.0,0.0,3.0,645.0,2015.0,2350.0,2390.0,2420.0,2460.0,2540.0,645.0,0.0,3.0,32.0,24.0,1.0,7.0,27.0,18.0,5.0,4.0,1.0,1.0,1.0,1.0,0.0,0.0,0.0,0.0,0.0,0.0,0.0,0.0,0.0,0.0,0.0,0.0,0.0,0.0,0.0,0.0,375.0,1350.0,1390.0,1430.0,1455.0,1495.0,1575.0,375.0,0.0,20.0,18.0,1.0,5.0,13.0,12.0,2.0,4.0,2,17,10,15,9,0,0,2,1,29,16,20,12,6,5,3,3,28,710,False,False
28720,인천광역시,옹진군,0.0,0.0,0.0,0.0,0.0,0.0,0.0,0.0,0.0,0.0,0.0,0.0,0.0,0.0,0.0,0.0,0.0,0.0,1.0,0.0,1350.0,1390.0,1430.0,1455.0,1495.0,1575.0,0.0,0.0,1.0,0.0,0.0,0.0,0.0,13.0,12.0,1.0,0.0,1.0,1.0,1.0,1.0,0.0,0.0,0.0,0.0,0.0,0.0,0.0,0.0,0.0,0.0,0.0,0.0,0.0,0.0,0.0,0.0,0.0,1350.0,1390.0,1430.0,1455.0,1495.0,1575.0,0.0,0.0,0.0,0.0,0.0,0.0,13.0,12.0,1.0,0.0,0,0,0,0,0,0,0,0,0,0,0,0,0,0,0,0,0,28,720,False,False
30110,대전광역시,동구,5.0,0.0,0.0,0.0,0.0,0.0,0.0,0.0,0.0,5.0,0.0,0.0,0.0,0.0,0.0,0.0,0.0,0.0,6.0,0.0,0.0,0.0,0.0,0.0,1840.0,1855.0,0.0,0.0,6.0,111.0,57.0,6.0,48.0,64.0,50.0,0.0,14.0,1.0,1.0,1.0,1.0,0.0,0.0,0.0,0.0,0.0,0.0,0.0,0.0,0.0,0.0,0.0,0.0,0.0,0.0,0.0,0.0,0.0,0.0,0.0,0.0,0.0,1840.0,1855.0,0.0,0.0,27.0,23.0,6.0,19.0,16.0,16.0,0.0,6.0,0,0,0,0,0,0,0,0,0,0,0,0,0,0,0,0,0,30,110,False,False
30140,대전광역시,중구,2.0,0.0,0.0,0.0,0.0,0.0,0.0,0.0,0.0,2.0,0.0,0.0,0.0,0.0,0.0,0.0,0.0,0.0,3.0,0.0,0.0,0.0,0.0,0.0,1840.0,1855.0,0.0,0.0,3.0,30.0,15.0,6.0,9.0,40.0,29.0,0.0,11.0,1.0,1.0,1.0,1.0,0.0,0.0,0.0,0.0,0.0,0.0,0.0,0.0,0.0,0.0,0.0,0.0,0.0,0.0,0.0,0.0,0.0,0.0,0.0,0.0,0.0,1840.0,1855.0,0.0,0.0,21.0,15.0,6.0,6.0,16.0,16.0,0.0,6.0,0,0,0,0,0,0,0,0,0,0,0,0,0,0,0,0,0,30,140,False,False
30170,대전광역시,서구,7.0,0.0,0.0,67.0,55.0,53.0,41.0,0.0,0.0,7.0,0.0,0.0,280.0,380.0,375.0,325.0,0.0,0.0,8.0,0.0,0.0,0.0,0.0,0.0,1840.0,1855.0,0.0,0.0,8.0,153.0,107.0,21.0,25.0,94.0,60.0,0.0,34.0,1.0,1.0,1.0,1.0,0.0,0.0,67.0,55.0,53.0,41.0,0.0,0.0,0.0,0.0,280.0,380.0,375.0,325.0,0.0,0.0,0.0,0.0,0.0,0.0,0.0,1840.0,1855.0,0.0,0.0,28.0,27.0,10.0,7.0,18.0,16.0,0.0,8.0,1,10,10,2,2,8,8,0,0,16,16,10,10,0,0,6,6,30,170,False,False
30200,대전광역시,유성구,9.0,0.0,0.0,291.0,212.0,206.0,188.0,0.0,0.0,9.0,0.0,0.0,510.0,610.0,605.0,525.0,0.0,0.0,10.0,0.0,0.0,0.0,0.0,0.0,1840.0,1855.0,0.0,494.0,9.0,180.0,112.0,29.0,39.0,106.0,72.0,3.0,31.0,1.0,1.0,1.0,1.0,0.0,0.0,134.0,110.0,109.0,105.0,0.0,0.0,0.0,0.0,280.0,380.0,375.0,325.0,0.0,0.0,0.0,0.0,0.0,0.0,0.0,1840.0,1855.0,0.0,494.0,28.0,26.0,10.0,15.0,18.0,16.0,3.0,8.0,1,10,10,2,2,8,8,0,0,16,16,10,10,0,0,6,6,30,200,False,False
30230,대전광역시,대덕구,5.0,0.0,0.0,177.0,152.0,147.0,117.0,0.0,0.0,5.0,0.0,0.0,540.0,640.0,630.0,555.0,0.0,0.0,6.0,0.0,0.0,0.0,0.0,0.0,1840.0,1855.0,0.0,8.0,6.0,111.0,75.0,12.0,24.0,72.0,54.0,1.0,17.0,1.0,1.0,1.0,1.0,0.0,0.0,70.0,60.0,60.0,45.0,0.0,0.0,0.0,0.0,280.0,380.0,375.0,325.0,0.0,0.0,0.0,0.0,0.0,0.0,0.0,1840.0,1855.0,0.0,8.0,26.0,22.0,10.0,7.0,18.0,16.0,2.0,8.0,0,0,0,0,0,0,0,0,0,0,0,0,0,0,0,0,0,30,230,False,False
31110,울산광역시,중구,0.0,0.0,0.0,0.0,0.0,0.0,0.0,0.0,0.0,0.0,0.0,0.0,0.0,0.0,0.0,0.0,0.0,0.0,4.0,0.0,0.0,0.0,0.0,0.0,0.0,0.0,0.0,0.0,4.0,60.0,50.0,2.0,8.0,51.0,35.0,4.0,12.0,0.0,0.0,1.0,1.0,0.0,0.0,0.0,0.0,0.0,0.0,0.0,0.0,0.0,0.0,0.0,0.0,0.0,0.0,0.0,0.0,0.0,0.0,0.0,0.0,0.0,0.0,0.0,0.0,0.0,25.0,23.0,2.0,5.0,27.0,23.0,3.0,4.0,1,15,15,9,9,0,0,6,6,29,29,24,24,0,0,5,5,31,110,False,False
31140,울산광역시,남구,0.0,0.0,0.0,0.0,0.0,0.0,0.0,0.0,0.0,0.0,0.0,0.0,0.0,0.0,0.0,0.0,0.0,0.0,9.0,3840.0,3840.0,3840.0,3840.0,3840.0,4320.0,4360.0,3840.0,0.0,7.0,110.0,103.0,6.0,1.0,91.0,72.0,3.0,16.0,0.0,0.0,1.0,1.0,0.0,0.0,0.0,0.0,0.0,0.0,0.0,0.0,0.0,0.0,0.0,0.0,0.0,0.0,0.0,0.0,1455.0,1455.0,1455.0,1455.0,1455.0,1455.0,1465.0,1455.0,0.0,26.0,26.0,5.0,1.0,27.0,23.0,2.0,4.0,4,45,15,33,12,2,2,10,6,59,29,48,24,0,0,11,5,31,140,False,False
31170,울산광역시,동구,0.0,0.0,0.0,0.0,0.0,0.0,0.0,0.0,0.0,0.0,0.0,0.0,0.0,0.0,0.0,0.0,0.0,0.0,3.0,1285.0,1285.0,1365.0,1365.0,1365.0,1365.0,1365.0,1285.0,0.0,3.0,36.0,25.0,1.0,10.0,37.0,18.0,1.0,18.0,0.0,0.0,1.0,1.0,0.0,0.0,0.0,0.0,0.0,0.0,0.0,0.0,0.0,0.0,0.0,0.0,0.0,0.0,0.0,0.0,830.0,830.0,910.0,910.0,910.0,910.0,910.0,830.0,0.0,22.0,22.0,1.0,10.0,21.0,8.0,1.0,14.0,1,8,8,4,4,4,4,0,0,14,14,6,6,1,1,7,7,31,170,False,False
31200,울산광역시,북구,0.0,0.0,0.0,0.0,0.0,0.0,0.0,0.0,0.0,0.0,0.0,0.0,0.0,0.0,0.0,0.0,0.0,0.0,6.0,2190.0,2190.0,2310.0,2310.0,2310.0,2310.0,2310.0,2190.0,0.0,6.0,105.0,77.0,3.0,25.0,65.0,30.0,5.0,30.0,0.0,0.0,1.0,1.0,0.0,0.0,0.0,0.0,0.0,0.0,0.0,0.0,0.0,0.0,0.0,0.0,0.0,0.0,0.0,0.0,905.0,905.0,945.0,945.0,945.0,945.0,945.0,905.0,0.0,25.0,23.0,2.0,10.0,21.0,8.0,3.0,14.0,1,8,8,4,4,4,4,0,0,14,14,6,6,1,1,7,7,31,200,False,False
31710,울산광역시,울주군,0.0,0.0,0.0,0.0,0.0,0.0,0.0,0.0,0.0,0.0,0.0,0.0,0.0,0.0,0.0,0.0,0.0,0.0,13.0,605.0,610.0,610.0,615.0,620.0,6720.0,6720.0,605.0,247.63500000000002,12.0,158.0,128.0,13.0,17.0,138.0,104.0,5.0,29.0,0.0,0.0,1.0,1.0,0.0,0.0,0.0,0.0,0.0,0.0,0.0,0.0,0.0,0.0,0.0,0.0,0.0,0.0,0.0,0.0,605.0,610.0,610.0,615.0,620.0,1695.0,1695.0,605.0,208.0,25.0,25.0,4.0,7.0,27.0,23.0,3.0,5.0,4,41,15,27,9,2,2,12,6,74,29,56,24,0,0,18,7,31,710,False,False
36110,세종특별자치시,세종특별자치시,8.0,0.0,0.0,183.0,292.0,447.0,406.0,8.0,0.0,8.0,4.0,0.0,1000.0,1350.0,2455.0,2200.0,200.0,4.0,8.0,0.0,0.0,0.0,0.0,0.0,0.0,0.0,0.0,90.0,6.0,146.0,118.0,18.0,10.0,62.0,42.0,2.0,18.0,1.0,1.0,1.0,1.0,0.0,0.0,67.0,136.0,166.0,160.0,8.0,0.0,4.0,0.0,280.0,380.0,590.0,535.0,200.0,4.0,0.0,0.0,0.0,0.0,0.0,0.0,0.0,0.0,90.0,26.0,25.0,10.0,4.0,18.0,10.0,2.0,8.0,0,0,0,0,0,0,0,0,0,0,0,0,0,0,0,0,0,36,110,False,False
41111,경기도,수원시 장안구,3.0,0.0,0.0,19.0,11.0,6.0,4.0,2.0,0.0,3.0,1.0,0.0,0.0,0.0,0.0,0.0,0.0,1.0,4.0,4125.0,4125.0,4125.0,4125.0,4125.0,4125.0,4505.0,4125.0,0.0,4.0,79.0,71.0,1.0,7.0,38.0,28.0,4.0,6.0,1.0,1.0,1.0,1.0,0.0,0.0,12.0,8.0,6.0,4.0,2.0,0.0,1.0,0.0,0.0,0.0,0.0,0.0,0.0,1.0,1825.0,1825.0,1825.0,1825.0,1825.0,1825.0,1825.0,1825.0,0.0,27.0,27.0,1.0,4.0,11.0,9.0,4.0,4.0,5,42,10,15,6,10,4,17,6,74,18,34,17,17,9,23,14,41,111,False,False
41113,경기도,수원시 권선구,7.0,0.0,0.0,50.0,54.0,51.0,225.0,223.0,0.0,7.0,221.0,344.0,200.0,205.0,265.0,185.0,130.0,221.0,8.0,3205.0,5095.0,5725.0,5795.0,6145.0,6185.0,6815.0,3205.0,0.0,5.0,105.0,73.0,15.0,17.0,42.0,28.0,9.0,5.0,1.0,1.0,1.0,1.0,0.0,0.0,50.0,54.0,51.0,166.0,166.0,0.0,166.0,166.0,90.0,90.0,90.0,80.0,65.0,166.0,1825.0,1825.0,1825.0,1825.0,1825.0,1825.0,1825.0,1825.0,0.0,27.0,23.0,9.0,8.0,10.0,8.0,4.0,4.0,5,42,10,15,6,10,4,17,6,74,18,34,17,17,9,23,14,41,113,False,False
41115,경기도,수원시 팔달구,3.0,0.0,0.0,7.0,3.0,0.0,0.0,0.0,0.0,3.0,0.0,75.0,0.0,0.0,0.0,0.0,0.0,0.0,4.0,3315.0,3980.0,3980.0,3980.0,4320.0,4345.0,4720.0,3315.0,0.0,4.0,78.0,64.0,1.0,13.0,35.0,27.0,4.0,4.0,1.0,1.0,1.0,1.0,0.0,0.0,7.0,3.0,0.0,0.0,0.0,0.0,0.0,75.0,0.0,0.0,0.0,0.0,0.0,0.0,1825.0,1825.0,1825.0,1825.0,1825.0,1825.0,1825.0,1825.0,0.0,26.0,23.0,1.0,6.0,10.0,9.0,4.0,4.0,5,42,10,15,6,10,4,17,6,74,18,34,17,17,9,23,14,41,115,False,False
41117,경기도,수원시 영통구,5.0,0.0,0.0,0.0,0.0,0.0,0.0,0.0,0.0,5.0,0.0,91.0,0.0,0.0,0.0,0.0,0.0,0.0,5.0,3385.0,4330.0,4330.0,4870.0,5210.0,5235.0,6460.0,3385.0,0.0,3.0,80.0,56.0,7.0,17.0,32.0,25.0,2.0,5.0,1.0,1.0,1.0,1.0,0.0,0.0,0.0,0.0,0.0,0.0,0.0,0.0,0.0,75.0,0.0,0.0,0.0,0.0,0.0,0.0,1330.0,1495.0,1495.0,1495.0,1495.0,1495.0,1710.0,1330.0,0.0,30.0,26.0,4.0,11.0,12.0,9.0,1.0,3.0,5,42,10,15,6,10,4,17,6,74,18,34,17,17,9,23,14,41,117,False,False
41131,경기도,성남시 수정구,2.0,0.0,0.0,0.0,0.0,0.0,0.0,7.0,0.0,2.0,6.0,4.0,125.0,80.0,60.0,85.0,115.0,6.0,3.0,2410.0,2410.0,2410.0,2410.0,2410.0,2410.0,2475.0,2410.0,0.0,3.0,86.0,70.0,5.0,11.0,28.0,19.0,0.0,9.0,1.0,1.0,1.0,1.0,0.0,0.0,0.0,0.0,0.0,0.0,7.0,0.0,6.0,4.0,125.0,80.0,60.0,85.0,115.0,6.0,905.0,905.0,905.0,905.0,905.0,905.0,940.0,905.0,0.0,30.0,30.0,5.0,7.0,12.0,9.0,0.0,4.0,3,20,10,8,4,10,9,2,1,60,25,42,21,11,5,7,5,41,131,False,False
41133,경기도,성남시 중원구,3.0,0.0,0.0,0.0,0.0,0.0,0.0,7.0,0.0,3.0,6.0,4.0,125.0,80.0,60.0,85.0,115.0,6.0,4.0,3440.0,3440.0,3440.0,3440.0,3440.0,3440.0,3485.0,3440.0,0.0,4.0,124.0,117.0,0.0,7.0,38.0,27.0,0.0,11.0,1.0,1.0,1.0,1.0,0.0,0.0,0.0,0.0,0.0,0.0,7.0,0.0,6.0,4.0,125.0,80.0,60.0,85.0,115.0,6.0,1395.0,1395.0,1395.0,1395.0,1395.0,1395.0,1400.0,1395.0,0.0,36.0,36.0,0.0,7.0,15.0,13.0,0.0,4.0,3,20,10,8,4,10,9,2,1,60,25,42,21,11,5,7,5,41,133,False,False
41135,경기도,성남시 분당구,6.0,0.0,0.0,0.0,0.0,0.0,0.0,0.0,0.0,6.0,0.0,0.0,0.0,0.0,0.0,0.0,0.0,0.0,8.0,5165.0,5165.0,5165.0,5165.0,5165.0,5165.0,5440.0,5165.0,0.0,7.0,178.0,156.0,8.0,14.0,68.0,55.0,-2.0,15.0,1.0,1.0,1.0,1.0,0.0,0.0,0.0,0.0,0.0,0.0,0.0,0.0,0.0,0.0,0.0,0.0,0.0,0.0,0.0,0.0,905.0,905.0,905.0,905.0,905.0,905.0,940.0,905.0,0.0,36.0,36.0,5.0,10.0,14.0,14.0,2.0,6.0,3,20,10,8,4,10,9,2,1,60,25,42,21,11,5,7,5,41,135,False,False
41150,경기도,의정부시,5.0,0.0,0.0,0.0,0.0,0.0,0.0,0.0,0.0,5.0,55.0,55.0,0.0,0.0,0.0,0.0,0.0,55.0,7.0,1885.0,1895.0,2150.0,2965.0,4110.0,4190.0,4915.0,1885.0,0.0,5.0,79.0,54.0,10.0,15.0,53.0,34.0,8.0,11.0,1.0,1.0,1.0,1.0,0.0,0.0,0.0,0.0,0.0,0.0,0.0,0.0,55.0,55.0,0.0,0.0,0.0,0.0,0.0,55.0,1735.0,1745.0,1750.0,1750.0,1760.0,1770.0,2255.0,1735.0,0.0,29.0,21.0,8.0,8.0,12.0,10.0,4.0,5.0,4,36,11,22,10,9,4,5,2,56,18,27,12,20,16,9,5,41,150,False,False
41171,경기도,안양시 만안구,2.0,0.0,0.0,5.0,3.0,1.0,0.0,0.0,0.0,2.0,0.0,0.0,0.0,0.0,0.0,0.0,0.0,0.0,3.0,3125.0,3125.0,3240.0,3255.0,3535.0,3570.0,3570.0,3125.0,0.0,3.0,51.0,40.0,3.0,8.0,30.0,14.0,9.0,7.0,1.0,1.0,1.0,1.0,0.0,0.0,5.0,3.0,1.0,0.0,0.0,0.0,0.0,0.0,0.0,0.0,0.0,0.0,0.0,0.0,1825.0,1825.0,1825.0,1825.0,1825.0,1825.0,1825.0,1825.0,0.0,26.0,21.0,3.0,7.0,12.0,6.0,4.0,6.0,0,0,0,0,0,0,0,0,0,0,0,0,0,0,0,0,0,41,171,False,False
41173,경기도,안양시 동안구,4.0,0.0,0.0,17.0,0.0,0.0,166.0,166.0,0.0,4.0,166.0,166.0,240.0,235.0,230.0,675.0,685.0,166.0,5.0,1915.0,2555.0,2565.0,3540.0,3775.0,3775.0,3785.0,1915.0,0.0,3.0,55.0,48.0,5.0,2.0,26.0,23.0,1.0,2.0,1.0,1.0,1.0,1.0,0.0,0.0,17.0,0.0,0.0,166.0,166.0,0.0,166.0,166.0,240.0,235.0,230.0,450.0,450.0,166.0,605.0,985.0,995.0,995.0,1230.0,1230.0,1235.0,605.0,0.0,28.0,28.0,5.0,2.0,11.0,10.0,1.0,2.0,0,0,0,0,0,0,0,0,0,0,0,0,0,0,0,0,0,41,173,False,False
41192,경기도,부천시 원미구,2.0,0.0,0.0,0.0,0.0,0.0,0.0,0.0,0.0,2.0,0.0,0.0,0.0,0.0,0.0,0.0,0.0,0.0,3.0,560.0,560.0,605.0,615.0,615.0,615.0,620.0,560.0,0.0,4.0,73.0,70.0,3.0,0.0,38.0,28.0,11.0,-1.0,1.0,1.0,1.0,1.0,0.0,0.0,0.0,0.0,0.0,0.0,0.0,0.0,0.0,0.0,0.0,0.0,0.0,0.0,0.0,0.0,560.0,560.0,605.0,615.0,615.0,615.0,620.0,560.0,0.0,28.0,28.0,3.0,0.0,11.0,11.0,4.0,0.0,2,22,12,16,8,4,2,2,2,29,18,17,10,6,4,6,6,41,192,False,False
41194,경기도,부천시 소사구,2.0,0.0,0.0,0.0,0.0,0.0,0.0,0.0,0.0,2.0,0.0,0.0,0.0,0.0,0.0,0.0,0.0,0.0,2.0,1400.0,1400.0,1400.0,1400.0,1580.0,1580.0,1720.0,1400.0,0.0,3.0,65.0,45.0,4.0,16.0,28.0,18.0,9.0,1.0,1.0,1.0,1.0,1.0,0.0,0.0,0.0,0.0,0.0,0.0,0.0,0.0,0.0,0.0,0.0,0.0,0.0,0.0,0.0,0.0,980.0,980.0,980.0,980.0,1160.0,1160.0,1300.0,980.0,0.0,29.0,23.0,4.0,11.0,11.0,9.0,5.0,1.0,1,10,10,8,8,2,2,0,0,11,11,7,7,4,4,0,0,41,194,False,False
41196,경기도,부천시 오정구,3.0,0.0,0.0,0.0,0.0,0.0,0.0,0.0,0.0,3.0,0.0,0.0,0.0,0.0,0.0,0.0,0.0,0.0,4.0,2850.0,2910.0,2910.0,2910.0,2910.0,2930.0,2960.0,2850.0,0.0,5.0,116.0,109.0,0.0,7.0,62.0,47.0,10.0,5.0,1.0,1.0,1.0,1.0,0.0,0.0,0.0,0.0,0.0,0.0,0.0,0.0,0.0,0.0,0.0,0.0,0.0,0.0,0.0,0.0,2085.0,2085.0,2085.0,2085.0,2085.0,2085.0,2085.0,2085.0,0.0,32.0,32.0,0.0,5.0,18.0,14.0,4.0,6.0,1,12,12,8,8,2,2,2,2,18,18,10,10,2,2,6,6,41,196,False,False
41210,경기도,광명시,7.0,0.0,0.0,0.0,0.0,0.0,0.0,0.0,0.0,7.0,7.0,7.0,0.0,0.0,0.0,0.0,0.0,7.0,8.0,4100.0,4140.0,6290.0,6325.0,7470.0,7570.0,11205.0,4100.0,0.0,4.0,92.0,71.0,7.0,14.0,39.0,31.0,0.0,8.0,1.0,1.0,1.0,1.0,0.0,0.0,0.0,0.0,0.0,0.0,0.0,0.0,7.0,7.0,0.0,0.0,0.0,0.0,0.0,7.0,1830.0,1830.0,2210.0,2210.0,2210.0,2210.0,2210.0,1830.0,0.0,29.0,24.0,4.0,11.0,19.0,12.0,0.0,7.0,3,29,14,13,13,8,4,4,3,42,19,12,12,18,9,12,7,41,210,False,False
41220,경기도,평택시,19.0,0.0,0.0,42.0,1.0,230.0,214.0,198.0,0.0,19.0,191.0,178.0,0.0,0.0,1020.0,1005.0,1195.0,191.0,21.0,15010.0,15025.0,17155.0,18620.0,18775.0,20220.0,21215.0,15010.0,0.0,12.0,310.0,248.0,24.0,38.0,126.0,75.0,8.0,43.0,1.0,1.0,1.0,1.0,0.0,0.0,18.0,1.0,137.0,131.0,124.0,0.0,118.0,112.0,0.0,0.0,265.0,260.0,330.0,118.0,1480.0,1485.0,1745.0,1745.0,1745.0,1745.0,1745.0,1480.0,0.0,40.0,40.0,12.0,11.0,15.0,12.0,2.0,8.0,4,50,16,13,9,19,11,18,6,70,20,25,15,18,10,27,12,41,220,False,False
41250,경기도,동두천시,1.0,0.0,0.0,0.0,0.0,0.0,0.0,0.0,0.0,1.0,0.0,0.0,0.0,0.0,0.0,0.0,0.0,0.0,2.0,2695.0,2710.0,2720.0,2765.0,2780.0,2790.0,3280.0,2695.0,0.0,2.0,29.0,26.0,0.0,3.0,20.0,14.0,4.0,2.0,1.0,1.0,1.0,1.0,0.0,0.0,0.0,0.0,0.0,0.0,0.0,0.0,0.0,0.0,0.0,0.0,0.0,0.0,0.0,0.0,1735.0,1745.0,1750.0,1750.0,1760.0,1770.0,2255.0,1735.0,0.0,29.0,26.0,0.0,3.0,12.0,10.0,2.0,2.0,2,16,8,6,6,6,4,4,4,24,12,10,10,8,6,6,6,41,250,False,False
41271,경기도,안산시 상록구,5.0,0.0,0.0,179.0,162.0,160.0,151.0,153.0,0.0,5.0,163.0,169.0,1285.0,1220.0,990.0,1205.0,1180.0,163.0,7.0,7525.0,8110.0,8130.0,8215.0,8220.0,8235.0,8255.0,7525.0,0.0,7.0,128.0,84.0,12.0,32.0,60.0,43.0,9.0,8.0,1.0,1.0,1.0,1.0,0.0,0.0,111.0,109.0,109.0,109.0,109.0,0.0,109.0,108.0,745.0,710.0,510.0,705.0,690.0,109.0,2170.0,2170.0,2170.0,2175.0,2180.0,2190.0,2190.0,2170.0,0.0,26.0,26.0,5.0,16.0,10.0,9.0,4.0,4.0,1,4,4,4,4,0,0,0,0,9,9,7,7,2,2,0,0,41,271,False,False
41273,경기도,안산시 단원구,9.0,0.0,0.0,222.0,196.0,192.0,191.0,185.0,0.0,9.0,177.0,170.0,1695.0,1570.0,1320.0,1535.0,1480.0,177.0,10.0,8545.0,8555.0,9285.0,9295.0,9305.0,9375.0,9395.0,8545.0,0.0,10.0,246.0,189.0,14.0,43.0,89.0,57.0,14.0,18.0,1.0,1.0,1.0,1.0,0.0,0.0,111.0,109.0,109.0,109.0,109.0,0.0,109.0,108.0,745.0,710.0,510.0,705.0,690.0,109.0,2170.0,2170.0,2170.0,2175.0,2180.0,2215.0,2215.0,2170.0,0.0,29.0,29.0,8.0,16.0,12.0,8.0,4.0,8.0,1,4,4,4,4,0,0,0,0,9,9,7,7,2,2,0,0,41,273,False,False
41281,경기도,고양시 덕양구,9.0,0.0,0.0,0.0,0.0,0.0,0.0,0.0,0.0,9.0,0.0,0.0,0.0,0.0,0.0,0.0,0.0,0.0,10.0,0.0,0.0,3370.0,5445.0,5620.0,6420.0,9280.0,0.0,0.0,8.0,216.0,177.0,10.0,29.0,88.0,58.0,16.0,14.0,1.0,1.0,1.0,1.0,0.0,0.0,0.0,0.0,0.0,0.0,0.0,0.0,0.0,0.0,0.0,0.0,0.0,0.0,0.0,0.0,0.0,0.0,1360.0,1400.0,1460.0,1605.0,1675.0,0.0,0.0,33.0,33.0,6.0,9.0,16.0,16.0,8.0,6.0,4,32,9,20,8,9,6,3,3,54,16,28,12,14,8,12,6,41,281,False,False
41285,경기도,고양시 일산동구,6.0,0.0,0.0,0.0,0.0,0.0,0.0,0.0,0.0,6.0,0.0,0.0,0.0,0.0,0.0,0.0,0.0,0.0,7.0,0.0,0.0,785.0,1295.0,1815.0,3880.0,5060.0,0.0,0.0,5.0,137.0,124.0,6.0,7.0,64.0,40.0,16.0,8.0,1.0,1.0,1.0,1.0,0.0,0.0,0.0,0.0,0.0,0.0,0.0,0.0,0.0,0.0,0.0,0.0,0.0,0.0,0.0,0.0,0.0,0.0,785.0,805.0,805.0,1180.0,1195.0,0.0,0.0,33.0,33.0,6.0,3.0,16.0,16.0,8.0,6.0,4,32,9,20,8,9,6,3,3,54,16,28,12,14,8,12,6,41,285,False,False
41287,경기도,고양시 일산서구,7.0,0.0,0.0,0.0,0.0,0.0,0.0,0.0,0.0,7.0,0.0,0.0,0.0,0.0,0.0,0.0,0.0,0.0,8.0,1115.0,1125.0,2335.0,2870.0,3420.0,4460.0,5655.0,1115.0,0.0,7.0,187.0,157.0,15.0,15.0,88.0,50.0,16.0,22.0,1.0,1.0,1.0,1.0,0.0,0.0,0.0,0.0,0.0,0.0,0.0,0.0,0.0,0.0,0.0,0.0,0.0,0.0,0.0,0.0,605.0,605.0,800.0,805.0,820.0,1180.0,1195.0,605.0,0.0,33.0,33.0,6.0,8.0,16.0,16.0,8.0,8.0,4,32,9,20,8,9,6,3,3,54,16,28,12,14,8,12,6,41,287,False,False
41290,경기도,과천시,2.0,0.0,0.0,0.0,3.0,0.0,0.0,0.0,0.0,2.0,0.0,0.0,0.0,0.0,0.0,0.0,0.0,0.0,2.0,0.0,0.0,0.0,0.0,0.0,0.0,2230.0,0.0,0.0,1.0,29.0,27.0,2.0,0.0,8.0,6.0,2.0,0.0,1.0,1.0,1.0,1.0,0.0,0.0,0.0,3.0,0.0,0.0,0.0,0.0,0.0,0.0,0.0,0.0,0.0,0.0,0.0,0.0,0.0,0.0,0.0,0.0,0.0,0.0,1190.0,0.0,0.0,29.0,27.0,2.0,0.0,8.0,6.0,2.0,0.0,3,14,5,10,4,3,2,1,1,68,25,57,21,6,3,5,3,41,290,False,False
41310,경기도,구리시,4.0,0.0,0.0,0.0,0.0,22.0,22.0,22.0,0.0,4.0,22.0,22.0,0.0,0.0,210.0,210.0,265.0,22.0,4.0,750.0,750.0,2835.0,2895.0,3065.0,3670.0,3835.0,750.0,0.0,2.0,52.0,44.0,4.0,4.0,20.0,10.0,0.0,10.0,1.0,1.0,1.0,1.0,0.0,0.0,0.0,0.0,13.0,13.0,13.0,0.0,13.0,13.0,0.0,0.0,210.0,210.0,240.0,13.0,750.0,750.0,1520.0,1525.0,1525.0,1540.0,1560.0,750.0,0.0,28.0,24.0,4.0,4.0,12.0,6.0,0.0,6.0,1,11,11,10,10,0,0,1,1,12,12,7,7,0,0,5,5,41,310,False,False
41360,경기도,남양주시,11.0,0.0,0.0,0.0,0.0,17.0,139.0,179.0,0.0,11.0,179.0,237.0,0.0,0.0,210.0,210.0,960.0,179.0,12.0,3110.0,3280.0,7830.0,8085.0,9580.0,10635.0,11760.0,3110.0,0.0,8.0,205.0,165.0,6.0,34.0,78.0,45.0,5.0,28.0,1.0,1.0,1.0,1.0,0.0,0.0,0.0,0.0,9.0,72.0,72.0,0.0,72.0,72.0,0.0,0.0,210.0,210.0,310.0,72.0,1120.0,1235.0,1385.0,1385.0,1410.0,1450.0,1600.0,1120.0,0.0,28.0,24.0,4.0,12.0,12.0,10.0,2.0,8.0,3,27,11,16,10,6,4,5,2,42,18,15,8,20,16,7,5,41,360,False,False
41370,경기도,오산시,9.0,0.0,0.0,124.0,118.0,124.0,131.0,122.0,0.0,9.0,145.0,148.0,235.0,1035.0,1065.0,1040.0,1035.0,145.0,9.0,8055.0,8480.0,8485.0,8690.0,8720.0,8785.0,8810.0,8055.0,0.0,6.0,172.0,146.0,20.0,6.0,60.0,36.0,3.0,21.0,1.0,1.0,1.0,1.0,0.0,0.0,119.0,118.0,118.0,115.0,113.0,0.0,130.0,129.0,200.0,600.0,600.0,600.0,600.0,130.0,1215.0,1435.0,1435.0,1435.0,1435.0,1440.0,1450.0,1215.0,0.0,32.0,32.0,11.0,2.0,12.0,9.0,2.0,7.0,1,6,6,5,5,0,0,1,1,17,17,17,17,0,0,0,0,41,370,False,False
41390,경기도,시흥시,17.0,0.0,0.0,187.0,183.0,180.0,288.0,284.0,0.0,17.0,285.0,279.0,670.0,610.0,570.0,960.0,935.0,285.0,20.0,13855.0,13935.0,16320.0,16605.0,16650.0,16665.0,18870.0,13855.0,0.0,16.0,356.0,275.0,23.0,58.0,141.0,87.0,16.0,38.0,1.0,1.0,1.0,1.0,0.0,0.0,111.0,109.0,109.0,109.0,109.0,0.0,109.0,109.0,390.0,360.0,330.0,370.0,370.0,109.0,1830.0,1830.0,2210.0,2210.0,2210.0,2210.0,2210.0,1830.0,0.0,48.0,30.0,10.0,16.0,19.0,12.0,4.0,8.0,4,35,10,18,6,9,4,8,3,35,11,15,6,13,9,7,4,41,390,False,False
41410,경기도,군포시,3.0,0.0,0.0,84.0,55.0,52.0,42.0,42.0,0.0,3.0,52.0,58.0,0.0,0.0,0.0,0.0,0.0,52.0,5.0,4200.0,5680.0,5710.0,5785.0,6370.0,6405.0,6425.0,4200.0,0.0,5.0,79.0,59.0,7.0,13.0,50.0,40.0,8.0,2.0,1.0,1.0,1.0,1.0,0.0,0.0,56.0,47.0,46.0,38.0,40.0,0.0,51.0,58.0,0.0,0.0,0.0,0.0,0.0,51.0,1825.0,1825.0,1825.0,1825.0,1825.0,1825.0,1825.0,1825.0,0.0,27.0,27.0,5.0,13.0,11.0,10.0,4.0,2.0,3,26,10,10,6,6,4,10,6,39,18,17,11,8,4,14,14,41,410,False,False
41430,경기도,의왕시,6.0,0.0,0.0,85.0,55.0,52.0,208.0,208.0,0.0,6.0,218.0,344.0,75.0,90.0,80.0,495.0,480.0,218.0,7.0,3280.0,4505.0,4535.0,5650.0,5885.0,5885.0,7145.0,3280.0,0.0,5.0,108.0,86.0,9.0,13.0,48.0,43.0,3.0,2.0,1.0,1.0,1.0,1.0,0.0,0.0,56.0,47.0,46.0,166.0,166.0,0.0,166.0,166.0,75.0,90.0,80.0,450.0,450.0,166.0,810.0,1235.0,1255.0,1330.0,1330.0,1330.0,1340.0,810.0,0.0,28.0,28.0,5.0,13.0,11.0,10.0,1.0,2.0,0,0,0,0,0,0,0,0,0,0,0,0,0,0,0,0,0,41,430,False,False
41450,경기도,하남시,8.0,0.0,0.0,1.0,45.0,43.0,35.0,31.0,0.0,8.0,30.0,29.0,0.0,145.0,145.0,145.0,145.0,30.0,9.0,2380.0,7105.0,7230.0,7240.0,10270.0,10660.0,10685.0,2380.0,0.0,7.0,197.0,163.0,7.0,27.0,64.0,51.0,1.0,12.0,1.0,1.0,1.0,1.0,0.0,0.0,1.0,44.0,42.0,34.0,30.0,0.0,29.0,28.0,0.0,145.0,145.0,145.0,145.0,29.0,525.0,2105.0,2105.0,2105.0,2290.0,2295.0,2305.0,525.0,0.0,35.0,34.0,7.0,12.0,13.0,9.0,1.0,5.0,3,22,10,6,4,10,10,6,4,38,15,17,9,11,9,10,6,41,450,False,False
41461,경기도,용인시 처인구,10.0,0.0,0.0,18.0,0.0,0.0,0.0,0.0,0.0,10.0,0.0,77.0,0.0,0.0,0.0,0.0,0.0,0.0,10.0,8500.0,8675.0,8685.0,10825.0,11250.0,11275.0,11890.0,8500.0,39.0,8.0,214.0,147.0,25.0,42.0,76.0,46.0,6.0,24.0,1.0,1.0,1.0,1.0,0.0,0.0,18.0,0.0,0.0,0.0,0.0,0.0,0.0,77.0,0.0,0.0,0.0,0.0,0.0,0.0,1285.0,1320.0,1320.0,1875.0,1935.0,1935.0,1935.0,1285.0,39.0,30.0,30.0,18.0,16.0,12.0,10.0,2.0,7.0,10,125,22,28,7,69,22,28,7,165,19,51,17,54,14,60,18,41,461,False,False
41463,경기도,용인시 기흥구,10.0,0.0,0.0,1.0,10.0,7.0,10.0,7.0,0.0,10.0,5.0,18.0,0.0,0.0,0.0,0.0,0.0,5.0,10.0,7740.0,9080.0,10040.0,10070.0,10070.0,10070.0,11780.0,7740.0,0.0,8.0,195.0,132.0,13.0,50.0,81.0,51.0,12.0,18.0,1.0,1.0,1.0,1.0,0.0,0.0,1.0,10.0,7.0,10.0,7.0,0.0,5.0,16.0,0.0,0.0,0.0,0.0,0.0,5.0,1330.0,2235.0,2235.0,2265.0,2265.0,2265.0,2265.0,1330.0,0.0,29.0,25.0,4.0,14.0,14.0,14.0,4.0,7.0,10,125,22,28,7,69,22,28,7,165,19,51,17,54,14,60,18,41,463,False,False
41465,경기도,용인시 수지구,3.0,0.0,0.0,0.0,0.0,0.0,0.0,98.0,0.0,3.0,97.0,96.0,0.0,0.0,0.0,0.0,0.0,97.0,4.0,2275.0,2275.0,2275.0,2275.0,2275.0,2275.0,2310.0,2275.0,0.0,3.0,81.0,57.0,2.0,22.0,28.0,14.0,2.0,12.0,1.0,1.0,1.0,1.0,0.0,0.0,0.0,0.0,0.0,0.0,98.0,0.0,97.0,96.0,0.0,0.0,0.0,0.0,0.0,97.0,905.0,905.0,905.0,905.0,905.0,905.0,940.0,905.0,0.0,29.0,26.0,1.0,19.0,12.0,6.0,2.0,6.0,10,125,22,28,7,69,22,28,7,165,19,51,17,54,14,60,18,41,465,False,False
41480,경기도,파주시,12.0,0.0,0.0,0.0,0.0,0.0,0.0,25.0,0.0,12.0,25.0,36.0,0.0,0.0,0.0,0.0,300.0,25.0,14.0,3755.0,3865.0,5250.0,7895.0,8025.0,10695.0,14400.0,3755.0,29.65,9.0,233.0,151.0,27.0,55.0,94.0,56.0,14.0,24.0,1.0,1.0,1.0,1.0,0.0,0.0,0.0,0.0,0.0,0.0,25.0,0.0,25.0,36.0,0.0,0.0,0.0,0.0,300.0,25.0,880.0,915.0,1345.0,1360.0,1365.0,1555.0,1940.0,880.0,29.65,33.0,23.0,7.0,16.0,16.0,10.0,8.0,8.0,4,35,10,14,8,8,4,13,6,62,18,16,10,20,8,26,12,41,480,False,False
41500,경기도,이천시,7.0,0.0,0.0,18.0,0.0,0.0,0.0,0.0,0.0,7.0,0.0,0.0,0.0,0.0,0.0,0.0,0.0,0.0,7.0,5345.0,7535.0,7565.0,7995.0,8385.0,8490.0,8600.0,5345.0,0.0,6.0,166.0,129.0,4.0,33.0,63.0,40.0,4.0,19.0,1.0,1.0,1.0,1.0,0.0,0.0,18.0,0.0,0.0,0.0,0.0,0.0,0.0,0.0,0.0,0.0,0.0,0.0,0.0,0.0,1355.0,1555.0,1555.0,1560.0,1935.0,1935.0,1935.0,1355.0,0.0,33.0,33.0,3.0,16.0,12.0,11.0,2.0,7.0,1,8,8,6,6,0,0,2,2,19,19,12,12,0,0,7,7,41,500,False,False
41550,경기도,안성시,7.0,0.0,0.0,5.0,0.0,0.0,0.0,0.0,0.0,7.0,0.0,0.0,0.0,0.0,0.0,0.0,250.0,0.0,8.0,7640.0,7645.0,7645.0,8770.0,9650.0,9650.0,10030.0,7640.0,0.0,5.0,113.0,97.0,3.0,13.0,45.0,19.0,6.0,20.0,1.0,1.0,1.0,1.0,0.0,0.0,5.0,0.0,0.0,0.0,0.0,0.0,0.0,0.0,0.0,0.0,0.0,0.0,250.0,0.0,1945.0,1945.0,1945.0,1945.0,1960.0,1960.0,2085.0,1945.0,0.0,33.0,32.0,2.0,7.0,12.0,8.0,2.0,7.0,3,33,12,19,9,5,3,9,6,44,18,33,15,2,2,9,4,41,550,False,False
41570,경기도,김포시,12.0,0.0,0.0,0.0,0.0,0.0,0.0,0.0,0.0,12.0,0.0,0.0,0.0,0.0,0.0,0.0,0.0,0.0,12.0,3590.0,5455.0,6370.0,6935.0,6975.0,7055.0,8200.0,3590.0,0.0,8.0,203.0,195.0,3.0,5.0,74.0,43.0,18.0,13.0,1.0,1.0,1.0,1.0,0.0,0.0,0.0,0.0,0.0,0.0,0.0,0.0,0.0,0.0,0.0,0.0,0.0,0.0,0.0,0.0,1165.0,1750.0,1805.0,1810.0,1810.0,1810.0,1810.0,1165.0,0.0,28.0,27.0,2.0,3.0,16.0,8.0,7.0,4.0,3,27,10,15,9,4,4,8,6,37,16,20,12,10,5,7,4,41,570,False,False
41591,경기도,화성시 만세구,8.0,0.0,0.0,0.0,0.0,0.0,0.0,0.0,0.0,8.0,0.0,0.0,0.0,0.0,0.0,0.0,0.0,0.0,14.0,6930.0,6960.0,8530.0,11565.0,11635.0,14450.0,15980.0,6930.0,0.0,8.0,191.0,156.0,7.0,28.0,71.0,51.0,4.0,16.0,1.0,1.0,1.0,1.0,0.0,0.0,0.0,0.0,0.0,0.0,0.0,0.0,0.0,0.0,0.0,0.0,0.0,0.0,0.0,0.0,1040.0,1040.0,1175.0,1375.0,1395.0,2160.0,2290.0,1040.0,0.0,30.0,30.0,4.0,8.0,12.0,10.0,2.0,7.0,5,46,10,15,10,19,9,12,6,65,18,17,17,19,9,29,12,41,591,True,False
41593,경기도,화성시 효행구,5.0,0.0,0.0,50.0,54.0,58.0,62.0,57.0,0.0,5.0,209.0,204.0,125.0,115.0,155.0,120.0,100.0,209.0,6.0,3970.0,3975.0,4730.0,5085.0,5095.0,5095.0,5545.0,3970.0,19.8,4.0,78.0,53.0,12.0,13.0,38.0,18.0,4.0,16.0,1.0,1.0,1.0,1.0,0.0,0.0,50.0,54.0,51.0,59.0,57.0,0.0,154.0,151.0,90.0,80.0,90.0,80.0,65.0,154.0,1825.0,1825.0,1825.0,1825.0,1825.0,1825.0,1825.0,1825.0,19.8,26.0,25.0,9.0,8.0,12.0,6.0,4.0,8.0,5,46,10,15,10,19,9,12,6,65,18,17,17,19,9,29,12,41,593,True,False
41595,경기도,화성시 병점구,2.0,0.0,0.0,0.0,0.0,0.0,0.0,0.0,0.0,2.0,0.0,75.0,0.0,0.0,0.0,0.0,0.0,0.0,2.0,1030.0,2100.0,2100.0,2100.0,2440.0,2470.0,2480.0,1030.0,0.0,2.0,58.0,52.0,0.0,6.0,20.0,14.0,1.0,5.0,1.0,1.0,1.0,1.0,0.0,0.0,0.0,0.0,0.0,0.0,0.0,0.0,0.0,75.0,0.0,0.0,0.0,0.0,0.0,0.0,1030.0,1435.0,1435.0,1435.0,1435.0,1440.0,1450.0,1030.0,0.0,32.0,32.0,0.0,6.0,12.0,8.0,1.0,5.0,5,46,10,15,10,19,9,12,6,65,18,17,17,19,9,29,12,41,595,True,False
41597,경기도,화성시 동탄구,4.0,0.0,0.0,1.0,0.0,0.0,0.0,0.0,0.0,4.0,0.0,0.0,0.0,600.0,600.0,600.0,600.0,0.0,6.0,5585.0,6745.0,6755.0,7160.0,7200.0,7245.0,7265.0,5585.0,0.0,4.0,111.0,96.0,8.0,7.0,45.0,38.0,0.0,7.0,1.0,1.0,1.0,1.0,0.0,0.0,1.0,0.0,0.0,0.0,0.0,0.0,0.0,0.0,0.0,600.0,600.0,600.0,600.0,0.0,1190.0,2235.0,2235.0,2265.0,2265.0,2265.0,2265.0,1190.0,0.0,32.0,32.0,4.0,3.0,17.0,17.0,0.0,4.0,5,46,10,15,10,19,9,12,6,65,18,17,17,19,9,29,12,41,597,True,False
41610,경기도,광주시,7.0,0.0,0.0,18.0,0.0,0.0,0.0,0.0,0.0,7.0,0.0,0.0,0.0,0.0,0.0,0.0,0.0,0.0,8.0,6780.0,6845.0,6845.0,8560.0,10060.0,10075.0,11320.0,6780.0,0.0,5.0,136.0,106.0,10.0,20.0,54.0,35.0,4.0,15.0,1.0,1.0,1.0,1.0,0.0,0.0,18.0,0.0,0.0,0.0,0.0,0.0,0.0,0.0,0.0,0.0,0.0,0.0,0.0,0.0,1395.0,1395.0,1395.0,1560.0,1935.0,1935.0,2275.0,1395.0,0.0,32.0,32.0,10.0,16.0,15.0,13.0,2.0,8.0,2,18,10,6,6,6,6,6,4,37,19,12,12,11,11,14,7,41,610,False,False
41630,경기도,양주시,11.0,0.0,0.0,0.0,0.0,0.0,0.0,10.0,0.0,11.0,10.0,65.0,0.0,0.0,0.0,0.0,280.0,10.0,14.0,7850.0,8035.0,10015.0,11420.0,12860.0,13690.0,14565.0,7850.0,0.0,10.0,196.0,144.0,10.0,42.0,88.0,62.0,10.0,16.0,1.0,1.0,1.0,1.0,0.0,0.0,0.0,0.0,0.0,0.0,10.0,0.0,10.0,55.0,0.0,0.0,0.0,0.0,280.0,10.0,1735.0,1745.0,1750.0,1750.0,1760.0,1770.0,2255.0,1735.0,0.0,29.0,26.0,5.0,11.0,14.0,12.0,4.0,8.0,7,60,10,24,6,21,6,15,6,92,18,36,12,32,8,24,12,41,630,False,False
41650,경기도,포천시,7.0,0.0,0.0,0.0,0.0,0.0,55.0,141.0,0.0,7.0,196.0,207.0,0.0,0.0,0.0,235.0,1965.0,196.0,8.0,6370.0,6495.0,7430.0,7790.0,7880.0,9045.0,9545.0,6370.0,0.0,5.0,105.0,65.0,4.0,36.0,44.0,28.0,2.0,14.0,1.0,1.0,1.0,1.0,0.0,0.0,0.0,0.0,0.0,55.0,55.0,0.0,55.0,55.0,0.0,0.0,0.0,235.0,710.0,55.0,1735.0,1745.0,1750.0,1750.0,1760.0,1770.0,2255.0,1735.0,0.0,28.0,19.0,4.0,12.0,12.0,10.0,2.0,8.0,2,18,10,12,6,4,2,2,2,24,12,18,10,6,4,0,0,41,650,False,False
41670,경기도,여주시,6.0,0.0,0.0,5.0,0.0,0.0,0.0,0.0,0.0,6.0,0.0,0.0,0.0,0.0,0.0,0.0,0.0,0.0,6.0,3345.0,3980.0,4010.0,5035.0,5410.0,5505.0,7470.0,3345.0,0.0,4.0,109.0,95.0,3.0,11.0,38.0,30.0,0.0,8.0,1.0,1.0,1.0,1.0,0.0,0.0,5.0,0.0,0.0,0.0,0.0,0.0,0.0,0.0,0.0,0.0,0.0,0.0,0.0,0.0,1255.0,1535.0,1535.0,1560.0,1935.0,1935.0,1935.0,1255.0,0.0,33.0,33.0,3.0,11.0,12.0,11.0,0.0,4.0,0,0,0,0,0,0,0,0,0,0,0,0,0,0,0,0,0,41,670,False,False
41800,경기도,연천군,2.0,0.0,0.0,0.0,0.0,0.0,0.0,8.0,0.0,2.0,8.0,8.0,0.0,0.0,0.0,0.0,600.0,8.0,3.0,3085.0,3120.0,3435.0,3575.0,3590.0,3685.0,4175.0,3085.0,0.0,3.0,56.0,28.0,6.0,22.0,35.0,18.0,3.0,14.0,1.0,1.0,1.0,1.0,0.0,0.0,0.0,0.0,0.0,0.0,8.0,0.0,8.0,8.0,0.0,0.0,0.0,0.0,600.0,8.0,1735.0,1745.0,1750.0,1750.0,1760.0,1770.0,2255.0,1735.0,0.0,31.0,18.0,4.0,13.0,12.0,10.0,2.0,8.0,1,8,8,6,6,2,2,0,0,12,12,10,10,2,2,0,0,41,800,False,False
41820,경기도,가평군,5.0,0.0,0.0,103.0,101.0,109.0,108.0,147.0,0.0,5.0,146.0,192.0,500.0,645.0,865.0,930.0,1285.0,146.0,5.0,1440.0,1455.0,2385.0,2815.0,3305.0,3345.0,3360.0,1440.0,0.0,4.0,96.0,49.0,0.0,47.0,40.0,15.0,4.0,21.0,1.0,1.0,1.0,1.0,0.0,0.0,72.0,72.0,72.0,72.0,72.0,0.0,72.0,72.0,410.0,410.0,410.0,410.0,410.0,72.0,890.0,905.0,905.0,1070.0,1075.0,1075.0,1080.0,890.0,0.0,28.0,16.0,0.0,17.0,12.0,5.0,2.0,8.0,0,0,0,0,0,0,0,0,0,0,0,0,0,0,0,0,0,41,820,False,False
41830,경기도,양평군,5.0,0.0,0.0,72.0,72.0,149.0,149.0,149.0,0.0,5.0,149.0,149.0,410.0,410.0,530.0,530.0,1035.0,149.0,5.0,3620.0,5725.0,5750.0,6245.0,6795.0,6855.0,6985.0,3620.0,0.0,5.0,119.0,76.0,6.0,37.0,45.0,33.0,0.0,12.0,1.0,1.0,1.0,1.0,0.0,0.0,72.0,72.0,72.0,72.0,72.0,0.0,72.0,72.0,410.0,410.0,410.0,410.0,625.0,72.0,1255.0,2105.0,2105.0,2105.0,2265.0,2275.0,2280.0,1255.0,0.0,30.0,22.0,6.0,12.0,13.0,10.0,0.0,4.0,0,0,0,0,0,0,0,0,0,0,0,0,0,0,0,0,0,41,830,False,False
43111,충청북도,청주시 상당구,6.0,0.0,0.0,0.0,0.0,0.0,0.0,0.0,0.0,6.0,0.0,166.0,0.0,0.0,0.0,0.0,0.0,0.0,6.0,0.0,0.0,0.0,0.0,0.0,2775.0,3420.0,0.0,0.0,5.0,118.0,95.0,5.0,18.0,54.0,42.0,5.0,7.0,1.0,1.0,1.0,1.0,0.0,0.0,0.0,0.0,0.0,0.0,0.0,0.0,0.0,166.0,0.0,0.0,0.0,0.0,0.0,0.0,0.0,0.0,0.0,0.0,0.0,830.0,860.0,0.0,0.0,31.0,31.0,4.0,10.0,20.0,20.0,2.0,3.0,2,14,8,8,4,0,0,6,4,38,20,29,20,6,6,3,3,43,111,False,False
43112,충청북도,청주시 서원구,4.0,0.0,0.0,0.0,0.0,0.0,0.0,0.0,0.0,4.0,0.0,0.0,0.0,0.0,0.0,0.0,0.0,0.0,4.0,0.0,0.0,0.0,0.0,0.0,2425.0,2470.0,0.0,0.0,4.0,92.0,72.0,5.0,15.0,48.0,42.0,1.0,5.0,1.0,1.0,1.0,1.0,0.0,0.0,0.0,0.0,0.0,0.0,0.0,0.0,0.0,0.0,0.0,0.0,0.0,0.0,0.0,0.0,0.0,0.0,0.0,0.0,0.0,945.0,955.0,0.0,0.0,27.0,25.0,4.0,10.0,20.0,20.0,2.0,3.0,2,14,8,8,4,0,0,6,4,38,20,29,20,6,6,3,3,43,112,False,False
43113,충청북도,청주시 흥덕구,8.0,0.0,0.0,4.0,2.0,5.0,2.0,0.0,0.0,8.0,0.0,0.0,0.0,0.0,0.0,0.0,0.0,0.0,8.0,4055.0,5370.0,5380.0,5390.0,5440.0,8335.0,8820.0,4055.0,0.0,8.0,189.0,142.0,9.0,38.0,96.0,80.0,2.0,14.0,1.0,1.0,1.0,1.0,0.0,0.0,4.0,2.0,5.0,2.0,0.0,0.0,0.0,0.0,0.0,0.0,0.0,0.0,0.0,0.0,2290.0,2295.0,2300.0,2305.0,2310.0,2320.0,2330.0,2290.0,0.0,32.0,31.0,4.0,17.0,20.0,20.0,3.0,5.0,2,14,8,8,4,0,0,6,4,38,20,29,20,6,6,3,3,43,113,False,False
43114,충청북도,청주시 청원구,7.0,0.0,0.0,4.0,2.0,5.0,2.0,0.0,0.0,7.0,0.0,0.0,0.0,0.0,0.0,0.0,0.0,0.0,7.0,1765.0,1775.0,1785.0,1790.0,1800.0,4450.0,4910.0,1765.0,0.0,6.0,132.0,98.0,6.0,28.0,71.0,63.0,2.0,6.0,1.0,1.0,1.0,1.0,0.0,0.0,4.0,2.0,5.0,2.0,0.0,0.0,0.0,0.0,0.0,0.0,0.0,0.0,0.0,0.0,1580.0,1590.0,1600.0,1605.0,1615.0,1635.0,1645.0,1580.0,0.0,31.0,31.0,4.0,9.0,20.0,20.0,2.0,3.0,2,14,8,8,4,0,0,6,4,38,20,29,20,6,6,3,3,43,114,False,False
43130,충청북도,충주시,9.0,0.0,0.0,268.0,253.0,404.0,388.0,363.0,0.0,9.0,339.0,490.0,1870.0,1595.0,1825.0,910.0,1615.0,339.0,10.0,0.0,0.0,0.0,0.0,0.0,690.0,3550.0,0.0,0.0,7.0,173.0,116.0,1.0,56.0,70.0,54.0,4.0,12.0,1.0,1.0,1.0,1.0,0.0,0.0,109.0,100.0,166.0,166.0,166.0,0.0,166.0,166.0,675.0,560.0,565.0,315.0,550.0,166.0,0.0,0.0,0.0,0.0,0.0,125.0,640.0,0.0,0.0,27.0,27.0,1.0,17.0,16.0,16.0,3.0,5.0,1,9,9,5,5,4,4,0,0,16,16,16,16,0,0,0,0,43,130,False,False
43150,충청북도,제천시,2.0,0.0,0.0,60.0,42.0,37.0,33.0,17.0,0.0,2.0,22.0,18.0,555.0,755.0,955.0,275.0,210.0,22.0,3.0,0.0,0.0,0.0,0.0,0.0,295.0,3095.0,0.0,0.0,3.0,50.0,37.0,1.0,12.0,39.0,30.0,5.0,4.0,1.0,1.0,1.0,1.0,0.0,0.0,31.0,25.0,22.0,20.0,17.0,0.0,14.0,12.0,390.0,590.0,775.0,185.0,210.0,14.0,0.0,0.0,0.0,0.0,0.0,145.0,1845.0,0.0,0.0,26.0,20.0,1.0,8.0,20.0,18.0,3.0,3.0,1,9,9,7,7,0,0,2,2,20,20,18,18,2,2,0,0,43,150,False,False
43720,충청북도,보은군,1.0,0.0,0.0,0.0,0.0,0.0,0.0,0.0,0.0,1.0,71.0,69.0,0.0,0.0,0.0,0.0,0.0,71.0,2.0,0.0,0.0,0.0,0.0,0.0,2335.0,2360.0,0.0,0.0,2.0,24.0,19.0,1.0,4.0,23.0,19.0,2.0,2.0,1.0,1.0,1.0,1.0,0.0,0.0,0.0,0.0,0.0,0.0,0.0,0.0,71.0,69.0,0.0,0.0,0.0,0.0,0.0,71.0,0.0,0.0,0.0,0.0,0.0,1840.0,1855.0,0.0,0.0,24.0,19.0,1.0,4.0,16.0,16.0,2.0,2.0,1,11,11,8,8,2,2,1,1,16,16,16,16,0,0,0,0,43,720,False,False
43730,충청북도,옥천군,1.0,0.0,0.0,0.0,0.0,0.0,0.0,0.0,0.0,1.0,0.0,0.0,0.0,0.0,0.0,0.0,0.0,0.0,2.0,0.0,0.0,0.0,0.0,0.0,2460.0,2485.0,0.0,0.0,2.0,34.0,16.0,1.0,17.0,24.0,24.0,0.0,0.0,1.0,1.0,1.0,1.0,0.0,0.0,0.0,0.0,0.0,0.0,0.0,0.0,0.0,0.0,0.0,0.0,0.0,0.0,0.0,0.0,0.0,0.0,0.0,0.0,0.0,1840.0,1855.0,0.0,0.0,34.0,16.0,1.0,17.0,16.0,16.0,0.0,0.0,1,11,11,8,8,2,2,1,1,16,16,16,16,0,0,0,0,43,730,False,False
43740,충청북도,영동군,1.0,0.0,0.0,0.0,5.0,0.0,0.0,0.0,0.0,1.0,9.0,3.0,0.0,0.0,0.0,0.0,0.0,9.0,2.0,0.0,0.0,0.0,0.0,0.0,2410.0,2445.0,0.0,0.0,2.0,21.0,15.0,0.0,6.0,22.0,19.0,2.0,1.0,1.0,1.0,1.0,1.0,0.0,0.0,0.0,5.0,0.0,0.0,0.0,0.0,9.0,3.0,0.0,0.0,0.0,0.0,0.0,9.0,0.0,0.0,0.0,0.0,0.0,1840.0,1855.0,0.0,0.0,21.0,15.0,0.0,6.0,16.0,16.0,2.0,1.0,1,11,11,8,8,2,2,1,1,16,16,16,16,0,0,0,0,43,740,False,False
43745,충청북도,증평군,2.0,0.0,0.0,0.0,0.0,0.0,0.0,0.0,0.0,2.0,0.0,0.0,0.0,0.0,0.0,0.0,0.0,0.0,2.0,0.0,0.0,0.0,0.0,0.0,55.0,290.0,0.0,0.0,2.0,40.0,30.0,4.0,6.0,31.0,27.0,0.0,4.0,1.0,1.0,1.0,1.0,0.0,0.0,0.0,0.0,0.0,0.0,0.0,0.0,0.0,0.0,0.0,0.0,0.0,0.0,0.0,0.0,0.0,0.0,0.0,0.0,0.0,55.0,290.0,0.0,0.0,27.0,21.0,4.0,6.0,20.0,20.0,0.0,4.0,1,6,6,4,4,2,2,0,0,17,17,15,15,2,2,0,0,43,745,False,False
43750,충청북도,진천군,6.0,0.0,0.0,4.0,2.0,5.0,2.0,0.0,0.0,6.0,0.0,0.0,0.0,0.0,0.0,0.0,0.0,0.0,6.0,185.0,185.0,185.0,185.0,185.0,2695.0,3715.0,185.0,0.0,5.0,113.0,99.0,1.0,13.0,53.0,44.0,-1.0,10.0,1.0,1.0,1.0,1.0,0.0,0.0,4.0,2.0,5.0,2.0,0.0,0.0,0.0,0.0,0.0,0.0,0.0,0.0,0.0,0.0,185.0,185.0,185.0,185.0,185.0,1335.0,1345.0,185.0,0.0,30.0,28.0,1.0,6.0,17.0,15.0,2.0,5.0,1,6,6,4,4,2,2,0,0,17,17,15,15,2,2,0,0,43,750,False,False
43760,충청북도,괴산군,5.0,0.0,0.0,30.0,30.0,30.0,30.0,30.0,0.0,5.0,30.0,25.0,30.0,30.0,30.0,30.0,30.0,30.0,5.0,0.0,0.0,0.0,0.0,0.0,220.0,915.0,0.0,0.0,4.0,89.0,55.0,0.0,34.0,39.0,29.0,2.0,8.0,1.0,1.0,1.0,1.0,0.0,0.0,30.0,30.0,30.0,30.0,30.0,0.0,30.0,25.0,30.0,30.0,30.0,30.0,30.0,30.0,0.0,0.0,0.0,0.0,0.0,60.0,290.0,0.0,0.0,27.0,22.0,0.0,17.0,16.0,16.0,1.0,4.0,1,9,9,5,5,4,4,0,0,16,16,16,16,0,0,0,0,43,760,False,False
43770,충청북도,음성군,8.0,0.0,0.0,70.0,65.0,65.0,58.0,52.0,0.0,8.0,48.0,42.0,95.0,100.0,200.0,0.0,0.0,48.0,8.0,185.0,185.0,185.0,185.0,185.0,1725.0,3455.0,185.0,0.0,7.0,167.0,141.0,0.0,26.0,74.0,67.0,1.0,6.0,1.0,1.0,1.0,1.0,0.0,0.0,66.0,63.0,60.0,56.0,52.0,0.0,48.0,42.0,95.0,100.0,200.0,0.0,0.0,48.0,185.0,185.0,185.0,185.0,185.0,1010.0,1020.0,185.0,0.0,30.0,28.0,0.0,9.0,17.0,16.0,2.0,3.0,1,9,9,5,5,4,4,0,0,16,16,16,16,0,0,0,0,43,770,False,False
43800,충청북도,단양군,1.0,0.0,0.0,27.0,25.0,23.0,21.0,19.0,0.0,1.0,17.0,15.0,180.0,190.0,205.0,215.0,235.0,17.0,2.0,0.0,0.0,0.0,0.0,0.0,705.0,2435.0,0.0,0.0,2.0,17.0,14.0,0.0,3.0,33.0,30.0,3.0,0.0,1.0,1.0,1.0,1.0,0.0,0.0,27.0,25.0,23.0,21.0,19.0,0.0,17.0,15.0,180.0,190.0,205.0,215.0,235.0,17.0,0.0,0.0,0.0,0.0,0.0,580.0,1845.0,0.0,0.0,17.0,14.0,0.0,3.0,20.0,18.0,2.0,0.0,1,9,9,7,7,0,0,2,2,20,20,18,18,2,2,0,0,43,800,False,False
44131,충청남도,천안시 동남구,6.0,0.0,0.0,4.0,2.0,5.0,2.0,0.0,0.0,6.0,11.0,0.0,0.0,0.0,100.0,0.0,0.0,11.0,6.0,185.0,185.0,185.0,185.0,185.0,185.0,605.0,185.0,0.0,5.0,97.0,79.0,8.0,10.0,58.0,37.0,7.0,14.0,1.0,1.0,1.0,1.0,0.0,0.0,4.0,2.0,5.0,2.0,0.0,0.0,11.0,0.0,0.0,0.0,100.0,0.0,0.0,11.0,185.0,185.0,185.0,185.0,185.0,185.0,605.0,185.0,0.0,25.0,25.0,6.0,6.0,18.0,15.0,3.0,10.0,4,40,12,16,6,13,10,11,6,64,18,26,14,9,4,29,14,44,131,False,False
44133,충청남도,천안시 서북구,11.0,0.0,0.0,4.0,2.0,5.0,2.0,0.0,0.0,11.0,0.0,0.0,0.0,0.0,100.0,0.0,0.0,0.0,11.0,185.0,185.0,185.0,185.0,185.0,185.0,605.0,185.0,0.0,11.0,236.0,203.0,10.0,23.0,123.0,80.0,19.0,24.0,1.0,1.0,1.0,1.0,0.0,0.0,4.0,2.0,5.0,2.0,0.0,0.0,0.0,0.0,0.0,0.0,100.0,0.0,0.0,0.0,185.0,185.0,185.0,185.0,185.0,185.0,605.0,185.0,0.0,27.0,27.0,7.0,8.0,18.0,15.0,4.0,10.0,4,40,12,16,6,13,10,11,6,64,18,26,14,9,4,29,14,44,133,False,False
44150,충청남도,공주시,4.0,0.0,0.0,2.0,2.0,0.0,0.0,0.0,0.0,4.0,0.0,0.0,185.0,185.0,105.0,0.0,0.0,0.0,4.0,0.0,0.0,0.0,0.0,0.0,0.0,0.0,0.0,0.0,3.0,66.0,39.0,0.0,27.0,29.0,14.0,0.0,15.0,1.0,1.0,1.0,1.0,0.0,0.0,2.0,2.0,0.0,0.0,0.0,0.0,0.0,0.0,185.0,185.0,105.0,0.0,0.0,0.0,0.0,0.0,0.0,0.0,0.0,0.0,0.0,0.0,0.0,28.0,26.0,0.0,20.0,12.0,6.0,0.0,6.0,0,0,0,0,0,0,0,0,0,0,0,0,0,0,0,0,0,44,150,False,False
44180,충청남도,보령시,3.0,0.0,0.0,78.0,76.0,73.0,67.0,64.0,0.0,3.0,60.0,57.0,695.0,685.0,470.0,510.0,455.0,60.0,5.0,0.0,0.0,0.0,0.0,0.0,0.0,0.0,0.0,15.0,2.0,37.0,25.0,2.0,10.0,20.0,12.0,0.0,8.0,1.0,1.0,1.0,1.0,0.0,0.0,78.0,76.0,73.0,67.0,64.0,0.0,60.0,57.0,695.0,685.0,470.0,510.0,455.0,60.0,0.0,0.0,0.0,0.0,0.0,0.0,0.0,0.0,15.0,26.0,19.0,2.0,5.0,12.0,6.0,0.0,6.0,0,0,0,0,0,0,0,0,0,0,0,0,0,0,0,0,0,44,180,False,False
44200,충청남도,아산시,11.0,0.0,0.0,10.0,0.0,45.0,0.0,0.0,0.0,11.0,0.0,0.0,10.0,0.0,145.0,0.0,0.0,0.0,12.0,0.0,0.0,0.0,0.0,0.0,0.0,0.0,0.0,39.6,7.0,121.0,100.0,13.0,8.0,81.0,53.0,8.0,20.0,1.0,1.0,1.0,1.0,0.0,0.0,10.0,0.0,45.0,0.0,0.0,0.0,0.0,0.0,10.0,0.0,100.0,0.0,0.0,0.0,0.0,0.0,0.0,0.0,0.0,0.0,0.0,0.0,19.8,26.0,23.0,5.0,4.0,18.0,14.0,3.0,10.0,2,18,12,10,6,3,2,5,5,34,18,22,14,2,2,10,10,44,200,False,False
44210,충청남도,서산시,8.0,0.0,0.0,124.0,118.0,112.0,126.0,122.0,0.0,8.0,284.0,279.0,1440.0,2245.0,2950.0,2895.0,2650.0,284.0,8.0,0.0,0.0,0.0,0.0,0.0,0.0,0.0,0.0,602.2417,6.0,140.0,93.0,21.0,26.0,71.0,44.0,6.0,21.0,1.0,1.0,1.0,1.0,0.0,0.0,114.0,112.0,111.0,110.0,109.0,0.0,166.0,166.0,690.0,820.0,820.0,905.0,875.0,166.0,0.0,0.0,0.0,0.0,0.0,0.0,0.0,0.0,320.0,27.0,21.0,9.0,16.0,18.0,16.0,4.0,11.0,2,26,16,0,0,8,6,18,10,36,18,0,0,16,12,20,14,44,210,False,False
44230,충청남도,논산시,4.0,0.0,0.0,44.0,22.0,19.0,16.0,14.0,0.0,4.0,177.0,174.0,625.0,605.0,525.0,345.0,355.0,177.0,4.0,0.0,0.0,0.0,0.0,0.0,0.0,0.0,0.0,0.0,3.0,55.0,36.0,11.0,8.0,36.0,22.0,0.0,14.0,1.0,1.0,1.0,1.0,0.0,0.0,44.0,22.0,19.0,16.0,14.0,0.0,166.0,166.0,625.0,605.0,525.0,345.0,355.0,166.0,0.0,0.0,0.0,0.0,0.0,0.0,0.0,0.0,0.0,24.0,21.0,6.0,5.0,16.0,10.0,0.0,6.0,1,10,10,2,2,8,8,0,0,16,16,10,10,0,0,6,6,44,230,False,False
44250,충청남도,계룡시,2.0,0.0,0.0,0.0,0.0,0.0,0.0,0.0,0.0,2.0,0.0,0.0,0.0,0.0,0.0,0.0,0.0,0.0,2.0,0.0,0.0,0.0,0.0,0.0,0.0,0.0,0.0,0.0,2.0,35.0,17.0,10.0,8.0,24.0,14.0,0.0,10.0,1.0,1.0,1.0,1.0,0.0,0.0,0.0,0.0,0.0,0.0,0.0,0.0,0.0,0.0,0.0,0.0,0.0,0.0,0.0,0.0,0.0,0.0,0.0,0.0,0.0,0.0,0.0,0.0,0.0,26.0,17.0,6.0,5.0,16.0,10.0,0.0,6.0,1,10,10,2,2,8,8,0,0,16,16,10,10,0,0,6,6,44,250,False,False
44270,충청남도,당진시,7.0,0.0,0.0,165.0,221.0,209.0,196.0,142.0,0.0,7.0,137.0,133.0,875.0,1695.0,1865.0,1770.0,1255.0,137.0,10.0,0.0,0.0,0.0,0.0,0.0,0.0,0.0,0.0,375.7624,8.0,166.0,102.0,40.0,24.0,93.0,35.0,19.0,39.0,1.0,1.0,1.0,1.0,0.0,0.0,149.0,147.0,147.0,145.0,141.0,0.0,137.0,133.0,390.0,430.0,495.0,470.0,515.0,137.0,0.0,0.0,0.0,0.0,0.0,0.0,0.0,0.0,142.9036,26.0,22.0,9.0,16.0,18.0,8.0,5.0,13.0,5,40,12,18,6,11,5,11,5,57,18,6,5,18,10,33,13,44,270,False,False
44710,충청남도,금산군,2.0,0.0,0.0,0.0,0.0,0.0,0.0,0.0,0.0,2.0,134.0,131.0,0.0,0.0,0.0,0.0,0.0,134.0,3.0,0.0,0.0,0.0,0.0,0.0,1840.0,1855.0,0.0,0.0,3.0,37.0,25.0,3.0,9.0,31.0,25.0,2.0,4.0,1.0,1.0,1.0,1.0,0.0,0.0,0.0,0.0,0.0,0.0,0.0,0.0,87.0,86.0,0.0,0.0,0.0,0.0,0.0,87.0,0.0,0.0,0.0,0.0,0.0,1840.0,1855.0,0.0,0.0,22.0,18.0,3.0,5.0,16.0,16.0,2.0,4.0,0,0,0,0,0,0,0,0,0,0,0,0,0,0,0,0,0,44,710,False,False
44760,충청남도,부여군,2.0,0.0,0.0,151.0,146.0,141.0,136.0,129.0,0.0,2.0,124.0,118.0,1150.0,1185.0,1175.0,800.0,810.0,124.0,3.0,0.0,0.0,0.0,0.0,0.0,1840.0,1855.0,0.0,0.0,3.0,51.0,31.0,3.0,17.0,36.0,26.0,0.0,10.0,1.0,1.0,1.0,1.0,0.0,0.0,103.0,102.0,100.0,99.0,97.0,0.0,96.0,94.0,705.0,700.0,605.0,450.0,450.0,96.0,0.0,0.0,0.0,0.0,0.0,1840.0,1855.0,0.0,0.0,27.0,16.0,3.0,12.0,16.0,16.0,0.0,8.0,0,0,0,0,0,0,0,0,0,0,0,0,0,0,0,0,0,44,760,False,False
44770,충청남도,서천군,1.0,0.0,0.0,0.0,0.0,45.0,40.0,36.0,0.0,1.0,30.0,23.0,0.0,0.0,435.0,420.0,415.0,30.0,2.0,0.0,0.0,0.0,0.0,0.0,1840.0,1855.0,0.0,0.0,3.0,38.0,23.0,6.0,9.0,33.0,25.0,3.0,5.0,1.0,1.0,1.0,1.0,0.0,0.0,0.0,0.0,45.0,40.0,36.0,0.0,30.0,23.0,0.0,0.0,435.0,420.0,415.0,30.0,0.0,0.0,0.0,0.0,0.0,1840.0,1855.0,0.0,0.0,26.0,17.0,6.0,6.0,16.0,16.0,2.0,5.0,0,0,0,0,0,0,0,0,0,0,0,0,0,0,0,0,0,44,770,False,False
44790,충청남도,청양군,1.0,0.0,0.0,0.0,0.0,0.0,0.0,0.0,0.0,1.0,0.0,0.0,0.0,0.0,0.0,0.0,0.0,0.0,2.0,0.0,0.0,0.0,0.0,0.0,1840.0,1855.0,0.0,0.0,2.0,11.0,6.0,0.0,5.0,28.0,22.0,0.0,6.0,1.0,1.0,1.0,1.0,0.0,0.0,0.0,0.0,0.0,0.0,0.0,0.0,0.0,0.0,0.0,0.0,0.0,0.0,0.0,0.0,0.0,0.0,0.0,0.0,0.0,1840.0,1855.0,0.0,0.0,11.0,6.0,0.0,5.0,16.0,16.0,0.0,6.0,1,10,10,10,10,0,0,0,0,12,12,6,6,0,0,6,6,44,790,False,False
44800,충청남도,홍성군,3.0,0.0,0.0,18.0,8.0,4.0,7.0,3.0,0.0,3.0,0.0,58.0,345.0,345.0,1175.0,1040.0,865.0,0.0,3.0,0.0,0.0,0.0,0.0,0.0,0.0,0.0,0.0,72.7588,3.0,78.0,51.0,13.0,14.0,30.0,18.0,5.0,7.0,1.0,1.0,1.0,1.0,0.0,0.0,18.0,8.0,4.0,7.0,3.0,0.0,0.0,58.0,345.0,345.0,680.0,570.0,515.0,0.0,0.0,0.0,0.0,0.0,0.0,0.0,0.0,0.0,72.7588,27.0,20.0,9.0,10.0,12.0,8.0,2.0,3.0,0,0,0,0,0,0,0,0,0,0,0,0,0,0,0,0,0,44,800,False,False
44810,충청남도,예산군,4.0,0.0,0.0,21.0,0.0,37.0,27.0,0.0,0.0,4.0,102.0,92.0,345.0,345.0,605.0,860.0,700.0,102.0,4.0,0.0,0.0,0.0,0.0,0.0,0.0,0.0,0.0,72.7588,3.0,72.0,55.0,11.0,6.0,30.0,18.0,2.0,10.0,1.0,1.0,1.0,1.0,0.0,0.0,21.0,0.0,30.0,27.0,0.0,0.0,102.0,92.0,345.0,345.0,495.0,470.0,515.0,102.0,0.0,0.0,0.0,0.0,0.0,0.0,0.0,0.0,72.7588,26.0,19.0,9.0,4.0,12.0,8.0,2.0,4.0,0,0,0,0,0,0,0,0,0,0,0,0,0,0,0,0,0,44,810,False,False
44825,충청남도,태안군,2.0,0.0,0.0,82.0,80.0,78.0,76.0,75.0,0.0,2.0,73.0,71.0,750.0,750.0,1070.0,1015.0,1110.0,73.0,3.0,0.0,0.0,0.0,0.0,0.0,0.0,0.0,0.0,89.4568,2.0,50.0,33.0,13.0,4.0,18.0,10.0,5.0,3.0,1.0,1.0,1.0,1.0,0.0,0.0,82.0,80.0,78.0,76.0,75.0,0.0,73.0,71.0,405.0,405.0,575.0,545.0,595.0,73.0,0.0,0.0,0.0,0.0,0.0,0.0,0.0,0.0,72.7588,26.0,17.0,9.0,4.0,10.0,6.0,3.0,2.0,0,0,0,0,0,0,0,0,0,0,0,0,0,0,0,0,0,44,825,False,False
47111,경상북도,포항시 남구,0.0,0.0,0.0,0.0,0.0,0.0,0.0,0.0,0.0,0.0,0.0,0.0,0.0,0.0,0.0,0.0,0.0,0.0,8.0,1785.0,1785.0,2310.0,2310.0,2340.0,6980.0,6980.0,1785.0,321.2,6.0,94.0,71.0,10.0,13.0,68.0,40.0,12.0,16.0,0.0,0.0,1.0,1.0,0.0,0.0,0.0,0.0,0.0,0.0,0.0,0.0,0.0,0.0,0.0,0.0,0.0,0.0,0.0,0.0,1095.0,1095.0,1620.0,1620.0,1650.0,2110.0,2110.0,1095.0,145.6,24.0,18.0,4.0,5.0,16.0,11.0,6.0,8.0,1,12,12,4,4,2,2,6,6,15,15,8,8,5,5,2,2,47,111,False,False
47113,경상북도,포항시 북구,0.0,0.0,0.0,0.0,0.0,0.0,0.0,0.0,0.0,0.0,0.0,0.0,0.0,0.0,0.0,0.0,0.0,0.0,6.0,6080.0,6085.0,6860.0,6865.0,6990.0,7015.0,7015.0,6080.0,138.76,5.0,89.0,69.0,10.0,10.0,51.0,34.0,12.0,5.0,0.0,0.0,1.0,1.0,0.0,0.0,0.0,0.0,0.0,0.0,0.0,0.0,0.0,0.0,0.0,0.0,0.0,0.0,0.0,0.0,1195.0,1195.0,1620.0,1620.0,1650.0,1675.0,1675.0,1195.0,62.0,26.0,23.0,4.0,4.0,15.0,11.0,5.0,2.0,1,14,14,14,14,0,0,0,0,17,17,9,9,5,5,3,3,47,113,False,False
47130,경상북도,경주시,0.0,0.0,0.0,0.0,0.0,0.0,0.0,0.0,0.0,0.0,0.0,0.0,0.0,0.0,0.0,0.0,0.0,0.0,7.0,2850.0,3415.0,3415.0,3415.0,3505.0,4905.0,4905.0,2850.0,174.0,9.0,171.0,121.0,13.0,37.0,86.0,46.0,15.0,25.0,0.0,0.0,1.0,1.0,0.0,0.0,0.0,0.0,0.0,0.0,0.0,0.0,0.0,0.0,0.0,0.0,0.0,0.0,0.0,0.0,1195.0,1195.0,1195.0,1195.0,1285.0,1285.0,1285.0,1195.0,81.0,30.0,26.0,3.0,8.0,13.0,8.0,6.0,8.0,3,32,14,24,14,4,4,4,4,46,17,23,9,6,5,17,7,47,130,False,False
47150,경상북도,김천시,0.0,0.0,0.0,0.0,0.0,0.0,0.0,0.0,0.0,0.0,0.0,0.0,0.0,0.0,0.0,0.0,0.0,0.0,4.0,3040.0,3040.0,3040.0,3085.0,3115.0,3180.0,3195.0,3040.0,0.0,3.0,46.0,39.0,3.0,4.0,28.0,16.0,2.0,10.0,0.0,0.0,1.0,1.0,0.0,0.0,0.0,0.0,0.0,0.0,0.0,0.0,0.0,0.0,0.0,0.0,0.0,0.0,0.0,0.0,925.0,925.0,925.0,940.0,945.0,965.0,965.0,925.0,0.0,19.0,15.0,3.0,2.0,12.0,6.0,2.0,6.0,1,12,12,12,12,0,0,0,0,12,12,10,10,1,1,1,1,47,150,False,False
47170,경상북도,안동시,0.0,0.0,0.0,0.0,0.0,0.0,0.0,0.0,0.0,0.0,0.0,0.0,0.0,0.0,0.0,0.0,0.0,0.0,5.0,0.0,0.0,0.0,0.0,0.0,1235.0,1435.0,0.0,0.0,4.0,99.0,63.0,9.0,27.0,29.0,22.0,3.0,4.0,0.0,0.0,1.0,1.0,0.0,0.0,0.0,0.0,0.0,0.0,0.0,0.0,0.0,0.0,0.0,0.0,0.0,0.0,0.0,0.0,0.0,0.0,0.0,0.0,0.0,440.0,500.0,0.0,0.0,32.0,19.0,5.0,17.0,8.0,7.0,1.0,2.0,1,15,15,8,8,2,2,5,5,13,13,11,11,2,2,0,0,47,170,False,False
47190,경상북도,구미시,0.0,0.0,0.0,0.0,0.0,0.0,0.0,0.0,0.0,0.0,0.0,0.0,0.0,0.0,0.0,0.0,0.0,0.0,10.0,535.0,535.0,645.0,645.0,645.0,5000.0,5070.0,535.0,20.0,8.0,160.0,120.0,12.0,28.0,102.0,73.0,19.0,10.0,0.0,0.0,1.0,1.0,0.0,0.0,0.0,0.0,0.0,0.0,0.0,0.0,0.0,0.0,0.0,0.0,0.0,0.0,0.0,0.0,535.0,535.0,645.0,645.0,645.0,800.0,800.0,535.0,20.0,32.0,27.0,6.0,10.0,24.0,16.0,6.0,4.0,2,26,14,16,12,2,2,8,8,50,38,28,18,8,7,14,13,47,190,False,False
47210,경상북도,영주시,0.0,0.0,0.0,0.0,0.0,0.0,0.0,0.0,0.0,0.0,0.0,0.0,0.0,0.0,0.0,0.0,0.0,0.0,6.0,1010.0,1010.0,1130.0,1130.0,1130.0,1340.0,1610.0,1010.0,49.6,4.0,77.0,62.0,4.0,11.0,42.0,30.0,3.0,9.0,0.0,0.0,1.0,1.0,0.0,0.0,0.0,0.0,0.0,0.0,0.0,0.0,0.0,0.0,0.0,0.0,0.0,0.0,0.0,0.0,775.0,775.0,775.0,775.0,775.0,775.0,775.0,775.0,49.6,28.0,23.0,2.0,7.0,13.0,11.0,2.0,5.0,1,15,15,8,8,2,2,5,5,13,13,11,11,2,2,0,0,47,210,False,False
47230,경상북도,영천시,0.0,0.0,0.0,0.0,0.0,0.0,0.0,0.0,0.0,0.0,0.0,0.0,0.0,0.0,0.0,0.0,0.0,0.0,6.0,6215.0,6510.0,6515.0,6545.0,6585.0,6590.0,6630.0,6215.0,49.6,6.0,135.0,98.0,4.0,33.0,59.0,39.0,1.0,19.0,0.0,0.0,1.0,1.0,0.0,0.0,0.0,0.0,0.0,0.0,0.0,0.0,0.0,0.0,0.0,0.0,0.0,0.0,0.0,0.0,2100.0,2385.0,2385.0,2410.0,2440.0,2440.0,2465.0,2100.0,49.6,33.0,28.0,2.0,9.0,12.0,11.0,1.0,8.0,1,14,14,8,8,2,2,4,4,19,19,19,19,0,0,0,0,47,230,False,False
47250,경상북도,상주시,0.0,0.0,0.0,0.0,0.0,0.0,0.0,0.0,0.0,0.0,0.0,0.0,0.0,0.0,0.0,0.0,0.0,0.0,6.0,0.0,0.0,0.0,0.0,0.0,1755.0,1760.0,0.0,0.0,4.0,83.0,54.0,3.0,26.0,55.0,34.0,10.0,11.0,0.0,0.0,1.0,1.0,0.0,0.0,0.0,0.0,0.0,0.0,0.0,0.0,0.0,0.0,0.0,0.0,0.0,0.0,0.0,0.0,0.0,0.0,0.0,0.0,0.0,560.0,560.0,0.0,0.0,31.0,23.0,2.0,13.0,24.0,16.0,4.0,5.0,2,29,15,12,8,4,2,13,8,51,38,29,18,9,7,13,13,47,250,False,False
47280,경상북도,문경시,0.0,0.0,0.0,0.0,0.0,0.0,0.0,0.0,0.0,0.0,0.0,0.0,0.0,0.0,0.0,0.0,0.0,0.0,3.0,0.0,0.0,0.0,0.0,0.0,630.0,650.0,0.0,36.0,3.0,81.0,39.0,3.0,39.0,25.0,13.0,8.0,4.0,0.0,0.0,1.0,1.0,0.0,0.0,0.0,0.0,0.0,0.0,0.0,0.0,0.0,0.0,0.0,0.0,0.0,0.0,0.0,0.0,0.0,0.0,0.0,0.0,0.0,210.0,220.0,0.0,36.0,31.0,19.0,2.0,18.0,10.0,7.0,8.0,4.0,1,15,15,8,8,2,2,5,5,13,13,11,11,2,2,0,0,47,280,False,False
47290,경상북도,경산시,0.0,0.0,0.0,0.0,0.0,0.0,0.0,0.0,0.0,0.0,0.0,0.0,0.0,0.0,0.0,0.0,0.0,0.0,6.0,6900.0,7690.0,7945.0,8005.0,8060.0,8080.0,8140.0,6900.0,0.0,5.0,106.0,84.0,4.0,18.0,42.0,27.0,7.0,8.0,0.0,0.0,1.0,1.0,0.0,0.0,0.0,0.0,0.0,0.0,0.0,0.0,0.0,0.0,0.0,0.0,0.0,0.0,0.0,0.0,2100.0,2385.0,2385.0,2410.0,2440.0,2440.0,2465.0,2100.0,0.0,33.0,28.0,2.0,5.0,11.0,11.0,5.0,4.0,1,14,14,8,8,2,2,4,4,19,19,19,19,0,0,0,0,47,290,False,False
47730,경상북도,의성군,0.0,0.0,0.0,0.0,0.0,0.0,0.0,0.0,0.0,0.0,0.0,0.0,0.0,0.0,0.0,0.0,0.0,0.0,4.0,0.0,0.0,0.0,0.0,0.0,780.0,830.0,0.0,0.0,3.0,53.0,25.0,7.0,21.0,38.0,25.0,4.0,9.0,0.0,0.0,1.0,1.0,0.0,0.0,0.0,0.0,0.0,0.0,0.0,0.0,0.0,0.0,0.0,0.0,0.0,0.0,0.0,0.0,0.0,0.0,0.0,0.0,0.0,370.0,370.0,0.0,0.0,33.0,13.0,5.0,18.0,24.0,16.0,4.0,4.0,1,14,14,4,4,2,2,8,8,38,38,18,18,7,7,13,13,47,730,False,False
47750,경상북도,청송군,0.0,0.0,0.0,0.0,0.0,0.0,0.0,0.0,0.0,0.0,0.0,0.0,0.0,0.0,0.0,0.0,0.0,0.0,1.0,0.0,0.0,0.0,0.0,0.0,0.0,720.0,0.0,77.84,0.0,0.0,0.0,0.0,0.0,0.0,0.0,0.0,0.0,0.0,0.0,1.0,1.0,0.0,0.0,0.0,0.0,0.0,0.0,0.0,0.0,0.0,0.0,0.0,0.0,0.0,0.0,0.0,0.0,0.0,0.0,0.0,0.0,0.0,0.0,720.0,0.0,77.84,0.0,0.0,0.0,0.0,0.0,0.0,0.0,0.0,1,15,15,8,8,2,2,5,5,13,13,11,11,2,2,0,0,47,750,False,False
47760,경상북도,영양군,0.0,0.0,0.0,0.0,0.0,0.0,0.0,0.0,0.0,0.0,0.0,0.0,0.0,0.0,0.0,0.0,0.0,0.0,2.0,0.0,0.0,0.0,0.0,0.0,0.0,815.0,0.0,204.8523,1.0,25.0,16.0,0.0,9.0,8.0,7.0,1.0,0.0,0.0,0.0,1.0,1.0,0.0,0.0,0.0,0.0,0.0,0.0,0.0,0.0,0.0,0.0,0.0,0.0,0.0,0.0,0.0,0.0,0.0,0.0,0.0,0.0,0.0,0.0,720.0,0.0,127.0123,25.0,16.0,0.0,9.0,8.0,7.0,1.0,0.0,1,15,15,8,8,2,2,5,5,13,13,11,11,2,2,0,0,47,760,False,False
47770,경상북도,영덕군,0.0,0.0,0.0,0.0,0.0,0.0,0.0,0.0,0.0,0.0,0.0,0.0,0.0,0.0,0.0,0.0,0.0,0.0,2.0,0.0,0.0,0.0,0.0,0.0,495.0,1255.0,0.0,49.0,1.0,26.0,16.0,2.0,8.0,12.0,7.0,4.0,1.0,0.0,0.0,1.0,1.0,0.0,0.0,0.0,0.0,0.0,0.0,0.0,0.0,0.0,0.0,0.0,0.0,0.0,0.0,0.0,0.0,0.0,0.0,0.0,0.0,0.0,495.0,760.0,0.0,49.0,26.0,16.0,2.0,8.0,12.0,7.0,4.0,1.0,1,12,12,4,4,2,2,6,6,15,15,8,8,5,5,2,2,47,770,False,False
47820,경상북도,청도군,0.0,0.0,0.0,0.0,0.0,0.0,0.0,0.0,0.0,0.0,0.0,0.0,0.0,0.0,0.0,0.0,0.0,0.0,2.0,1935.0,2650.0,2735.0,2765.0,2775.0,2810.0,2825.0,1935.0,0.0,2.0,21.0,15.0,0.0,6.0,22.0,12.0,0.0,10.0,0.0,0.0,1.0,1.0,0.0,0.0,0.0,0.0,0.0,0.0,0.0,0.0,0.0,0.0,0.0,0.0,0.0,0.0,0.0,0.0,1505.0,2220.0,2305.0,2335.0,2345.0,2380.0,2395.0,1505.0,0.0,21.0,15.0,0.0,6.0,18.0,8.0,0.0,10.0,1,12,12,11,11,1,1,0,0,18,18,8,8,0,0,10,10,47,820,False,False
47830,경상북도,고령군,0.0,0.0,0.0,0.0,0.0,0.0,0.0,0.0,0.0,0.0,0.0,0.0,0.0,0.0,0.0,0.0,0.0,0.0,4.0,3100.0,3125.0,4050.0,4055.0,4055.0,4055.0,4070.0,3100.0,0.0,4.0,71.0,63.0,0.0,8.0,40.0,27.0,5.0,8.0,0.0,0.0,1.0,1.0,0.0,0.0,0.0,0.0,0.0,0.0,0.0,0.0,0.0,0.0,0.0,0.0,0.0,0.0,0.0,0.0,1175.0,1175.0,1315.0,1315.0,1315.0,1315.0,1325.0,1175.0,0.0,32.0,29.0,0.0,4.0,18.0,13.0,4.0,5.0,1,16,16,12,12,0,0,4,4,18,18,13,13,2,2,3,3,47,830,False,False
47840,경상북도,성주군,0.0,0.0,0.0,0.0,0.0,0.0,0.0,0.0,0.0,0.0,0.0,0.0,0.0,0.0,0.0,0.0,0.0,0.0,3.0,2580.0,2580.0,2580.0,2580.0,2585.0,2585.0,2595.0,2580.0,49.6,2.0,46.0,34.0,2.0,10.0,16.0,10.0,1.0,5.0,0.0,0.0,1.0,1.0,0.0,0.0,0.0,0.0,0.0,0.0,0.0,0.0,0.0,0.0,0.0,0.0,0.0,0.0,0.0,0.0,1135.0,1135.0,1135.0,1135.0,1135.0,1135.0,1145.0,1135.0,49.6,25.0,22.0,2.0,7.0,8.0,6.0,1.0,4.0,0,0,0,0,0,0,0,0,0,0,0,0,0,0,0,0,0,47,840,False,False
47850,경상북도,칠곡군,0.0,0.0,0.0,0.0,0.0,0.0,0.0,0.0,0.0,0.0,0.0,0.0,0.0,0.0,0.0,0.0,0.0,0.0,6.0,5425.0,5425.0,5900.0,5970.0,5970.0,6950.0,6995.0,5425.0,0.0,5.0,69.0,61.0,0.0,8.0,53.0,40.0,3.0,10.0,0.0,0.0,1.0,1.0,0.0,0.0,0.0,0.0,0.0,0.0,0.0,0.0,0.0,0.0,0.0,0.0,0.0,0.0,0.0,0.0,2425.0,2425.0,2425.0,2495.0,2495.0,2495.0,2515.0,2425.0,0.0,28.0,27.0,0.0,5.0,12.0,11.0,1.0,4.0,2,22,12,21,12,1,1,0,0,24,12,20,10,1,1,3,2,47,850,False,False
47900,경상북도,예천군,0.0,0.0,0.0,0.0,0.0,0.0,0.0,0.0,0.0,0.0,0.0,0.0,0.0,0.0,0.0,0.0,0.0,0.0,3.0,0.0,0.0,0.0,0.0,0.0,680.0,740.0,0.0,0.0,2.0,47.0,32.0,1.0,14.0,15.0,8.0,1.0,6.0,0.0,0.0,1.0,1.0,0.0,0.0,0.0,0.0,0.0,0.0,0.0,0.0,0.0,0.0,0.0,0.0,0.0,0.0,0.0,0.0,0.0,0.0,0.0,0.0,0.0,285.0,335.0,0.0,0.0,26.0,18.0,1.0,11.0,8.0,4.0,1.0,4.0,1,15,15,8,8,2,2,5,5,13,13,11,11,2,2,0,0,47,900,False,False
47920,경상북도,봉화군,0.0,0.0,0.0,0.0,0.0,0.0,0.0,0.0,0.0,0.0,0.0,0.0,0.0,0.0,0.0,0.0,0.0,0.0,4.0,0.0,0.0,0.0,0.0,0.0,500.0,640.0,0.0,0.0,2.0,60.0,37.0,2.0,21.0,20.0,15.0,1.0,4.0,0.0,0.0,1.0,1.0,0.0,0.0,0.0,0.0,0.0,0.0,0.0,0.0,0.0,0.0,0.0,0.0,0.0,0.0,0.0,0.0,0.0,0.0,0.0,0.0,0.0,495.0,495.0,0.0,0.0,32.0,23.0,1.0,17.0,12.0,9.0,1.0,3.0,1,15,15,8,8,2,2,5,5,13,13,11,11,2,2,0,0,47,920,False,False
47930,경상북도,울진군,0.0,0.0,0.0,0.0,0.0,0.0,0.0,0.0,0.0,0.0,0.0,0.0,0.0,0.0,0.0,0.0,0.0,0.0,3.0,0.0,0.0,0.0,0.0,0.0,495.0,1105.0,0.0,276.7618,1.0,17.0,13.0,4.0,0.0,11.0,6.0,1.0,4.0,0.0,0.0,1.0,1.0,0.0,0.0,0.0,0.0,0.0,0.0,0.0,0.0,0.0,0.0,0.0,0.0,0.0,0.0,0.0,0.0,0.0,0.0,0.0,0.0,0.0,495.0,495.0,0.0,205.9769,17.0,13.0,4.0,0.0,11.0,6.0,1.0,4.0,1,15,15,8,8,2,2,5,5,13,13,11,11,2,2,0,0,47,930,False,False
47940,경상북도,울릉군,0.0,0.0,0.0,0.0,0.0,0.0,0.0,0.0,0.0,0.0,0.0,0.0,0.0,0.0,0.0,0.0,0.0,0.0,0.0,0.0,0.0,0.0,0.0,0.0,0.0,0.0,0.0,0.0,0.0,0.0,0.0,0.0,0.0,0.0,0.0,0.0,0.0,0.0,0.0,0.0,0.0,0.0,0.0,0.0,0.0,0.0,0.0,0.0,0.0,0.0,0.0,0.0,0.0,0.0,0.0,0.0,0.0,0.0,0.0,0.0,0.0,0.0,0.0,0.0,0.0,0.0,0.0,0.0,0.0,0.0,0.0,0.0,0.0,0.0,0,0,0,0,0,0,0,0,0,0,0,0,0,0,0,0,0,47,940,False,True
48121,경상남도,창원시 의창구,0.0,0.0,0.0,0.0,0.0,0.0,0.0,0.0,0.0,0.0,0.0,0.0,0.0,0.0,0.0,0.0,0.0,0.0,9.0,5605.0,8955.0,9065.0,9165.0,9185.0,9195.0,9285.0,5605.0,0.0,8.0,151.0,124.0,0.0,27.0,121.0,81.0,1.0,39.0,0.0,0.0,1.0,1.0,0.0,0.0,0.0,0.0,0.0,0.0,0.0,0.0,0.0,0.0,0.0,0.0,0.0,0.0,0.0,0.0,1775.0,1775.0,1820.0,1875.0,1875.0,1875.0,1965.0,1775.0,0.0,31.0,27.0,0.0,10.0,26.0,20.0,1.0,8.0,2,15,9,14,8,0,0,1,1,31,17,26,14,0,0,5,3,48,121,False,False
48123,경상남도,창원시 성산구,0.0,0.0,0.0,0.0,0.0,0.0,0.0,0.0,0.0,0.0,0.0,0.0,0.0,0.0,0.0,0.0,0.0,0.0,9.0,7355.0,7910.0,9345.0,9470.0,9470.0,9480.0,9625.0,7355.0,0.0,7.0,137.0,113.0,0.0,24.0,101.0,68.0,3.0,30.0,0.0,0.0,1.0,1.0,0.0,0.0,0.0,0.0,0.0,0.0,0.0,0.0,0.0,0.0,0.0,0.0,0.0,0.0,0.0,0.0,1775.0,1775.0,1820.0,1875.0,1875.0,1875.0,1965.0,1775.0,0.0,25.0,23.0,0.0,10.0,26.0,20.0,2.0,8.0,3,19,9,18,8,0,0,1,1,58,27,35,14,0,0,23,18,48,123,False,False
48125,경상남도,창원시 마산합포구,0.0,0.0,0.0,0.0,0.0,0.0,0.0,0.0,0.0,0.0,0.0,0.0,0.0,0.0,0.0,0.0,0.0,0.0,3.0,735.0,1950.0,1950.0,1950.0,1960.0,1960.0,2295.0,735.0,0.0,2.0,35.0,34.0,0.0,1.0,33.0,22.0,2.0,9.0,0.0,0.0,1.0,1.0,0.0,0.0,0.0,0.0,0.0,0.0,0.0,0.0,0.0,0.0,0.0,0.0,0.0,0.0,0.0,0.0,675.0,1275.0,1275.0,1275.0,1280.0,1280.0,1280.0,675.0,0.0,24.0,23.0,0.0,1.0,26.0,20.0,2.0,6.0,2,15,9,14,8,0,0,1,1,31,17,26,14,0,0,5,3,48,125,False,False
48127,경상남도,창원시 마산회원구,0.0,0.0,0.0,0.0,0.0,0.0,0.0,0.0,0.0,0.0,0.0,0.0,0.0,0.0,0.0,0.0,0.0,0.0,4.0,1345.0,3415.0,3420.0,3425.0,3430.0,3430.0,3430.0,1345.0,0.0,4.0,79.0,59.0,0.0,20.0,54.0,32.0,0.0,22.0,0.0,0.0,1.0,1.0,0.0,0.0,0.0,0.0,0.0,0.0,0.0,0.0,0.0,0.0,0.0,0.0,0.0,0.0,0.0,0.0,525.0,1275.0,1275.0,1275.0,1280.0,1280.0,1280.0,525.0,0.0,31.0,26.0,0.0,10.0,26.0,20.0,0.0,7.0,2,15,9,14,8,0,0,1,1,31,17,26,14,0,0,5,3,48,127,False,False
48129,경상남도,창원시 진해구,0.0,0.0,0.0,0.0,0.0,0.0,0.0,0.0,0.0,0.0,0.0,0.0,0.0,0.0,0.0,0.0,0.0,0.0,5.0,3220.0,3455.0,3485.0,3530.0,3530.0,3720.0,3740.0,3220.0,0.0,5.0,90.0,66.0,5.0,19.0,59.0,49.0,3.0,7.0,0.0,0.0,1.0,1.0,0.0,0.0,0.0,0.0,0.0,0.0,0.0,0.0,0.0,0.0,0.0,0.0,0.0,0.0,0.0,0.0,1010.0,1150.0,1180.0,1225.0,1225.0,1225.0,1225.0,1010.0,0.0,29.0,25.0,4.0,10.0,26.0,20.0,3.0,6.0,3,19,9,16,8,0,0,3,2,41,17,36,14,0,0,5,3,48,129,False,False
48170,경상남도,진주시,0.0,0.0,0.0,0.0,0.0,0.0,0.0,0.0,0.0,0.0,0.0,0.0,0.0,0.0,0.0,0.0,0.0,0.0,7.0,970.0,2165.0,2660.0,3230.0,4050.0,4050.0,4760.0,970.0,0.0,7.0,132.0,110.0,0.0,22.0,93.0,50.0,5.0,38.0,0.0,0.0,1.0,1.0,0.0,0.0,0.0,0.0,0.0,0.0,0.0,0.0,0.0,0.0,0.0,0.0,0.0,0.0,0.0,0.0,670.0,1195.0,1495.0,1495.0,1495.0,1495.0,1495.0,670.0,0.0,31.0,28.0,0.0,7.0,25.0,14.0,3.0,11.0,1,12,12,10,10,2,2,0,0,18,18,8,8,2,2,8,8,48,170,False,False
48220,경상남도,통영시,0.0,0.0,0.0,0.0,0.0,0.0,0.0,0.0,0.0,0.0,0.0,0.0,0.0,0.0,0.0,0.0,0.0,0.0,4.0,0.0,0.0,0.0,0.0,0.0,0.0,1470.0,0.0,1.866,3.0,44.0,36.0,0.0,8.0,41.0,26.0,0.0,15.0,0.0,0.0,1.0,1.0,0.0,0.0,0.0,0.0,0.0,0.0,0.0,0.0,0.0,0.0,0.0,0.0,0.0,0.0,0.0,0.0,0.0,0.0,0.0,0.0,0.0,0.0,705.0,0.0,1.866,31.0,25.0,0.0,6.0,25.0,14.0,0.0,11.0,0,0,0,0,0,0,0,0,0,0,0,0,0,0,0,0,0,48,220,False,False
48240,경상남도,사천시,0.0,0.0,0.0,0.0,0.0,0.0,0.0,0.0,0.0,0.0,0.0,0.0,0.0,0.0,0.0,0.0,0.0,0.0,5.0,0.0,0.0,0.0,0.0,0.0,355.0,1820.0,0.0,0.0,4.0,69.0,55.0,0.0,14.0,51.0,33.0,3.0,15.0,0.0,0.0,1.0,1.0,0.0,0.0,0.0,0.0,0.0,0.0,0.0,0.0,0.0,0.0,0.0,0.0,0.0,0.0,0.0,0.0,0.0,0.0,0.0,0.0,0.0,355.0,650.0,0.0,0.0,28.0,24.0,0.0,9.0,25.0,14.0,3.0,11.0,1,16,16,12,12,3,3,1,1,10,10,10,10,0,0,0,0,48,240,False,False
48250,경상남도,김해시,0.0,0.0,0.0,0.0,0.0,0.0,0.0,0.0,0.0,0.0,0.0,0.0,0.0,0.0,0.0,0.0,0.0,0.0,12.0,7535.0,7780.0,8715.0,8875.0,8910.0,8955.0,8970.0,7535.0,0.0,7.0,168.0,134.0,2.0,32.0,85.0,51.0,0.0,34.0,0.0,0.0,1.0,1.0,0.0,0.0,0.0,0.0,0.0,0.0,0.0,0.0,0.0,0.0,0.0,0.0,0.0,0.0,0.0,0.0,1105.0,1150.0,1215.0,1225.0,1225.0,1225.0,1225.0,1105.0,0.0,31.0,27.0,2.0,10.0,26.0,20.0,0.0,8.0,3,28,15,23,13,0,0,5,2,41,17,31,12,2,2,8,6,48,250,False,False
48270,경상남도,밀양시,0.0,0.0,0.0,0.0,0.0,0.0,0.0,0.0,0.0,0.0,0.0,0.0,0.0,0.0,0.0,0.0,0.0,0.0,5.0,2380.0,3910.0,3945.0,3990.0,4015.0,4025.0,4040.0,2380.0,0.0,5.0,96.0,70.0,0.0,26.0,80.0,56.0,0.0,24.0,0.0,0.0,1.0,1.0,0.0,0.0,0.0,0.0,0.0,0.0,0.0,0.0,0.0,0.0,0.0,0.0,0.0,0.0,0.0,0.0,915.0,1275.0,1275.0,1275.0,1280.0,1280.0,1280.0,915.0,0.0,26.0,23.0,0.0,10.0,26.0,20.0,0.0,8.0,0,0,0,0,0,0,0,0,0,0,0,0,0,0,0,0,0,48,270,False,False
48310,경상남도,거제시,0.0,0.0,0.0,0.0,0.0,0.0,0.0,0.0,0.0,0.0,0.0,0.0,0.0,0.0,0.0,0.0,0.0,0.0,4.0,0.0,0.0,590.0,0.0,0.0,0.0,3225.0,0.0,0.0,3.0,51.0,43.0,2.0,6.0,45.0,28.0,2.0,15.0,0.0,0.0,1.0,1.0,0.0,0.0,0.0,0.0,0.0,0.0,0.0,0.0,0.0,0.0,0.0,0.0,0.0,0.0,0.0,0.0,0.0,0.0,590.0,0.0,0.0,0.0,1200.0,0.0,0.0,31.0,27.0,2.0,4.0,25.0,14.0,2.0,11.0,0,0,0,0,0,0,0,0,0,0,0,0,0,0,0,0,0,48,310,False,False
48330,경상남도,양산시,0.0,0.0,0.0,0.0,0.0,0.0,0.0,0.0,0.0,0.0,0.0,0.0,0.0,0.0,0.0,0.0,0.0,0.0,9.0,1395.0,4435.0,4470.0,4870.0,4870.0,4960.0,4975.0,1395.0,19.8,6.0,128.0,112.0,5.0,11.0,63.0,40.0,5.0,18.0,0.0,0.0,1.0,1.0,0.0,0.0,0.0,0.0,0.0,0.0,0.0,0.0,0.0,0.0,0.0,0.0,0.0,0.0,0.0,0.0,885.0,885.0,920.0,1050.0,1050.0,1050.0,1050.0,885.0,19.8,26.0,26.0,4.0,6.0,17.0,9.0,2.0,6.0,1,15,15,13,13,0,0,2,2,17,17,9,9,2,2,6,6,48,330,False,False
48720,경상남도,의령군,0.0,0.0,0.0,0.0,0.0,0.0,0.0,0.0,0.0,0.0,0.0,0.0,0.0,0.0,0.0,0.0,0.0,0.0,2.0,560.0,1755.0,2055.0,2055.0,2055.0,2055.0,2055.0,560.0,0.0,1.0,8.0,7.0,0.0,1.0,22.0,12.0,0.0,10.0,0.0,0.0,1.0,1.0,0.0,0.0,0.0,0.0,0.0,0.0,0.0,0.0,0.0,0.0,0.0,0.0,0.0,0.0,0.0,0.0,560.0,1195.0,1495.0,1495.0,1495.0,1495.0,1495.0,560.0,0.0,8.0,7.0,0.0,1.0,22.0,12.0,0.0,10.0,1,12,12,10,10,2,2,0,0,18,18,8,8,2,2,8,8,48,720,False,False
48730,경상남도,함안군,0.0,0.0,0.0,0.0,0.0,0.0,0.0,0.0,0.0,0.0,0.0,0.0,0.0,0.0,0.0,0.0,0.0,0.0,5.0,1470.0,3550.0,4305.0,4380.0,4410.0,4425.0,4435.0,1470.0,0.0,3.0,46.0,37.0,4.0,5.0,47.0,32.0,2.0,13.0,0.0,0.0,1.0,1.0,0.0,0.0,0.0,0.0,0.0,0.0,0.0,0.0,0.0,0.0,0.0,0.0,0.0,0.0,0.0,0.0,525.0,1275.0,1275.0,1275.0,1280.0,1280.0,1280.0,525.0,0.0,20.0,16.0,4.0,5.0,26.0,20.0,2.0,7.0,1,6,6,6,6,0,0,0,0,17,17,14,14,0,0,3,3,48,730,False,False
48740,경상남도,창녕군,0.0,0.0,0.0,0.0,0.0,0.0,0.0,0.0,0.0,0.0,0.0,0.0,0.0,0.0,0.0,0.0,0.0,0.0,4.0,1870.0,4270.0,4980.0,5015.0,5165.0,5500.0,5565.0,1870.0,0.0,3.0,61.0,56.0,0.0,5.0,40.0,31.0,0.0,9.0,0.0,0.0,1.0,1.0,0.0,0.0,0.0,0.0,0.0,0.0,0.0,0.0,0.0,0.0,0.0,0.0,0.0,0.0,0.0,0.0,1180.0,1275.0,1790.0,1825.0,1825.0,1860.0,1880.0,1180.0,0.0,27.0,27.0,0.0,5.0,26.0,20.0,0.0,6.0,0,0,0,0,0,0,0,0,0,0,0,0,0,0,0,0,0,48,740,False,False
48820,경상남도,고성군,0.0,0.0,0.0,0.0,0.0,0.0,0.0,0.0,0.0,0.0,0.0,0.0,0.0,0.0,0.0,0.0,0.0,0.0,2.0,0.0,0.0,0.0,0.0,0.0,0.0,725.0,0.0,0.0,2.0,21.0,18.0,0.0,3.0,33.0,18.0,0.0,15.0,0.0,0.0,1.0,1.0,0.0,0.0,0.0,0.0,0.0,0.0,0.0,0.0,0.0,0.0,0.0,0.0,0.0,0.0,0.0,0.0,0.0,0.0,0.0,0.0,0.0,0.0,650.0,0.0,0.0,21.0,18.0,0.0,3.0,25.0,14.0,0.0,11.0,1,16,16,12,12,3,3,1,1,10,10,10,10,0,0,0,0,48,820,False,False
48840,경상남도,남해군,0.0,0.0,0.0,0.0,0.0,0.0,0.0,0.0,0.0,0.0,0.0,0.0,0.0,0.0,0.0,0.0,0.0,0.0,2.0,0.0,0.0,0.0,0.0,0.0,220.0,255.0,0.0,495.0,2.0,33.0,19.0,5.0,9.0,24.0,10.0,8.0,6.0,0.0,0.0,1.0,1.0,0.0,0.0,0.0,0.0,0.0,0.0,0.0,0.0,0.0,0.0,0.0,0.0,0.0,0.0,0.0,0.0,0.0,0.0,0.0,0.0,0.0,220.0,255.0,0.0,495.0,20.0,10.0,3.0,9.0,18.0,8.0,6.0,4.0,0,0,0,0,0,0,0,0,0,0,0,0,0,0,0,0,0,48,840,False,False
48850,경상남도,하동군,0.0,0.0,0.0,0.0,0.0,0.0,0.0,0.0,0.0,0.0,0.0,0.0,0.0,0.0,0.0,0.0,0.0,0.0,3.0,0.0,0.0,0.0,0.0,0.0,550.0,670.0,0.0,516.105,2.0,40.0,28.0,3.0,9.0,26.0,16.0,6.0,4.0,0.0,0.0,1.0,1.0,0.0,0.0,0.0,0.0,0.0,0.0,0.0,0.0,0.0,0.0,0.0,0.0,0.0,0.0,0.0,0.0,0.0,0.0,0.0,0.0,0.0,355.0,430.0,0.0,495.0,27.0,18.0,3.0,9.0,18.0,8.0,6.0,4.0,0,0,0,0,0,0,0,0,0,0,0,0,0,0,0,0,0,48,850,False,False
48860,경상남도,산청군,0.0,0.0,0.0,0.0,0.0,0.0,0.0,0.0,0.0,0.0,0.0,0.0,0.0,0.0,0.0,0.0,0.0,0.0,3.0,0.0,1410.0,1710.0,1710.0,1710.0,1710.0,2100.0,0.0,0.0,2.0,36.0,21.0,2.0,13.0,30.0,14.0,2.0,14.0,0.0,0.0,1.0,1.0,0.0,0.0,0.0,0.0,0.0,0.0,0.0,0.0,0.0,0.0,0.0,0.0,0.0,0.0,0.0,0.0,0.0,1195.0,1495.0,1495.0,1495.0,1495.0,1495.0,0.0,0.0,28.0,14.0,2.0,12.0,22.0,12.0,2.0,10.0,1,12,12,10,10,2,2,0,0,18,18,8,8,2,2,8,8,48,860,False,False
48870,경상남도,함양군,0.0,0.0,0.0,0.0,0.0,0.0,0.0,0.0,0.0,0.0,0.0,0.0,0.0,0.0,0.0,0.0,0.0,0.0,3.0,0.0,1470.0,1770.0,1770.0,1770.0,1775.0,2100.0,0.0,0.0,1.0,8.0,7.0,0.0,1.0,22.0,12.0,0.0,10.0,0.0,0.0,1.0,1.0,0.0,0.0,0.0,0.0,0.0,0.0,0.0,0.0,0.0,0.0,0.0,0.0,0.0,0.0,0.0,0.0,0.0,1195.0,1495.0,1495.0,1495.0,1495.0,1495.0,0.0,0.0,8.0,7.0,0.0,1.0,22.0,12.0,0.0,10.0,1,12,12,10,10,2,2,0,0,18,18,8,8,2,2,8,8,48,870,False,False
48880,경상남도,거창군,0.0,0.0,0.0,0.0,0.0,0.0,0.0,0.0,0.0,0.0,0.0,0.0,0.0,0.0,0.0,0.0,0.0,0.0,2.0,0.0,1345.0,1645.0,1645.0,1800.0,1820.0,1820.0,0.0,0.0,2.0,28.0,26.0,0.0,2.0,30.0,16.0,0.0,14.0,0.0,0.0,1.0,1.0,0.0,0.0,0.0,0.0,0.0,0.0,0.0,0.0,0.0,0.0,0.0,0.0,0.0,0.0,0.0,0.0,0.0,1195.0,1495.0,1495.0,1495.0,1495.0,1495.0,0.0,0.0,20.0,19.0,0.0,1.0,22.0,12.0,0.0,10.0,0,0,0,0,0,0,0,0,0,0,0,0,0,0,0,0,0,48,880,False,False
48890,경상남도,합천군,0.0,0.0,0.0,0.0,0.0,0.0,0.0,0.0,0.0,0.0,0.0,0.0,0.0,0.0,0.0,0.0,0.0,0.0,4.0,235.0,1860.0,2345.0,2345.0,2420.0,2420.0,2420.0,235.0,0.0,4.0,66.0,46.0,2.0,18.0,47.0,24.0,2.0,21.0,0.0,0.0,1.0,1.0,0.0,0.0,0.0,0.0,0.0,0.0,0.0,0.0,0.0,0.0,0.0,0.0,0.0,0.0,0.0,0.0,235.0,1195.0,1495.0,1495.0,1495.0,1495.0,1495.0,235.0,0.0,28.0,15.0,2.0,12.0,22.0,12.0,2.0,10.0,0,0,0,0,0,0,0,0,0,0,0,0,0,0,0,0,0,48,890,False,False
50110,제주특별자치도,제주시,0.0,0.0,0.0,0.0,0.0,0.0,0.0,0.0,0.0,0.0,0.0,0.0,0.0,0.0,0.0,0.0,0.0,0.0,0.0,0.0,0.0,0.0,0.0,0.0,0.0,0.0,0.0,0.0,6.0,125.0,92.0,5.0,28.0,46.0,28.0,13.0,5.0,0.0,0.0,0.0,1.0,0.0,0.0,0.0,0.0,0.0,0.0,0.0,0.0,0.0,0.0,0.0,0.0,0.0,0.0,0.0,0.0,0.0,0.0,0.0,0.0,0.0,0.0,0.0,0.0,0.0,31.0,20.0,2.0,11.0,12.0,7.0,8.0,3.0,0,0,0,0,0,0,0,0,0,0,0,0,0,0,0,0,0,50,110,False,False
50130,제주특별자치도,서귀포시,0.0,0.0,0.0,0.0,0.0,0.0,0.0,0.0,0.0,0.0,0.0,0.0,0.0,0.0,0.0,0.0,0.0,0.0,0.0,0.0,0.0,0.0,0.0,0.0,0.0,0.0,0.0,0.0,7.0,159.0,123.0,4.0,32.0,56.0,37.0,16.0,3.0,0.0,0.0,0.0,1.0,0.0,0.0,0.0,0.0,0.0,0.0,0.0,0.0,0.0,0.0,0.0,0.0,0.0,0.0,0.0,0.0,0.0,0.0,0.0,0.0,0.0,0.0,0.0,0.0,0.0,31.0,20.0,1.0,11.0,12.0,7.0,8.0,2.0,0,0,0,0,0,0,0,0,0,0,0,0,0,0,0,0,0,50,130,False,False
51110,강원특별자치도,춘천시,7.0,0.0,0.0,37.0,410.0,404.0,580.0,590.0,0.0,7.0,581.0,596.0,130.0,760.0,875.0,1530.0,1455.0,581.0,12.0,0.0,0.0,0.0,0.0,800.0,1500.0,3125.0,0.0,0.0,5.0,113.0,78.0,2.0,33.0,52.0,24.0,10.0,18.0,1.0,1.0,1.0,1.0,0.0,0.0,31.0,166.0,166.0,166.0,166.0,0.0,166.0,166.0,90.0,250.0,285.0,565.0,475.0,166.0,0.0,0.0,0.0,0.0,800.0,1500.0,1500.0,0.0,0.0,30.0,26.0,2.0,17.0,12.0,8.0,4.0,8.0,0,0,0,0,0,0,0,0,0,0,0,0,0,0,0,0,0,51,110,False,False
51130,강원특별자치도,원주시,8.0,0.0,0.0,260.0,293.0,300.0,267.0,314.0,0.0,8.0,457.0,432.0,210.0,900.0,755.0,620.0,860.0,457.0,9.0,0.0,850.0,920.0,930.0,3005.0,6110.0,7970.0,0.0,39.0,6.0,134.0,79.0,3.0,52.0,64.0,45.0,12.0,7.0,1.0,1.0,1.0,1.0,0.0,0.0,47.0,71.0,69.0,67.0,73.0,0.0,166.0,166.0,85.0,365.0,200.0,165.0,250.0,166.0,0.0,850.0,920.0,930.0,955.0,1320.0,1845.0,0.0,39.0,28.0,24.0,3.0,17.0,20.0,18.0,4.0,2.0,0,0,0,0,0,0,0,0,0,0,0,0,0,0,0,0,0,51,130,False,False
51150,강원특별자치도,강릉시,7.0,0.0,0.0,203.0,177.0,176.0,175.0,173.0,0.0,7.0,172.0,171.0,555.0,490.0,410.0,420.0,535.0,172.0,8.0,0.0,1210.0,1210.0,1210.0,3665.0,5435.0,5620.0,0.0,9.68,5.0,117.0,61.0,14.0,42.0,39.0,26.0,5.0,8.0,1.0,1.0,1.0,1.0,0.0,0.0,166.0,166.0,166.0,166.0,166.0,0.0,166.0,166.0,400.0,400.0,400.0,400.0,400.0,166.0,0.0,610.0,610.0,610.0,900.0,1320.0,1475.0,0.0,9.68,28.0,16.0,8.0,17.0,11.0,7.0,3.0,4.0,2,14,8,9,6,2,2,3,3,10,10,8,8,0,0,2,2,51,150,False,False
51170,강원특별자치도,동해시,1.0,0.0,0.0,37.0,11.0,10.0,9.0,7.0,0.0,1.0,6.0,5.0,155.0,90.0,10.0,20.0,135.0,6.0,4.0,0.0,145.0,145.0,835.0,1455.0,2550.0,2650.0,0.0,0.0,1.0,24.0,15.0,8.0,1.0,11.0,7.0,0.0,4.0,1.0,1.0,1.0,1.0,0.0,0.0,37.0,11.0,10.0,9.0,7.0,0.0,6.0,5.0,155.0,90.0,10.0,20.0,135.0,6.0,0.0,75.0,75.0,425.0,615.0,980.0,980.0,0.0,0.0,24.0,15.0,8.0,1.0,11.0,7.0,0.0,4.0,2,21,13,16,10,2,2,3,3,11,11,11,11,0,0,0,0,51,170,False,False
51190,강원특별자치도,태백시,1.0,0.0,0.0,89.0,89.0,83.0,83.0,82.0,0.0,1.0,82.0,0.0,0.0,0.0,0.0,0.0,0.0,82.0,2.0,0.0,0.0,0.0,0.0,0.0,1075.0,1245.0,0.0,0.0,1.0,27.0,14.0,6.0,7.0,11.0,9.0,2.0,0.0,1.0,1.0,1.0,1.0,0.0,0.0,89.0,89.0,83.0,83.0,82.0,0.0,82.0,0.0,0.0,0.0,0.0,0.0,0.0,82.0,0.0,0.0,0.0,0.0,0.0,580.0,750.0,0.0,0.0,27.0,14.0,6.0,7.0,11.0,9.0,2.0,0.0,0,0,0,0,0,0,0,0,0,0,0,0,0,0,0,0,0,51,190,False,False
51210,강원특별자치도,속초시,1.0,0.0,0.0,0.0,12.0,10.0,8.0,6.0,0.0,1.0,4.0,2.0,0.0,0.0,0.0,0.0,0.0,4.0,2.0,0.0,300.0,300.0,300.0,1300.0,2000.0,2000.0,0.0,0.0,2.0,27.0,18.0,1.0,8.0,18.0,12.0,4.0,2.0,1.0,1.0,1.0,1.0,0.0,0.0,0.0,12.0,10.0,8.0,6.0,0.0,4.0,2.0,0.0,0.0,0.0,0.0,0.0,4.0,0.0,300.0,300.0,300.0,800.0,1500.0,1500.0,0.0,0.0,27.0,18.0,1.0,8.0,10.0,8.0,4.0,2.0,1,6,6,3,3,0,0,3,3,10,10,8,8,0,0,2,2,51,210,False,False
51230,강원특별자치도,삼척시,4.0,0.0,0.0,270.0,269.0,262.0,260.0,258.0,0.0,4.0,424.0,255.0,355.0,290.0,285.0,130.0,215.0,424.0,7.0,0.0,65.0,65.0,385.0,385.0,4800.0,5125.0,0.0,252.0,3.0,64.0,36.0,10.0,18.0,33.0,21.0,7.0,5.0,1.0,1.0,1.0,1.0,0.0,0.0,94.0,93.0,92.0,91.0,90.0,0.0,166.0,166.0,355.0,290.0,285.0,130.0,215.0,166.0,0.0,65.0,65.0,385.0,385.0,1645.0,1690.0,0.0,138.6,27.0,14.0,6.0,10.0,11.0,9.0,3.0,5.0,1,13,13,10,10,0,0,3,3,11,11,11,11,0,0,0,0,51,230,False,False
51720,강원특별자치도,홍천군,3.0,0.0,0.0,31.0,161.0,157.0,153.0,149.0,0.0,3.0,145.0,141.0,90.0,235.0,245.0,310.0,325.0,145.0,5.0,0.0,0.0,0.0,0.0,800.0,1500.0,1500.0,0.0,0.0,4.0,75.0,39.0,2.0,34.0,38.0,24.0,2.0,12.0,1.0,1.0,1.0,1.0,0.0,0.0,31.0,96.0,95.0,94.0,93.0,0.0,92.0,91.0,90.0,235.0,245.0,310.0,325.0,92.0,0.0,0.0,0.0,0.0,800.0,1500.0,1500.0,0.0,0.0,26.0,20.0,2.0,17.0,12.0,8.0,2.0,8.0,0,0,0,0,0,0,0,0,0,0,0,0,0,0,0,0,0,51,720,False,False
51730,강원특별자치도,횡성군,2.0,0.0,0.0,135.0,175.0,173.0,170.0,167.0,0.0,2.0,165.0,162.0,90.0,270.0,205.0,165.0,395.0,165.0,3.0,0.0,0.0,0.0,0.0,740.0,1005.0,2775.0,0.0,0.0,2.0,26.0,7.0,1.0,18.0,32.0,22.0,6.0,4.0,1.0,1.0,1.0,1.0,0.0,0.0,90.0,130.0,130.0,129.0,128.0,0.0,128.0,127.0,90.0,270.0,205.0,165.0,395.0,128.0,0.0,0.0,0.0,0.0,380.0,520.0,1845.0,0.0,0.0,26.0,7.0,1.0,18.0,20.0,18.0,4.0,4.0,0,0,0,0,0,0,0,0,0,0,0,0,0,0,0,0,0,51,730,False,False
51750,강원특별자치도,영월군,3.0,0.0,0.0,317.0,400.0,255.0,264.0,418.0,0.0,3.0,418.0,236.0,335.0,345.0,140.0,150.0,420.0,418.0,6.0,0.0,0.0,0.0,0.0,270.0,1600.0,3510.0,0.0,138.0,3.0,56.0,21.0,9.0,26.0,41.0,29.0,9.0,3.0,1.0,1.0,1.0,1.0,0.0,0.0,141.0,145.0,115.0,114.0,166.0,0.0,166.0,166.0,275.0,200.0,110.0,105.0,215.0,166.0,0.0,0.0,0.0,0.0,270.0,405.0,1845.0,0.0,60.0,28.0,14.0,6.0,15.0,20.0,18.0,5.0,3.0,0,0,0,0,0,0,0,0,0,0,0,0,0,0,0,0,0,51,750,False,False
51760,강원특별자치도,평창군,7.0,0.0,0.0,349.0,432.0,395.0,388.0,446.0,0.0,7.0,611.0,497.0,385.0,295.0,130.0,140.0,425.0,611.0,9.0,0.0,0.0,0.0,0.0,1215.0,3105.0,3550.0,0.0,124.3706,5.0,125.0,67.0,17.0,41.0,43.0,35.0,6.0,2.0,1.0,1.0,1.0,1.0,0.0,0.0,116.0,145.0,115.0,114.0,166.0,0.0,166.0,166.0,325.0,150.0,110.0,105.0,215.0,166.0,0.0,0.0,0.0,0.0,400.0,980.0,980.0,0.0,69.3,28.0,16.0,5.0,16.0,11.0,9.0,3.0,1.0,0,0,0,0,0,0,0,0,0,0,0,0,0,0,0,0,0,51,760,False,False
51770,강원특별자치도,정선군,4.0,0.0,0.0,201.0,365.0,255.0,269.0,362.0,0.0,4.0,361.0,236.0,600.0,580.0,215.0,250.0,720.0,361.0,5.0,0.0,0.0,0.0,0.0,0.0,1860.0,3750.0,0.0,281.1906,4.0,69.0,27.0,16.0,26.0,47.0,27.0,14.0,4.0,1.0,1.0,1.0,1.0,0.0,0.0,141.0,166.0,166.0,166.0,166.0,0.0,166.0,166.0,325.0,230.0,165.0,170.0,305.0,166.0,0.0,0.0,0.0,0.0,0.0,950.0,1845.0,0.0,196.8,28.0,11.0,6.0,15.0,20.0,18.0,5.0,3.0,0,0,0,0,0,0,0,0,0,0,0,0,0,0,0,0,0,51,770,False,False
51780,강원특별자치도,철원군,2.0,0.0,0.0,192.0,190.0,188.0,186.0,183.0,0.0,2.0,181.0,179.0,845.0,920.0,830.0,955.0,1665.0,181.0,3.0,395.0,395.0,395.0,595.0,1410.0,2200.0,2200.0,395.0,0.0,2.0,25.0,19.0,0.0,6.0,19.0,15.0,0.0,4.0,1.0,1.0,1.0,1.0,0.0,0.0,166.0,166.0,166.0,166.0,166.0,0.0,166.0,166.0,475.0,545.0,460.0,570.0,835.0,166.0,220.0,220.0,220.0,330.0,800.0,1500.0,1500.0,220.0,0.0,25.0,19.0,0.0,6.0,10.0,8.0,0.0,2.0,0,0,0,0,0,0,0,0,0,0,0,0,0,0,0,0,0,51,780,False,False
51790,강원특별자치도,화천군,2.0,0.0,0.0,50.0,49.0,48.0,47.0,46.0,0.0,2.0,210.0,209.0,225.0,250.0,255.0,255.0,270.0,210.0,4.0,0.0,0.0,0.0,0.0,1065.0,2640.0,2770.0,0.0,0.0,2.0,23.0,10.0,0.0,13.0,16.0,12.0,2.0,2.0,1.0,1.0,1.0,1.0,0.0,0.0,50.0,49.0,48.0,47.0,46.0,0.0,166.0,166.0,225.0,250.0,255.0,255.0,270.0,166.0,0.0,0.0,0.0,0.0,800.0,1500.0,1500.0,0.0,0.0,23.0,10.0,0.0,13.0,10.0,8.0,2.0,2.0,0,0,0,0,0,0,0,0,0,0,0,0,0,0,0,0,0,51,790,False,False
51800,강원특별자치도,양구군,1.0,0.0,0.0,65.0,64.0,63.0,63.0,62.0,0.0,1.0,62.0,61.0,0.0,0.0,0.0,0.0,0.0,62.0,3.0,0.0,0.0,0.0,0.0,965.0,1680.0,2340.0,0.0,0.0,2.0,22.0,9.0,0.0,13.0,16.0,12.0,2.0,2.0,1.0,1.0,1.0,1.0,0.0,0.0,65.0,64.0,63.0,63.0,62.0,0.0,62.0,61.0,0.0,0.0,0.0,0.0,0.0,62.0,0.0,0.0,0.0,0.0,800.0,1500.0,1500.0,0.0,0.0,22.0,9.0,0.0,13.0,10.0,8.0,2.0,2.0,0,0,0,0,0,0,0,0,0,0,0,0,0,0,0,0,0,51,800,False,False
51810,강원특별자치도,인제군,1.0,0.0,0.0,108.0,107.0,106.0,106.0,105.0,0.0,1.0,104.0,103.0,0.0,0.0,0.0,0.0,0.0,104.0,2.0,0.0,0.0,0.0,0.0,980.0,1680.0,2000.0,0.0,0.0,2.0,28.0,13.0,0.0,15.0,18.0,16.0,0.0,2.0,1.0,1.0,1.0,1.0,0.0,0.0,108.0,107.0,106.0,106.0,105.0,0.0,104.0,103.0,0.0,0.0,0.0,0.0,0.0,104.0,0.0,0.0,0.0,0.0,800.0,1500.0,1500.0,0.0,0.0,28.0,13.0,0.0,15.0,10.0,8.0,0.0,2.0,1,6,6,3,3,0,0,3,3,10,10,8,8,0,0,2,2,51,810,False,False
51820,강원특별자치도,고성군,2.0,0.0,0.0,118.0,130.0,127.0,125.0,122.0,0.0,2.0,120.0,117.0,0.0,0.0,0.0,0.0,0.0,120.0,4.0,0.0,300.0,300.0,300.0,1805.0,2505.0,3000.0,0.0,42.0,2.0,27.0,18.0,1.0,8.0,18.0,12.0,4.0,2.0,1.0,1.0,1.0,1.0,0.0,0.0,118.0,118.0,117.0,117.0,116.0,0.0,116.0,115.0,0.0,0.0,0.0,0.0,0.0,116.0,0.0,300.0,300.0,300.0,800.0,1500.0,1500.0,0.0,42.0,27.0,18.0,1.0,8.0,10.0,8.0,4.0,2.0,0,0,0,0,0,0,0,0,0,0,0,0,0,0,0,0,0,51,820,False,False
51830,강원특별자치도,양양군,1.0,0.0,0.0,94.0,92.0,91.0,90.0,45.0,0.0,1.0,10.0,20.0,145.0,140.0,115.0,110.0,45.0,10.0,2.0,0.0,375.0,375.0,395.0,1340.0,2040.0,2040.0,0.0,37.2,2.0,28.0,14.0,2.0,12.0,18.0,12.0,3.0,3.0,1.0,1.0,1.0,1.0,0.0,0.0,94.0,92.0,91.0,90.0,45.0,0.0,10.0,20.0,145.0,140.0,115.0,110.0,45.0,10.0,0.0,375.0,375.0,395.0,800.0,1500.0,1500.0,0.0,37.2,28.0,14.0,2.0,12.0,10.0,8.0,3.0,2.0,1,6,6,3,3,0,0,3,3,10,10,8,8,0,0,2,2,51,830,False,False
52111,전북특별자치도,전주시 완산구,6.0,0.0,0.0,0.0,0.0,0.0,69.0,168.0,0.0,6.0,150.0,138.0,400.0,265.0,390.0,560.0,1300.0,150.0,6.0,0.0,0.0,0.0,0.0,0.0,0.0,0.0,0.0,0.0,4.0,98.0,86.0,1.0,11.0,39.0,27.0,8.0,4.0,1.0,1.0,1.0,1.0,0.0,0.0,0.0,0.0,0.0,55.0,83.0,0.0,73.0,68.0,400.0,265.0,390.0,350.0,400.0,73.0,0.0,0.0,0.0,0.0,0.0,0.0,0.0,0.0,0.0,31.0,31.0,1.0,6.0,15.0,12.0,4.0,2.0,1,8,8,4,4,1,1,2,2,15,15,12,12,2,2,1,1,52,111,False,False
52113,전북특별자치도,전주시 덕진구,8.0,0.0,0.0,139.0,304.0,303.0,358.0,376.0,0.0,8.0,386.0,379.0,1010.0,830.0,1155.0,1020.0,2570.0,386.0,8.0,0.0,0.0,0.0,0.0,0.0,0.0,0.0,0.0,0.0,6.0,147.0,123.0,4.0,20.0,56.0,41.0,6.0,9.0,1.0,1.0,1.0,1.0,0.0,0.0,119.0,166.0,166.0,166.0,166.0,0.0,166.0,166.0,610.0,320.0,420.0,350.0,560.0,166.0,0.0,0.0,0.0,0.0,0.0,0.0,0.0,0.0,0.0,32.0,31.0,3.0,8.0,15.0,12.0,4.0,4.0,1,8,8,4,4,1,1,2,2,15,15,12,12,2,2,1,1,52,113,False,False
52130,전북특별자치도,군산시,14.0,0.0,0.0,184.0,635.0,617.0,575.0,560.0,0.0,14.0,806.0,764.0,1820.0,2615.0,3060.0,3330.0,3190.0,806.0,16.0,0.0,0.0,0.0,0.0,0.0,0.0,0.0,0.0,249.98,10.0,219.0,146.0,20.0,53.0,110.0,80.0,22.0,8.0,1.0,1.0,1.0,1.0,0.0,0.0,102.0,166.0,166.0,166.0,166.0,0.0,166.0,166.0,650.0,580.0,600.0,600.0,670.0,166.0,0.0,0.0,0.0,0.0,0.0,0.0,0.0,0.0,219.98,34.0,29.0,8.0,21.0,15.0,12.0,7.0,5.0,4,36,12,9,7,24,11,3,2,58,18,18,11,17,7,23,14,52,130,False,False
52140,전북특별자치도,익산시,5.0,0.0,0.0,76.0,113.0,109.0,72.0,204.0,0.0,5.0,309.0,299.0,0.0,0.0,0.0,0.0,690.0,309.0,5.0,0.0,0.0,0.0,0.0,0.0,0.0,0.0,0.0,0.0,4.0,114.0,85.0,5.0,24.0,36.0,30.0,2.0,4.0,1.0,1.0,1.0,1.0,0.0,0.0,56.0,55.0,53.0,52.0,134.0,0.0,134.0,133.0,0.0,0.0,0.0,0.0,690.0,134.0,0.0,0.0,0.0,0.0,0.0,0.0,0.0,0.0,0.0,32.0,31.0,5.0,10.0,12.0,10.0,2.0,4.0,1,12,12,7,7,3,3,2,2,13,13,11,11,2,2,0,0,52,140,False,False
52180,전북특별자치도,정읍시,4.0,0.0,0.0,0.0,0.0,0.0,373.0,372.0,0.0,4.0,371.0,371.0,580.0,520.0,570.0,1555.0,1310.0,371.0,5.0,0.0,0.0,0.0,0.0,0.0,0.0,0.0,0.0,0.0,2.0,41.0,36.0,0.0,5.0,26.0,19.0,3.0,4.0,1.0,1.0,1.0,1.0,0.0,0.0,0.0,0.0,0.0,166.0,166.0,0.0,166.0,166.0,580.0,520.0,570.0,530.0,400.0,166.0,0.0,0.0,0.0,0.0,0.0,0.0,0.0,0.0,0.0,26.0,25.0,0.0,4.0,15.0,12.0,2.0,3.0,3,20,12,4,4,13,12,2,2,24,15,12,12,8,6,4,3,52,180,False,False
52190,전북특별자치도,남원시,2.0,0.0,0.0,124.0,224.0,221.0,211.0,205.0,0.0,2.0,198.0,186.0,0.0,0.0,0.0,0.0,0.0,198.0,2.0,0.0,0.0,0.0,0.0,0.0,0.0,0.0,0.0,0.0,1.0,26.0,15.0,0.0,11.0,11.0,11.0,0.0,0.0,1.0,1.0,1.0,1.0,0.0,0.0,124.0,124.0,123.0,122.0,122.0,0.0,121.0,120.0,0.0,0.0,0.0,0.0,0.0,121.0,0.0,0.0,0.0,0.0,0.0,0.0,0.0,0.0,0.0,26.0,15.0,0.0,11.0,11.0,11.0,0.0,0.0,3,32,14,11,11,21,10,0,0,38,20,20,20,0,0,18,18,52,190,False,False
52210,전북특별자치도,김제시,5.0,0.0,0.0,0.0,166.0,166.0,468.0,466.0,0.0,5.0,465.0,464.0,0.0,320.0,420.0,1805.0,1840.0,465.0,5.0,0.0,0.0,0.0,0.0,0.0,0.0,0.0,0.0,0.0,4.0,97.0,83.0,2.0,12.0,42.0,29.0,6.0,7.0,1.0,1.0,1.0,1.0,0.0,0.0,0.0,166.0,166.0,166.0,166.0,0.0,166.0,166.0,0.0,320.0,420.0,510.0,560.0,166.0,0.0,0.0,0.0,0.0,0.0,0.0,0.0,0.0,0.0,28.0,27.0,1.0,7.0,15.0,12.0,3.0,3.0,2,20,12,4,4,13,12,2,2,24,15,12,12,8,6,4,3,52,210,False,False
52710,전북특별자치도,완주군,8.0,0.0,0.0,0.0,0.0,0.0,280.0,463.0,0.0,8.0,438.0,422.0,0.0,0.0,0.0,330.0,2045.0,438.0,8.0,0.0,0.0,0.0,0.0,0.0,0.0,0.0,0.0,0.0,4.0,111.0,95.0,4.0,12.0,29.0,22.0,2.0,5.0,1.0,1.0,1.0,1.0,0.0,0.0,0.0,0.0,0.0,166.0,166.0,0.0,166.0,166.0,0.0,0.0,0.0,330.0,520.0,166.0,0.0,0.0,0.0,0.0,0.0,0.0,0.0,0.0,0.0,31.0,28.0,3.0,5.0,9.0,8.0,2.0,4.0,2,20,12,4,4,13,12,2,2,24,15,12,12,8,6,4,3,52,710,False,False
52720,전북특별자치도,진안군,3.0,0.0,0.0,0.0,0.0,0.0,55.0,278.0,0.0,3.0,275.0,273.0,0.0,0.0,0.0,350.0,1595.0,275.0,3.0,0.0,0.0,0.0,0.0,0.0,0.0,0.0,0.0,0.0,3.0,66.0,46.0,0.0,20.0,33.0,18.0,8.0,7.0,1.0,1.0,1.0,1.0,0.0,0.0,0.0,0.0,0.0,55.0,112.0,0.0,111.0,110.0,0.0,0.0,0.0,350.0,670.0,111.0,0.0,0.0,0.0,0.0,0.0,0.0,0.0,0.0,0.0,26.0,20.0,0.0,10.0,15.0,12.0,6.0,4.0,2,18,10,0,0,18,10,0,0,18,18,0,0,0,0,18,18,52,720,False,False
52730,전북특별자치도,무주군,2.0,0.0,0.0,0.0,0.0,0.0,55.0,166.0,0.0,2.0,165.0,164.0,0.0,0.0,0.0,350.0,750.0,165.0,2.0,0.0,0.0,0.0,0.0,0.0,0.0,0.0,0.0,0.0,1.0,15.0,11.0,0.0,4.0,15.0,12.0,2.0,1.0,1.0,1.0,1.0,1.0,0.0,0.0,0.0,0.0,0.0,55.0,111.0,0.0,110.0,109.0,0.0,0.0,0.0,350.0,400.0,110.0,0.0,0.0,0.0,0.0,0.0,0.0,0.0,0.0,0.0,15.0,11.0,0.0,4.0,15.0,12.0,2.0,1.0,1,8,8,0,0,8,8,0,0,0,0,0,0,0,0,0,0,52,730,False,False
52740,전북특별자치도,장수군,3.0,0.0,0.0,0.0,0.0,0.0,165.0,276.0,0.0,3.0,274.0,273.0,0.0,0.0,0.0,570.0,1475.0,274.0,3.0,0.0,0.0,0.0,0.0,0.0,0.0,0.0,0.0,0.0,2.0,41.0,31.0,0.0,10.0,27.0,14.0,8.0,5.0,1.0,1.0,1.0,1.0,0.0,0.0,0.0,0.0,0.0,110.0,111.0,0.0,110.0,110.0,0.0,0.0,0.0,350.0,575.0,110.0,0.0,0.0,0.0,0.0,0.0,0.0,0.0,0.0,0.0,26.0,20.0,0.0,6.0,15.0,12.0,6.0,4.0,2,22,14,11,11,11,8,0,0,20,20,20,20,0,0,0,0,52,740,False,False
52750,전북특별자치도,임실군,5.0,0.0,0.0,124.0,224.0,221.0,587.0,581.0,0.0,5.0,574.0,562.0,0.0,0.0,0.0,550.0,1020.0,574.0,5.0,0.0,0.0,0.0,0.0,0.0,0.0,0.0,0.0,0.0,2.0,52.0,36.0,0.0,16.0,16.0,16.0,0.0,0.0,1.0,1.0,1.0,1.0,0.0,0.0,124.0,124.0,123.0,166.0,166.0,0.0,166.0,166.0,0.0,0.0,0.0,330.0,550.0,166.0,0.0,0.0,0.0,0.0,0.0,0.0,0.0,0.0,0.0,26.0,21.0,0.0,11.0,11.0,11.0,0.0,0.0,2,24,14,11,11,13,10,0,0,38,20,20,20,0,0,18,18,52,750,False,False
52770,전북특별자치도,순창군,1.0,0.0,0.0,120.0,120.0,120.0,120.0,120.0,0.0,1.0,120.0,119.0,610.0,690.0,715.0,550.0,565.0,120.0,2.0,0.0,0.0,0.0,0.0,0.0,0.0,0.0,0.0,0.0,2.0,14.0,8.0,0.0,6.0,26.0,15.0,1.0,10.0,1.0,1.0,1.0,1.0,0.0,0.0,120.0,120.0,120.0,120.0,120.0,0.0,120.0,119.0,610.0,690.0,715.0,550.0,565.0,120.0,0.0,0.0,0.0,0.0,0.0,0.0,0.0,0.0,0.0,14.0,8.0,0.0,6.0,18.0,11.0,1.0,6.0,2,24,14,11,11,13,10,0,0,38,20,20,20,0,0,18,18,52,770,False,False
52790,전북특별자치도,고창군,5.0,0.0,0.0,69.0,67.0,452.0,506.0,504.0,0.0,5.0,502.0,500.0,0.0,0.0,575.0,1035.0,1040.0,502.0,5.0,0.0,0.0,0.0,0.0,0.0,0.0,0.0,0.0,195.892,3.0,50.0,40.0,1.0,9.0,28.0,24.0,9.0,-5.0,1.0,1.0,1.0,1.0,0.0,0.0,69.0,67.0,221.0,221.0,221.0,0.0,221.0,221.0,0.0,0.0,575.0,685.0,690.0,221.0,0.0,0.0,0.0,0.0,0.0,0.0,0.0,0.0,190.892,26.0,20.0,1.0,5.0,15.0,12.0,4.0,1.0,3,20,12,4,4,13,12,2,2,24,15,12,12,8,6,4,3,52,790,False,False
52800,전북특별자치도,부안군,3.0,0.0,0.0,0.0,0.0,0.0,141.0,140.0,0.0,3.0,138.0,303.0,0.0,0.0,0.0,750.0,715.0,138.0,3.0,0.0,0.0,0.0,0.0,0.0,0.0,0.0,0.0,0.0,1.0,15.0,11.0,0.0,4.0,15.0,12.0,2.0,1.0,1.0,1.0,1.0,1.0,0.0,0.0,0.0,0.0,0.0,86.0,85.0,0.0,83.0,166.0,0.0,0.0,0.0,400.0,365.0,83.0,0.0,0.0,0.0,0.0,0.0,0.0,0.0,0.0,0.0,15.0,11.0,0.0,4.0,15.0,12.0,2.0,1.0,2,20,12,4,4,13,12,2,2,24,15,12,12,8,6,4,3,52,800,False,False
